model,window,horizon,date,y_true,y_pred,lo,hi,dentro,largura,is
sarima,1,1,2015-01-01,7184.0,6487.787273418859,5947.630428870449,7027.9441179672685,False,1080.3136890968199,7322.548970406078
sarima,1,2,2015-02-01,5958.0,6225.908223901564,5685.513827670317,6766.302620132811,True,1080.7887924624938,1080.7887924624938
sarima,1,3,2015-03-01,6658.0,6486.163762665598,5933.831119117522,7038.496406213675,True,1104.6652870961534,1104.6652870961534
sarima,1,4,2015-04-01,7069.0,6494.618869868929,5933.689359555676,7055.548380182183,False,1121.8590206265071,1659.9238133391918
sarima,1,5,2015-05-01,8099.0,7380.472680402923,6810.562276658383,7950.383084147464,False,1139.8208074890808,7084.497441590533
sarima,1,6,2015-06-01,7868.0,7661.147359422328,7082.4872558637135,8239.807462980943,True,1157.32020711723,1157.32020711723
prophet,1,1,2015-01-01,7184.0,6475.526921658475,6100.780940310992,6860.5131277643095,False,759.7321874533172,13699.207076880937
prophet,1,2,2015-02-01,5958.0,6149.96906552468,5780.966167795054,6553.555323849374,True,772.5891560543196,772.5891560543196
prophet,1,3,2015-03-01,6658.0,6534.807743739336,6126.9057170114365,6940.020427492739,True,813.1147104813026,813.1147104813026
prophet,1,4,2015-04-01,7069.0,6449.27591128713,6071.007762233297,6832.747617356591,False,761.7398551232936,10211.835160859653
prophet,1,5,2015-05-01,8099.0,7208.730462542862,6835.58146252908,7608.238086233262,False,772.6566237041816,20403.1331743737
prophet,1,6,2015-06-01,7868.0,7888.102746803634,7525.96878039244,8248.283400020853,True,722.3146196284133,722.3146196284133
sarima,2,1,2015-02-01,5958.0,6313.426942764022,5739.815489934429,6887.038395593615,True,1147.222905659186,1147.222905659186
sarima,2,2,2015-03-01,6658.0,6665.484544466236,6090.019726236492,7240.94936269598,True,1150.9296364594884,1150.9296364594884
sarima,2,3,2015-04-01,7069.0,6660.165964493035,6069.282728918548,7251.049200067522,True,1181.7664711489742,1181.7664711489742
sarima,2,4,2015-05-01,8099.0,7547.403949899166,6944.077570681536,8150.730329116796,True,1206.6527584352607,1206.6527584352607
sarima,2,5,2015-06-01,7868.0,7827.586265792528,7211.699575988764,8443.472955596293,True,1231.773379607529,1231.773379607529
sarima,2,6,2015-07-01,7986.0,8093.9868478265225,7465.8457757306305,8722.127919922415,True,1256.282144191785,1256.282144191785
prophet,2,1,2015-02-01,5958.0,6201.8473376795555,5796.432776250401,6610.59521341616,True,814.162437165759,814.162437165759
prophet,2,2,2015-03-01,6658.0,6576.568403742248,6140.459760983235,6955.529712865588,True,815.069951882353,815.069951882353
prophet,2,3,2015-04-01,7069.0,6503.920795512978,6092.024122036538,6922.750244819844,False,830.726122783306,6680.716329989553
prophet,2,4,2015-05-01,8099.0,7273.072435194835,6853.905039852836,7656.24478988106,False,802.3397500282235,18512.548154785836
prophet,2,5,2015-06-01,7868.0,7958.550191738041,7530.766275607514,8373.969744479862,True,843.2034688723479,843.2034688723479
prophet,2,6,2015-07-01,7986.0,7745.471243991708,7342.034151627525,8168.403511198694,True,826.3693595711693,826.3693595711693
sarima,3,1,2015-03-01,6658.0,6621.724838924976,6054.674360399031,7188.775317450922,True,1134.1009570518909,1134.1009570518909
sarima,3,2,2015-04-01,7069.0,6560.9083682227965,5994.232214805606,7127.584521639987,True,1133.3523068343802,1133.3523068343802
sarima,3,3,2015-05-01,8099.0,7457.63151978839,6879.510723035603,8035.752316541176,False,1156.2415935055724,3686.148931858541
sarima,3,4,2015-06-01,7868.0,7736.728329720885,7150.486844447209,8322.969814994562,True,1172.482970547353,1172.482970547353
sarima,3,5,2015-07-01,7986.0,8003.115672038869,7408.360781665177,8597.870562412561,True,1189.5097807473849,1189.5097807473849
sarima,3,6,2015-08-01,7251.0,7687.574534959913,7084.514381540028,8290.634688379798,True,1206.12030683977,1206.12030683977
prophet,3,1,2015-03-01,6658.0,6559.590595604204,6149.684147710242,6953.127701269578,True,803.4435535593366,803.4435535593366
prophet,3,2,2015-04-01,7069.0,6481.505953752479,6071.565771597452,6882.4774892740115,False,810.9117176765594,8271.812146716098
prophet,3,3,2015-05-01,8099.0,7245.485464942773,6856.26846502432,7676.014599599096,False,819.7461345747761,17739.162150610933
prophet,3,4,2015-06-01,7868.0,7927.134423883133,7540.628124892366,8333.399516302352,True,792.7713914099859,792.7713914099859
prophet,3,5,2015-07-01,7986.0,7710.787728642683,7292.254711877734,8124.077381248259,True,831.8226693705255,831.8226693705255
prophet,3,6,2015-08-01,7251.0,7705.000178861322,7289.23535070628,8121.1846917983175,False,831.9493410920377,2361.363369343232
sarima,4,1,2015-04-01,7069.0,6562.2079119048685,6001.591716623017,7122.82410718672,True,1121.2323905637022,1121.2323905637022
sarima,4,2,2015-05-01,8099.0,7465.967027321442,6905.5296462648985,8026.404408377986,False,1120.8747621130879,4024.6984269936347
sarima,4,3,2015-06-01,7868.0,7743.692399165598,7171.45772276962,8315.927075561574,True,1144.4693527919544,1144.4693527919544
sarima,4,4,2015-07-01,7986.0,8010.4071196679415,7429.956995156612,8590.857244179271,True,1160.9002490226594,1160.9002490226594
sarima,4,5,2015-08-01,7251.0,7694.7601635985775,7105.646945693915,8283.873381503241,True,1178.2264358093262,1178.2264358093262
sarima,4,6,2015-09-01,7163.0,7141.259042969471,6543.710617866407,7738.807468072535,True,1195.0968502061278,1195.0968502061278
prophet,4,1,2015-04-01,7069.0,6483.407567145964,6087.214801050894,6892.536881007382,False,805.3220799564888,7863.846839661194
prophet,4,2,2015-05-01,8099.0,7250.012733684181,6847.244549516167,7667.486919964533,False,820.2423704483654,18080.765571867058
prophet,4,3,2015-06-01,7868.0,7933.811289653704,7494.927621089332,8338.290401046497,True,843.362779957165,843.362779957165
prophet,4,4,2015-07-01,7986.0,7720.212647496348,7296.926209296797,8122.339656509786,True,825.413447212989,825.413447212989
prophet,4,5,2015-08-01,7251.0,7715.419837066167,7318.750143514091,8105.160184032062,False,786.4100405179706,3496.4157810816178
prophet,4,6,2015-09-01,7163.0,7013.3025702160285,6598.9419114575485,7420.209788310112,True,821.2678768525639,821.2678768525639
sarima,5,1,2015-05-01,8099.0,7503.614350562349,6928.393401371932,8078.835299752765,False,1150.4418983808337,1957.0299082702168
sarima,5,2,2015-06-01,7868.0,7867.99584140998,7292.077181520788,8443.914501299172,True,1151.837319778384,1151.837319778384
sarima,5,3,2015-07-01,7986.0,8118.51091417352,7527.467303216795,8709.554525130246,True,1182.0872219134517,1182.0872219134517
sarima,5,4,2015-08-01,7251.0,7805.902729506044,7203.947884649669,8407.857574362419,True,1203.9096897127502,1203.9096897127502
sarima,5,5,2015-09-01,7163.0,7252.09327063192,6638.761332563124,7865.425208700716,True,1226.6638761375925,1226.6638761375925
sarima,5,6,2015-10-01,6690.0,7188.662778610993,6564.285148000668,7813.0404092213175,True,1248.7552612206491,1248.7552612206491
prophet,5,1,2015-05-01,8099.0,7261.154332157385,6835.686368047743,7699.050425569402,False,863.3640575216596,16861.34703474557
prophet,5,2,2015-06-01,7868.0,7953.995977209356,7534.1637365659635,8351.9448075382,True,817.7810709722371,817.7810709722371
prophet,5,3,2015-07-01,7986.0,7751.7853305787185,7333.853791744653,8208.862179824295,True,875.0083880796419,875.0083880796419
prophet,5,4,2015-08-01,7251.0,7758.873408479127,7340.869778338442,8191.108894826671,False,850.2391164882283,4445.03025002592
prophet,5,5,2015-09-01,7163.0,7065.945919692059,6658.552711235466,7500.683410213551,True,842.1306989780851,842.1306989780851
prophet,5,6,2015-10-01,6690.0,7047.64326183827,6666.1142308261815,7472.954211607023,True,806.8399807808419,806.8399807808419
sarima,6,1,2015-06-01,7868.0,7960.92101260737,7365.713917493792,8556.12810772095,True,1190.4141902271576,1190.4141902271576
sarima,6,2,2015-07-01,7986.0,8290.233571221086,7690.026396902754,8890.44074553942,True,1200.4143486366656,1200.4143486366656
sarima,6,3,2015-08-01,7251.0,7966.273176536636,7346.195585484327,8586.350767588945,False,1240.1551821046178,5047.978601477707
sarima,6,4,2015-09-01,7163.0,7413.610419314246,6777.0564560871135,8050.164382541379,True,1273.107926454266,1273.107926454266
sarima,6,5,2015-10-01,6690.0,7351.622143077373,6698.609810848613,8004.634475306133,False,1306.02466445752,1650.417098402042
sarima,6,6,2015-11-01,6392.0,6846.645201318484,6177.64074446781,7515.649658169159,True,1338.0089137013492,1338.0089137013492
prophet,6,1,2015-06-01,7868.0,7997.7071829914785,7556.358455418313,8462.28970888164,True,905.9312534633282,905.9312534633282
prophet,6,2,2015-07-01,7986.0,7808.250421502756,7350.600207868724,8246.948527441547,True,896.3483195728231,896.3483195728231
prophet,6,3,2015-08-01,7251.0,7832.2107062621935,7385.40476020386,8280.156047286004,False,894.7512870821438,6270.941695236542
prophet,6,4,2015-09-01,7163.0,7156.153763378536,6680.527827764146,7598.4881483422,True,917.9603205780531,917.9603205780531
prophet,6,5,2015-10-01,6690.0,7152.094036316992,6725.585789689946,7603.567915394008,False,877.9821257040621,2301.413713301905
prophet,6,6,2015-11-01,6392.0,6756.27484263408,6290.000748346972,7223.929403491373,True,933.9286551444011,933.9286551444011
sarima,7,1,2015-07-01,7986.0,8268.327633880912,7677.323771516298,8859.331496245526,True,1182.0077247292284,1182.0077247292284
sarima,7,2,2015-08-01,7251.0,7938.315081450579,7343.164145115817,8533.466017785342,False,1190.3018726695254,4876.86767730219
sarima,7,3,2015-09-01,7163.0,7382.706090115689,6769.152784206808,7996.25939602457,True,1227.1066118177623,1227.1066118177623
sarima,7,4,2015-10-01,6690.0,7325.412466725636,6696.713887635573,7954.111045815698,False,1257.3971581801252,1525.9526636030441
sarima,7,5,2015-11-01,6392.0,6814.622900178039,6170.747395351897,7458.498405004182,True,1287.7510096522856,1287.7510096522856
sarima,7,6,2015-12-01,6753.0,7024.210423509099,6365.996150937938,7682.42469608026,True,1316.428545142322,1316.428545142322
prophet,7,1,2015-07-01,7986.0,7796.947329298248,7373.896785944849,8238.418915667242,True,864.5221297223925,864.5221297223925
prophet,7,2,2015-08-01,7251.0,7818.7992929882175,7333.972885625406,8288.438909555776,False,954.4660239303703,4273.381448946609
prophet,7,3,2015-09-01,7163.0,7140.492637219847,6709.307432974689,7530.308186394607,True,821.0007534199185,821.0007534199185
prophet,7,4,2015-10-01,6690.0,7134.383114988276,6695.3211505216095,7583.895480196699,False,888.5743296750898,1101.4203505394707
prophet,7,5,2015-11-01,6392.0,6735.717006696815,6279.052169064805,7189.329669293698,True,910.2775002288936,910.2775002288936
prophet,7,6,2015-12-01,6753.0,6858.751117306978,6432.378633815924,7328.256083616532,True,895.8774498006078,895.8774498006078
sarima,8,1,2015-08-01,7251.0,7892.392612283387,7298.994018432168,8485.791206134607,False,1186.7971877024393,3106.5579249891452
sarima,8,2,2015-09-01,7163.0,7298.173694205577,6700.700604874377,7895.646783536777,True,1194.9461786623997,1194.9461786623997
sarima,8,3,2015-10-01,6690.0,7257.804566175467,6646.35593013907,7869.253202211864,True,1222.8972720727943,1222.8972720727943
sarima,8,4,2015-11-01,6392.0,6729.140822095934,6105.442704686726,7352.838939505142,True,1247.396234818416,1247.396234818416
sarima,8,5,2015-12-01,6753.0,6953.068321284358,6317.511606662232,7588.625035906483,True,1271.1134292442512,1271.1134292442512
sarima,8,6,2016-01-01,6753.0,6993.167934214937,6347.791830507823,7638.544037922052,True,1290.752207414229,1290.752207414229
prophet,8,1,2015-08-01,7251.0,7827.258395250297,7396.029577432413,8277.97274850639,False,881.9431710739773,6683.126268370503
prophet,8,2,2015-09-01,7163.0,7151.260635824382,6712.477853274299,7562.846182041539,True,850.3683287672393,850.3683287672393
prophet,8,3,2015-10-01,6690.0,7148.360204953472,6703.336802909179,7578.694768072538,False,875.357965163359,1408.8300815305156
prophet,8,4,2015-11-01,6392.0,6753.256323668321,6300.6938699138445,7206.394147889111,True,905.7002779752665,905.7002779752665
prophet,8,5,2015-12-01,6753.0,6879.329590777418,6424.148853555198,7286.380613692015,True,862.2317601368168,862.2317601368168
prophet,8,6,2016-01-01,6753.0,6917.9522301108955,6471.572875449874,7375.74986845703,True,904.1769930071559,904.1769930071559
sarima,9,1,2015-09-01,7163.0,7180.835534326854,6583.058110877022,7778.612957776686,True,1195.554846899664,1195.554846899664
sarima,9,2,2015-10-01,6690.0,7116.595217258174,6514.347667618401,7718.842766897947,True,1204.4950992795457,1204.4950992795457
sarima,9,3,2015-11-01,6392.0,6602.974595222575,5995.928187002611,7210.021003442539,True,1214.0928164399284,1214.0928164399284
sarima,9,4,2015-12-01,6753.0,6799.957581507862,6188.525838451767,7411.389324563957,True,1222.86348611219,1222.86348611219
sarima,9,5,2016-01-01,6753.0,6827.987399492494,6215.411421766745,7440.563377218243,True,1225.151955451498,1225.151955451498
sarima,9,6,2016-02-01,6385.0,6385.365086477593,5768.18778326669,7002.542389688496,True,1234.3546064218062,1234.3546064218062
prophet,9,1,2015-09-01,7163.0,7122.164123309449,6675.315744001829,7525.57776347752,True,850.262019475691,850.262019475691
prophet,9,2,2015-10-01,6690.0,7113.298868234264,6623.594880253568,7597.913756501584,True,974.3188762480167,974.3188762480167
prophet,9,3,2015-11-01,6392.0,6707.635898744573,6261.62565807974,7135.992402322182,True,874.3667442424421,874.3667442424421
prophet,9,4,2015-12-01,6753.0,6821.310084981715,6361.732178762113,7293.763443173351,True,932.0312644112382,932.0312644112382
prophet,9,5,2016-01-01,6753.0,6846.361704364007,6410.519260077623,7285.841425271243,True,875.3221651936201,875.3221651936201
prophet,9,6,2016-02-01,6385.0,6171.190389202133,5703.103123263089,6594.41456853421,True,891.3114452711206,891.3114452711206
sarima,10,1,2015-10-01,6690.0,7113.1938768501595,6521.3159424250425,7705.071811275277,True,1183.755868850234,1183.755868850234
sarima,10,2,2015-11-01,6392.0,6599.126646986979,6002.9274850703105,7195.325808903647,True,1192.3983238333367,1192.3983238333367
sarima,10,3,2015-12-01,6753.0,6796.96237143112,6196.868532449255,7397.056210412985,True,1200.1876779637296,1200.1876779637296
sarima,10,4,2016-01-01,6753.0,6823.406816248442,6222.89406521268,7423.919567284203,True,1201.025502071523,1201.025502071523
sarima,10,5,2016-02-01,6385.0,6380.645868394668,5776.004051229179,6985.287685560156,True,1209.2836343309773,1209.2836343309773
sarima,10,6,2016-03-01,7164.0,6717.552933255861,6108.835088683698,7326.270777828024,True,1217.4356891443258,1217.4356891443258
prophet,10,1,2015-10-01,6690.0,7114.580850878238,6683.820119612216,7569.876345906443,True,886.0562262942267,886.0562262942267
prophet,10,2,2015-11-01,6392.0,6709.127736915668,6249.225777459294,7139.201091830955,True,889.9753143716616,889.9753143716616
prophet,10,3,2015-12-01,6753.0,6824.17707636814,6380.124514413145,7271.809152095162,True,891.6846376820167,891.6846376820167
prophet,10,4,2016-01-01,6753.0,6850.279957347897,6368.112361700466,7295.3227135409825,True,927.2103518405165,927.2103518405165
prophet,10,5,2016-02-01,6385.0,6176.0575346530495,5739.808773578569,6635.672259565426,True,895.8634859868571,895.8634859868571
prophet,10,6,2016-03-01,7164.0,6676.098935559062,6225.283442248703,7093.225273735612,False,867.941831486909,3698.9308820624265
sarima,11,1,2015-11-01,6392.0,6515.020038471752,5926.884774875624,7103.155302067879,True,1176.270527192255,1176.270527192255
sarima,11,2,2015-12-01,6753.0,6729.989902369407,6139.694108590324,7320.28569614849,True,1180.5915875581668,1180.5915875581668
sarima,11,3,2016-01-01,6753.0,6757.05058276928,6169.834235128489,7344.26693041007,True,1174.432695281581,1174.432695281581
sarima,11,4,2016-02-01,6385.0,6314.501592891402,5727.250833563253,6901.752352219551,True,1174.5015186562978,1174.5015186562978
sarima,11,5,2016-03-01,7164.0,6651.849836664527,6064.5936255876595,7239.106047741395,True,1174.5124221537353,1174.5124221537353
sarima,11,6,2016-04-01,7192.0,6724.959790661862,6137.701967315372,7312.217614008352,True,1174.5156466929802,1174.5156466929802
prophet,11,1,2015-11-01,6392.0,6695.0040394131,6281.88553780622,7116.578182217682,True,834.6926444114624,834.6926444114624
prophet,11,2,2015-12-01,6753.0,6803.031126983878,6406.18293488395,7260.754612071121,True,854.5716771871712,854.5716771871712
prophet,11,3,2016-01-01,6753.0,6818.516815522527,6374.099565189478,7270.138845958829,True,896.0392807693506,896.0392807693506
prophet,11,4,2016-02-01,6385.0,6129.962878907836,5710.357010137555,6584.5882221169395,True,874.2312119793842,874.2312119793842
prophet,11,5,2016-03-01,7164.0,6638.55846433615,6189.812949837545,7102.969382796494,False,913.1564329589492,3354.3811210991953
prophet,11,6,2016-04-01,7192.0,6654.201508266947,6225.033222280905,7114.635299082304,False,889.6020768013996,3984.1901135092276
sarima,12,1,2015-12-01,6753.0,6717.604300284713,6134.207219288912,7301.001381280514,True,1166.7941619916019,1166.7941619916019
sarima,12,2,2016-01-01,6753.0,6750.987136966598,6168.068411760493,7333.905862172703,True,1165.8374504122094,1165.8374504122094
sarima,12,3,2016-02-01,6385.0,6308.711145026076,5725.643643288399,6891.778646763753,True,1166.135003475354,1166.135003475354
sarima,12,4,2016-03-01,7164.0,6646.323811876028,6063.241064379491,7229.406559372565,True,1166.1654949930744,1166.1654949930744
sarima,12,5,2016-04-01,7192.0,6719.18376384152,6136.096627770749,7302.270899912291,True,1166.1742721415412,1166.1742721415412
sarima,12,6,2016-05-01,7743.0,7627.800418393575,7044.709880183982,8210.890956603167,True,1166.181076419185,1166.181076419185
prophet,12,1,2015-12-01,6753.0,6798.69753416281,6336.316056218694,7224.285900443591,True,887.9698442248973,887.9698442248973
prophet,12,2,2016-01-01,6753.0,6808.849972050207,6324.707302797083,7261.157896442876,True,936.4505936457936,936.4505936457936
prophet,12,3,2016-02-01,6385.0,6111.511633627261,5685.409815729846,6563.228735659106,True,877.8189199292601,877.8189199292601
prophet,12,4,2016-03-01,7164.0,6614.878449710109,6169.901236470113,7058.97036388906,False,889.0691274189467,5090.254571856562
prophet,12,5,2016-04-01,7192.0,6635.982159572082,6186.242760807826,7052.5561497409335,False,866.3133889331075,6444.067399295767
prophet,12,6,2016-05-01,7743.0,7648.628220527748,7199.923643198311,8109.631454319394,True,909.7078111210831,909.7078111210831
sarima,13,1,2016-01-01,6753.0,6754.276641420706,6179.702463911601,7328.850818929812,True,1149.148355018211,1149.148355018211
sarima,13,2,2016-02-01,6385.0,6309.851915258026,5732.526702469606,6887.177128046445,True,1154.6504255768396,1154.6504255768396
sarima,13,3,2016-03-01,7164.0,6647.402493332362,6069.9604230059795,7224.844563658744,True,1154.8841406527645,1154.8841406527645
sarima,13,4,2016-04-01,7192.0,6720.177408306429,6142.727251205966,7297.627565406892,True,1154.900314200926,1154.900314200926
sarima,13,5,2016-05-01,7743.0,7628.965256904609,7051.5143641900595,8206.41614961916,True,1154.9017854290996,1154.9017854290996
sarima,13,6,2016-06-01,8767.0,7823.588068877375,7246.1369920544,8401.03914570035,False,1154.9021536459495,15793.336325631959
prophet,13,1,2016-01-01,6753.0,6804.148188848656,6361.140722037865,7264.930745998603,True,903.7900239607379,903.7900239607379
prophet,13,2,2016-02-01,6385.0,6104.58099425169,5637.539550986293,6550.717183130989,True,913.177632144696,913.177632144696
prophet,13,3,2016-03-01,7164.0,6605.296664556483,6181.043748582082,7032.508007619789,False,851.464259037707,6111.14395424614
prophet,13,4,2016-04-01,7192.0,6627.763446978085,6176.087493208364,7093.51776370961,False,917.430270501246,4856.719722116833
prophet,13,5,2016-05-01,7743.0,7642.373631408634,7171.343244282325,8102.820323663304,True,931.4770793809794,931.4770793809794
prophet,13,6,2016-06-01,8767.0,7549.894828916673,7097.873780503476,8030.769362422402,False,932.8955819189259,30382.12108502284
sarima,14,1,2016-02-01,6385.0,6309.3265886829295,5740.593661887013,6878.059515478846,True,1137.4658535918334,1137.4658535918334
sarima,14,2,2016-03-01,7164.0,6647.103643016652,6075.537053174041,7218.670232859264,True,1143.1331796852228,1143.1331796852228
sarima,14,3,2016-04-01,7192.0,6720.374622093478,6148.651684244591,7292.0975599423655,True,1143.4458756977747,1143.4458756977747
sarima,14,4,2016-05-01,7743.0,7629.930236644009,7058.161439319514,8201.699033968503,True,1143.5375946489894,1143.5375946489894
sarima,14,5,2016-06-01,8767.0,7823.157440893343,7251.349863841704,8394.965017944982,False,1143.6151541032777,16025.014436304005
sarima,14,6,2016-07-01,8479.0,8064.676142869697,7492.830271591672,8636.522014147722,True,1143.6917425560505,1143.6917425560505
prophet,14,1,2016-02-01,6385.0,6107.503528211128,5676.816232821126,6605.833826150146,True,929.0175933290202,929.0175933290202
prophet,14,2,2016-03-01,7164.0,6601.893770735792,6138.062567721284,7079.365886387189,False,941.303318665905,4326.667863178354
prophet,14,3,2016-04-01,7192.0,6626.455937670604,6195.844772487171,7070.531531621976,False,874.6867591348046,5733.425494255774
prophet,14,4,2016-05-01,7743.0,7642.325666791634,7210.796412613516,8105.600759514267,True,894.8043469007516,894.8043469007516
prophet,14,5,2016-06-01,8767.0,7551.922374754704,7093.383505738662,8012.232164370715,False,918.8486586320523,31109.562083803467
prophet,14,6,2016-07-01,8479.0,8291.579182043977,7842.6237119854595,8753.441315993598,True,910.817604008138,910.817604008138
sarima,15,1,2016-03-01,7164.0,6654.839487114497,6090.594182549783,7219.084791679212,True,1128.4906091294288,1128.4906091294288
sarima,15,2,2016-04-01,7192.0,6723.143244237996,6156.213385088681,7290.073103387312,True,1133.8597182986305,1133.8597182986305
sarima,15,3,2016-05-01,7743.0,7632.007386164134,7064.966099487969,8199.0486728403,True,1134.0825733523307,1134.0825733523307
sarima,15,4,2016-06-01,8767.0,7826.497768391426,7259.448693837196,8393.546842945656,False,1134.0981491084603,16072.224431282222
sarima,15,5,2016-07-01,8479.0,8068.012379301545,7500.962124044933,8635.062634558155,True,1134.1005105132217,1134.1005105132217
sarima,15,6,2016-08-01,7890.0,7684.980089158694,7117.92902418556,8252.031154131828,True,1134.1021299462682,1134.1021299462682
prophet,15,1,2016-03-01,7164.0,6638.759605321828,6179.5247322927235,7057.942927569611,False,878.4181952768877,5120.7010924924425
prophet,15,2,2016-04-01,7192.0,6655.596598654884,6229.611125097067,7089.155054146936,False,859.5439290498689,4973.34176317243
prophet,15,3,2016-05-01,7743.0,7662.909867575583,7219.311149500756,8107.285652500708,True,887.9745029999522,887.9745029999522
prophet,15,4,2016-06-01,8767.0,7565.632377230935,7114.20222524304,8019.167367764628,False,904.965142521588,30818.270431936482
prophet,15,5,2016-07-01,8479.0,8299.116583496058,7877.181084113921,8742.132514264413,True,864.9514301504914,864.9514301504914
prophet,15,6,2016-08-01,7890.0,7686.572307440889,7248.17713817256,8137.170440634499,True,888.9933024619386,888.9933024619386
sarima,16,1,2016-04-01,7192.0,6791.54459291751,6215.722708566094,7367.366477268926,True,1151.643768702832,1151.643768702832
sarima,16,2,2016-05-01,7743.0,7669.226025879499,7089.464543534261,8248.987508224736,True,1159.5229646904754,1159.5229646904754
sarima,16,3,2016-06-01,8767.0,7861.560177251031,7281.190749540056,8441.929604962006,False,1160.7388554219506,14163.554656941706
sarima,16,4,2016-07-01,8479.0,8102.831814990049,7522.008473338792,8683.655156641305,True,1161.6466833025133,1161.6466833025133
sarima,16,5,2016-08-01,7890.0,7719.923984965139,7138.657680457793,8301.190289472486,True,1162.5326090146937,1162.5326090146937
sarima,16,6,2016-09-01,7317.0,7241.6768854869,6659.967925360949,7823.38584561285,True,1163.4179202519008,1163.4179202519008
prophet,16,1,2016-04-01,7192.0,6651.127830978371,6220.701951948841,7082.978841668189,False,862.2768897193473,5223.123222991804
prophet,16,2,2016-05-01,7743.0,7671.491962967286,7230.988327160437,8132.935090213751,True,901.9467630533145,901.9467630533145
prophet,16,3,2016-06-01,8767.0,7588.711115078963,7153.776079040773,8048.922729652404,False,895.1466506116312,29618.237464515467
prophet,16,4,2016-07-01,8479.0,8336.817559934303,7874.725900289011,8797.592478724584,True,922.8665784355726,922.8665784355726
prophet,16,5,2016-08-01,7890.0,7734.249980983562,7281.4247831397915,8183.349721381659,True,901.9249382418675,901.9249382418675
prophet,16,6,2016-09-01,7317.0,7207.7523100172375,6750.398817735724,7663.566584498631,True,913.1677667629065,913.1677667629065
sarima,17,1,2016-05-01,7743.0,7728.6002438178575,7148.018070997161,8309.182416638554,True,1161.164345641393,1161.164345641393
sarima,17,2,2016-06-01,8767.0,7876.98566455519,7289.680293662569,8464.29103544781,False,1174.6107417852409,13282.969323872843
sarima,17,3,2016-07-01,8479.0,8113.466403382794,7525.749050711523,8701.183756054066,True,1175.4347053425436,1175.4347053425436
sarima,17,4,2016-08-01,7890.0,7729.870244776789,7142.107973820592,8317.632515732987,True,1175.5245419123949,1175.5245419123949
sarima,17,5,2016-09-01,7317.0,7251.749382376891,6663.977987569409,7839.5207771843725,True,1175.542789614963,1175.542789614963
sarima,17,6,2016-10-01,7426.0,7123.240472077916,6535.449125099035,7711.031819056797,True,1175.5826939577619,1175.5826939577619
prophet,17,1,2016-05-01,7743.0,7670.289389610379,7240.344017924558,8120.490716988859,True,880.1466990643012,880.1466990643012
prophet,17,2,2016-06-01,8767.0,7598.422688451173,7128.66751294804,8062.257652376762,False,933.5901394287221,29123.28404435824
prophet,17,3,2016-07-01,8479.0,8360.24073510342,7869.556522032752,8801.422120603504,True,931.8655985707519,931.8655985707519
prophet,17,4,2016-08-01,7890.0,7771.125937273939,7314.945832501641,8250.920461793012,True,935.9746292913705,935.9746292913705
prophet,17,5,2016-09-01,7317.0,7254.039875799215,6795.734685203687,7723.290406903193,True,927.5557216995057,927.5557216995057
prophet,17,6,2016-10-01,7426.0,7220.094251578841,6782.153731533907,7670.706194162048,True,888.5524626281403,888.5524626281403
sarima,18,1,2016-06-01,8767.0,7879.635613235531,7304.157468513959,8455.113757957104,False,1150.9562894431447,13626.40597115898
sarima,18,2,2016-07-01,8479.0,8114.546601527314,7532.4516396358595,8696.641563418769,True,1164.1899237829093,1164.1899237829093
sarima,18,3,2016-08-01,7890.0,7730.8445504491365,7148.349722927605,8313.339377970668,True,1164.9896550430622,1164.9896550430622
sarima,18,4,2016-09-01,7317.0,7252.437364324818,6669.8969645093275,7834.977764140309,True,1165.0807996309813,1165.0807996309813
sarima,18,5,2016-10-01,7426.0,7124.111787945365,6541.548420796632,7706.675155094098,True,1165.126734297466,1165.126734297466
sarima,18,6,2016-11-01,6700.0,6638.223959336392,6055.565345825775,7220.882572847009,True,1165.3172270212344,1165.3172270212344
prophet,18,1,2016-06-01,8767.0,7600.110976072883,7137.431383072134,8077.462782707361,False,940.031399635227,28521.52009134079
prophet,18,2,2016-07-01,8479.0,8363.232693661943,7881.232167942996,8834.62003212524,True,953.3878641822439,953.3878641822439
prophet,18,3,2016-08-01,7890.0,7775.900842114825,7343.954816972155,8255.377673343188,True,911.422856371033,911.422856371033
prophet,18,4,2016-09-01,7317.0,7260.224877379504,6816.337734495606,7703.530591452712,True,887.1928569571055,887.1928569571055
prophet,18,5,2016-10-01,7426.0,7227.415347994126,6792.515678989711,7713.356942552247,True,920.8412635625364,920.8412635625364
prophet,18,6,2016-11-01,6700.0,6550.647247561252,6096.8963820097915,6995.608611980835,True,898.7122299710436,898.7122299710436
sarima,19,1,2016-07-01,8479.0,8428.867749244515,7814.259771297668,9043.475727191362,True,1229.2159558936946,1229.2159558936946
sarima,19,2,2016-08-01,7890.0,8101.106544450268,7473.488948552596,8728.72414034794,True,1255.2351917953438,1255.2351917953438
sarima,19,3,2016-09-01,7317.0,7617.54305809021,6966.311763368879,8268.774352811542,True,1302.4625894426636,1302.4625894426636
sarima,19,4,2016-10-01,7426.0,7489.9781311417855,6817.105713431292,8162.850548852279,True,1345.7448354209864,1345.7448354209864
sarima,19,5,2016-11-01,6700.0,7016.461282238,6322.518487407257,7710.404077068743,True,1387.885589661486,1387.885589661486
sarima,19,6,2016-12-01,6994.0,7244.328294401978,6530.215835018974,7958.440753784983,True,1428.224918766009,1428.224918766009
prophet,19,1,2016-07-01,8479.0,8436.872912571429,7956.495688967007,8885.535802175837,True,929.04011320883,929.04011320883
prophet,19,2,2016-08-01,7890.0,7868.56972473246,7403.142609416775,8369.243289328055,True,966.1006799112802,966.1006799112802
prophet,19,3,2016-09-01,7317.0,7374.311459634716,6875.586812637574,7861.565154389122,True,985.9783417515473,985.9783417515473
prophet,19,4,2016-10-01,7426.0,7368.586291514185,6911.283006051934,7834.680360976997,True,923.3973549250632,923.3973549250632
prophet,19,5,2016-11-01,6700.0,6719.6086369965615,6246.031923071253,7209.760625701019,True,963.7287026297663,963.7287026297663
prophet,19,6,2016-12-01,6994.0,7161.343543944833,6632.867044649119,7628.258522577325,True,995.3914779282059,995.3914779282059
sarima,20,1,2016-08-01,7890.0,8115.58382614244,7505.3413371323195,8725.82631515256,True,1220.4849780202412,1220.4849780202412
sarima,20,2,2016-09-01,7317.0,7635.356990197288,7011.520835364651,8259.193145029923,True,1247.6723096652722,1247.6723096652722
sarima,20,3,2016-10-01,7426.0,7507.567117372464,6859.4777046760755,8155.656530068853,True,1296.178825392777,1296.178825392777
sarima,20,4,2016-11-01,6700.0,7033.986645693265,6363.674419444418,7704.298871942112,True,1340.6244524976937,1340.6244524976937
sarima,20,5,2016-12-01,6994.0,7262.935515802329,6571.272414717519,7954.5986168871395,True,1383.326202169621,1383.326202169621
sarima,20,6,2017-01-01,6788.0,7302.765546924814,6592.159959250673,8013.371134598955,True,1421.2111753482823,1421.2111753482823
prophet,20,1,2016-08-01,7890.0,7861.584592645693,7375.208940547946,8364.1173546187,True,988.9084140707537,988.9084140707537
prophet,20,2,2016-09-01,7317.0,7367.668151966575,6883.174320824169,7838.159306912136,True,954.9849860879676,954.9849860879676
prophet,20,3,2016-10-01,7426.0,7362.90684466465,6857.996671330473,7836.85593441287,True,978.8592630823969,978.8592630823969
prophet,20,4,2016-11-01,6700.0,6715.099082118559,6224.93227793929,7180.648413645304,True,955.716135706014,955.716135706014
prophet,20,5,2016-12-01,6994.0,7157.87356175446,6679.076509563743,7630.040963308266,True,950.9644537445238,950.9644537445238
prophet,20,6,2017-01-01,6788.0,7037.314058960559,6539.296482952165,7514.725764620752,True,975.4292816685866,975.4292816685866
sarima,21,1,2016-09-01,7317.0,7554.0943774001125,6947.767769445166,8160.420985355059,True,1212.6532159098933,1212.6532159098933
sarima,21,2,2016-10-01,7426.0,7420.108348047543,6801.286681289726,8038.930014805359,True,1237.6433335156325,1237.6433335156325
sarima,21,3,2016-11-01,6700.0,6943.96783943812,6308.411513598602,7579.524165277638,True,1271.1126516790355,1271.1126516790355
sarima,21,4,2016-12-01,6994.0,7172.012324032696,6520.630922073622,7823.393725991769,True,1302.7628039181473,1302.7628039181473
sarima,21,5,2017-01-01,6788.0,7210.131930656931,6545.399474965909,7874.864386347954,True,1329.464911382045,1329.464911382045
sarima,21,6,2017-02-01,6271.0,6778.375933500516,6098.522629718004,7458.229237283028,True,1359.7066075650237,1359.7066075650237
prophet,21,1,2016-09-01,7317.0,7372.507733614143,6937.213509798281,7836.735453326484,True,899.5219435282033,899.5219435282033
prophet,21,2,2016-10-01,7426.0,7368.219169503309,6892.626179552895,7859.466110557309,True,966.8399310044133,966.8399310044133
prophet,21,3,2016-11-01,6700.0,6721.196998093537,6233.741248773392,7212.436026606724,True,978.6947778333324,978.6947778333324
prophet,21,4,2016-12-01,6994.0,7164.985523910033,6707.747459114099,7661.893733327841,True,954.1462742137419,954.1462742137419
prophet,21,5,2017-01-01,6788.0,7043.833353744749,6571.792990356947,7519.895588688124,True,948.1025983311774,948.1025983311774
prophet,21,6,2017-02-01,6271.0,6759.243670125995,6294.213202461461,7232.575321785369,False,938.3621193239078,1866.8902177823538
sarima,22,1,2016-10-01,7426.0,7342.476565136208,6740.399293168326,7944.553837104089,True,1204.1545439357633,1204.1545439357633
sarima,22,2,2016-11-01,6700.0,6865.1189232592305,6250.959517996782,7479.278328521679,True,1228.3188105248973,1228.3188105248973
sarima,22,3,2016-12-01,6994.0,7092.544990016442,6468.245801015391,7716.844179017493,True,1248.5983780021015,1248.5983780021015
sarima,22,4,2017-01-01,6788.0,7128.371854862812,6496.545596684346,7760.198113041279,True,1263.6525163569331,1263.6525163569331
sarima,22,5,2017-02-01,6271.0,6696.461214818363,6054.741362093653,7338.181067543073,True,1283.4397054494202,1283.4397054494202
sarima,22,6,2017-03-01,6794.0,7095.798602946779,6444.349919306337,7747.247286587221,True,1302.8973672808843,1302.8973672808843
prophet,22,1,2016-10-01,7426.0,7366.148068090151,6910.084907854255,7892.997591217123,True,982.9126833628679,982.9126833628679
prophet,22,2,2016-11-01,6700.0,6718.347956744188,6252.617559084022,7201.183092999002,True,948.5655339149798,948.5655339149798
prophet,22,3,2016-12-01,6994.0,7160.595732269605,6715.525831201678,7623.781346283096,True,908.2555150814187,908.2555150814187
prophet,22,4,2017-01-01,6788.0,7036.874177530219,6568.408815531455,7520.906932179976,True,952.4981166485213,952.4981166485213
prophet,22,5,2017-02-01,6271.0,6750.162187943549,6278.503712501129,7197.138271510522,False,918.6345590093933,1218.7830590545364
prophet,22,6,2017-03-01,6794.0,7071.939514296397,6580.913588770645,7571.782914795191,True,990.8693260245454,990.8693260245454
sarima,23,1,2016-11-01,6700.0,6886.719901848365,6288.382735685816,7485.057068010914,True,1196.6743323250976,1196.6743323250976
sarima,23,2,2016-12-01,6994.0,7114.855560398108,6504.944265544782,7724.766855251433,True,1219.8225897066513,1219.8225897066513
sarima,23,3,2017-01-01,6788.0,7150.225775608299,6531.640559354455,7768.810991862143,True,1237.170432507688,1237.170432507688
sarima,23,4,2017-02-01,6271.0,6718.22395702815,6088.516115185006,7347.931798871294,True,1259.4156836862876,1259.4156836862876
sarima,23,5,2017-03-01,6794.0,7117.531069891335,6476.90855275802,7758.153587024651,True,1281.2450342666307,1281.2450342666307
sarima,23,6,2017-04-01,6884.0,7184.530467084842,6533.177148197934,7835.88378597175,True,1302.7066377738156,1302.7066377738156
prophet,23,1,2016-11-01,6700.0,6710.410538192185,6250.191226837355,7197.275430458007,True,947.0842036206514,947.0842036206514
prophet,23,2,2016-12-01,6994.0,7153.950606371897,6645.370246790343,7642.261932464616,True,996.8916856742726,996.8916856742726
prophet,23,3,2017-01-01,6788.0,7034.375624652781,6594.728966886066,7517.680229778882,True,922.951262892816,922.951262892816
prophet,23,4,2017-02-01,6271.0,6749.491302878026,6285.254300842222,7229.98208130194,False,944.7277804597179,1514.8998141485863
prophet,23,5,2017-03-01,6794.0,7069.69950091445,6589.593662105859,7526.356723029544,True,936.7630609236849,936.7630609236849
prophet,23,6,2017-04-01,6884.0,7119.536603404795,6696.544063260954,7579.282314206495,True,882.738250945541,882.738250945541
sarima,24,1,2016-12-01,6994.0,7068.6699947824,6474.375874653621,7662.9641149111785,True,1188.5882402575571,1188.5882402575571
sarima,24,2,2017-01-01,6788.0,7105.5703240192515,6503.054893287404,7708.085754751099,True,1205.0308614636942,1205.0308614636942
sarima,24,3,2017-02-01,6271.0,6673.557355325018,6062.022073998728,7285.092636651308,True,1223.0705626525796,1223.0705626525796
sarima,24,4,2017-03-01,6794.0,7073.0562914874945,6452.681767332977,7693.430815642012,True,1240.749048309035,1240.749048309035
sarima,24,5,2017-04-01,6884.0,7139.868854628593,6510.781349843485,7768.956359413701,True,1258.1750095702155,1258.1750095702155
sarima,24,6,2017-05-01,7651.0,7999.182534522216,7361.501216317996,8636.863852726436,True,1275.3626364084394,1275.3626364084394
prophet,24,1,2016-12-01,6994.0,7158.522558372588,6642.2088439445915,7643.574372786518,True,1001.3655288419268,1001.3655288419268
prophet,24,2,2017-01-01,6788.0,7038.76650897298,6576.391262455899,7480.136055867413,True,903.7447934115144,903.7447934115144
prophet,24,3,2017-02-01,6271.0,6754.276144922391,6281.4167582830005,7274.743862239129,False,993.3271039561287,1409.9974352761483
prophet,24,4,2017-03-01,6794.0,7073.751337050503,6629.202013236612,7513.239207196398,True,884.0371939597853,884.0371939597853
prophet,24,5,2017-04-01,6884.0,7123.812616607326,6653.108946451784,7628.923955556959,True,975.8150091051757,975.8150091051757
prophet,24,6,2017-05-01,7651.0,7985.608914833529,7539.646660871258,8475.613893110154,True,935.967232238896,935.967232238896
sarima,25,1,2017-01-01,6788.0,7086.81652207394,6499.8241523187135,7673.808891829167,True,1173.9847395104534,1173.9847395104534
sarima,25,2,2017-02-01,6271.0,6656.624175497791,6058.671486550526,7254.576864445055,True,1195.905377894529,1195.905377894529
sarima,25,3,2017-03-01,6794.0,7056.366047033235,6450.470723504728,7662.261370561742,True,1211.7906470570142,1211.7906470570142
sarima,25,4,2017-04-01,6884.0,7123.020217180001,6509.377197150351,7736.663237209651,True,1227.2860400593,1227.2860400593
sarima,25,5,2017-05-01,7651.0,7982.442445499802,7361.151982741744,8603.732908257858,True,1242.580925516114,1242.580925516114
sarima,25,6,2017-06-01,8009.0,8292.965068493595,7664.120336631401,8921.80980035579,True,1257.6894637243886,1257.6894637243886
prophet,25,1,2017-01-01,6788.0,7033.919867562322,6532.600345277299,7478.538227304976,True,945.937882027677,945.937882027677
prophet,25,2,2017-02-01,6271.0,6744.939314089307,6236.689232562411,7200.2043044927395,True,963.5150719303283,963.5150719303283
prophet,25,3,2017-03-01,6794.0,7060.6910533123855,6578.21580501826,7565.969030300454,True,987.7532252821939,987.7532252821939
prophet,25,4,2017-04-01,6884.0,7108.448199334104,6649.801334475082,7553.231376741284,True,903.4300422662027,903.4300422662027
prophet,25,5,2017-05-01,7651.0,7968.77822294236,7513.340512237211,8438.284537623447,True,924.9440253862358,924.9440253862358
prophet,25,6,2017-06-01,8009.0,8301.424485421036,7828.154942233713,8773.270969465968,True,945.116027232255,945.116027232255
sarima,26,1,2017-02-01,6271.0,6586.346431179893,6002.546959681329,7170.145902678458,True,1167.5989429971287,1167.5989429971287
sarima,26,2,2017-03-01,6794.0,7001.188874362566,6406.666271402964,7595.711477322167,True,1189.045205919203,1189.045205919203
sarima,26,3,2017-04-01,6884.0,7068.572671080514,6468.580537220688,7668.56480494034,True,1199.984267719652,1199.984267719652
sarima,26,4,2017-05-01,7651.0,7928.070098607689,7322.934725884897,8533.205471330482,True,1210.2707454455858,1210.2707454455858
sarima,26,5,2017-06-01,8009.0,8238.34647411617,7628.129315199551,8848.563633032789,True,1220.4343178332383,1220.4343178332383
sarima,26,6,2017-07-01,8694.0,8405.908018224838,7790.652277785678,9021.163758663999,True,1230.511480878321,1230.511480878321
prophet,26,1,2017-02-01,6271.0,6731.067304905908,6253.449389955774,7185.646275173677,True,932.1968852179034,932.1968852179034
prophet,26,2,2017-03-01,6794.0,7040.743501439486,6593.671794395651,7490.202340254796,True,896.5305458591447,896.5305458591447
prophet,26,3,2017-04-01,6884.0,7085.101617037795,6607.324760512829,7547.208896853367,True,939.8841363405381,939.8841363405381
prophet,26,4,2017-05-01,7651.0,7942.603500652903,7501.341406297291,8421.174928163588,True,919.8335218662969,919.8335218662969
prophet,26,5,2017-06-01,8009.0,8273.321182605061,7805.2861213226515,8743.881777214969,True,938.5956558923172,938.5956558923172
prophet,26,6,2017-07-01,8694.0,8511.826430983416,8043.662239428299,8984.27982841833,True,940.6175889900314,940.6175889900314
sarima,27,1,2017-03-01,6794.0,6929.083440076418,6347.132971510444,7511.033908642392,True,1163.900937131948,1163.900937131948
sarima,27,2,2017-04-01,6884.0,7021.535888977721,6427.940393531915,7615.1313844235265,True,1187.1909908916114,1187.1909908916114
sarima,27,3,2017-05-01,7651.0,7883.716321736458,7286.240716810506,8481.19192666241,True,1194.9512098519044,1194.9512098519044
sarima,27,4,2017-06-01,8009.0,8193.935588139768,7593.168301055843,8794.702875223693,True,1201.5345741678502,1201.5345741678502
sarima,27,5,2017-07-01,8694.0,8361.638301624173,7757.652968511689,8965.623634736656,True,1207.9706662249664,1207.9706662249664
sarima,27,6,2017-08-01,8130.0,7949.28809829485,7342.107335151781,8556.46886143792,True,1214.3615262861385,1214.3615262861385
prophet,27,1,2017-03-01,6794.0,6998.263518496266,6476.319205532618,7477.691702358918,True,1001.3724968262995,1001.3724968262995
prophet,27,2,2017-04-01,6884.0,7036.074565427729,6583.9689673517205,7543.808120856367,True,959.8391535046467,959.8391535046467
prophet,27,3,2017-05-01,7651.0,7887.468505515526,7409.1237840491185,8346.484029382786,True,937.3602453336671,937.3602453336671
prophet,27,4,2017-06-01,8009.0,8212.641106244517,7737.847074339921,8670.869365912185,True,933.0222915722643,933.0222915722643
prophet,27,5,2017-07-01,8694.0,8447.305418428181,8012.093492645127,8923.89187814399,True,911.7983854988624,911.7983854988624
prophet,27,6,2017-08-01,8130.0,7974.5924276647165,7461.075405661958,8417.883939469139,True,956.8085338071805,956.8085338071805
sarima,28,1,2017-04-01,6884.0,6991.862061784144,6413.773521993801,7569.950601574487,True,1156.177079580686,1156.177079580686
sarima,28,2,2017-05-01,7651.0,7866.619635682781,7276.53612323023,8456.703148135333,True,1180.167024905103,1180.167024905103
sarima,28,3,2017-06-01,8009.0,8178.189842071167,7584.627559142033,8771.752125000301,True,1187.1245658582684,1187.1245658582684
sarima,28,4,2017-07-01,8694.0,8346.125874846814,7749.762031855319,8942.489717838307,True,1192.727685982988,1192.727685982988
sarima,28,5,2017-08-01,8130.0,7933.779923846627,7334.6991595917825,8532.860688101471,True,1198.1615285096887,1198.1615285096887
sarima,28,6,2017-09-01,7446.0,7442.0427309799825,6840.264090531671,8043.821371428294,True,1203.5572808966226,1203.5572808966226
prophet,28,1,2017-04-01,6884.0,7017.494997181311,6576.5622926380565,7476.777644548489,True,900.2153519104322,900.2153519104322
prophet,28,2,2017-05-01,7651.0,7867.7952955179635,7378.287273292038,8349.461628196672,True,971.1743549046341,971.1743549046341
prophet,28,3,2017-06-01,8009.0,8191.397163884538,7685.857490931144,8633.847062960112,True,947.9895720289687,947.9895720289687
prophet,28,4,2017-07-01,8694.0,8424.466846306621,7975.909318142313,8892.473946904653,True,916.5646287623395,916.5646287623395
prophet,28,5,2017-08-01,8130.0,7950.55524393064,7492.571552570559,8398.79649663266,True,906.2249440621008,906.2249440621008
prophet,28,6,2017-09-01,7446.0,7449.649665716584,6939.069902564009,7913.461047038734,True,974.3911444747255,974.3911444747255
sarima,29,1,2017-05-01,7651.0,7843.779635510888,7269.6252459279785,8417.934025093797,True,1148.3087791658181,1148.3087791658181
sarima,29,2,2017-06-01,8009.0,8165.576864384753,7579.408514469032,8751.745214300474,True,1172.3366998314423,1172.3366998314423
sarima,29,3,2017-07-01,8694.0,8334.801841048347,7745.358108644838,8924.245573451857,True,1178.8874648070196,1178.8874648070196
sarima,29,4,2017-08-01,8130.0,7922.57217456935,7330.556581972364,8514.587767166335,True,1184.0311851939705,1184.0311851939705
sarima,29,5,2017-09-01,7446.0,7430.807253869745,6836.307081234089,8025.307426505401,True,1189.0003452713117,1189.0003452713117
sarima,29,6,2017-10-01,7282.0,7335.799557379367,6738.825884892571,7932.773229866163,True,1193.9473449735924,1193.9473449735924
prophet,29,1,2017-05-01,7651.0,7856.500131640686,7398.03190429735,8329.894158460296,True,931.8622541629466,931.8622541629466
prophet,29,2,2017-06-01,8009.0,8179.5479670881905,7705.556588143051,8678.99569488025,True,973.4391067371989,973.4391067371989
prophet,29,3,2017-07-01,8694.0,8412.007179628949,7906.119890837496,8894.369517553976,True,988.2496267164797,988.2496267164797
prophet,29,4,2017-08-01,8130.0,7937.5239504901565,7453.40307176086,8419.101799114798,True,965.698727353938,965.698727353938
prophet,29,5,2017-09-01,7446.0,7436.0260162063405,6980.337090078821,7893.430552785544,True,913.0934627067227,913.0934627067227
prophet,29,6,2017-10-01,7282.0,7400.526905059537,6896.746208445104,7843.688525344962,True,946.9423168998583,946.9423168998583
sarima,30,1,2017-06-01,8009.0,8125.00386965774,7553.5002435506585,8696.507495764823,True,1143.0072522141645,1143.0072522141645
sarima,30,2,2017-07-01,8694.0,8313.5746951454,7729.898959919202,8897.250430371598,True,1167.351470452396,1167.351470452396
sarima,30,3,2017-08-01,8130.0,7903.778613206567,7317.003940869551,8490.553285543581,True,1173.5493446740302,1173.5493446740302
sarima,30,4,2017-09-01,7446.0,7412.291042139801,6823.158426638305,8001.423657641297,True,1178.2652310029916,1178.2652310029916
sarima,30,5,2017-10-01,7282.0,7317.323140589893,6725.918939904118,7908.727341275669,True,1182.8084013715506,1182.8084013715506
sarima,30,6,2017-11-01,6830.0,6797.738899489722,6204.039753296889,7391.438045682555,True,1187.3982923856656,1187.3982923856656
prophet,30,1,2017-06-01,8009.0,8161.935029454313,7716.944212011731,8623.021055142251,True,906.0768431305205,906.0768431305205
prophet,30,2,2017-07-01,8694.0,8393.690260535339,7914.738374651752,8857.973112388534,True,943.2347377367823,943.2347377367823
prophet,30,3,2017-08-01,8130.0,7918.405989970719,7472.685412784089,8405.843215562383,True,933.1578027782944,933.1578027782944
prophet,30,4,2017-09-01,7446.0,7416.050707770375,6908.294048888289,7895.851503352907,True,987.5574544646179,987.5574544646179
prophet,30,5,2017-10-01,7282.0,7379.791346988338,6911.452608842252,7834.805912853047,True,923.353304010795,923.353304010795
prophet,30,6,2017-11-01,6830.0,6808.802430467502,6306.089123567427,7259.786350087667,True,953.6972265202403,953.6972265202403
sarima,31,1,2017-07-01,8694.0,8289.155607553017,7721.049018199859,8857.262196906175,True,1136.2131787063154,1136.2131787063154
sarima,31,2,2017-08-01,8130.0,7891.380895324095,7310.919777798566,8471.842012849624,True,1160.9222350510572,1160.9222350510572
sarima,31,3,2017-09-01,7446.0,7401.440738965185,6817.9436965990335,7984.937781331337,True,1166.9940847323032,1166.9940847323032
sarima,31,4,2017-10-01,7282.0,7306.718907777702,6720.950483492555,7892.487332062849,True,1171.5368485702948,1171.5368485702948
sarima,31,5,2017-11-01,6830.0,6786.973693628891,6198.9939626535015,7374.95342460428,True,1175.9594619507789,1175.9594619507789
sarima,31,6,2017-12-01,6946.0,7025.87639456564,6435.749235897421,7616.003553233859,True,1180.2543173364375,1180.2543173364375
prophet,31,1,2017-07-01,8694.0,8383.271044218272,7955.539594792868,8843.844657306769,True,888.3050625139003,888.3050625139003
prophet,31,2,2017-08-01,8130.0,7907.867083812402,7401.902614405099,8353.57105653442,True,951.6684421293212,951.6684421293212
prophet,31,3,2017-09-01,7446.0,7405.145797870905,6952.536349601131,7894.410820375368,True,941.8744707742362,941.8744707742362
prophet,31,4,2017-10-01,7282.0,7368.375201401881,6877.872126009386,7831.177881573827,True,953.3057555644409,953.3057555644409
prophet,31,5,2017-11-01,6830.0,6797.258119181035,6322.784969528007,7266.564107309064,True,943.7791377810563,943.7791377810563
prophet,31,6,2017-12-01,6946.0,7127.314647532179,6640.710352286908,7593.231251585163,True,952.5208992982543,952.5208992982543
sarima,32,1,2017-08-01,8130.0,7966.299582754296,7396.675970330814,8535.923195177778,True,1139.247224846964,1139.247224846964
sarima,32,2,2017-09-01,7446.0,7421.60236162921,6841.133426553452,8002.071296704967,True,1160.9378701515143,1160.9378701515143
sarima,32,3,2017-10-01,7282.0,7317.2536047345875,6735.9722831918225,7898.5349262773525,True,1162.56264308553,1162.56264308553
sarima,32,4,2017-11-01,6830.0,6794.394256275744,6212.904832307468,7375.88368024402,True,1162.9788479365525,1162.9788479365525
sarima,32,5,2017-12-01,6946.0,7032.90495221309,6451.248834403257,7614.561070022923,True,1163.3122356196654,1163.3122356196654
sarima,32,6,2018-01-01,6886.0,7035.913948494001,6455.507813320598,7616.320083667403,True,1160.8122703468052,1160.8122703468052
prophet,32,1,2017-08-01,8130.0,7927.955420347884,7485.88203668161,8439.305457962198,True,953.4234212805886,953.4234212805886
prophet,32,2,2017-09-01,7446.0,7426.0746059429675,6949.524052365658,7866.504763473191,True,916.9807111075334,916.9807111075334
prophet,32,3,2017-10-01,7282.0,7390.519836726078,6901.347495544427,7854.851810151877,True,953.5043146074495,953.5043146074495
prophet,32,4,2017-11-01,6830.0,6820.404086851596,6318.833490055076,7375.344945766497,True,1056.5114557114211,1056.5114557114211
prophet,32,5,2017-12-01,6946.0,7151.618373435915,6662.7489939477855,7638.861084910683,True,976.1120909628971,976.1120909628971
prophet,32,6,2018-01-01,6886.0,7058.694202477616,6562.190905036838,7529.899894618947,True,967.7089895821091,967.7089895821091
sarima,33,1,2017-09-01,7446.0,7456.205654995839,6888.9778145423315,8023.433495449346,True,1134.4556809070145,1134.4556809070145
sarima,33,2,2017-10-01,7282.0,7328.5235023956,6749.5049774454765,7907.542027345724,True,1158.0370499002474,1158.0370499002474
sarima,33,3,2017-11-01,6830.0,6801.127065782644,6221.115147358486,7381.138984206803,True,1160.023836848317,1160.023836848317
sarima,33,4,2017-12-01,6946.0,7039.7985436899235,6459.518263109218,7620.0788242706285,True,1160.56056116141,1160.56056116141
sarima,33,5,2018-01-01,6886.0,7043.014586677245,6464.013202756365,7622.015970598124,True,1158.0027678417591,1158.0027678417591
sarima,33,6,2018-02-01,5960.0,6599.815171057973,6020.804565363437,7178.825776752509,False,1158.021211389072,3590.203825926559
prophet,33,1,2017-09-01,7446.0,7432.074620722848,6947.692455702797,7898.521343098121,True,950.8288873953243,950.8288873953243
prophet,33,2,2017-10-01,7282.0,7396.492082636456,6891.96425349235,7865.8277058798785,True,973.8634523875289,973.8634523875289
prophet,33,3,2017-11-01,6830.0,6827.112481404151,6344.4105026053285,7291.593273927909,True,947.1827713225803,947.1827713225803
prophet,33,4,2017-12-01,6946.0,7159.582552477637,6694.8360102448105,7609.0434669315255,True,914.207456686715,914.207456686715
prophet,33,5,2018-01-01,6886.0,7066.609452545405,6592.548951634099,7560.964668000779,True,968.4157163666805,968.4157163666805
prophet,33,6,2018-02-01,5960.0,6645.672998488072,6176.771179612654,7138.317924714928,False,961.5467451022741,9632.393929608439
sarima,34,1,2017-10-01,7282.0,7352.520138177405,6787.530222140942,7917.510054213868,True,1129.979832072926,1129.979832072926
sarima,34,2,2017-11-01,6830.0,6832.740852496627,6255.676049783965,7409.8056552092885,True,1154.1296054253235,1154.1296054253235
sarima,34,3,2017-12-01,6946.0,7072.243992332689,6492.584647966373,7651.903336699005,True,1159.318688732632,1159.318688732632
sarima,34,4,2018-01-01,6886.0,7070.58100664521,6490.9088225159185,7650.253190774502,True,1159.344368258584,1159.344368258584
sarima,34,5,2018-02-01,5960.0,6627.289889288598,6045.862955390617,7208.716823186579,False,1162.8538677959623,4597.372083420629
sarima,34,6,2018-03-01,6930.0,7043.10805849082,6459.947468161536,7626.268648820105,True,1166.3211806585696,1166.3211806585696
prophet,34,1,2017-10-01,7282.0,7403.642005523977,6932.826762344181,7888.521866824276,True,955.6951044800953,955.6951044800953
prophet,34,2,2017-11-01,6830.0,6834.014110308868,6368.994328954109,7329.9771179700265,True,960.9827890159177,960.9827890159177
prophet,34,3,2017-12-01,6946.0,7166.927424904119,6709.294567835172,7647.350616156503,True,938.0560483213312,938.0560483213312
prophet,34,4,2018-01-01,6886.0,7074.525658755601,6608.533859714546,7534.514975129315,True,925.9811154147683,925.9811154147683
prophet,34,5,2018-02-01,5960.0,6654.22437400133,6195.162047503275,7111.330430417851,False,916.1683829145759,10322.65028304558
prophet,34,6,2018-03-01,6930.0,7047.476314801891,6561.544082817314,7522.796151521869,True,961.2520687045553,961.2520687045553
sarima,35,1,2017-11-01,6830.0,6791.254803403003,6231.350605040068,7351.159001765938,True,1119.80839672587,1119.80839672587
sarima,35,2,2017-12-01,6946.0,7037.227864201575,6465.930350340918,7608.525378062232,True,1142.5950277213142,1142.5950277213142
sarima,35,3,2018-01-01,6886.0,7040.169266554575,6469.484206163796,7610.854326945354,True,1141.3701207815575,1141.3701207815575
sarima,35,4,2018-02-01,5960.0,6596.998641091261,6026.190433752414,7167.8068484301075,False,1141.6164146776937,3789.233764774246
sarima,35,5,2018-03-01,6930.0,7013.10896817083,6442.278541443064,7583.939394898596,True,1141.6608534555326,1141.6608534555326
sarima,35,6,2018-04-01,6769.0,7081.317080989193,6510.482483757212,7652.151678221173,True,1141.6691944639606,1141.6691944639606
prophet,35,1,2017-11-01,6830.0,6829.924950339233,6397.23417615409,7295.487436912763,True,898.2532607586727,898.2532607586727
prophet,35,2,2017-12-01,6946.0,7162.239541444369,6663.979400498187,7659.755236914985,True,995.7758364167985,995.7758364167985
prophet,35,3,2018-01-01,6886.0,7071.40306673128,6558.578124323628,7596.271267385924,True,1037.6931430622963,1037.6931430622963
prophet,35,4,2018-02-01,5960.0,6651.603809637276,6171.822711147224,7129.093906160695,False,957.2711950134708,9430.179640902441
prophet,35,5,2018-03-01,6930.0,7045.097760984246,6568.935429788318,7485.868353781474,True,916.9329239931558,916.9329239931558
prophet,35,6,2018-04-01,6769.0,7131.067183227879,6657.970758616215,7556.672741524846,True,898.7019829086312,898.7019829086312
sarima,36,1,2017-12-01,6946.0,7067.76113568916,6509.905759183768,7625.616512194552,True,1115.7107530107842,1115.7107530107842
sarima,36,2,2018-01-01,6886.0,7064.553550322802,6497.08978085892,7632.017319786684,True,1134.9275389277645,1134.9275389277645
sarima,36,3,2018-02-01,5960.0,6621.050408569341,6051.145807326973,7190.955009811709,False,1139.8092024847356,4785.641495563665
sarima,36,4,2018-03-01,6930.0,7036.986801769315,6465.392490696168,7608.581112842462,True,1143.1886221462937,1143.1886221462937
sarima,36,5,2018-04-01,6769.0,7105.38988790696,6532.20424949687,7678.57552631705,True,1146.3712768201804,1146.3712768201804
sarima,36,6,2018-05-01,7511.0,7954.109394140083,7379.349592942976,8528.869195337189,True,1149.5196023942126,1149.5196023942126
prophet,36,1,2017-12-01,6946.0,7159.63277812255,6661.368931285455,7598.111581355145,True,936.7426500696902,936.7426500696902
prophet,36,2,2018-01-01,6886.0,7068.196673676625,6597.043316672406,7516.580655495707,True,919.5373388233011,919.5373388233011
prophet,36,3,2018-02-01,5960.0,6647.390201972196,6182.498565205197,7129.496278082378,False,946.9977128771807,9846.940321085074
prophet,36,4,2018-03-01,6930.0,7040.572037257568,6593.4720971646575,7491.385744746407,True,897.9136475817495,897.9136475817495
prophet,36,5,2018-04-01,6769.0,7126.531572519209,6693.84333795529,7596.639590327431,True,902.7962523721408,902.7962523721408
prophet,36,6,2018-05-01,7511.0,8010.334059851347,7560.679968663717,8510.123495927133,False,949.4435272634164,2936.642273812091
sarima,37,1,2018-01-01,6886.0,7022.0841522630735,6470.309354106095,7573.858950420052,True,1103.5495963139565,1103.5495963139565
sarima,37,2,2018-02-01,5960.0,6591.4705243949575,6028.700788733998,7154.240260055917,False,1125.5394713219193,3873.571020681831
sarima,37,3,2018-03-01,6930.0,7009.860081167426,6446.264891508595,7573.455270826257,True,1127.1903793176625,1127.1903793176625
sarima,37,4,2018-04-01,6769.0,7078.3813101317055,6514.674737230561,7642.08788303285,True,1127.4131458022894,1127.4131458022894
sarima,37,5,2018-05-01,7511.0,7927.139903841176,7363.414890231568,8490.864917450785,True,1127.4500272192163,1127.4500272192163
sarima,37,6,2018-06-01,8057.0,8242.686958913373,7678.958698324529,8806.415219502216,True,1127.4565211776871,1127.4565211776871
prophet,37,1,2018-01-01,6886.0,7049.913086537523,6565.983074377866,7513.842596874339,True,947.8595224964729,947.8595224964729
prophet,37,2,2018-02-01,5960.0,6628.377278397948,6168.253231475303,7069.927349275256,False,901.6741177999529,9231.803376812091
prophet,37,3,2018-03-01,6930.0,7019.960917452462,6562.0365534009725,7473.182959264917,True,911.1464058639449,911.1464058639449
prophet,37,4,2018-04-01,6769.0,7106.421148316425,6593.705853727734,7544.186137410937,True,950.4802836832023,950.4802836832023
prophet,37,5,2018-05-01,7511.0,7990.7109531919705,7563.056762067874,8454.58049930256,False,891.5237372346855,2973.794219949643
prophet,37,6,2018-06-01,8057.0,8299.510013036428,7843.047436902543,8743.231869313144,True,900.1844324106005,900.1844324106005
sarima,38,1,2018-02-01,5960.0,6562.879763305456,6014.68127748271,7111.0782491282025,False,1096.3969716454922,3283.6480709539064
sarima,38,2,2018-03-01,6930.0,7000.063293520705,6440.545098798933,7559.581488242477,True,1119.0363894435432,1119.0363894435432
sarima,38,3,2018-04-01,6769.0,7071.800277626921,6511.408299245621,7632.192256008222,True,1120.7839567626015,1120.7839567626015
sarima,38,4,2018-05-01,7511.0,7921.202803215371,7360.691194985256,8481.714411445488,True,1121.023216460232,1121.023216460232
sarima,38,5,2018-06-01,8057.0,8236.838674496135,7676.3070868714985,8797.370262120772,True,1121.0631752492736,1121.0631752492736
sarima,38,6,2018-07-01,8175.0,8468.607011627126,7908.071680284314,9029.142342969937,True,1121.0706626856227,1121.0706626856227
prophet,38,1,2018-02-01,5960.0,6625.020344852111,6140.1397925700585,7088.4428412342795,False,948.303048664221,8153.894751466561
prophet,38,2,2018-03-01,6930.0,7015.164430486075,6537.349181822559,7499.711768038089,True,962.3625862155295,962.3625862155295
prophet,38,3,2018-04-01,6769.0,7101.434729836437,6631.431711703854,7559.784946023627,True,928.353234319773,928.353234319773
prophet,38,4,2018-05-01,7511.0,7985.424655287369,7547.8426638425935,8457.132756989546,False,909.2900931469521,2382.9966468506937
prophet,38,5,2018-06-01,8057.0,8294.003095132233,7838.148807031704,8761.279732288958,True,923.1309252572546,923.1309252572546
prophet,38,6,2018-07-01,8175.0,8467.180572186424,8013.609727032873,8906.65205543115,True,893.0423283982773,893.0423283982773
sarima,39,1,2018-03-01,6930.0,6867.903278870705,6309.178884719203,7426.627673022208,True,1117.4487883030051,1117.4487883030051
sarima,39,2,2018-04-01,6769.0,7028.11491664109,6456.416813070198,7599.813020211981,True,1143.3962071417827,1143.3962071417827
sarima,39,3,2018-05-01,7511.0,7893.909812375081,7321.153527903573,8466.66609684659,True,1145.512568943016,1145.512568943016
sarima,39,4,2018-06-01,8057.0,8212.573630281933,7639.665989817404,8785.481270746463,True,1145.8152809290586,1145.8152809290586
sarima,39,5,2018-07-01,8175.0,8444.867939790973,7871.933024974596,9017.80285460735,True,1145.869829632753,1145.869829632753
sarima,39,6,2018-08-01,8328.0,8014.074347517519,7441.132674308218,8587.01602072682,True,1145.8833464186018,1145.8833464186018
prophet,39,1,2018-03-01,6930.0,6970.532046340782,6529.707566100495,7443.037418487003,True,913.3298523865087,913.3298523865087
prophet,39,2,2018-04-01,6769.0,7057.731138403659,6584.0003281499285,7538.445345435018,True,954.4450172850893,954.4450172850893
prophet,39,3,2018-05-01,7511.0,7942.792776855346,7467.47775942459,8430.056383791054,True,962.5786243664643,962.5786243664643
prophet,39,4,2018-06-01,8057.0,8252.363857310702,7791.183303501649,8726.941712874039,True,935.7584093723899,935.7584093723899
prophet,39,5,2018-07-01,8175.0,8426.083940392384,7995.21654227498,8870.84967143036,True,875.6331291553797,875.6331291553797
prophet,39,6,2018-08-01,8328.0,8045.798691675085,7561.970499527083,8527.071035192417,True,965.1005356653341,965.1005356653341
sarima,40,1,2018-04-01,6769.0,7041.782914633216,6486.717527586016,7596.848301680416,True,1110.1307740943994,1110.1307740943994
sarima,40,2,2018-05-01,7511.0,7898.297935752206,7331.109269701332,8465.48660180308,True,1134.3773321017488,1134.3773321017488
sarima,40,3,2018-06-01,8057.0,8215.227303023048,7647.091532044655,8783.363074001441,True,1136.2715419567867,1136.2715419567867
sarima,40,4,2018-07-01,8175.0,8447.21446685682,7878.946726294161,9015.48220741948,True,1136.5354811253192,1136.5354811253192
sarima,40,5,2018-08-01,8328.0,8016.257025283932,7447.965099585719,8584.548950982145,True,1136.5838513964263,1136.5838513964263
sarima,40,6,2018-09-01,7325.0,7500.460509691907,6932.158340161635,8068.762679222178,True,1136.6043390605428,1136.6043390605428
prophet,40,1,2018-04-01,6769.0,7059.446109362861,6573.445424125732,7518.181518044756,True,944.7360939190239,944.7360939190239
prophet,40,2,2018-05-01,7511.0,7944.438373427374,7491.376599430938,8423.088964773517,True,931.7123653425788,931.7123653425788
prophet,40,3,2018-06-01,8057.0,8253.838979119379,7809.681363127053,8717.063544914836,True,907.3821817877824,907.3821817877824
prophet,40,4,2018-07-01,8175.0,8427.246451542525,7983.491581285387,8889.603083178492,True,906.111501893105,906.111501893105
prophet,40,5,2018-08-01,8328.0,8047.113481518871,7561.874510081286,8538.650819315824,True,976.7763092345385,976.7763092345385
prophet,40,6,2018-09-01,7325.0,7542.5169806219355,7068.0724952126775,8017.614724760915,True,949.5422295482376,949.5422295482376
sarima,41,1,2018-05-01,7511.0,7822.269117037323,7265.086113293615,8379.45212078103,True,1114.3660074874151,1114.3660074874151
sarima,41,2,2018-06-01,8057.0,8167.644190832107,7597.22929765594,8738.059084008273,True,1140.829786352333,1140.829786352333
sarima,41,3,2018-07-01,8175.0,8403.613886006526,7830.253793109198,8976.973978903854,True,1146.7201857946557,1146.7201857946557
sarima,41,4,2018-08-01,8328.0,7973.199069716886,7397.7929887226255,8548.605150711146,True,1150.8121619885205,1150.8121619885205
sarima,41,5,2018-09-01,7325.0,7457.540453929991,6880.2099919801585,8034.870915879823,True,1154.6609238996643,1154.6609238996643
sarima,41,6,2018-10-01,7202.0,7353.991712442923,6774.750796797095,7933.232628088751,True,1158.481831291656,1158.481831291656
prophet,41,1,2018-05-01,7511.0,7915.403595411631,7402.600078624415,8406.46893345814,True,1003.868854833725,1003.868854833725
prophet,41,2,2018-06-01,8057.0,8224.442352366828,7732.596031407219,8691.910942933157,True,959.3149115259375,959.3149115259375
prophet,41,3,2018-07-01,8175.0,8393.179543592405,7904.011267985031,8857.419436039323,True,953.4081680542922,953.4081680542922
prophet,41,4,2018-08-01,8328.0,8011.863567450118,7557.171189994198,8499.24308998139,True,942.0718999871915,942.0718999871915
prophet,41,5,2018-09-01,7325.0,7507.180757285212,7072.020700444947,7986.406006031736,True,914.3853055867894,914.3853055867894
prophet,41,6,2018-10-01,7202.0,7365.44071475704,6904.026013285366,7869.009195379812,True,964.9831820944455,964.9831820944455
sarima,42,1,2018-06-01,8057.0,8051.861597514882,7491.88296110622,8611.840233923545,True,1119.9572728173252,1119.9572728173252
sarima,42,2,2018-07-01,8175.0,8306.055198086986,7730.706056052783,8881.404340121187,True,1150.698284068404,1150.698284068404
sarima,42,3,2018-08-01,8328.0,7877.1467020126265,7294.9696709316495,8459.323733093603,True,1164.3540621619532,1164.3540621619532
sarima,42,4,2018-09-01,7325.0,7361.6228553580095,6773.33950936987,7949.906201346149,True,1176.566691976279,1176.566691976279
sarima,42,5,2018-10-01,7202.0,7258.509641169657,6664.241969676486,7852.777312662827,True,1188.5353429863408,1188.5353429863408
sarima,42,6,2018-11-01,7161.0,6748.2827977641955,6148.077182676927,7348.488412851464,True,1200.4112301745372,1200.4112301745372
prophet,42,1,2018-06-01,8057.0,8172.740066113414,7689.745857847253,8679.474333554173,True,989.7284757069201,989.7284757069201
prophet,42,2,2018-07-01,8175.0,8369.33251331712,7882.1572218416195,8859.890418120207,True,977.7331962785875,977.7331962785875
prophet,42,3,2018-08-01,8328.0,7960.381498268,7457.424915109659,8434.412132978403,True,976.9872178687438,976.9872178687438
prophet,42,4,2018-09-01,7325.0,7448.818211283389,6964.045151165306,7894.092103172887,True,930.0469520075803,930.0469520075803
prophet,42,5,2018-10-01,7202.0,7326.569621669194,6864.026420193328,7835.386797352574,True,971.3603771592461,971.3603771592461
prophet,42,6,2018-11-01,7161.0,6837.125950385446,6373.11442251424,7299.899691896477,True,926.785269382237,926.785269382237
sarima,43,1,2018-07-01,8175.0,8309.974627262443,7753.352248511359,8866.597006013528,True,1113.2447575021688,1113.2447575021688
sarima,43,2,2018-08-01,8328.0,7880.9616103623575,7309.20563464175,8452.717586082965,True,1143.5119514412145,1143.5119514412145
sarima,43,3,2018-09-01,7325.0,7365.404475507894,6787.118630916835,7943.690320098953,True,1156.5716891821176,1156.5716891821176
sarima,43,4,2018-10-01,7202.0,7262.319482619258,6678.231184784305,7846.407780454212,True,1168.1765956699073,1168.1765956699073
sarima,43,5,2018-11-01,7161.0,6751.994092826532,6162.208588300556,7341.779597352509,True,1179.5710090519533,1179.5710090519533
sarima,43,6,2018-12-01,7409.0,6977.902173143992,6382.536420590261,7573.267925697723,True,1190.731505107462,1190.731505107462
prophet,43,1,2018-07-01,8175.0,8349.589565069224,7911.756727110823,8843.255004368975,True,931.4982772581525,931.4982772581525
prophet,43,2,2018-08-01,8328.0,7946.3115488413005,7438.046533261839,8427.062376443471,True,989.0158431816326,989.0158431816326
prophet,43,3,2018-09-01,7325.0,7435.054481527375,6932.035507902856,7920.877287247902,True,988.8417793450462,988.8417793450462
prophet,43,4,2018-10-01,7202.0,7306.582853757365,6849.611366286305,7791.304952292584,True,941.6935860062786,941.6935860062786
prophet,43,5,2018-11-01,7161.0,6820.306400372961,6368.651539047458,7272.092560860808,True,903.4410218133498,903.4410218133498
prophet,43,6,2018-12-01,7409.0,7067.269146827634,6610.8484504889375,7573.497062788411,True,962.6486122994738,962.6486122994738
sarima,44,1,2018-08-01,8328.0,7825.446638784238,7270.2599781183235,8380.633299450152,True,1110.3733213318283,1110.3733213318283
sarima,44,2,2018-09-01,7325.0,7315.109097221747,6744.505036980983,7885.713157462511,True,1141.2081204815277,1141.2081204815277
sarima,44,3,2018-10-01,7202.0,7212.621731369192,6632.744433620181,7792.499029118204,True,1159.7545954980233,1159.7545954980233
sarima,44,4,2018-11-01,7161.0,6703.764175248152,6115.086045780802,7292.442304715502,True,1177.3562589347002,1177.3562589347002
sarima,44,5,2018-12-01,7409.0,6930.512243150964,6333.272115091674,7527.752371210255,True,1194.4802561185807,1194.4802561185807
sarima,44,6,2019-01-01,7117.0,6918.098516886737,6313.595000121033,7522.602033652442,True,1209.0070335314085,1209.0070335314085
prophet,44,1,2018-08-01,8328.0,7921.4104595244735,7451.070331334022,8383.966169216752,True,932.8958378827301,932.8958378827301
prophet,44,2,2018-09-01,7325.0,7411.731680008606,6954.245744374151,7903.589615086384,True,949.3438707122323,949.3438707122323
prophet,44,3,2018-10-01,7202.0,7268.99014001812,6825.898589182519,7708.370265673848,True,882.4716764913292,882.4716764913292
prophet,44,4,2018-11-01,7161.0,6793.231014155298,6337.05158593494,7258.036892515017,True,920.9853065800771,920.9853065800771
prophet,44,5,2018-12-01,7409.0,7030.956008018042,6587.780028371439,7469.850062780436,True,882.0700344089973,882.0700344089973
prophet,44,6,2019-01-01,7117.0,6987.7158918139885,6515.475651835991,7440.657667858024,True,925.1820160220332,925.1820160220332
sarima,45,1,2018-09-01,7325.0,7543.910934669602,6990.523710620752,8097.298158718452,True,1106.7744480976999,1106.7744480976999
sarima,45,2,2018-10-01,7202.0,7389.122713436028,6823.132404172355,7955.113022699701,True,1131.9806185273465,1131.9806185273465
sarima,45,3,2018-11-01,7161.0,6865.764283286321,6298.719083054363,7432.809483518279,True,1134.090400463916,1134.090400463916
sarima,45,4,2018-12-01,7409.0,7089.226446821758,6521.91441261703,7656.538481026486,True,1134.6240684094555,1134.6240684094555
sarima,45,5,2019-01-01,7117.0,7080.412559364296,6514.073676061611,7646.75144266698,True,1132.6777666053695,1132.6777666053695
sarima,45,6,2019-02-01,6307.0,6584.059866238062,6017.714051200314,7150.405681275809,True,1132.6916300754947,1132.6916300754947
prophet,45,1,2018-09-01,7325.0,7452.854898507665,6968.342034806505,7902.705693366098,True,934.3636585595932,934.3636585595932
prophet,45,2,2018-10-01,7202.0,7323.176150469761,6870.473612489376,7801.790553231762,True,931.3169407423857,931.3169407423857
prophet,45,3,2018-11-01,7161.0,6839.798706105882,6373.174372729828,7281.295491776769,True,908.1211190469412,908.1211190469412
prophet,45,4,2018-12-01,7409.0,7086.931974757839,6598.0326671764615,7563.116828303524,True,965.0841611270625,965.0841611270625
prophet,45,5,2019-01-01,7117.0,7038.981840256897,6557.875425673439,7517.097423597284,True,959.2219979238453,959.2219979238453
prophet,45,6,2019-02-01,6307.0,6521.547297763416,6065.705771227222,6992.893125260619,True,927.1873540333972,927.1873540333972
sarima,46,1,2018-10-01,7202.0,7301.025842309049,6745.7139282366015,7856.337756381497,True,1110.623828144895,1110.623828144895
sarima,46,2,2018-11-01,7161.0,6799.367624654067,6231.440931288964,7367.2943180191705,True,1135.8533867302067,1135.8533867302067
sarima,46,3,2018-12-01,7409.0,7025.332557153702,6453.521536707091,7597.143577600312,True,1143.6220408932204,1143.6220408932204
sarima,46,4,2019-01-01,7117.0,7012.816302087727,6439.298220056439,7586.334384119015,True,1147.036164062576,1147.036164062576
sarima,46,5,2019-02-01,6307.0,6516.535946590055,5939.89877426201,7093.173118918099,True,1153.274344656089,1153.274344656089
sarima,46,6,2019-03-01,7067.0,6992.920167968334,6413.191683522054,7572.648652414614,True,1159.4569688925603,1159.4569688925603
prophet,46,1,2018-10-01,7202.0,7329.036326104995,6876.5258571031,7791.463981145359,True,914.938124042259,914.938124042259
prophet,46,2,2018-11-01,7161.0,6837.436831350038,6367.74217828792,7282.518044181502,True,914.7758658935818,914.7758658935818
prophet,46,3,2018-12-01,7409.0,7090.623913795762,6631.704563939414,7535.114015056591,True,903.409451117177,903.409451117177
prophet,46,4,2019-01-01,7117.0,7036.7742938482625,6591.31924743437,7453.451449899952,True,862.1322024655828,862.1322024655828
prophet,46,5,2019-02-01,6307.0,6523.287364963164,6049.341393773514,6994.5315220391585,True,945.1901282656445,945.1901282656445
prophet,46,6,2019-03-01,7067.0,6970.889352537169,6520.025941615085,7429.6265915588265,True,909.6006499437417,909.6006499437417
sarima,47,1,2018-11-01,7161.0,6822.2312957475115,6273.605713114982,7370.856878380041,True,1097.2511652650592,1097.2511652650592
sarima,47,2,2018-12-01,7409.0,7071.813020421609,6511.6474849194865,7631.978555923731,True,1120.3310710042442,1120.3310710042442
sarima,47,3,2019-01-01,7117.0,7065.953701850161,6506.072722718215,7625.834680982108,True,1119.7619582638927,1119.7619582638927
sarima,47,4,2019-02-01,6307.0,6570.299951603183,6010.298477448516,7130.301425757851,True,1120.002948309335,1120.002948309335
sarima,47,5,2019-03-01,7067.0,7047.292676822547,6487.268470394156,7607.316883250938,True,1120.0484128567823,1120.0484128567823
sarima,47,6,2019-04-01,7108.0,7090.362887120403,6530.333455533844,7650.392318706961,True,1120.058863173117,1120.058863173117
prophet,47,1,2018-11-01,7161.0,6824.402626767307,6380.848992499189,7297.624908886671,True,916.7759163874816,916.7759163874816
prophet,47,2,2018-12-01,7409.0,7067.334482875054,6610.275423061567,7540.2568488724255,True,929.9814258108581,929.9814258108581
prophet,47,3,2019-01-01,7117.0,7023.563748201137,6589.645756129083,7458.285037403461,True,868.6392812743779,868.6392812743779
prophet,47,4,2019-02-01,6307.0,6503.6510551438905,6047.553064056074,6960.780553410279,True,913.2274893542053,913.2274893542053
prophet,47,5,2019-03-01,7067.0,6932.316724747732,6473.431385986078,7377.151911116101,True,903.7205251300229,903.7205251300229
prophet,47,6,2019-04-01,7108.0,7011.311072233381,6549.640217722169,7490.509519197144,True,940.8693014749751,940.8693014749751
sarima,48,1,2018-12-01,7409.0,7109.441995404321,6556.182018979956,7662.701971828685,True,1106.5199528487283,1106.5199528487283
sarima,48,2,2019-01-01,7117.0,7059.682935489198,6496.618064148607,7622.747806829789,True,1126.1297426811816,1126.1297426811816
sarima,48,3,2019-02-01,6307.0,6558.311523784673,5992.838411683293,7123.784635886053,True,1130.9462242027603,1130.9462242027603
sarima,48,4,2019-03-01,7067.0,7034.077071419441,6466.924963184491,7601.229179654391,True,1134.3042164699,1134.3042164699
sarima,48,5,2019-04-01,7108.0,7077.37354342025,6508.637297070521,7646.109789769979,True,1137.4724926994586,1137.4724926994586
sarima,48,6,2019-05-01,7776.0,7914.395633456292,7344.09183903263,8484.699427879954,True,1140.6075888473242,1140.6075888473242
prophet,48,1,2018-12-01,7409.0,7100.850782834216,6631.061877463001,7572.457211245307,True,941.3953337823059,941.3953337823059
prophet,48,2,2019-01-01,7117.0,7057.220883579951,6602.191954607403,7530.6198543245655,True,928.4278997171623,928.4278997171623
prophet,48,3,2019-02-01,6307.0,6539.743920650569,6109.313595972773,7026.824646072349,True,917.5110500995761,917.5110500995761
prophet,48,4,2019-03-01,7067.0,6971.595800996729,6530.640406775162,7447.782916003887,True,917.1425092287254,917.1425092287254
prophet,48,5,2019-04-01,7108.0,7051.02398967219,6543.447390388671,7537.318885400352,True,993.871495011681,993.871495011681
prophet,48,6,2019-05-01,7776.0,7951.739218359421,7493.831347082259,8409.42081603013,True,915.589468947871,915.589468947871
sarima,49,1,2019-01-01,7117.0,7145.040593027168,6596.909690489144,7693.171495565192,True,1096.2618050760484,1096.2618050760484
sarima,49,2,2019-02-01,6307.0,6602.228534417343,6042.262477805804,7162.194591028882,True,1119.932113223078,1119.932113223078
sarima,49,3,2019-03-01,7067.0,7070.421508569302,6509.560436201611,7631.282580936993,True,1121.7221447353822,1121.7221447353822
sarima,49,4,2019-04-01,7108.0,7111.8785511833885,6550.8953045180315,7672.8617978487455,True,1121.966493330714,1121.966493330714
sarima,49,5,2019-05-01,7776.0,7948.612127518581,7387.607748929643,8509.616506107517,True,1122.008757177874,1122.008757177874
sarima,49,6,2019-06-01,8274.0,8289.27369221364,7728.265391307927,8850.281993119352,True,1122.016601811425,1122.016601811425
prophet,49,1,2019-01-01,7117.0,7086.416421288842,6609.061422219793,7598.913585766411,True,989.8521635466186,989.8521635466186
prophet,49,2,2019-02-01,6307.0,6568.325102955258,6086.719467491487,7017.653085736944,True,930.9336182454572,930.9336182454572
prophet,49,3,2019-03-01,7067.0,6988.939238078971,6484.290768223067,7471.891406249838,True,987.6006380267709,987.6006380267709
prophet,49,4,2019-04-01,7108.0,7079.741794167888,6627.888106362419,7520.6807734926715,True,892.7926671302521,892.7926671302521
prophet,49,5,2019-05-01,7776.0,7993.070557878216,7518.655605178686,8439.451004884195,True,920.7953997055092,920.7953997055092
prophet,49,6,2019-06-01,8274.0,8327.732493470203,7856.600625873129,8799.324927235628,True,942.7243013624993,942.7243013624993
sarima,50,1,2019-02-01,6307.0,6595.8046101412365,6051.270332601528,7140.338887680945,True,1089.068555079417,1089.068555079417
sarima,50,2,2019-03-01,7067.0,7068.237982868816,6511.8828923344,7624.593073403233,True,1112.7101810688328,1112.7101810688328
sarima,50,3,2019-04-01,7108.0,7110.417975140986,6553.158991106174,7667.6769591757975,True,1114.5179680696237,1114.5179680696237
sarima,50,4,2019-05-01,7776.0,7947.32269795445,7389.939646170747,8504.705749738152,True,1114.7661035674046,1114.7661035674046
sarima,50,5,2019-06-01,8274.0,8288.069547913712,7730.6651010421065,8845.473994785318,True,1114.8088937432112,1114.8088937432112
sarima,50,6,2019-07-01,8919.0,8507.64211650247,7950.233537561601,9065.050695443339,True,1114.8171578817373,1114.8171578817373
prophet,50,1,2019-02-01,6307.0,6573.084555545357,6112.895348334607,7067.178293926296,True,954.282945591689,954.282945591689
prophet,50,2,2019-03-01,7067.0,6989.978783474273,6515.082098633601,7447.849627042355,True,932.7675284087536,932.7675284087536
prophet,50,3,2019-04-01,7108.0,7085.032033059273,6638.284579178622,7591.228422161904,True,952.9438429832817,952.9438429832817
prophet,50,4,2019-05-01,7776.0,8004.975763644756,7511.552164818682,8497.056891727982,True,985.5047269092993,985.5047269092993
prophet,50,5,2019-06-01,8274.0,8339.556639123914,7848.456289494563,8851.554999336928,True,1003.0987098423648,1003.0987098423648
prophet,50,6,2019-07-01,8919.0,8359.975126091831,7896.287329794994,8820.182542871076,False,923.8952130760827,4876.593498233031
sarima,51,1,2019-03-01,7067.0,7007.579301324514,6463.403131964184,7551.755470684844,True,1088.3523387206606,1088.3523387206606
sarima,51,2,2019-04-01,7108.0,7091.043367716838,6535.333382979825,7646.75335245385,True,1111.4199694740255,1111.4199694740255
sarima,51,3,2019-05-01,7776.0,7935.436648160663,7378.863736985237,8492.00955933609,True,1113.1458223508525,1113.1458223508525
sarima,51,4,2019-06-01,8274.0,8277.502234465348,7720.812448095837,8834.192020834858,True,1113.3795727390216,1113.3795727390216
sarima,51,5,2019-07-01,8919.0,8497.317781372372,7940.607874079224,9054.027688665521,True,1113.4198145862974,1113.4198145862974
sarima,51,6,2019-08-01,8180.0,8130.265335165933,7573.550805887064,8686.979864444802,True,1113.4290585577382,1113.4290585577382
prophet,51,1,2019-03-01,7067.0,6974.668985336986,6515.745751392274,7422.9468553904,True,907.2011039981262,907.2011039981262
prophet,51,2,2019-04-01,7108.0,7065.106833654714,6595.001471607621,7543.092541979899,True,948.0910703722775,948.0910703722775
prophet,51,3,2019-05-01,7776.0,7981.853043005042,7544.66914208591,8476.66876800171,True,931.9996259157997,931.9996259157997
prophet,51,4,2019-06-01,8274.0,8315.248389228927,7822.388747691232,8747.869585532308,True,925.4808378410753,925.4808378410753
prophet,51,5,2019-07-01,8919.0,8337.192051335089,7921.0023858459845,8786.768125134055,False,865.7657392880701,6155.040733925887
prophet,51,6,2019-08-01,8180.0,8157.806031522869,7697.97203139283,8628.08022102109,True,930.1081896282594,930.1081896282594
sarima,52,1,2019-04-01,7108.0,7103.2494403718465,6561.950141010295,7644.548739733398,True,1082.5985987231034,1082.5985987231034
sarima,52,2,2019-05-01,7776.0,7939.186262423408,7386.750269907979,8491.622254938839,True,1104.8719850308598,1104.8719850308598
sarima,52,3,2019-06-01,8274.0,8279.727076428378,7726.478336869695,8832.975815987062,True,1106.4974791173663,1106.4974791173663
sarima,52,4,2019-07-01,8919.0,8499.280026003118,7945.922757943558,9052.637294062679,True,1106.7145361191206,1106.7145361191206
sarima,52,5,2019-08-01,8180.0,8132.148487042847,7578.772063680031,8685.524910405662,True,1106.7528467256307,1106.7528467256307
sarima,52,6,2019-09-01,7664.0,7563.041275360454,7009.65736452682,8116.425186194088,True,1106.7678216672684,1106.7678216672684
prophet,52,1,2019-04-01,7108.0,7060.666242309487,6597.674504988933,7547.108601792655,True,949.4340968037213,949.4340968037213
prophet,52,2,2019-05-01,7776.0,7976.5863207361,7498.408207673576,8456.06970871359,True,957.6615010400146,957.6615010400146
prophet,52,3,2019-06-01,8274.0,8309.740053702642,7844.352917198736,8744.699808245648,True,900.3468910469128,900.3468910469128
prophet,52,4,2019-07-01,8919.0,8333.256672210086,7891.119148362076,8787.172721553905,False,896.053573191829,6169.144711035632
prophet,52,5,2019-08-01,8180.0,8153.688141069739,7646.094200244051,8623.299328037383,True,977.2051277933324,977.2051277933324
prophet,52,6,2019-09-01,7664.0,7582.394938053046,7108.006723458079,8066.201171272787,True,958.1944478147079,958.1944478147079
sarima,53,1,2019-05-01,7776.0,7940.0728405710815,7401.6692081160145,8478.476473026149,True,1076.807264910134,1076.807264910134
sarima,53,2,2019-06-01,8274.0,8279.92721968533,7730.537263160468,8829.317176210194,True,1098.779913049726,1098.779913049726
sarima,53,3,2019-07-01,8919.0,8499.374743069404,7949.193063859775,9049.556422279033,True,1100.3633584192576,1100.3633584192576
sarima,53,4,2019-08-01,8180.0,8132.206821908108,7581.919533079635,8682.494110736583,True,1100.5745776569483,1100.5745776569483
sarima,53,5,2019-09-01,7664.0,7563.043319837378,7012.734407402004,8113.352232272751,True,1100.6178248707474,1100.6178248707474
sarima,53,6,2019-10-01,7254.0,7457.260037861037,6906.930080957077,8007.589994764997,True,1100.65991380792,1100.65991380792
prophet,53,1,2019-05-01,7776.0,7973.384710044087,7543.490283780471,8420.330910282335,True,876.8406265018639,876.8406265018639
prophet,53,2,2019-06-01,8274.0,8307.410753278178,7848.683750451412,8753.381078531147,True,904.6973280797347,904.6973280797347
prophet,53,3,2019-07-01,8919.0,8364.874248797949,7874.241706880002,8819.721860258616,False,945.480153378614,4916.605743033962
prophet,53,4,2019-08-01,8180.0,8154.18229948034,7700.566717026046,8610.239020235422,True,909.672303209376,909.672303209376
prophet,53,5,2019-09-01,7664.0,7583.362578821589,7101.8596652910055,7996.424038991166,True,894.5643737001601,894.5643737001601
prophet,53,6,2019-10-01,7254.0,7374.192103798262,6908.801602284263,7822.117582493599,True,913.315980209336,913.315980209336
sarima,54,1,2019-06-01,8274.0,8246.39624924767,7710.095829619215,8782.696668876124,True,1072.6008392569092,1072.6008392569092
sarima,54,2,2019-07-01,8919.0,8488.998953541104,7941.904074873426,9036.093832208782,True,1094.1897573353563,1094.1897573353563
sarima,54,3,2019-08-01,8180.0,8125.940484547171,7578.079182290857,8673.801786803486,True,1095.722604512629,1095.722604512629
sarima,54,4,2019-09-01,7664.0,7557.441947340199,7009.476463825444,8105.407430854953,True,1095.9309670295097,1095.9309670295097
sarima,54,5,2019-10-01,7254.0,7451.8215188765635,6903.822168658145,7999.820869094982,True,1095.9987004368377,1095.9987004368377
sarima,54,6,2019-11-01,6785.0,6990.464021020702,6442.392151370545,7538.535890670858,True,1096.1437393003125,1096.1437393003125
prophet,54,1,2019-06-01,8274.0,8300.910173535536,7824.890987275139,8760.280285314635,True,935.3892980394958,935.3892980394958
prophet,54,2,2019-07-01,8919.0,8366.922179127281,7861.426511716178,8869.99145668091,False,1008.5649449647317,2968.9066777283588
prophet,54,3,2019-08-01,8180.0,8144.069724768821,7692.596871738082,8589.280804987067,True,896.6839332489853,896.6839332489853
prophet,54,4,2019-09-01,7664.0,7572.317117518028,7091.348766039724,8021.085099466916,True,929.7363334271922,929.7363334271922
prophet,54,5,2019-10-01,7254.0,7368.872241455919,6885.311405127135,7829.559778715563,True,944.248373588428,944.248373588428
prophet,54,6,2019-11-01,6785.0,7026.210836430049,6551.860320531974,7519.125282836736,True,967.2649623047619,967.2649623047619
sarima,55,1,2019-07-01,8919.0,8488.567754723745,7953.751268255859,9023.38424119163,True,1069.6329729357712,1069.6329729357712
sarima,55,2,2019-08-01,8180.0,8120.526084108463,7574.682375024469,8666.369793192456,True,1091.6874181679868,1091.6874181679868
sarima,55,3,2019-09-01,7664.0,7551.187770416646,7004.1401505273425,8098.23539030595,True,1094.0952397786077,1094.0952397786077
sarima,55,4,2019-10-01,7254.0,7445.535856141993,6897.997670138745,7993.07404214524,True,1095.0763720064951,1095.0763720064951
sarima,55,5,2019-11-01,6785.0,6984.477178016397,6436.504075983535,7532.45028004926,True,1095.9462040657254,1095.9462040657254
sarima,55,6,2019-12-01,6987.0,7213.22467369439,6664.813978205873,7761.635369182906,True,1096.821390977033,1096.821390977033
prophet,55,1,2019-07-01,8919.0,8362.167273235285,7887.217260036232,8810.68909170914,False,923.4718316729086,5255.908163307289
prophet,55,2,2019-08-01,8180.0,8137.549577929649,7674.139287946705,8595.822976914693,True,921.683688967988,921.683688967988
prophet,55,3,2019-09-01,7664.0,7566.27980428065,7094.066606495128,8057.256638246213,True,963.1900317510845,963.1900317510845
prophet,55,4,2019-10-01,7254.0,7364.3263243402125,6926.8793517739205,7817.730871984247,True,890.8515202103263,890.8515202103263
prophet,55,5,2019-11-01,6785.0,7020.260044131356,6581.264685206412,7522.915392451769,True,941.6507072453569,941.6507072453569
prophet,55,6,2019-12-01,6987.0,7217.771560798,6776.930425741825,7646.154259909174,True,869.2238341673483,869.2238341673483
sarima,56,1,2019-08-01,8180.0,8213.884739073595,7676.721319073979,8751.04815907321,True,1074.3268399992312,1074.3268399992312
sarima,56,2,2019-09-01,7664.0,7584.546402905491,7036.657447781998,8132.435358028984,True,1095.7779102469867,1095.7779102469867
sarima,56,3,2019-10-01,7254.0,7468.125100074552,6919.4746137003085,8016.775586448796,True,1097.3009727484878,1097.3009727484878
sarima,56,4,2019-11-01,6785.0,7004.931559207077,6456.118718412993,7553.744400001161,True,1097.625681588168,1097.625681588168
sarima,56,5,2019-12-01,6987.0,7233.362978851178,6684.42679741246,7782.2991602898965,True,1097.872362877437,1097.872362877437
sarima,56,6,2020-01-01,7194.0,7192.157728398315,6644.0011068618405,7740.31434993479,True,1096.3132430729493,1096.3132430729493
prophet,56,1,2019-08-01,8180.0,8173.307767993074,7687.811235136874,8633.380101834242,True,945.5688666973683,945.5688666973683
prophet,56,2,2019-09-01,7664.0,7603.265374971613,7129.600075540796,8039.285304065591,True,909.6852285247951,909.6852285247951
prophet,56,3,2019-10-01,7254.0,7391.753070527531,6942.814486781525,7817.215310025885,True,874.4008232443593,874.4008232443593
prophet,56,4,2019-11-01,6785.0,7069.764487536481,6635.737196778104,7547.424080773939,True,911.6868839958352,911.6868839958352
prophet,56,5,2019-12-01,6987.0,7264.786540426131,6816.5141557201705,7719.176560043329,True,902.6624043231586,902.6624043231586
prophet,56,6,2020-01-01,7194.0,7231.8598539479035,6737.251200403219,7688.858750567488,True,951.607550164269,951.607550164269
sarima,57,1,2019-09-01,7664.0,7577.546237395381,7042.97715060177,8112.1153241889915,True,1069.138173587222,1069.138173587222
sarima,57,2,2019-10-01,7254.0,7465.988111815362,6921.011399936507,8010.964823694217,True,1089.95342375771,1089.95342375771
sarima,57,3,2019-11-01,6785.0,7003.670579639592,6457.924780611322,7549.416378667862,True,1091.4915980565402,1091.4915980565402
sarima,57,4,2019-12-01,6987.0,7232.399069071378,6686.46590975205,7778.332228390706,True,1091.8663186386566,1091.8663186386566
sarima,57,5,2020-01-01,7194.0,7190.888343549864,6645.766907671407,7736.00977942832,True,1090.2428717569128,1090.2428717569128
sarima,57,6,2020-02-01,6848.0,6663.233493200161,6118.107771893422,7208.359214506901,True,1090.2514426134785,1090.2514426134785
prophet,57,1,2019-09-01,7664.0,7597.557664008266,7137.691350725108,8076.369089545263,True,938.6777388201544,938.6777388201544
prophet,57,2,2019-10-01,7254.0,7419.110612165304,6931.429574952515,7891.496460098752,True,960.0668851462369,960.0668851462369
prophet,57,3,2019-11-01,6785.0,7060.2579539253375,6550.947122952457,7511.718354631165,True,960.7712316787083,960.7712316787083
prophet,57,4,2019-12-01,6987.0,7275.513618366496,6797.678859607953,7796.292385812529,True,998.6135262045755,998.6135262045755
prophet,57,5,2020-01-01,7194.0,7224.549634117397,6757.3892443013065,7679.395010228979,True,922.0057659276727,922.0057659276727
prophet,57,6,2020-02-01,6848.0,6650.6874847070685,6155.996149857076,7146.26381626997,True,990.2676664128949,990.2676664128949
sarima,58,1,2019-10-01,7254.0,7483.223217032656,6950.972092877859,8015.474341187453,True,1064.5022483095945,1064.5022483095945
sarima,58,2,2019-11-01,6785.0,7008.752929675129,6466.1173895143975,7551.388469835861,True,1085.2710803214632,1085.2710803214632
sarima,58,3,2019-12-01,6987.0,7235.640701307009,6692.219116328192,7779.062286285826,True,1086.843169957634,1086.843169957634
sarima,58,4,2020-01-01,7194.0,7193.6623227463815,6651.012532525703,7736.31211296706,True,1085.2995804413567,1085.2995804413567
sarima,58,5,2020-02-01,6848.0,6665.910397677446,6123.243627047943,7208.577168306949,True,1085.3335412590059,1085.3335412590059
sarima,58,6,2020-03-01,7324.0,7170.723484938501,6628.052951276743,7713.394018600259,True,1085.3410673235157,1085.3410673235157
prophet,58,1,2019-10-01,7254.0,7416.992567448859,6937.052759068098,7886.306130096897,True,949.2533710287989,949.2533710287989
prophet,58,2,2019-11-01,6785.0,7070.5167975789,6606.484635491291,7510.565593834042,True,904.0809583427517,904.0809583427517
prophet,58,3,2019-12-01,6987.0,7280.905861325479,6821.619027290864,7744.198503925165,True,922.5794766343006,922.5794766343006
prophet,58,4,2020-01-01,7194.0,7236.119793781706,6763.794175590101,7687.2390828918715,True,923.4449073017704,923.4449073017704
prophet,58,5,2020-02-01,6848.0,6658.6739749817225,6177.424206754886,7097.22426673198,True,919.800059977094,919.800059977094
prophet,58,6,2020-03-01,7324.0,7223.0049891883045,6735.659650298329,7720.487339677196,True,984.827689378867,984.827689378867
sarima,59,1,2019-11-01,6785.0,6963.714099244572,6432.441473976096,7494.986724513048,True,1062.5452505369522,1062.5452505369522
sarima,59,2,2019-12-01,6987.0,7222.3491927182995,6681.040213170799,7763.6581722658,True,1082.6179590950014,1082.6179590950014
sarima,59,3,2020-01-01,7194.0,7185.235684912826,6644.170852074894,7726.300517750758,True,1082.129665675864,1082.129665675864
sarima,59,4,2020-02-01,6848.0,6658.41850996712,6117.264780980129,7199.5722389541115,True,1082.3074579739823,1082.3074579739823
sarima,59,5,2020-03-01,7324.0,7163.384377700414,6622.215414835805,7704.553340565023,True,1082.3379257292181,1082.3379257292181
sarima,59,6,2020-04-01,5978.0,7206.186503617849,6665.01485122746,7747.3581560082375,False,1082.3433047807775,28562.937353879177
prophet,59,1,2019-11-01,6785.0,7064.541933795256,6579.8959309771335,7504.281728055661,True,924.3857970785275,924.3857970785275
prophet,59,2,2019-12-01,6987.0,7268.778065776972,6772.433918301392,7724.610525366122,True,952.17660706473,952.17660706473
prophet,59,3,2020-01-01,7194.0,7228.865608616704,6735.9374669040935,7688.19067892503,True,952.2532120209362,952.2532120209362
prophet,59,4,2020-02-01,6848.0,6645.184913618198,6194.858954425231,7121.246120726507,True,926.387166301276,926.387166301276
prophet,59,5,2020-03-01,7324.0,7213.836553200259,6738.039227021082,7706.311065603973,True,968.2718385828903,968.2718385828903
prophet,59,6,2020-04-01,5978.0,7211.267781533822,6712.3621663008735,7684.651862640431,False,972.2896963395578,30346.776348374497
sarima,60,1,2019-12-01,6987.0,7186.3791599777815,6656.60953003776,7716.148789917803,True,1059.5392598800427,1059.5392598800427
sarima,60,2,2020-01-01,7194.0,7174.2806837930075,6635.022272882416,7713.539094703599,True,1078.5168218211838,1078.5168218211838
sarima,60,3,2020-02-01,6848.0,6651.910352281174,6111.919824937205,7191.900879625143,True,1079.981054687938,1079.981054687938
sarima,60,4,2020-03-01,7324.0,7157.750838521534,6617.664409856408,7697.83726718666,True,1080.1728573302516,1080.1728573302516
sarima,60,5,2020-04-01,5978.0,7200.632225460603,6660.529712142364,7740.734738778842,False,1080.2050266364786,28381.393512331026
sarima,60,6,2020-05-01,7062.0,8021.355792138614,7481.250383496433,8561.461200780794,False,1080.210817284361,17850.22615714167
prophet,60,1,2019-12-01,6987.0,7268.33732389066,6784.70621176449,7758.254204487275,True,973.5479927227852,973.5479927227852
prophet,60,2,2020-01-01,7194.0,7222.779014415022,6699.9626197080925,7726.863094730209,True,1026.9004750221166,1026.9004750221166
prophet,60,3,2020-02-01,6848.0,6638.4971589117085,6148.098451908951,7132.835159129672,True,984.7367072207217,984.7367072207217
prophet,60,4,2020-03-01,7324.0,7203.9315852554355,6741.810050390664,7686.131044022893,True,944.3209936322282,944.3209936322282
prophet,60,5,2020-04-01,5978.0,7203.334523307509,6742.5918310026145,7689.253376979379,False,946.6615459767645,31530.334786081345
prophet,60,6,2020-05-01,7062.0,8002.389151146606,7538.858294307011,8477.523884497223,False,938.6655901902113,20012.99736247067
sarima,61,1,2020-01-01,7194.0,7132.894799660837,6605.04361410616,7660.745985215513,True,1055.7023711093534,1055.7023711093534
sarima,61,2,2020-02-01,6848.0,6639.279483036956,6100.436237596823,7178.1227284770885,True,1077.6864908802654,1077.6864908802654
sarima,61,3,2020-03-01,7324.0,7150.464408103846,6610.833120491312,7690.09569571638,True,1079.2625752250678,1079.2625752250678
sarima,61,4,2020-04-01,5978.0,7194.26446342919,6654.529098216668,7733.999828641712,False,1079.4707304250442,28140.634659091764
sarima,61,5,2020-05-01,7062.0,8015.191460797583,7475.438293095242,8554.944628499923,False,1079.5063354046806,17617.038059214377
sarima,61,6,2020-06-01,6948.0,8371.599109723877,7831.8426052954055,8911.355614152348,False,1079.5130088569422,36433.21722067316
prophet,61,1,2020-01-01,7194.0,7194.822739073666,6727.3662505201555,7670.742170959231,True,943.3759204390753,943.3759204390753
prophet,61,2,2020-02-01,6848.0,6607.423590871081,6146.914500521378,7049.811594257537,True,902.8970937361591,902.8970937361591
prophet,61,3,2020-03-01,7324.0,7161.88898622076,6689.872235233697,7633.247016424426,True,943.3747811907288,943.3747811907288
prophet,61,4,2020-04-01,5978.0,7165.318636475149,6692.950627648527,7613.110922806199,False,920.1602951576715,29518.18540109876
prophet,61,5,2020-05-01,7062.0,7968.244576737024,7522.566445463293,8457.045200826195,False,934.4787553629012,19357.136573894633
prophet,61,6,2020-06-01,6948.0,8311.174906711301,7852.747338423362,8760.58521089059,False,907.8378724672275,37097.7314094017
sarima,62,1,2020-02-01,6848.0,6651.728562350126,6126.829119989742,7176.628004710509,True,1049.798884720767,1049.798884720767
sarima,62,2,2020-03-01,7324.0,7154.301166667683,6618.479771275924,7690.122562059442,True,1071.6427907835186,1071.6427907835186
sarima,62,3,2020-04-01,5978.0,7196.472686944956,6659.862230026601,7733.083143863311,False,1073.2209138367107,28347.710114900736
sarima,62,4,2020-05-01,7062.0,8017.090515811692,7480.375446704733,8553.805584918651,False,1073.4301382139183,17808.448006403232
sarima,62,5,2020-06-01,6948.0,8373.52770277932,7836.794893116633,8910.260512442008,False,1073.465619325375,36625.26134399069
sarima,62,6,2020-07-01,7392.0,8635.337168802836,8098.601004003316,9172.073333602357,False,1073.4723295990407,29337.512489731685
prophet,62,1,2020-02-01,6848.0,6618.072530141582,6186.859973152544,7110.470085045558,True,923.6101118930146,923.6101118930146
prophet,62,2,2020-03-01,7324.0,7171.855070667154,6723.506434391605,7622.375282962125,True,898.8688485705206,898.8688485705206
prophet,62,3,2020-04-01,5978.0,7177.525407945613,6709.579181573684,7645.037024077215,False,935.4578425035315,30198.625105450887
prophet,62,4,2020-05-01,7062.0,7981.9627740920605,7492.330548589227,8462.6454906838,False,970.3149420945738,18183.536885663652
prophet,62,5,2020-06-01,6948.0,8326.459721526673,7831.814960395833,8811.983776298377,False,980.1688159025443,36332.76723173585
prophet,62,6,2020-07-01,7392.0,8676.770623573859,8214.149962142023,9102.427163585175,False,888.2772014431521,33774.275687124056
sarima,63,1,2020-03-01,7324.0,7194.949198898325,6671.048365682077,7718.850032114574,True,1047.8016664324969,1047.8016664324969
sarima,63,2,2020-04-01,5978.0,7208.900695772325,6674.083617193178,7743.717774351472,False,1069.6341571582943,28912.97884488541
sarima,63,3,2020-05-01,7062.0,8024.468674589124,7488.867802266029,8560.069546912218,False,1071.2017446461896,18145.91383528734
sarima,63,4,2020-06-01,6948.0,8379.909752222105,7844.204989642315,8915.614514801897,False,1071.4095251595818,36919.60911085218
sarima,63,5,2020-07-01,7392.0,8641.492444747977,8105.76954814809,9177.215341347865,False,1071.445793199775,29622.22771912336
sarima,63,6,2020-08-01,7678.0,8237.531658544312,7701.804385500054,8773.25893158857,False,1071.4545460885165,2023.6299660906843
prophet,63,1,2020-03-01,7324.0,7202.017789476554,6727.229492860703,7681.573934990968,True,954.3444421302647,954.3444421302647
prophet,63,2,2020-04-01,5978.0,7199.305729364467,6784.654432889041,7635.5362464517375,False,850.8818135626962,33117.05912912435
prophet,63,3,2020-05-01,7062.0,7997.176172371788,7559.299147603332,8441.559304871915,False,882.2601572685826,20774.226061401867
prophet,63,4,2020-06-01,6948.0,8337.176951871288,7897.587310886518,8791.425231534253,False,893.8379206477348,38877.330356108454
prophet,63,5,2020-07-01,7392.0,8693.835000762852,8256.53211504549,9127.011132914718,False,870.4790178692292,35451.7636196888
prophet,63,6,2020-08-01,7678.0,8181.846042982203,7700.3104719114945,8641.227170524502,False,940.9166986130076,1833.335575072786
sarima,64,1,2020-04-01,5978.0,7236.099551994022,6713.927386297027,7758.271717691016,False,1044.3443313939897,30481.43978327506
sarima,64,2,2020-05-01,7062.0,8032.809867895883,7499.462492348276,8566.157243443491,False,1066.694751095215,18565.19444502626
sarima,64,3,2020-06-01,6948.0,8384.709302795065,7850.553764565112,8918.864841025019,False,1068.3110764599069,37170.461659064385
sarima,64,4,2020-07-01,7392.0,8645.648326034183,8111.385424023569,9179.911228044797,False,1068.5258040212284,29843.942764963977
sarima,64,5,2020-08-01,7678.0,8241.552442214526,7707.270323228331,8775.834561200722,False,1068.5642379723904,2239.3771671056347
sarima,64,6,2020-09-01,7005.0,7677.287492723714,7142.998417288852,8211.576568158578,False,1068.5781508697264,6588.514842423793
prophet,64,1,2020-04-01,5978.0,7202.148441392727,6756.965487918316,7629.176968489932,False,872.2114805716155,32030.830997304267
prophet,64,2,2020-05-01,7062.0,8005.276691537185,7534.026449668824,8477.930690658857,False,943.904240990033,19824.962227743
prophet,64,3,2020-06-01,6948.0,8351.763264930289,7914.289311244011,8816.134980842295,False,901.8456695982841,39553.41811935871
prophet,64,4,2020-07-01,7392.0,8692.220684534412,8256.461053802657,9131.0272224522,False,874.5661686495423,35453.008320755835
prophet,64,5,2020-08-01,7678.0,8204.313194701304,7756.268979049588,8668.97576111507,False,912.7067820654829,4043.4659440489977
prophet,64,6,2020-09-01,7005.0,7620.086950304308,7141.13817034918,8062.038353627598,False,920.9001832784179,6366.426997245608
sarima,65,1,2020-05-01,7062.0,7796.7547767546475,7228.815687274619,8364.693866234677,False,1135.878178960057,7808.505669944835
sarima,65,2,2020-06-01,6948.0,8316.18807934564,7738.5412235642925,8893.834935126988,False,1155.2937115626955,32776.9426541344
sarima,65,3,2020-07-01,7392.0,8604.132700265249,8025.870942900841,9182.394457629656,False,1156.523514728815,26511.361230762468
sarima,65,4,2020-08-01,7678.0,8204.997577762928,7626.660248747834,8783.334906778022,True,1156.6746580301879,1156.6746580301879
sarima,65,5,2020-09-01,7005.0,7641.974456636147,7063.62258002969,8220.326333242603,False,1156.7037532129134,3501.606954400503
sarima,65,6,2020-10-01,7385.0,7505.740003328506,6927.37269674591,8084.107309911102,True,1156.734613165192,1156.734613165192
prophet,65,1,2020-05-01,7062.0,7988.005143842018,7497.087718919434,8483.937852042436,False,986.8501331230018,18390.358889900373
prophet,65,2,2020-06-01,6948.0,8312.288443506484,7856.303789582361,8798.180084893851,False,941.8762953114901,37274.02787860593
prophet,65,3,2020-07-01,7392.0,8654.92492083957,8165.276594963199,9152.84823098111,False,987.5716360179104,31918.635434545886
prophet,65,4,2020-08-01,7678.0,8123.634034506802,7633.46982705668,8601.4034523233,True,967.9336252666208,967.9336252666208
prophet,65,5,2020-09-01,7005.0,7524.278606533145,7048.162794628947,8001.330151401524,False,953.1673567725766,2679.6791419304673
prophet,65,6,2020-10-01,7385.0,7541.6098197774245,7056.985628543852,8027.102085453503,True,970.1164569096509,970.1164569096509
sarima,66,1,2020-06-01,6948.0,8092.35070232467,7512.107847516909,8672.593557132432,False,1160.4857096155229,23724.799610291877
sarima,66,2,2020-07-01,7392.0,8527.120295123408,7924.6536958544075,9129.586894392409,False,1204.9331985380013,22511.0810327143
sarima,66,3,2020-08-01,7678.0,8168.192720868401,7563.422376489877,8772.963065246924,True,1209.540688757047,1209.540688757047
sarima,66,4,2020-09-01,7005.0,7615.610572742389,7010.455122837634,8220.766022647143,False,1210.3108998095095,1428.5158133148698
sarima,66,5,2020-10-01,7385.0,7481.3839238150185,6876.10736076593,8086.660486864107,True,1210.553126098177,1210.553126098177
sarima,66,6,2020-11-01,6872.0,7016.969619003305,6411.558415911282,7622.380822095327,True,1210.8224061840447,1210.8224061840447
prophet,66,1,2020-06-01,6948.0,8278.045780852888,7794.516601924875,8748.842689964758,False,954.326088039883,34814.9901650349
prophet,66,2,2020-07-01,7392.0,8621.18041161045,8150.293811984201,9132.6677757643,False,982.3739637800982,31314.12644314814
prophet,66,3,2020-08-01,7678.0,8066.616081257624,7569.377807807744,8533.616517140517,True,964.2387093327734,964.2387093327734
prophet,66,4,2020-09-01,7005.0,7452.752309255063,6978.857747393632,7987.241185663359,True,1008.3834382697269,1008.3834382697269
prophet,66,5,2020-10-01,7385.0,7471.07636183596,6988.454353314763,7977.973709403713,True,989.5193560889502,989.5193560889502
prophet,66,6,2020-11-01,6872.0,6860.777682877356,6357.655272864872,7335.569278798215,True,977.9140059333431,977.9140059333431
sarima,67,1,2020-07-01,7392.0,7764.516186087389,7147.5157118950765,8381.5166602797,True,1234.0009483846234,1234.0009483846234
sarima,67,2,2020-08-01,7678.0,7415.621930930422,6752.154190780867,8079.089671079978,True,1326.935480299111,1326.935480299111
sarima,67,3,2020-09-01,7005.0,6857.430617684096,6162.375938924011,7552.485296444182,True,1390.1093575201703,1390.1093575201703
sarima,67,4,2020-10-01,7385.0,6722.695882504267,5998.456536962948,7446.935228045585,True,1448.478691082637,1448.478691082637
sarima,67,5,2020-11-01,6872.0,6263.444818782382,5511.245269406325,7015.644368158439,True,1504.3990987521138,1504.3990987521138
sarima,67,6,2020-12-01,6781.0,6490.227841071411,5711.131536428584,7269.324145714238,True,1558.1926092856538,1558.1926092856538
prophet,67,1,2020-07-01,7392.0,8556.278695920704,7992.290910883267,9097.342032307713,False,1105.0511214244461,25116.68755675514
prophet,67,2,2020-08-01,7678.0,8009.533470195267,7434.340148903928,8564.55992373157,True,1130.2197748276412,1130.2197748276412
prophet,67,3,2020-09-01,7005.0,7388.401210730423,6882.380052152371,7968.109741395688,True,1085.729689243317,1085.729689243317
prophet,67,4,2020-10-01,7385.0,7362.386942777127,6786.460038779873,7915.860340743505,True,1129.400301963632,1129.400301963632
prophet,67,5,2020-11-01,6872.0,6759.682732376835,6157.486263000205,7319.945249709474,True,1162.458986709269,1162.458986709269
prophet,67,6,2020-12-01,6781.0,7089.71065329489,6598.856771309619,7701.669188050062,True,1102.812416740443,1102.812416740443
sarima,68,1,2020-08-01,7678.0,7149.588288107081,6531.592600710072,7767.583975504091,True,1235.991374794019,1235.991374794019
sarima,68,2,2020-09-01,7005.0,6588.978674879656,5917.804791533401,7260.152558225911,True,1342.34776669251,1342.34776669251
sarima,68,3,2020-10-01,7385.0,6454.252870614471,5736.208584901017,7172.297156327925,False,1436.088571426908,9944.202318309899
sarima,68,4,2020-11-01,6872.0,5997.494193964179,5235.500327411504,6759.488060516855,False,1523.9877331053503,6024.465312431166
sarima,68,5,2020-12-01,6781.0,6226.581923802431,5423.094745424914,7030.0691021799485,True,1606.974356755034,1606.974356755034
sarima,68,6,2021-01-01,6917.0,6218.879255654819,5376.4236879171685,7061.334823392469,True,1684.9111354753004,1684.9111354753004
prophet,68,1,2020-08-01,7678.0,7927.477926789931,7318.335571867051,8512.284257167015,True,1193.9486852999644,1193.9486852999644
prophet,68,2,2020-09-01,7005.0,7301.664882004559,6733.004811023157,7875.684711345373,True,1142.6799003222159,1142.6799003222159
prophet,68,3,2020-10-01,7385.0,7252.442314951942,6664.920161829951,7858.3845886664785,True,1193.4644268365273,1193.4644268365273
prophet,68,4,2020-11-01,6872.0,6646.613760259396,6102.39047160395,7194.200911899221,True,1091.8104402952713,1091.8104402952713
prophet,68,5,2020-12-01,6781.0,6952.937309402721,6393.6857552874835,7524.509098836675,True,1130.8233435491911,1130.8233435491911
prophet,68,6,2021-01-01,6917.0,6812.746455049925,6198.677528008166,7385.46997892877,True,1186.792450920604,1186.792450920604
sarima,69,1,2020-09-01,7005.0,6962.6297507580475,6343.161329191932,7582.098172324163,True,1238.936843132231,1238.936843132231
sarima,69,2,2020-10-01,7385.0,6801.3616515613185,6131.385927032373,7471.337376090264,True,1339.9514490578913,1339.9514490578913
sarima,69,3,2020-11-01,6872.0,6335.595836450875,5638.128019856859,7033.063653044891,True,1394.9356331880317,1394.9356331880317
sarima,69,4,2020-12-01,6781.0,6561.378664667158,5840.237128648737,7282.520200685579,True,1442.283072036842,1442.283072036842
sarima,69,5,2021-01-01,6917.0,6552.992190636794,5810.03336310043,7295.9510181731575,True,1485.917655072728,1485.917655072728
sarima,69,6,2021-02-01,6217.0,6042.191101303889,5277.56222819633,6806.819974411448,True,1529.2577462151185,1529.2577462151185
prophet,69,1,2020-09-01,7005.0,7266.586535301105,6701.191825872017,7826.18335825546,True,1124.991532383443,1124.991532383443
prophet,69,2,2020-10-01,7385.0,7234.010450859745,6699.5090863117775,7804.303011373847,True,1104.7939250620693,1104.7939250620693
prophet,69,3,2020-11-01,6872.0,6599.103572973273,6076.7879050949905,7124.221777496002,True,1047.4338724010113,1047.4338724010113
prophet,69,4,2020-12-01,6781.0,6909.518818136468,6359.860896072041,7456.052913015098,True,1096.1920169430568,1096.1920169430568
prophet,69,5,2021-01-01,6917.0,6748.635694576715,6184.72294373138,7270.578192056954,True,1085.8552483255744,1085.8552483255744
prophet,69,6,2021-02-01,6217.0,6268.567751069003,5701.479658072191,6851.151333241221,True,1149.67167516903,1149.67167516903
sarima,70,1,2020-10-01,7385.0,6828.961723824241,6212.228046154833,7445.695401493649,True,1233.4673553388166,1233.4673553388166
sarima,70,2,2020-11-01,6872.0,6359.882760216565,5692.544826841368,7027.220693591761,True,1334.6758667503927,1334.6758667503927
sarima,70,3,2020-12-01,6781.0,6585.226312009469,5891.686900050349,7278.76572396859,True,1387.0788239182402,1387.0788239182402
sarima,70,4,2021-01-01,6917.0,6576.200929837515,5861.20890729095,7291.19295238408,True,1429.9840450931297,1429.9840450931297
sarima,70,5,2021-02-01,6217.0,6065.114779304038,5329.188751150357,6801.040807457719,True,1471.8520563073616,1471.8520563073616
sarima,70,6,2021-03-01,7569.0,6566.886515545374,5810.693859684253,7323.079171406495,False,1512.3853117222425,11349.21845546243
prophet,70,1,2020-10-01,7385.0,7222.015242814779,6640.861020781176,7764.63975044958,True,1123.7787296684037,1123.7787296684037
prophet,70,2,2020-11-01,6872.0,6574.709859551172,5994.873957721323,7110.124995628916,True,1115.251037907593,1115.251037907593
prophet,70,3,2020-12-01,6781.0,6883.357185971662,6315.880210586538,7474.7765479012305,True,1158.8963373146926,1158.8963373146926
prophet,70,4,2021-01-01,6917.0,6710.828350076286,6191.261844678486,7241.380413190242,True,1050.1185685117553,1050.1185685117553
prophet,70,5,2021-02-01,6217.0,6229.501595545961,5728.418475037324,6796.279897046004,True,1067.8614220086802,1067.8614220086802
prophet,70,6,2021-03-01,7569.0,6836.848787928176,6288.375927077061,7397.462984006975,False,1109.087056929914,7970.567696650926
sarima,71,1,2020-11-01,6872.0,6697.670155983677,6079.267783053161,7316.072528914194,True,1236.8047458610326,1236.8047458610326
sarima,71,2,2020-12-01,6781.0,6857.5634045355155,6186.241419467356,7528.885389603675,True,1342.6439701363197,1342.6439701363197
sarima,71,3,2021-01-01,6917.0,6828.787449034929,6140.473210520087,7517.10168754977,True,1376.6284770296825,1376.6284770296825
sarima,71,4,2021-02-01,6217.0,6312.37467193207,5612.8990396554345,7011.850304208705,True,1398.9512645532704,1398.9512645532704
sarima,71,5,2021-03-01,7569.0,6812.59759780752,6103.679957851966,7521.515237763075,False,1417.835279911109,3317.2257693881184
sarima,71,6,2021-04-01,6917.0,6729.404930493607,6011.598889193683,7447.210971793531,True,1435.6120825998478,1435.6120825998478
prophet,71,1,2020-11-01,6872.0,6566.952054203588,6023.815561551016,7090.221839009077,True,1066.4062774580607,1066.4062774580607
prophet,71,2,2020-12-01,6781.0,6875.699839561809,6335.824373119697,7434.768683480558,True,1098.944310360861,1098.944310360861
prophet,71,3,2021-01-01,6917.0,6701.614099147398,6184.482030999978,7239.908404231227,True,1055.4263732312493,1055.4263732312493
prophet,71,4,2021-02-01,6217.0,6220.339806538508,5697.717011744716,6770.746103567015,True,1073.029091822299,1073.029091822299
prophet,71,5,2021-03-01,7569.0,6838.599135128312,6227.5752305527085,7357.486135123749,False,1129.9109045710402,9590.465499621092
prophet,71,6,2021-04-01,6917.0,6653.668904129603,6123.687097145545,7197.64311051618,True,1073.9560133706354,1073.9560133706354
sarima,72,1,2020-12-01,6781.0,7134.192080648596,6518.65005978275,7749.734101514442,True,1231.0840417316922,1231.0840417316922
sarima,72,2,2021-01-01,6917.0,7140.3394135317885,6464.125757321521,7816.553069742056,True,1352.4273124205356,1352.4273124205356
sarima,72,3,2021-02-01,6217.0,6636.326305259701,5946.851392488361,7325.801218031042,True,1378.9498255426806,1378.9498255426806
sarima,72,4,2021-03-01,7569.0,7141.717822917463,6448.741277296365,7834.694368538561,True,1385.953091242196,1385.953091242196
sarima,72,5,2021-04-01,6917.0,7059.390651408517,6365.308043664259,7753.473259152776,True,1388.1652154885178,1388.1652154885178
sarima,72,6,2021-05-01,8253.0,7902.509643893949,7208.019761827301,8596.999525960597,True,1388.9797641332952,1388.9797641332952
prophet,72,1,2020-12-01,6781.0,6907.253664048055,6325.3669888113545,7485.059225321873,True,1159.6922365105183,1159.6922365105183
prophet,72,2,2021-01-01,6917.0,6753.790775864504,6179.5600042182705,7324.167896150287,True,1144.6078919320162,1144.6078919320162
prophet,72,3,2021-02-01,6217.0,6268.662522463991,5687.200214180752,6801.663609339708,True,1114.4633951589567,1114.4633951589567
prophet,72,4,2021-03-01,7569.0,6881.378270594323,6295.20442765689,7477.6393656170585,False,1182.434937960168,4836.860313277828
prophet,72,5,2021-04-01,6917.0,6706.221059573342,6098.892537250086,7227.449140642409,True,1128.5566033923224,1128.5566033923224
prophet,72,6,2021-05-01,8253.0,7561.731777023492,6971.057948389165,8118.998994711983,False,1147.9410463228178,6507.981257843499
sarima,73,1,2021-01-01,6917.0,6815.001497274751,6201.561047988656,7428.441946560846,True,1226.8808985721898,1226.8808985721898
sarima,73,2,2021-02-01,6217.0,6317.458058253196,5651.283733835858,6983.632382670535,True,1332.348648834677,1332.348648834677
sarima,73,3,2021-03-01,7569.0,6823.463134138627,6140.040077953845,7506.886190323408,False,1366.8461123695633,3851.3984994332313
sarima,73,4,2021-04-01,6917.0,6741.920382094001,6048.072266632999,7435.768497555003,True,1387.6962309220035,1387.6962309220035
sarima,73,5,2021-05-01,8253.0,7585.300541299828,6882.813060855855,8287.788021743801,True,1404.9749608879465,1404.9749608879465
sarima,73,6,2021-06-01,8153.0,7898.619132365265,7188.060581414882,8609.177683315647,True,1421.1171019007652,1421.1171019007652
prophet,73,1,2021-01-01,6917.0,6733.404320204954,6153.0179984106035,7289.377606756081,True,1136.3596083454777,1136.3596083454777
prophet,73,2,2021-02-01,6217.0,6255.732549486266,5657.030242777041,6777.242590526177,True,1120.212347749136,1120.212347749136
prophet,73,3,2021-03-01,7569.0,6881.18077785745,6328.709130453817,7487.3026358201,False,1158.5935053662824,4426.4880725623
prophet,73,4,2021-04-01,6917.0,6693.505379452494,6130.257541841937,7296.307610611286,True,1166.0500687693484,1166.0500687693484
prophet,73,5,2021-05-01,8253.0,7550.58409786694,7011.510555987314,8153.708773566856,False,1142.198217579542,5113.847274905318
prophet,73,6,2021-06-01,8153.0,7822.1985295999975,7248.883742900702,8339.12667562996,True,1090.2429327292575,1090.2429327292575
sarima,74,1,2021-02-01,6217.0,6365.697832950859,5755.479887270846,6975.915778630872,True,1220.4358913600263,1220.4358913600263
sarima,74,2,2021-03-01,7569.0,6855.213874964488,6192.159480855308,7518.268269073668,False,1326.1087882183601,3355.378025271628
sarima,74,3,2021-04-01,6917.0,6768.473065173212,6088.626030571384,7448.320099775039,True,1359.694069203655,1359.694069203655
sarima,74,4,2021-05-01,8253.0,7610.306067981464,6920.620771276314,8299.991364686615,True,1379.370593410301,1379.370593410301
sarima,74,5,2021-06-01,8153.0,7923.101881104013,7225.401026653584,8620.802735554442,True,1395.4017089008576,1395.4017089008576
sarima,74,6,2021-07-01,9251.0,8200.869674966165,7495.728664013475,8906.010685918855,False,1410.2820219053792,15209.854585151199
prophet,74,1,2021-02-01,6217.0,6273.289920496463,5739.667294676226,6776.047494775033,True,1036.3802000988062,1036.3802000988062
prophet,74,2,2021-03-01,7569.0,6872.2684912136765,6331.679326414198,7395.370282566079,False,1063.6909561518814,8008.879653508707
prophet,74,3,2021-04-01,6917.0,6701.875605766179,6154.54952027661,7245.4387865664075,True,1090.889266289798,1090.889266289798
prophet,74,4,2021-05-01,8253.0,7556.002912848122,7030.2543958127035,8081.684734022604,False,1051.4303382099006,7904.040977305738
prophet,74,5,2021-06-01,8153.0,7834.176290056165,7280.294432045974,8355.531659334172,True,1075.2372272881985,1075.2372272881985
prophet,74,6,2021-07-01,9251.0,8137.080422867035,7590.08825665079,8661.024624546808,False,1070.936367896018,24669.951386023702
sarima,75,1,2021-03-01,7569.0,6787.245644637996,6179.032621998198,7395.458667277793,False,1216.4260452795952,8158.079354167867
sarima,75,2,2021-04-01,6917.0,6724.891618843671,6064.531294976979,7385.2519427103625,True,1320.7206477333839,1320.7206477333839
sarima,75,3,2021-05-01,8253.0,7574.152619964056,6896.695110441206,8251.610129486904,False,1354.9150190456976,1410.5098395695359
sarima,75,4,2021-06-01,8153.0,7889.233818673984,7201.371827613419,8577.09580973455,True,1375.7239821211315,1375.7239821211315
sarima,75,5,2021-07-01,9251.0,8167.716290095535,7471.1912203468955,8864.241359844174,False,1393.050139497279,16863.3957457303
sarima,75,6,2021-08-01,8830.0,7826.471215749271,7121.833450311119,8531.108981187424,False,1409.2755308763053,13364.916283379327
prophet,75,1,2021-03-01,7569.0,6860.649902714934,6328.285362849593,7408.371976022167,False,1080.0866131725734,7505.207572285911
prophet,75,2,2021-04-01,6917.0,6693.227075012199,6162.904528653164,7228.42299729127,True,1065.5184686381062,1065.5184686381062
prophet,75,3,2021-05-01,8253.0,7544.023562864295,7013.373907491592,8114.750547529547,False,1101.3766400379545,6631.354738856092
prophet,75,4,2021-06-01,8153.0,7822.750018623129,7289.922606966723,8377.432317116003,True,1087.5097101492802,1087.5097101492802
prophet,75,5,2021-07-01,9251.0,8122.677874096664,7569.201494669352,8677.446342626097,False,1108.2448479567456,24050.391142912857
prophet,75,6,2021-08-01,8830.0,7763.679456281218,7249.421430333048,8312.625582394028,False,1063.20415206098,21758.18085629985
sarima,76,1,2021-04-01,6917.0,7072.933499731292,6451.553574808215,7694.313424654369,True,1242.7598498461539,1242.7598498461539
sarima,76,2,2021-05-01,8253.0,7782.68366807777,7108.596892637157,8456.770443518382,True,1348.1735508812253,1348.1735508812253
sarima,76,3,2021-06-01,8153.0,8050.047284046422,7361.3497533358495,8738.744814756994,True,1377.3950614211444,1377.3950614211444
sarima,76,4,2021-07-01,9251.0,8318.050614257982,7622.005563210367,9014.095665305596,False,1392.0901020952297,10868.263489871373
sarima,76,5,2021-08-01,8830.0,7977.266511532909,7275.7524754385495,8678.78054762727,False,1403.0280721887202,7451.806167097932
sarima,76,6,2021-09-01,7512.0,7397.387460081147,6690.97803883075,8103.796881331544,True,1412.8188425007938,1412.8188425007938
prophet,76,1,2021-04-01,6917.0,6754.797097797687,6232.752933615735,7349.862643502846,True,1117.1097098871114,1117.1097098871114
prophet,76,2,2021-05-01,8253.0,7610.515713480722,7048.544390931444,8162.407700236279,False,1113.8633093048356,4737.555299853668
prophet,76,3,2021-06-01,8153.0,7889.740102582923,7340.316149748772,8436.772438899381,True,1096.4562891506093,1096.4562891506093
prophet,76,4,2021-07-01,9251.0,8196.445055427423,7675.153494542416,8739.811148989851,False,1064.6576544474347,21512.21169485339
prophet,76,5,2021-08-01,8830.0,7839.442768479097,7275.233034160503,8402.552645966467,False,1127.319611805964,18225.213773147283
prophet,76,6,2021-09-01,7512.0,7233.068690049233,6648.372194929038,7771.506701425634,True,1123.1345064965953,1123.1345064965953
sarima,77,1,2021-05-01,8253.0,7702.017087689129,7079.919394882165,8324.114780496093,True,1244.195385613928,1244.195385613928
sarima,77,2,2021-06-01,8153.0,7992.892324874695,7319.9401766494,8665.844473099989,True,1345.9042964505888,1345.9042964505888
sarima,77,3,2021-07-01,9251.0,8278.022372801566,7590.722304566131,8965.322441037002,False,1374.600136470871,12801.702494990786
sarima,77,4,2021-08-01,8830.0,7949.571621640269,7254.709271483025,8644.433971797513,False,1389.7247003144876,8812.365828413982
sarima,77,5,2021-09-01,7512.0,7363.54170579884,6662.838899819808,8064.244511777872,True,1401.4056119580637,1401.4056119580637
sarima,77,6,2021-10-01,7656.0,7279.886931215278,6573.854221905318,7985.919640525239,True,1412.0654186199208,1412.0654186199208
prophet,77,1,2021-05-01,8253.0,7630.7928822045815,7006.585820091753,8160.632217680586,False,1154.0463975888333,4848.757690365389
prophet,77,2,2021-06-01,8153.0,7911.390258706685,7293.13629393968,8496.080317646974,True,1202.944023707294,1202.944023707294
prophet,77,3,2021-07-01,9251.0,8217.488298313318,7681.744534270858,8741.91758931167,False,1060.173055040812,21423.469482574015
prophet,77,4,2021-08-01,8830.0,7861.122355961101,7315.242408257615,8398.978340960815,False,1083.7359327032,18324.602294270586
prophet,77,5,2021-09-01,7512.0,7255.859460224704,6720.361745857288,7806.33381632112,True,1085.972070463832,1085.972070463832
prophet,77,6,2021-10-01,7656.0,7220.717902045416,6668.404812785974,7759.025853364149,True,1090.6210405781749,1090.6210405781749
sarima,78,1,2021-06-01,8153.0,8248.08115673853,7626.146898596114,8870.015414880945,True,1243.8685162848315,1243.8685162848315
sarima,78,2,2021-07-01,9251.0,8419.98185119015,7746.512737550305,9093.450964829995,False,1346.9382272796902,7648.899634079873
sarima,78,3,2021-08-01,8830.0,8043.626533100122,7356.498022228123,8730.755043972122,False,1374.2570217439988,5344.05526285913
sarima,78,4,2021-09-01,7512.0,7457.358954511778,6763.652269346008,8151.0656396775485,True,1387.4133703315401,1387.4133703315401
sarima,78,5,2021-10-01,7656.0,7362.216701010702,6663.715428559071,8060.717973462333,True,1397.0025449032619,1397.0025449032619
sarima,78,6,2021-11-01,7603.0,6889.980425014424,6187.190029814375,7592.770820214474,False,1405.5807904000994,1814.7479818211377
prophet,78,1,2021-06-01,8153.0,7992.312146495588,7421.91351855969,8601.108666025235,True,1179.1951474655452,1179.1951474655452
prophet,78,2,2021-07-01,9251.0,8300.757043912328,7695.038096801147,8828.382336821145,False,1133.3442400199983,18038.050767174194
prophet,78,3,2021-08-01,8830.0,7948.337043466586,7373.615898210739,8565.157465680059,False,1191.5415674693195,11785.242940266979
prophet,78,4,2021-09-01,7512.0,7347.135522578716,6811.629753485725,7874.02809405122,True,1062.3983405654953,1062.3983405654953
prophet,78,5,2021-10-01,7656.0,7313.488907917803,6761.364358667134,7886.960323684945,True,1125.595965017811,1125.595965017811
prophet,78,6,2021-11-01,7603.0,6794.840074556562,6283.299105693043,7323.744500297952,False,1040.4453946049089,12210.665382686826
sarima,79,1,2021-07-01,9251.0,8379.05507235601,7759.070212063567,8999.039932648453,False,1239.969720584886,11318.372414646765
sarima,79,2,2021-08-01,8830.0,8022.011668739285,7351.60057074611,8692.42276673246,False,1340.8221959863495,6843.911526687973
sarima,79,3,2021-09-01,7512.0,7440.94165317986,6757.09145177404,8124.791854585679,True,1367.700402811639,1367.700402811639
sarima,79,4,2021-10-01,7656.0,7348.642953002965,6658.17247166025,8039.113434345681,True,1380.9409626854303,1380.9409626854303
sarima,79,5,2021-11-01,7603.0,6877.686527576976,6182.285558776291,7573.087496377661,False,1390.8019376013708,2587.3020824949144
sarima,79,6,2021-12-01,8237.0,7072.86393707557,6373.085658677646,7772.642215473494,False,1399.5565567958474,19973.8679378561
prophet,79,1,2021-07-01,9251.0,8298.061342328334,7682.149236381097,8881.786563072992,False,1199.6373266918954,15968.174803772214
prophet,79,2,2021-08-01,8830.0,7945.757839649032,7392.1644351257,8464.356591490998,False,1072.1921563652977,15697.928496725388
prophet,79,3,2021-09-01,7512.0,7344.926137560191,6794.376750991269,7907.721912628488,True,1113.3451616372195,1113.3451616372195
prophet,79,4,2021-10-01,7656.0,7309.761714478162,6781.217599974724,7903.905653374059,True,1122.6880533993344,1122.6880533993344
prophet,79,5,2021-11-01,7603.0,6793.043972684327,6197.661975908006,7367.11570223646,False,1169.4537263284537,10604.825636870071
prophet,79,6,2021-12-01,8237.0,7014.275573305681,6491.4892699706115,7574.361459420033,False,1082.872189449421,27588.41381264812
sarima,80,1,2021-08-01,8830.0,8404.37143210773,7766.967905882575,9041.774958332884,True,1274.8070524503091,1274.8070524503091
sarima,80,2,2021-09-01,7512.0,7637.008499884164,6945.15634964129,8328.860650127037,True,1383.704300485747,1383.704300485747
sarima,80,3,2021-10-01,7656.0,7483.515972590596,6778.363586207636,8188.668358973556,True,1410.3047727659196,1410.3047727659196
sarima,80,4,2021-11-01,7603.0,6991.020405953881,6280.314268319644,7701.726543588118,True,1421.4122752684743,1421.4122752684743
sarima,80,5,2021-12-01,8237.0,7174.351471471188,6460.091242601713,7888.611700340663,False,1428.5204577389504,15364.052444112413
sarima,80,6,2022-01-01,9582.0,7179.0617474000355,6462.290976120256,7895.832518679815,False,1433.5415425595584,68880.24079536698
prophet,80,1,2021-08-01,8830.0,8015.223499924674,7446.320668241107,8673.322025810283,False,1227.0013575691755,7494.120325157861
prophet,80,2,2021-09-01,7512.0,7417.978205908181,6857.906421776593,7992.535712350135,True,1134.6292905735427,1134.6292905735427
prophet,80,3,2021-10-01,7656.0,7379.761433925812,6818.399350851169,7910.517034751143,True,1092.1176838999736,1092.1176838999736
prophet,80,4,2021-11-01,7603.0,6869.162556841934,6298.459384984372,7452.38489581274,False,1153.9255108283678,7178.529678318765
prophet,80,5,2021-12-01,8237.0,7093.07601375157,6516.327997002082,7690.769920219084,False,1174.441923217002,23023.645114453633
prophet,80,6,2022-01-01,9582.0,7039.369784232398,6417.312569738451,7635.869932401247,False,1218.5573626627956,79063.76006661291
sarima,81,1,2021-09-01,7512.0,7837.340396691384,7195.922081254824,8478.758712127943,True,1282.8366308731192,1282.8366308731192
sarima,81,2,2021-10-01,7656.0,7593.917742359856,6890.671291659154,8297.164193060558,True,1406.4929014014042,1406.4929014014042
sarima,81,3,2021-11-01,7603.0,7062.616355424596,6344.655859246127,7780.576851603065,True,1435.9209923569379,1435.9209923569379
sarima,81,4,2021-12-01,8237.0,7223.525639150254,6500.438136538642,7946.613141761867,False,1446.1750052232255,13061.64933474854
sarima,81,5,2022-01-01,9582.0,7221.903816671217,6496.415008327078,7947.392625015356,False,1450.9776166882784,66835.27261607403
sarima,81,6,2022-02-01,7227.0,6665.510209624718,5938.247630761412,7392.772788488024,True,1454.5251577266117,1454.5251577266117
prophet,81,1,2021-09-01,7512.0,7467.137203763861,6894.605141994252,8061.7889297943075,True,1167.1837878000551,1167.1837878000551
prophet,81,2,2021-10-01,7656.0,7432.336188364856,6830.922324575002,8028.506329628746,True,1197.5840050537445,1197.5840050537445
prophet,81,3,2021-11-01,7603.0,6922.267181648674,6319.707986792418,7506.472713519036,False,1186.7647267266184,5047.856185965178
prophet,81,4,2021-12-01,8237.0,7148.455611605397,6535.450005842194,7784.19337008957,False,1248.7433642473761,19361.008560664588
prophet,81,5,2022-01-01,9582.0,7095.584353535143,6515.248169294248,7700.562732980336,False,1185.3145636860872,76442.80524447266
prophet,81,6,2022-02-01,7227.0,6566.241782131669,5981.492340905,7168.588207025818,False,1187.0958661208178,3523.5675850881134
sarima,82,1,2021-10-01,7656.0,7446.842098596736,6804.4451818868165,8089.239015306655,True,1284.7938334198388,1284.7938334198388
sarima,82,2,2021-11-01,7603.0,6988.363967107039,6287.593095899265,7689.134838314812,True,1401.5417424155476,1401.5417424155476
sarima,82,3,2021-12-01,8237.0,7176.362522779994,6461.878972211495,7890.846073348493,False,1428.9671011369974,15275.124167197293
sarima,82,4,2022-01-01,9582.0,7186.430985145352,6467.211348277676,7905.650622013028,False,1438.439273735352,68492.41439321423
sarima,82,5,2022-02-01,7227.0,6631.3269003378855,5909.384242011617,7353.269558664154,True,1443.8853166525369,1443.8853166525369
sarima,82,6,2022-03-01,7504.0,7274.548218057068,6550.570963890031,7998.525472224105,True,1447.9545083340745,1447.9545083340745
prophet,82,1,2021-10-01,7656.0,7437.080820909421,6890.051537849659,8020.495047728327,True,1130.443509878668,1130.443509878668
prophet,82,2,2021-11-01,7603.0,6916.583392529186,6307.071263328845,7498.318570663916,False,1191.2473073350711,5378.50448077843
prophet,82,3,2021-12-01,8237.0,7142.249128397803,6517.356630639738,7763.198843003775,False,1245.8422123640376,20197.88849221302
prophet,82,4,2022-01-01,9582.0,7085.362236396773,6500.842109056899,7731.360050252019,False,1230.5179411951203,75256.11593111434
prophet,82,5,2022-02-01,7227.0,6556.591212202338,5966.811833501274,7139.26266467811,False,1172.450831176836,4681.944244052435
prophet,82,6,2022-03-01,7504.0,7082.879950386165,6496.810253044871,7664.526309320396,True,1167.7160562755244,1167.7160562755244
sarima,83,1,2021-11-01,7603.0,7079.859135370493,6439.014803380011,7720.703467360976,True,1281.6886639809654,1281.6886639809654
sarima,83,2,2021-12-01,8237.0,7221.99380738093,6523.074211148445,7920.913403613415,False,1397.8391924649695,14041.303047928384
sarima,83,3,2022-01-01,9582.0,7214.210667359329,6502.061924665303,7926.359410053355,False,1424.2974853880514,67649.92108325387
sarima,83,4,2022-02-01,7227.0,6651.846233566894,5934.917946201284,7368.774520932503,True,1433.8565747312186,1433.8565747312186
sarima,83,5,2022-03-01,7504.0,7293.225766645119,6573.708848477266,8012.742684812972,True,1439.033836335706,1439.033836335706
sarima,83,6,2022-04-01,7589.0,7077.927890125071,6356.502300945036,7799.353479305106,True,1442.8511783600698,1442.8511783600698
prophet,83,1,2021-11-01,7603.0,6932.520641264878,6330.0823802116365,7562.48482915025,False,1232.4024489386138,2853.0092829286004
prophet,83,2,2021-12-01,8237.0,7158.419446340575,6530.8055482158725,7738.160327137273,False,1207.3547789214008,21160.941693430468
prophet,83,3,2022-01-01,9582.0,7103.090585832571,6519.305801337075,7708.877445985008,False,1189.5716446479337,76114.4738052476
prophet,83,4,2022-02-01,7227.0,6573.234487075982,6024.141137510569,7143.140322528869,False,1118.9991850182996,4473.386283863554
prophet,83,5,2022-03-01,7504.0,7103.681922145293,6496.446778484648,7756.008227463745,True,1259.561448979097,1259.561448979097
prophet,83,6,2022-04-01,7589.0,7045.345564229526,6468.89712276067,7639.8187751777705,True,1170.9216524171006,1170.9216524171006
sarima,84,1,2021-12-01,8237.0,7454.44417695084,6808.687399721623,8100.200954180058,False,1291.5135544584355,6763.475387256114
sarima,84,2,2022-01-01,9582.0,7330.299630365593,6624.239720326625,8036.359540404561,False,1412.1198200779363,63237.7382038955
sarima,84,3,2022-02-01,7227.0,6712.467134469358,5992.778582462131,7432.155686476584,True,1439.377104014453,1439.377104014453
sarima,84,4,2022-03-01,7504.0,7353.450970861807,6629.380453056543,8077.521488667071,True,1448.141035610528,1448.141035610528
sarima,84,5,2022-04-01,7589.0,7106.765015123447,6380.62034909127,7832.909681155623,True,1452.2893320643525,1452.2893320643525
sarima,84,6,2022-05-01,8846.0,8018.354805605726,7290.840294227326,8745.869316984126,False,1455.0290227568003,5460.256343391749
prophet,84,1,2021-12-01,8237.0,7190.2147007032,6604.174180651986,7796.418849474601,False,1192.2446688226155,18815.490689838563
prophet,84,2,2022-01-01,9582.0,7136.262159125225,6572.729487021866,7759.523398124402,False,1186.7939111025362,74085.85798612646
prophet,84,3,2022-02-01,7227.0,6608.110566144377,5952.318555469545,7192.073187447982,False,1239.754631978437,2636.8271340591737
prophet,84,4,2022-03-01,7504.0,7140.532859614609,6502.7322893372275,7758.04683723965,True,1255.3145479024224,1255.3145479024224
prophet,84,5,2022-04-01,7589.0,7081.14948010544,6502.203942756341,7722.140062373277,True,1219.9361196169357,1219.9361196169357
prophet,84,6,2022-05-01,8846.0,7951.917883001087,7332.881803400778,8546.392542780748,False,1213.51073937997,13197.809028150048
sarima,85,1,2022-01-01,9582.0,7716.289826619717,7061.310513190345,8371.26914004909,False,1309.9586268587445,49739.19302489517
sarima,85,2,2022-02-01,7227.0,6908.253212627147,6184.8795015513115,7631.626923702983,True,1446.7474221516713,1446.7474221516713
sarima,85,3,2022-03-01,7504.0,7473.486621778026,6734.878579774004,8212.094663782049,True,1477.216084008045,1477.216084008045
sarima,85,4,2022-04-01,7589.0,7172.865633761422,6430.272805366536,7915.458462156308,True,1485.185656789772,1485.185656789772
sarima,85,5,2022-05-01,8846.0,8069.9077735579685,7326.091924347778,8813.723622768159,False,1487.6316984203804,2778.6867876940305
sarima,85,6,2022-06-01,9057.0,8299.902820550436,7555.648091294048,9044.157549806825,False,1488.5094585127772,2002.2074662397754
prophet,85,1,2022-01-01,9582.0,7182.601418099,6578.064704751474,7802.974310775836,False,1224.909606024362,72385.93717499092
prophet,85,2,2022-02-01,7227.0,6654.290562726414,6020.725768382641,7269.936391298646,True,1249.2106229160054,1249.2106229160054
prophet,85,3,2022-03-01,7504.0,7198.005223120773,6576.62952121349,7842.921959365223,True,1266.2924381517332,1266.2924381517332
prophet,85,4,2022-04-01,7589.0,7122.151464096056,6502.350246291146,7730.219466573223,True,1227.8692202820775,1227.8692202820775
prophet,85,5,2022-05-01,8846.0,7996.973134985377,7372.002747340744,8631.05050214163,False,1259.0477548008867,9857.027669135678
prophet,85,6,2022-06-01,9057.0,8299.724544109908,7713.5992527932485,8927.242580912538,False,1213.6433281192894,6403.940091617771
sarima,86,1,2022-02-01,7227.0,8166.440756352972,7442.918706334058,8889.962806371886,False,1447.0441000378287,10083.79235340014
sarima,86,2,2022-03-01,7504.0,8755.635601172486,7939.9036675831885,9571.367534761783,False,1631.4638671785942,19067.610570506135
sarima,86,3,2022-04-01,7589.0,8439.510084879963,7561.095239750284,9317.924930009642,True,1756.8296902593574,1756.8296902593574
sarima,86,4,2022-05-01,8846.0,9371.916177141682,8437.57095340877,10306.261400874595,True,1868.6904474658259,1868.6904474658259
sarima,86,5,2022-06-01,9057.0,9596.261288996675,8609.501907989476,10583.020670003874,True,1973.5187620143988,1973.5187620143988
sarima,86,6,2022-07-01,8699.0,10063.872959076625,9027.395551422025,11100.350366731225,False,2072.9548153092,15208.776872190207
prophet,86,1,2022-02-01,7227.0,6769.606087350266,6059.192128424733,7462.986009702131,True,1403.7938812773982,1403.7938812773982
prophet,86,2,2022-03-01,7504.0,7326.817409519034,6653.183697189403,8061.108860985807,True,1407.9251637964044,1407.9251637964044
prophet,86,3,2022-04-01,7589.0,7244.3565983232,6558.557743082333,7968.834772942971,True,1410.2770298606374,1410.2770298606374
prophet,86,4,2022-05-01,8846.0,8120.791082568016,7365.582212141617,8837.725688335011,False,1472.1434761933942,1803.1159427929542
prophet,86,5,2022-06-01,9057.0,8421.531156547457,7742.531167941824,9171.599661354378,True,1429.0684934125538,1429.0684934125538
prophet,86,6,2022-07-01,8699.0,8740.817777212334,8025.934259856698,9400.645411298878,True,1374.7111514421795,1374.7111514421795
sarima,87,1,2022-03-01,7504.0,8273.40977909033,7537.424389853241,9009.39516832742,False,1471.9707784741795,2808.946372603833
sarima,87,2,2022-04-01,7589.0,7975.528429065634,7172.014402250238,8779.04245588103,True,1607.0280536307919,1607.0280536307919
sarima,87,3,2022-05-01,8846.0,8927.277878694542,8078.465753391516,9776.090003997568,True,1697.6242506060516,1697.6242506060516
sarima,87,4,2022-06-01,9057.0,9139.723020732465,8249.663540237669,10029.78250122726,True,1780.1189609895919,1780.1189609895919
sarima,87,5,2022-07-01,8699.0,9633.888847545826,8704.606759371878,10563.170935719774,False,1858.5641763478961,2082.834551223019
sarima,87,6,2022-08-01,8834.0,9331.777901022597,8364.885177884631,10298.670624160563,True,1933.7854462759315,1933.7854462759315
prophet,87,1,2022-03-01,7504.0,7357.917231951965,6628.880856647144,8153.354017079672,True,1524.473160432528,1524.473160432528
prophet,87,2,2022-04-01,7589.0,7281.909511740838,6539.072454496606,7997.314055579,True,1458.2416010823936,1458.2416010823936
prophet,87,3,2022-05-01,8846.0,8157.870545794794,7440.583319058125,8838.598825576602,False,1398.0155065184772,1694.0624834543814
prophet,87,4,2022-06-01,9057.0,8462.058658200755,7711.321359468413,9188.032778936491,True,1476.711419468078,1476.711419468078
prophet,87,5,2022-07-01,8699.0,8779.14544338743,8077.708093293191,9477.080871249582,True,1399.3727779563906,1399.3727779563906
prophet,87,6,2022-08-01,8834.0,8435.419183210191,7702.739201897268,9162.417905390837,True,1459.6787034935696,1459.6787034935696
sarima,88,1,2022-04-01,7589.0,7142.600772727816,6407.618123488859,7877.583421966772,True,1469.9652984779132,1469.9652984779132
sarima,88,2,2022-05-01,8846.0,8078.155638177212,7255.834680478906,8900.476595875518,True,1644.6419153966117,1644.6419153966117
sarima,88,3,2022-06-01,9057.0,8282.716342565107,7438.708345373352,9126.724339756862,True,1688.0159943835097,1688.0159943835097
sarima,88,4,2022-07-01,8699.0,8774.833768196531,7924.629089143,9625.038447250063,True,1700.4093581070629,1700.4093581070629
sarima,88,5,2022-08-01,8834.0,8471.322382342532,7619.076952398608,9323.567812286457,True,1704.4908598878492,1704.4908598878492
sarima,88,6,2022-09-01,8228.0,7703.434723514256,6850.390143274596,8556.479303753915,True,1706.0891604793187,1706.0891604793187
prophet,88,1,2022-04-01,7589.0,7320.924044437641,6607.316721201201,7944.582807590806,True,1337.2660863896044,1337.2660863896044
prophet,88,2,2022-05-01,8846.0,8193.854960650351,7452.660271749499,8884.427251274163,True,1431.7669795246638,1431.7669795246638
prophet,88,3,2022-06-01,9057.0,8504.15837002192,7800.005826491564,9170.920926473205,True,1370.915099981641,1370.915099981641
prophet,88,4,2022-07-01,8699.0,8815.87573734786,8118.989166830262,9504.880409038215,True,1385.891242207953,1385.891242207953
prophet,88,5,2022-08-01,8834.0,8474.954959162525,7759.824461282814,9170.459110319884,True,1410.6346490370697,1410.6346490370697
prophet,88,6,2022-09-01,8228.0,7871.876320161338,7186.375260911339,8632.483068750871,True,1446.1078078395321,1446.1078078395321
sarima,89,1,2022-05-01,8846.0,8302.937542008183,7571.2248306322235,9034.650253384143,True,1463.4254227519195,1463.4254227519195
sarima,89,2,2022-06-01,9057.0,8425.597755216728,7607.121899749549,9244.073610683907,True,1636.9517109343578,1636.9517109343578
sarima,89,3,2022-07-01,8699.0,8833.826760394659,7993.6670409554235,9673.986479833893,True,1680.3194388784696,1680.3194388784696
sarima,89,4,2022-08-01,8834.0,8496.583866028506,7650.0952829178195,9343.072449139194,True,1692.9771662213743,1692.9771662213743
sarima,89,5,2022-09-01,8228.0,7747.972390118457,6899.298778283667,8596.646001953246,True,1697.3472236695789,1697.3472236695789
sarima,89,6,2022-10-01,8388.0,7713.478655521402,6863.8631863200835,8563.09412472272,True,1699.2309384026366,1699.2309384026366
prophet,89,1,2022-05-01,8846.0,8222.43940530842,7521.4617307394865,8973.8749536245,True,1452.413222885013,1452.413222885013
prophet,89,2,2022-06-01,9057.0,8531.368994933744,7830.104063900978,9265.402827642929,True,1435.298763741951,1435.298763741951
prophet,89,3,2022-07-01,8699.0,8848.052756753044,8054.6377718826925,9592.596256902598,True,1537.9584850199053,1537.9584850199053
prophet,89,4,2022-08-01,8834.0,8507.376503687741,7796.5433804955355,9266.58371991983,True,1470.0403394242949,1470.0403394242949
prophet,89,5,2022-09-01,8228.0,7902.750754269857,7197.049624785939,8661.123140242937,True,1464.0735154569975,1464.0735154569975
prophet,89,6,2022-10-01,8388.0,7795.857235556052,7033.341846440096,8498.369511495392,True,1465.027665055296,1465.027665055296
sarima,90,1,2022-06-01,9057.0,8959.688611341055,8227.270785567505,9692.106437114604,True,1464.8356515470987,1464.8356515470987
sarima,90,2,2022-07-01,8699.0,9389.856211635073,8584.792391097562,10194.920032172584,True,1610.1276410750215,1610.1276410750215
sarima,90,3,2022-08-01,8834.0,9070.939877297884,8229.322970406,9912.556784189768,True,1683.2338137837687,1683.2338137837687
sarima,90,4,2022-09-01,8228.0,8336.895699389039,7465.5900737490565,9208.20132502902,True,1742.6112512799637,1742.6112512799637
sarima,90,5,2022-10-01,8388.0,8308.352508827498,7409.434270929631,9207.270746725366,True,1797.8364757957352,1797.8364757957352
sarima,90,6,2022-11-01,7588.0,7923.926618865582,6998.450678049165,8849.402559682,True,1850.9518816328346,1850.9518816328346
prophet,90,1,2022-06-01,9057.0,8577.506908654701,7919.391489074686,9323.018486157236,True,1403.6269970825497,1403.6269970825497
prophet,90,2,2022-07-01,8699.0,8901.988195323025,8233.97962185059,9575.401163381475,True,1341.4215415308845,1341.4215415308845
prophet,90,3,2022-08-01,8834.0,8561.865509848436,7861.982456768133,9268.758623822401,True,1406.7761670542686,1406.7761670542686
prophet,90,4,2022-09-01,8228.0,7954.199947432932,7216.482818417179,8622.131076269074,True,1405.6482578518944,1405.6482578518944
prophet,90,5,2022-10-01,8388.0,7857.669282063384,7119.488642451428,8557.989914128822,True,1438.5012716773945,1438.5012716773945
prophet,90,6,2022-11-01,7588.0,7462.662167395931,6769.088827604958,8199.017563496567,True,1429.928735891609,1429.928735891609
sarima,91,1,2022-07-01,8699.0,9430.822870494789,8701.662049506063,10159.983691483514,False,1458.3216419774508,1564.8036222199844
sarima,91,2,2022-08-01,8834.0,9098.99653758851,8297.45264655985,9900.540428617169,True,1603.0877820573187,1603.0877820573187
sarima,91,3,2022-09-01,8228.0,8367.405571099234,7529.2795540169045,9205.531588181564,True,1676.2520341646596,1676.2520341646596
sarima,91,4,2022-10-01,8388.0,8336.10187473689,7468.1964691359535,9204.007280337828,True,1735.8108112018745,1735.8108112018745
sarima,91,5,2022-11-01,7588.0,7949.064464821073,7053.444419350797,8844.684510291348,True,1791.2400909405515,1791.2400909405515
sarima,91,6,2022-12-01,7850.0,8201.58824890798,7279.324811672793,9123.851686143167,True,1844.5268744703744,1844.5268744703744
prophet,91,1,2022-07-01,8699.0,8981.587393391641,8170.628359771861,9691.987245519173,True,1521.3588857473114,1521.3588857473114
prophet,91,2,2022-08-01,8834.0,8646.163463281251,7929.877629447013,9364.834879866765,True,1434.9572504197522,1434.9572504197522
prophet,91,3,2022-09-01,8228.0,8046.270346566657,7305.470232719767,8773.538601059188,True,1468.0683683394209,1468.0683683394209
prophet,91,4,2022-10-01,8388.0,7945.376382053637,7233.472190425587,8662.881506787842,True,1429.4093163622556,1429.4093163622556
prophet,91,5,2022-11-01,7588.0,7559.570173622191,6813.694020911446,8257.211742381533,True,1443.5177214700861,1443.5177214700861
prophet,91,6,2022-12-01,7850.0,7829.358086965489,7146.388633995836,8550.904786531915,True,1404.516152536079,1404.516152536079
sarima,92,1,2022-08-01,8834.0,8432.532496709535,7700.731382788649,9164.33361063042,True,1463.6022278417704,1463.6022278417704
sarima,92,2,2022-09-01,8228.0,7752.370084805297,6932.047510845099,8572.692658765494,True,1640.6451479203952,1640.6451479203952
sarima,92,3,2022-10-01,8388.0,7723.198971093742,6880.035797528166,8566.362144659319,True,1686.326347131153,1686.326347131153
sarima,92,4,2022-11-01,7588.0,7327.891061339625,6477.647706008517,8178.134416670732,True,1700.486710662215,1700.486710662215
sarima,92,5,2022-12-01,7850.0,7578.601234055542,6725.625004167472,8431.577463943611,True,1705.9524597761392,1705.9524597761392
sarima,92,6,2023-01-01,7563.0,7794.112941675714,6939.804025300507,8648.42185805092,True,1708.617832750413,1708.617832750413
prophet,92,1,2022-08-01,8834.0,8605.746199326131,7908.430183512339,9291.987588982742,True,1383.557405470403,1383.557405470403
prophet,92,2,2022-09-01,8228.0,7996.837301798129,7307.063214784065,8703.297247616983,True,1396.2340328329183,1396.2340328329183
prophet,92,3,2022-10-01,8388.0,7906.992050299866,7185.509128938985,8646.086535213855,True,1460.5774062748706,1460.5774062748706
prophet,92,4,2022-11-01,7588.0,7509.767049096864,6792.1332621456,8239.680575476536,True,1447.5473133309351,1447.5473133309351
prophet,92,5,2022-12-01,7850.0,7778.464439776344,7080.600057992557,8501.777535704263,True,1421.1774777117062,1421.1774777117062
prophet,92,6,2023-01-01,7563.0,7841.096377489071,7087.122190299748,8587.156862046817,True,1500.0346717470693,1500.0346717470693
sarima,93,1,2022-09-01,8228.0,8170.023384819966,7440.724342189803,8899.322427450128,True,1458.5980852603252,1458.5980852603252
sarima,93,2,2022-10-01,8388.0,8135.617422319312,7336.561970378401,8934.672874260223,True,1598.1109038818213,1598.1109038818213
sarima,93,3,2022-11-01,7588.0,7736.696491742989,6903.743467628881,8569.649515857096,True,1665.9060482282148,1665.9060482282148
sarima,93,4,2022-12-01,7850.0,7982.3982656259805,7122.298617000825,8842.497914251137,True,1720.1992972503112,1720.1992972503112
sarima,93,5,2023-01-01,7563.0,8187.540863309264,7302.418636718928,9072.663089899599,True,1770.2444531806714,1770.2444531806714
sarima,93,6,2023-02-01,6551.0,7374.492623507642,6465.143792566309,8283.841454448975,True,1818.6976618826666,1818.6976618826666
prophet,93,1,2022-09-01,8228.0,8043.480838934458,7289.333583480542,8715.631767107523,True,1426.298183626981,1426.298183626981
prophet,93,2,2022-10-01,8388.0,7940.457876106007,7217.225482376429,8691.880599933977,True,1474.6551175575478,1474.6551175575478
prophet,93,3,2022-11-01,7588.0,7556.343592615434,6839.740282920335,8256.007625677128,True,1416.2673427567934,1416.2673427567934
prophet,93,4,2022-12-01,7850.0,7826.096945863474,7082.434623654612,8544.427917816869,True,1461.9932941622574,1461.9932941622574
prophet,93,5,2023-01-01,7563.0,7891.617252283536,7176.222892916064,8618.96767159092,True,1442.7447786748571,1442.7447786748571
prophet,93,6,2023-02-01,6551.0,7244.450287262555,6551.8031175815395,7963.522174585588,False,1411.7190570040484,1443.8437602656277
sarima,94,1,2022-10-01,8388.0,8160.682507497341,7434.523403712727,8886.841611281956,True,1452.3182075692293,1452.3182075692293
sarima,94,2,2022-11-01,7588.0,7752.850812197379,6957.453994103559,8548.247630291198,True,1590.793636187639,1590.793636187639
sarima,94,3,2022-12-01,7850.0,7996.100976555194,7167.1174422668355,8825.084510843553,True,1657.9670685767178,1657.9670685767178
sarima,94,4,2023-01-01,7563.0,8195.996861679901,7340.286380642487,9051.707342717316,True,1711.4209620748297,1711.4209620748297
sarima,94,5,2023-02-01,6551.0,7390.856177402703,6510.17356988619,8271.538784919216,True,1761.3652150330254,1761.3652150330254
sarima,94,6,2023-03-01,7507.0,7992.570633744247,7087.845140566045,8897.296126922449,True,1809.4509863564035,1809.4509863564035
prophet,94,1,2022-10-01,8388.0,7943.7030215975265,7240.71139817243,8652.417324274671,True,1411.7059261022414,1411.7059261022414
prophet,94,2,2022-11-01,7588.0,7547.014878315602,6837.1551824171265,8213.703495882226,True,1376.5483134650995,1376.5483134650995
prophet,94,3,2022-12-01,7850.0,7816.9930324196675,7164.558996769609,8510.59872859097,True,1346.0397318213618,1346.0397318213618
prophet,94,4,2023-01-01,7563.0,7882.761946460521,7133.968084520554,8597.886381830356,True,1463.9182973098023,1463.9182973098023
prophet,94,5,2023-02-01,6551.0,7231.5805830150675,6575.994805593412,7970.481062317119,False,1394.486256723707,2394.2784804601833
prophet,94,6,2023-03-01,7507.0,7677.3962809365685,6962.305935747961,8399.20594023386,True,1436.9000044858994,1436.9000044858994
sarima,95,1,2022-11-01,7588.0,7856.012654189785,7131.126384983136,8580.898923396435,True,1449.7725384132991,1449.7725384132991
sarima,95,2,2022-12-01,7850.0,8071.291034380435,7277.118134585911,8865.463934174959,True,1588.3457995890476,1588.3457995890476
sarima,95,3,2023-01-01,7563.0,8267.493512269824,7440.075994196879,9094.91103034277,True,1654.8350361458906,1654.8350361458906
sarima,95,4,2023-02-01,6551.0,7455.800231524856,6601.675757706373,8309.92470534334,False,1708.2489476369665,3735.2792558918736
sarima,95,5,2023-03-01,7507.0,8058.897826942757,7180.011341040325,8937.78431284519,True,1757.772971804865,1757.772971804865
sarima,95,6,2023-04-01,7745.0,7873.062061268677,6970.341569433373,8775.782553103982,True,1805.440983670609,1805.440983670609
prophet,95,1,2022-11-01,7588.0,7636.408963827973,6969.2888569045335,8382.09328821906,True,1412.8044313145256,1412.8044313145256
prophet,95,2,2022-12-01,7850.0,7909.7158021991545,7218.739172921935,8634.844868216956,True,1416.1056952950212,1416.1056952950212
prophet,95,3,2023-01-01,7563.0,7978.23750737416,7285.322189788827,8635.5361819038,True,1350.2139921149737,1350.2139921149737
prophet,95,4,2023-02-01,6551.0,7333.928973516126,6621.286183038476,8010.369204791768,False,1389.083021753292,4200.530343292346
prophet,95,5,2023-03-01,7507.0,7755.234743977435,7090.468584997917,8473.425974246367,True,1382.9573892484505,1382.9573892484505
prophet,95,6,2023-04-01,7745.0,7815.710017488295,7152.832384197783,8519.873735980069,True,1367.0413517822863,1367.0413517822863
sarima,96,1,2022-12-01,7850.0,7945.895636425703,7224.016938403469,8667.774334447937,True,1443.757396044468,1443.757396044468
sarima,96,2,2023-01-01,7563.0,8160.938213991683,7371.576739811897,8950.29968817147,True,1578.722948359573,1578.722948359573
sarima,96,3,2023-02-01,6551.0,7379.9344771213855,6557.699202021759,8202.16975222101,False,1644.4705501992512,1912.438631069629
sarima,96,4,2023-03-01,7507.0,7976.596408404195,7127.919790245221,8825.273026563169,True,1697.3532363179484,1697.3532363179484
sarima,96,5,2023-04-01,7745.0,7802.350958360217,6929.093877376609,8675.608039343824,True,1746.514161967215,1746.514161967215
sarima,96,6,2023-05-01,8600.0,8754.778885627045,7857.842335822985,9651.715435431106,True,1793.8730996081213,1793.8730996081213
prophet,96,1,2022-12-01,7850.0,7915.14201779715,7232.435854839218,8622.55731966565,True,1390.1214648264313,1390.1214648264313
prophet,96,2,2023-01-01,7563.0,7985.4401497621575,7286.346497385503,8682.03894884851,True,1395.6924514630073,1395.6924514630073
prophet,96,3,2023-02-01,6551.0,7341.93880361489,6671.196454870109,8019.823952127405,False,1348.6274972572965,6156.485692061654
prophet,96,4,2023-03-01,7507.0,7760.176142135429,7044.747328817868,8441.850732895442,True,1397.103404077574,1397.103404077574
prophet,96,5,2023-04-01,7745.0,7824.429402246245,7125.2776618055395,8482.46466297688,True,1357.18700117134,1357.18700117134
prophet,96,6,2023-05-01,8600.0,8717.813113751114,7979.999386170914,9441.016563110697,True,1461.017176939784,1461.017176939784
sarima,97,1,2023-01-01,7563.0,8109.956226218383,7391.543778341258,8828.368674095507,True,1436.8248957542492,1436.8248957542492
sarima,97,2,2023-02-01,6551.0,7351.39457282372,6565.526605033067,8137.262540614373,False,1571.735935581306,2152.800136904003
sarima,97,3,2023-03-01,7507.0,7946.776737053252,7128.23330928739,8765.320164819113,True,1637.0868555317238,1637.0868555317238
sarima,97,4,2023-04-01,7745.0,7778.427626428,6933.658453407697,8623.196799448302,True,1689.5383460406047,1689.5383460406047
sarima,97,5,2023-05-01,8600.0,8727.235556513671,7858.1024252577845,9596.368687769558,True,1738.2662625117737,1738.2662625117737
sarima,97,6,2023-06-01,9151.0,8977.357246703128,8084.755857755352,9869.958635650904,True,1785.2027778955526,1785.2027778955526
prophet,97,1,2023-01-01,7563.0,7972.051763964577,7246.683830362118,8690.359734643673,True,1443.6759042815547,1443.6759042815547
prophet,97,2,2023-02-01,6551.0,7328.1959248110325,6660.194718606636,8008.430381041467,False,1348.2356624348304,5716.024406700284
prophet,97,3,2023-03-01,7507.0,7747.152263860002,7055.424788445638,8436.584416911623,True,1381.1596284659845,1381.1596284659845
prophet,97,4,2023-04-01,7745.0,7809.689380349708,7141.64998554497,8446.87675790239,True,1305.2267723574196,1305.2267723574196
prophet,97,5,2023-05-01,8600.0,8703.125176338446,7943.522031867747,9364.481707231429,True,1420.9596753636824,1420.9596753636824
prophet,97,6,2023-06-01,9151.0,9047.508309466624,8404.538307514378,9702.045522710516,True,1297.5072151961376,1297.5072151961376
sarima,98,1,2023-02-01,6551.0,7169.744226365709,6458.675204027402,7880.813248704017,True,1422.1380446766143,1422.1380446766143
sarima,98,2,2023-03-01,7507.0,7778.883475858054,7002.036969696271,8555.729982019837,True,1553.693012323566,1553.693012323566
sarima,98,3,2023-04-01,7745.0,7678.189572062903,6869.28483188282,8487.094312242985,True,1617.8094803601653,1617.8094803601653
sarima,98,4,2023-05-01,8600.0,8592.72620665813,7757.926536108335,9427.525877207923,True,1669.599341099588,1669.599341099588
sarima,98,5,2023-06-01,9151.0,8867.06732164902,8008.149035156786,9725.985608141253,True,1717.8365729844663,1717.8365729844663
sarima,98,6,2023-07-01,9183.0,9159.144505221055,8276.97624336813,10041.31276707398,True,1764.3365237058497,1764.3365237058497
prophet,98,1,2023-02-01,6551.0,7324.303166428758,6617.276027576814,7969.632300836232,False,1352.3562732594182,4003.3973763319846
prophet,98,2,2023-03-01,7507.0,7736.195260803056,7058.3500893702385,8442.247582640859,True,1383.8974932706205,1383.8974932706205
prophet,98,3,2023-04-01,7745.0,7807.464440365749,7115.175459047484,8517.15331241953,True,1401.9778533720464,1401.9778533720464
prophet,98,4,2023-05-01,8600.0,8697.334927542257,7978.3036949732395,9345.657903987409,True,1367.354209014169,1367.354209014169
prophet,98,5,2023-06-01,9151.0,9045.3463285568,8372.302846165883,9744.853588320553,True,1372.55074215467,1372.55074215467
prophet,98,6,2023-07-01,9183.0,9225.51860629679,8495.037204267712,9871.849757584076,True,1376.8125533163638,1376.8125533163638
sarima,99,1,2023-03-01,7507.0,7369.96626577591,6646.164495467031,8093.768036084789,True,1447.603540617758,1447.603540617758
sarima,99,2,2023-04-01,7745.0,7292.579565681989,6479.230699767577,8105.928431596401,True,1626.6977318288245,1626.6977318288245
sarima,99,3,2023-05-01,8600.0,8304.073926661084,7467.485208097308,9140.66264522486,True,1673.1774371275524,1673.1774371275524
sarima,99,4,2023-06-01,9151.0,8572.721958829048,7729.14484698102,9416.299070677076,True,1687.1542236960559,1687.1542236960559
sarima,99,5,2023-07-01,9183.0,8894.59067987254,8048.578036948418,9740.60332279666,True,1692.0252858482418,1692.0252858482418
sarima,99,6,2023-08-01,8297.0,8638.204728276036,7791.179757623194,9485.229698928877,True,1694.0499413056832,1694.0499413056832
prophet,99,1,2023-03-01,7507.0,7684.79434546872,6984.875292062054,8375.126822451564,True,1390.2515303895107,1390.2515303895107
prophet,99,2,2023-04-01,7745.0,7725.337966951622,7022.2445017607315,8455.985804285316,True,1433.7413025245842,1433.7413025245842
prophet,99,3,2023-05-01,8600.0,8617.522687852306,7944.436863270052,9284.55266973328,True,1340.115806463229,1340.115806463229
prophet,99,4,2023-06-01,9151.0,8952.653520908269,8264.268301121738,9669.265557068315,True,1404.9972559465768,1404.9972559465768
prophet,99,5,2023-07-01,9183.0,9148.211874218054,8515.273279294299,9854.06979827825,True,1338.7965189839506,1338.7965189839506
prophet,99,6,2023-08-01,8297.0,8871.430685604051,8150.184886353876,9599.02290801971,True,1448.8380216658334,1448.8380216658334
sarima,100,1,2023-04-01,7745.0,7359.425877557059,6637.644092493704,8081.207662620413,True,1443.5635701267092,1443.5635701267092
sarima,100,2,2023-05-01,8600.0,8338.772591690613,7528.496116043024,9149.049067338203,True,1620.552951295179,1620.552951295179
sarima,100,3,2023-06-01,9151.0,8589.72717497747,7756.7658541262845,9422.688495828656,True,1665.922641702371,1665.922641702371
sarima,100,4,2023-07-01,9183.0,8903.758571208964,8064.095841735598,9743.42130068233,True,1679.3254589467324,1679.3254589467324
sarima,100,5,2023-08-01,8297.0,8644.821858037407,7802.87660188312,9486.767114191694,True,1683.8905123085742,1683.8905123085742
sarima,100,6,2023-09-01,7823.0,7958.3838900728615,7115.508785306164,8801.25899483956,True,1685.7502095333957,1685.7502095333957
prophet,100,1,2023-04-01,7745.0,7759.433420671558,7089.866294815439,8491.504898547608,True,1401.638603732169,1401.638603732169
prophet,100,2,2023-05-01,8600.0,8641.699228663912,7918.752974567495,9305.02549223901,True,1386.2725176715157,1386.2725176715157
prophet,100,3,2023-06-01,9151.0,8988.488862049342,8309.826799190585,9702.578890539437,True,1392.7520913488515,1392.7520913488515
prophet,100,4,2023-07-01,9183.0,9160.290933193428,8493.803462101308,9820.805465552472,True,1327.0020034511635,1327.0020034511635
prophet,100,5,2023-08-01,8297.0,8890.96265479118,8205.84218713813,9577.310950007175,True,1371.4687628690444,1371.4687628690444
prophet,100,6,2023-09-01,7823.0,8348.060811026384,7643.302414002107,9003.723043829901,True,1360.420629827794,1360.420629827794
sarima,101,1,2023-05-01,8600.0,8548.646124852026,7832.135090361831,9265.157159342221,True,1433.02206898039,1433.02206898039
sarima,101,2,2023-06-01,9151.0,8775.987444406519,7987.835222639688,9564.139666173349,True,1576.3044435336606,1576.3044435336606
sarima,101,3,2023-07-01,9183.0,9068.454532629203,8247.359141056359,9889.549924202047,True,1642.1907831456883,1642.1907831456883
sarima,101,4,2023-08-01,8297.0,8778.263038167366,7931.849817245356,9624.676259089378,True,1692.8264418440222,1692.8264418440222
sarima,101,5,2023-09-01,7823.0,8120.704125547226,7251.1621704143945,8990.246080680057,True,1739.0839102656628,1739.0839102656628
sarima,101,6,2023-10-01,7507.0,8084.05556264998,7192.330038228003,8975.781087071957,True,1783.4510488439537,1783.4510488439537
prophet,101,1,2023-05-01,8600.0,8651.725259834704,7954.242523790608,9386.943669128475,True,1432.7011453378673,1432.7011453378673
prophet,101,2,2023-06-01,9151.0,9009.529384232752,8323.473550978662,9675.29723551671,True,1351.823684538047,1351.823684538047
prophet,101,3,2023-07-01,9183.0,9162.508758145785,8478.283587990387,9871.333208101274,True,1393.0496201108872,1393.0496201108872
prophet,101,4,2023-08-01,8297.0,8900.799291570791,8244.252295798937,9552.919964165432,True,1308.6676683664955,1308.6676683664955
prophet,101,5,2023-09-01,7823.0,8370.690333376215,7647.03737451279,9058.684246934012,True,1411.6468724212218,1411.6468724212218
prophet,101,6,2023-10-01,7507.0,8199.55266045577,7544.5229364362785,8920.25804856348,False,1375.7351121272022,2876.652569578344
sarima,102,1,2023-06-01,9151.0,8813.51020404933,8104.561528816318,9522.458879282342,True,1417.8973504660235,1417.8973504660235
sarima,102,2,2023-07-01,9183.0,9089.987232422942,8311.377550438718,9868.596914407166,True,1557.2193639684483,1557.2193639684483
sarima,102,3,2023-08-01,8297.0,8776.025630520018,7965.505142753676,9586.54611828636,True,1621.0409755326837,1621.0409755326837
sarima,102,4,2023-09-01,7823.0,8142.973707249761,7307.895700344346,8978.051714155175,True,1670.1560138108298,1670.1560138108298
sarima,102,5,2023-10-01,7507.0,8088.875284868549,7231.327920955941,8946.422648781157,True,1715.094727825216,1715.094727825216
sarima,102,6,2023-11-01,8107.0,7626.4029822062785,6747.276110028444,8505.529854384113,True,1758.2537443556685,1758.2537443556685
prophet,102,1,2023-06-01,9151.0,8954.11906299114,8240.051297797796,9652.31079455221,True,1412.2594967544137,1412.2594967544137
prophet,102,2,2023-07-01,9183.0,9144.35906550367,8475.824949757083,9842.533369691564,True,1366.7084199344808,1366.7084199344808
prophet,102,3,2023-08-01,8297.0,8869.341182192806,8169.584121011758,9528.285820927904,True,1358.701699916146,1358.701699916146
prophet,102,4,2023-09-01,7823.0,8315.376027347966,7667.4776001121545,9023.14275640958,True,1355.6651562974248,1355.6651562974248
prophet,102,5,2023-10-01,7507.0,8179.550830739053,7486.639599051923,8918.71569522661,True,1432.0760961746873,1432.0760961746873
prophet,102,6,2023-11-01,8107.0,7811.433982378901,7091.374175457789,8528.211247136474,True,1436.8370716786858,1436.8370716786858
sarima,103,1,2023-07-01,9183.0,9249.573046047937,8537.271637069787,9961.874455026087,True,1424.6028179563,1424.6028179563
sarima,103,2,2023-08-01,8297.0,8901.759216681858,8117.505842407345,9686.01259095637,True,1568.5067485490254,1568.5067485490254
sarima,103,3,2023-09-01,7823.0,8237.182336240248,7421.229298041297,9053.1353744392,True,1631.9060763979032,1631.9060763979032
sarima,103,4,2023-10-01,7507.0,8191.848134825021,7352.29379150653,9031.402478143511,True,1679.1086866369806,1679.1086866369806
sarima,103,5,2023-11-01,8107.0,7730.081902274354,6869.2245470116195,8590.93925753709,True,1721.7147105254699,1721.7147105254699
sarima,103,6,2023-12-01,7504.0,7966.406176472951,7085.213754456443,8847.59859848946,True,1762.3848440330166,1762.3848440330166
prophet,103,1,2023-07-01,9183.0,9151.184517315498,8418.812447761806,9817.329543027518,True,1398.5170952657118,1398.5170952657118
prophet,103,2,2023-08-01,8297.0,8884.773280884418,8189.57167521332,9595.613006066756,True,1406.0413308534362,1406.0413308534362
prophet,103,3,2023-09-01,7823.0,8347.116366410575,7672.953147231741,9032.42153325654,True,1359.4683860247987,1359.4683860247987
prophet,103,4,2023-10-01,7507.0,8189.947457757598,7448.213243821605,8922.154283144066,True,1473.9410393224607,1473.9410393224607
prophet,103,5,2023-11-01,8107.0,7841.777262491002,7172.833360468324,8537.075840209724,True,1364.2424797413996,1364.2424797413996
prophet,103,6,2023-12-01,7504.0,8113.297068492611,7440.7153174013165,8744.23045878548,True,1303.5151413841631,1303.5151413841631
