model,date,y_true,y_pred,window,horizon,train_end
naive,2015-01-01,7184.0,6734.0,1,1,2014-12-01
naive,2015-02-01,5958.0,6734.0,1,2,2014-12-01
naive,2015-03-01,6658.0,6734.0,1,3,2014-12-01
naive,2015-04-01,7069.0,6734.0,1,4,2014-12-01
naive,2015-05-01,8099.0,6734.0,1,5,2014-12-01
naive,2015-06-01,7868.0,6734.0,1,6,2014-12-01
snaive,2015-01-01,7184.0,6488.0,1,1,2014-12-01
snaive,2015-02-01,5958.0,6569.0,1,2,2014-12-01
snaive,2015-03-01,6658.0,6318.0,1,3,2014-12-01
snaive,2015-04-01,7069.0,6313.0,1,4,2014-12-01
snaive,2015-05-01,8099.0,7512.0,1,5,2014-12-01
snaive,2015-06-01,7868.0,7418.0,1,6,2014-12-01
snaive_drift,2015-01-01,7184.0,6504.0,1,1,2014-12-01
snaive_drift,2015-02-01,5958.0,6601.0,1,2,2014-12-01
snaive_drift,2015-03-01,6658.0,6366.0,1,3,2014-12-01
snaive_drift,2015-04-01,7069.0,6377.0,1,4,2014-12-01
snaive_drift,2015-05-01,8099.0,7592.0,1,5,2014-12-01
snaive_drift,2015-06-01,7868.0,7514.0,1,6,2014-12-01
prophet_repro,2015-01-01,7184.0,6475.526921658475,1,1,2014-12-01
prophet_repro,2015-02-01,5958.0,6149.96906552468,1,2,2014-12-01
prophet_repro,2015-03-01,6658.0,6534.807743739336,1,3,2014-12-01
prophet_repro,2015-04-01,7069.0,6449.27591128713,1,4,2014-12-01
prophet_repro,2015-05-01,8099.0,7208.730462542862,1,5,2014-12-01
prophet_repro,2015-06-01,7868.0,7888.102746803634,1,6,2014-12-01
prophet_temp,2015-01-01,7184.0,6491.767931373813,1,1,2014-12-01
prophet_temp,2015-02-01,5958.0,6181.981873186439,1,2,2014-12-01
prophet_temp,2015-03-01,6658.0,6573.352456813673,1,3,2014-12-01
prophet_temp,2015-04-01,7069.0,6476.857787154765,1,4,2014-12-01
prophet_temp,2015-05-01,8099.0,7226.247429118439,1,5,2014-12-01
prophet_temp,2015-06-01,7868.0,7851.022853279566,1,6,2014-12-01
prophet_temp_ceiling,2015-01-01,7184.0,6392.993141875065,1,1,2014-12-01
prophet_temp_ceiling,2015-02-01,5958.0,6201.552635674536,1,2,2014-12-01
prophet_temp_ceiling,2015-03-01,6658.0,6572.661724019975,1,3,2014-12-01
prophet_temp_ceiling,2015-04-01,7069.0,6453.718238565897,1,4,2014-12-01
prophet_temp_ceiling,2015-05-01,8099.0,7175.823935178519,1,5,2014-12-01
prophet_temp_ceiling,2015-06-01,7868.0,7830.415991600923,1,6,2014-12-01
naive,2015-02-01,5958.0,7184.0,2,1,2015-01-01
naive,2015-03-01,6658.0,7184.0,2,2,2015-01-01
naive,2015-04-01,7069.0,7184.0,2,3,2015-01-01
naive,2015-05-01,8099.0,7184.0,2,4,2015-01-01
naive,2015-06-01,7868.0,7184.0,2,5,2015-01-01
naive,2015-07-01,7986.0,7184.0,2,6,2015-01-01
snaive,2015-02-01,5958.0,6569.0,2,1,2015-01-01
snaive,2015-03-01,6658.0,6318.0,2,2,2015-01-01
snaive,2015-04-01,7069.0,6313.0,2,3,2015-01-01
snaive,2015-05-01,8099.0,7512.0,2,4,2015-01-01
snaive,2015-06-01,7868.0,7418.0,2,5,2015-01-01
snaive,2015-07-01,7986.0,7417.0,2,6,2015-01-01
snaive_drift,2015-02-01,5958.0,6627.0,2,1,2015-01-01
snaive_drift,2015-03-01,6658.0,6434.0,2,2,2015-01-01
snaive_drift,2015-04-01,7069.0,6487.0,2,3,2015-01-01
snaive_drift,2015-05-01,8099.0,7744.0,2,4,2015-01-01
snaive_drift,2015-06-01,7868.0,7708.0,2,5,2015-01-01
snaive_drift,2015-07-01,7986.0,7765.0,2,6,2015-01-01
prophet_repro,2015-02-01,5958.0,6201.8473376795555,2,1,2015-01-01
prophet_repro,2015-03-01,6658.0,6576.568403742248,2,2,2015-01-01
prophet_repro,2015-04-01,7069.0,6503.920795512978,2,3,2015-01-01
prophet_repro,2015-05-01,8099.0,7273.072435194835,2,4,2015-01-01
prophet_repro,2015-06-01,7868.0,7958.550191738041,2,5,2015-01-01
prophet_repro,2015-07-01,7986.0,7745.471243991708,2,6,2015-01-01
prophet_temp,2015-02-01,5958.0,6229.133434786927,2,1,2015-01-01
prophet_temp,2015-03-01,6658.0,6604.901936521404,2,2,2015-01-01
prophet_temp,2015-04-01,7069.0,6528.845868332832,2,3,2015-01-01
prophet_temp,2015-05-01,8099.0,7295.209609287733,2,4,2015-01-01
prophet_temp,2015-06-01,7868.0,7953.537804657397,2,5,2015-01-01
prophet_temp,2015-07-01,7986.0,7789.191443250952,2,6,2015-01-01
prophet_temp_ceiling,2015-02-01,5958.0,6239.12255396958,2,1,2015-01-01
prophet_temp_ceiling,2015-03-01,6658.0,6604.549379373781,2,2,2015-01-01
prophet_temp_ceiling,2015-04-01,7069.0,6517.03520388746,2,3,2015-01-01
prophet_temp_ceiling,2015-05-01,8099.0,7269.472937511251,2,4,2015-01-01
prophet_temp_ceiling,2015-06-01,7868.0,7943.019849753309,2,5,2015-01-01
prophet_temp_ceiling,2015-07-01,7986.0,7767.802976295155,2,6,2015-01-01
naive,2015-03-01,6658.0,5958.0,3,1,2015-02-01
naive,2015-04-01,7069.0,5958.0,3,2,2015-02-01
naive,2015-05-01,8099.0,5958.0,3,3,2015-02-01
naive,2015-06-01,7868.0,5958.0,3,4,2015-02-01
naive,2015-07-01,7986.0,5958.0,3,5,2015-02-01
naive,2015-08-01,7251.0,5958.0,3,6,2015-02-01
snaive,2015-03-01,6658.0,6318.0,3,1,2015-02-01
snaive,2015-04-01,7069.0,6313.0,3,2,2015-02-01
snaive,2015-05-01,8099.0,7512.0,3,3,2015-02-01
snaive,2015-06-01,7868.0,7418.0,3,4,2015-02-01
snaive,2015-07-01,7986.0,7417.0,3,5,2015-02-01
snaive,2015-08-01,7251.0,7605.0,3,6,2015-02-01
snaive_drift,2015-03-01,6658.0,6267.083333333333,3,1,2015-02-01
snaive_drift,2015-04-01,7069.0,6211.166666666667,3,2,2015-02-01
snaive_drift,2015-05-01,8099.0,7359.25,3,3,2015-02-01
snaive_drift,2015-06-01,7868.0,7214.333333333333,3,4,2015-02-01
snaive_drift,2015-07-01,7986.0,7162.416666666667,3,5,2015-02-01
snaive_drift,2015-08-01,7251.0,7299.5,3,6,2015-02-01
prophet_repro,2015-03-01,6658.0,6559.590595604204,3,1,2015-02-01
prophet_repro,2015-04-01,7069.0,6481.505953752479,3,2,2015-02-01
prophet_repro,2015-05-01,8099.0,7245.485464942773,3,3,2015-02-01
prophet_repro,2015-06-01,7868.0,7927.134423883133,3,4,2015-02-01
prophet_repro,2015-07-01,7986.0,7710.787728642683,3,5,2015-02-01
prophet_repro,2015-08-01,7251.0,7705.000178861322,3,6,2015-02-01
prophet_temp,2015-03-01,6658.0,6576.869558982803,3,1,2015-02-01
prophet_temp,2015-04-01,7069.0,6496.446190093098,3,2,2015-02-01
prophet_temp,2015-05-01,8099.0,7258.85604679159,3,3,2015-02-01
prophet_temp,2015-06-01,7868.0,7920.2515851579465,3,4,2015-02-01
prophet_temp,2015-07-01,7986.0,7738.623179326587,3,5,2015-02-01
prophet_temp,2015-08-01,7251.0,7726.835679666347,3,6,2015-02-01
prophet_temp_ceiling,2015-03-01,6658.0,6576.626950702941,3,1,2015-02-01
prophet_temp_ceiling,2015-04-01,7069.0,6488.318812717749,3,2,2015-02-01
prophet_temp_ceiling,2015-05-01,8099.0,7241.145642361725,3,3,2015-02-01
prophet_temp_ceiling,2015-06-01,7868.0,7913.013771475421,3,4,2015-02-01
prophet_temp_ceiling,2015-07-01,7986.0,7723.904943681675,3,5,2015-02-01
prophet_temp_ceiling,2015-08-01,7251.0,7697.682251369695,3,6,2015-02-01
naive,2015-04-01,7069.0,6658.0,4,1,2015-03-01
naive,2015-05-01,8099.0,6658.0,4,2,2015-03-01
naive,2015-06-01,7868.0,6658.0,4,3,2015-03-01
naive,2015-07-01,7986.0,6658.0,4,4,2015-03-01
naive,2015-08-01,7251.0,6658.0,4,5,2015-03-01
naive,2015-09-01,7163.0,6658.0,4,6,2015-03-01
snaive,2015-04-01,7069.0,6313.0,4,1,2015-03-01
snaive,2015-05-01,8099.0,7512.0,4,2,2015-03-01
snaive,2015-06-01,7868.0,7418.0,4,3,2015-03-01
snaive,2015-07-01,7986.0,7417.0,4,4,2015-03-01
snaive,2015-08-01,7251.0,7605.0,4,5,2015-03-01
snaive,2015-09-01,7163.0,6781.0,4,6,2015-03-01
snaive_drift,2015-04-01,7069.0,6341.333333333333,4,1,2015-03-01
snaive_drift,2015-05-01,8099.0,7568.666666666667,4,2,2015-03-01
snaive_drift,2015-06-01,7868.0,7503.0,4,3,2015-03-01
snaive_drift,2015-07-01,7986.0,7530.333333333333,4,4,2015-03-01
snaive_drift,2015-08-01,7251.0,7746.666666666667,4,5,2015-03-01
snaive_drift,2015-09-01,7163.0,6951.0,4,6,2015-03-01
prophet_repro,2015-04-01,7069.0,6483.407567145964,4,1,2015-03-01
prophet_repro,2015-05-01,8099.0,7250.012733684181,4,2,2015-03-01
prophet_repro,2015-06-01,7868.0,7933.811289653704,4,3,2015-03-01
prophet_repro,2015-07-01,7986.0,7720.212647496348,4,4,2015-03-01
prophet_repro,2015-08-01,7251.0,7715.419837066167,4,5,2015-03-01
prophet_repro,2015-09-01,7163.0,7013.3025702160285,4,6,2015-03-01
prophet_temp,2015-04-01,7069.0,6496.100090998287,4,1,2015-03-01
prophet_temp,2015-05-01,8099.0,7259.23148055992,4,2,2015-03-01
prophet_temp,2015-06-01,7868.0,7921.246818517093,4,3,2015-03-01
prophet_temp,2015-07-01,7986.0,7743.056230861468,4,4,2015-03-01
prophet_temp,2015-08-01,7251.0,7732.515675954032,4,5,2015-03-01
prophet_temp,2015-09-01,7163.0,7022.374676029208,4,6,2015-03-01
prophet_temp_ceiling,2015-04-01,7069.0,6487.507647406102,4,1,2015-03-01
prophet_temp_ceiling,2015-05-01,8099.0,7240.507648254562,4,2,2015-03-01
prophet_temp_ceiling,2015-06-01,7868.0,7913.594841387734,4,3,2015-03-01
prophet_temp_ceiling,2015-07-01,7986.0,7727.495785749252,4,4,2015-03-01
prophet_temp_ceiling,2015-08-01,7251.0,7701.694025058682,4,5,2015-03-01
prophet_temp_ceiling,2015-09-01,7163.0,6987.021686722059,4,6,2015-03-01
naive,2015-05-01,8099.0,7069.0,5,1,2015-04-01
naive,2015-06-01,7868.0,7069.0,5,2,2015-04-01
naive,2015-07-01,7986.0,7069.0,5,3,2015-04-01
naive,2015-08-01,7251.0,7069.0,5,4,2015-04-01
naive,2015-09-01,7163.0,7069.0,5,5,2015-04-01
naive,2015-10-01,6690.0,7069.0,5,6,2015-04-01
snaive,2015-05-01,8099.0,7512.0,5,1,2015-04-01
snaive,2015-06-01,7868.0,7418.0,5,2,2015-04-01
snaive,2015-07-01,7986.0,7417.0,5,3,2015-04-01
snaive,2015-08-01,7251.0,7605.0,5,4,2015-04-01
snaive,2015-09-01,7163.0,6781.0,5,5,2015-04-01
snaive,2015-10-01,6690.0,7110.0,5,6,2015-04-01
snaive_drift,2015-05-01,8099.0,7575.0,5,1,2015-04-01
snaive_drift,2015-06-01,7868.0,7544.0,5,2,2015-04-01
snaive_drift,2015-07-01,7986.0,7606.0,5,3,2015-04-01
snaive_drift,2015-08-01,7251.0,7857.0,5,4,2015-04-01
snaive_drift,2015-09-01,7163.0,7096.0,5,5,2015-04-01
snaive_drift,2015-10-01,6690.0,7488.0,5,6,2015-04-01
prophet_repro,2015-05-01,8099.0,7261.154332157385,5,1,2015-04-01
prophet_repro,2015-06-01,7868.0,7953.995977209356,5,2,2015-04-01
prophet_repro,2015-07-01,7986.0,7751.7853305787185,5,3,2015-04-01
prophet_repro,2015-08-01,7251.0,7758.873408479127,5,4,2015-04-01
prophet_repro,2015-09-01,7163.0,7065.945919692059,5,5,2015-04-01
prophet_repro,2015-10-01,6690.0,7047.64326183827,5,6,2015-04-01
prophet_temp,2015-05-01,8099.0,7279.825356197774,5,1,2015-04-01
prophet_temp,2015-06-01,7868.0,7947.966521375969,5,2,2015-04-01
prophet_temp,2015-07-01,7986.0,7787.585714542049,5,3,2015-04-01
prophet_temp,2015-08-01,7251.0,7787.106170780886,5,4,2015-04-01
prophet_temp,2015-09-01,7163.0,7084.525120807028,5,5,2015-04-01
prophet_temp,2015-10-01,6690.0,7070.009957122165,5,6,2015-04-01
prophet_temp_ceiling,2015-05-01,8099.0,7257.8968047575645,5,1,2015-04-01
prophet_temp_ceiling,2015-06-01,7868.0,7939.004853093325,5,2,2015-04-01
prophet_temp_ceiling,2015-07-01,7986.0,7769.361986861144,5,3,2015-04-01
prophet_temp_ceiling,2015-08-01,7251.0,7751.0091717206315,5,4,2015-04-01
prophet_temp_ceiling,2015-09-01,7163.0,7043.121212037498,5,5,2015-04-01
prophet_temp_ceiling,2015-10-01,6690.0,7029.85767800105,5,6,2015-04-01
naive,2015-06-01,7868.0,8099.0,6,1,2015-05-01
naive,2015-07-01,7986.0,8099.0,6,2,2015-05-01
naive,2015-08-01,7251.0,8099.0,6,3,2015-05-01
naive,2015-09-01,7163.0,8099.0,6,4,2015-05-01
naive,2015-10-01,6690.0,8099.0,6,5,2015-05-01
naive,2015-11-01,6392.0,8099.0,6,6,2015-05-01
snaive,2015-06-01,7868.0,7418.0,6,1,2015-05-01
snaive,2015-07-01,7986.0,7417.0,6,2,2015-05-01
snaive,2015-08-01,7251.0,7605.0,6,3,2015-05-01
snaive,2015-09-01,7163.0,6781.0,6,4,2015-05-01
snaive,2015-10-01,6690.0,7110.0,6,5,2015-05-01
snaive,2015-11-01,6392.0,6327.0,6,6,2015-05-01
snaive_drift,2015-06-01,7868.0,7466.916666666667,6,1,2015-05-01
snaive_drift,2015-07-01,7986.0,7514.833333333333,6,2,2015-05-01
snaive_drift,2015-08-01,7251.0,7751.75,6,3,2015-05-01
snaive_drift,2015-09-01,7163.0,6976.666666666667,6,4,2015-05-01
snaive_drift,2015-10-01,6690.0,7354.583333333333,6,5,2015-05-01
snaive_drift,2015-11-01,6392.0,6620.5,6,6,2015-05-01
prophet_repro,2015-06-01,7868.0,7997.7071829914785,6,1,2015-05-01
prophet_repro,2015-07-01,7986.0,7808.250421502756,6,2,2015-05-01
prophet_repro,2015-08-01,7251.0,7832.2107062621935,6,3,2015-05-01
prophet_repro,2015-09-01,7163.0,7156.153763378536,6,4,2015-05-01
prophet_repro,2015-10-01,6690.0,7152.094036316992,6,5,2015-05-01
prophet_repro,2015-11-01,6392.0,6756.27484263408,6,6,2015-05-01
prophet_temp,2015-06-01,7868.0,7987.918729817924,6,1,2015-05-01
prophet_temp,2015-07-01,7986.0,7829.638544621597,6,2,2015-05-01
prophet_temp,2015-08-01,7251.0,7847.813491976211,6,3,2015-05-01
prophet_temp,2015-09-01,7163.0,7164.907216616191,6,4,2015-05-01
prophet_temp,2015-10-01,6690.0,7164.611755569681,6,5,2015-05-01
prophet_temp,2015-11-01,6392.0,6766.377923263469,6,6,2015-05-01
prophet_temp_ceiling,2015-06-01,7868.0,7980.977529176377,6,1,2015-05-01
prophet_temp_ceiling,2015-07-01,7986.0,7815.5234773952125,6,2,2015-05-01
prophet_temp_ceiling,2015-08-01,7251.0,7819.854801123948,6,3,2015-05-01
prophet_temp_ceiling,2015-09-01,7163.0,7132.838094099103,6,4,2015-05-01
prophet_temp_ceiling,2015-10-01,6690.0,7133.512074482976,6,5,2015-05-01
prophet_temp_ceiling,2015-11-01,6392.0,6728.375819192433,6,6,2015-05-01
naive,2015-07-01,7986.0,7868.0,7,1,2015-06-01
naive,2015-08-01,7251.0,7868.0,7,2,2015-06-01
naive,2015-09-01,7163.0,7868.0,7,3,2015-06-01
naive,2015-10-01,6690.0,7868.0,7,4,2015-06-01
naive,2015-11-01,6392.0,7868.0,7,5,2015-06-01
naive,2015-12-01,6753.0,7868.0,7,6,2015-06-01
snaive,2015-07-01,7986.0,7417.0,7,1,2015-06-01
snaive,2015-08-01,7251.0,7605.0,7,2,2015-06-01
snaive,2015-09-01,7163.0,6781.0,7,3,2015-06-01
snaive,2015-10-01,6690.0,7110.0,7,4,2015-06-01
snaive,2015-11-01,6392.0,6327.0,7,5,2015-06-01
snaive,2015-12-01,6753.0,6734.0,7,6,2015-06-01
snaive_drift,2015-07-01,7986.0,7454.5,7,1,2015-06-01
snaive_drift,2015-08-01,7251.0,7680.0,7,2,2015-06-01
snaive_drift,2015-09-01,7163.0,6893.5,7,3,2015-06-01
snaive_drift,2015-10-01,6690.0,7260.0,7,4,2015-06-01
snaive_drift,2015-11-01,6392.0,6514.5,7,5,2015-06-01
snaive_drift,2015-12-01,6753.0,6959.0,7,6,2015-06-01
prophet_repro,2015-07-01,7986.0,7796.947329298248,7,1,2015-06-01
prophet_repro,2015-08-01,7251.0,7818.7992929882175,7,2,2015-06-01
prophet_repro,2015-09-01,7163.0,7140.492637219847,7,3,2015-06-01
prophet_repro,2015-10-01,6690.0,7134.383114988276,7,4,2015-06-01
prophet_repro,2015-11-01,6392.0,6735.717006696815,7,5,2015-06-01
prophet_repro,2015-12-01,6753.0,6858.751117306978,7,6,2015-06-01
prophet_temp,2015-07-01,7986.0,7826.121153600839,7,1,2015-06-01
prophet_temp,2015-08-01,7251.0,7842.306712285773,7,2,2015-06-01
prophet_temp,2015-09-01,7163.0,7156.803238746628,7,3,2015-06-01
prophet_temp,2015-10-01,6690.0,7154.533317668842,7,4,2015-06-01
prophet_temp,2015-11-01,6392.0,6754.005754320934,7,5,2015-06-01
prophet_temp,2015-12-01,6753.0,6866.734058784424,7,6,2015-06-01
prophet_temp_ceiling,2015-07-01,7986.0,7810.747893116033,7,1,2015-06-01
prophet_temp_ceiling,2015-08-01,7251.0,7811.85583094087,7,2,2015-06-01
prophet_temp_ceiling,2015-09-01,7163.0,7121.875528799007,7,3,2015-06-01
prophet_temp_ceiling,2015-10-01,6690.0,7120.661463523749,7,4,2015-06-01
prophet_temp_ceiling,2015-11-01,6392.0,6712.616206861843,7,5,2015-06-01
prophet_temp_ceiling,2015-12-01,6753.0,6854.359428778797,7,6,2015-06-01
naive,2015-08-01,7251.0,7986.0,8,1,2015-07-01
naive,2015-09-01,7163.0,7986.0,8,2,2015-07-01
naive,2015-10-01,6690.0,7986.0,8,3,2015-07-01
naive,2015-11-01,6392.0,7986.0,8,4,2015-07-01
naive,2015-12-01,6753.0,7986.0,8,5,2015-07-01
naive,2016-01-01,6753.0,7986.0,8,6,2015-07-01
snaive,2015-08-01,7251.0,7605.0,8,1,2015-07-01
snaive,2015-09-01,7163.0,6781.0,8,2,2015-07-01
snaive,2015-10-01,6690.0,7110.0,8,3,2015-07-01
snaive,2015-11-01,6392.0,6327.0,8,4,2015-07-01
snaive,2015-12-01,6753.0,6734.0,8,5,2015-07-01
snaive,2016-01-01,6753.0,7184.0,8,6,2015-07-01
snaive_drift,2015-08-01,7251.0,7652.416666666667,8,1,2015-07-01
snaive_drift,2015-09-01,7163.0,6875.833333333333,8,2,2015-07-01
snaive_drift,2015-10-01,6690.0,7252.25,8,3,2015-07-01
snaive_drift,2015-11-01,6392.0,6516.666666666667,8,4,2015-07-01
snaive_drift,2015-12-01,6753.0,6971.083333333333,8,5,2015-07-01
snaive_drift,2016-01-01,6753.0,7468.5,8,6,2015-07-01
prophet_repro,2015-08-01,7251.0,7827.258395250297,8,1,2015-07-01
prophet_repro,2015-09-01,7163.0,7151.260635824382,8,2,2015-07-01
prophet_repro,2015-10-01,6690.0,7148.360204953472,8,3,2015-07-01
prophet_repro,2015-11-01,6392.0,6753.256323668321,8,4,2015-07-01
prophet_repro,2015-12-01,6753.0,6879.329590777418,8,5,2015-07-01
prophet_repro,2016-01-01,6753.0,6917.9522301108955,8,6,2015-07-01
prophet_temp,2015-08-01,7251.0,7865.549597091516,8,1,2015-07-01
prophet_temp,2015-09-01,7163.0,7181.985348745754,8,2,2015-07-01
prophet_temp,2015-10-01,6690.0,7182.793201829348,8,3,2015-07-01
prophet_temp,2015-11-01,6392.0,6787.07423180738,8,4,2015-07-01
prophet_temp,2015-12-01,6753.0,6904.031185044342,8,5,2015-07-01
prophet_temp,2016-01-01,6753.0,6957.117847472242,8,6,2015-07-01
prophet_temp_ceiling,2015-08-01,7251.0,7834.185508274066,8,1,2015-07-01
prophet_temp_ceiling,2015-09-01,7163.0,7146.010173361523,8,2,2015-07-01
prophet_temp_ceiling,2015-10-01,6690.0,7147.90554686181,8,3,2015-07-01
prophet_temp_ceiling,2015-11-01,6392.0,6744.4434314729815,8,4,2015-07-01
prophet_temp_ceiling,2015-12-01,6753.0,6891.285445760691,8,5,2015-07-01
prophet_temp_ceiling,2016-01-01,6753.0,6961.685433222356,8,6,2015-07-01
naive,2015-09-01,7163.0,7251.0,9,1,2015-08-01
naive,2015-10-01,6690.0,7251.0,9,2,2015-08-01
naive,2015-11-01,6392.0,7251.0,9,3,2015-08-01
naive,2015-12-01,6753.0,7251.0,9,4,2015-08-01
naive,2016-01-01,6753.0,7251.0,9,5,2015-08-01
naive,2016-02-01,6385.0,7251.0,9,6,2015-08-01
snaive,2015-09-01,7163.0,6781.0,9,1,2015-08-01
snaive,2015-10-01,6690.0,7110.0,9,2,2015-08-01
snaive,2015-11-01,6392.0,6327.0,9,3,2015-08-01
snaive,2015-12-01,6753.0,6734.0,9,4,2015-08-01
snaive,2016-01-01,6753.0,7184.0,9,5,2015-08-01
snaive,2016-02-01,6385.0,5958.0,9,6,2015-08-01
snaive_drift,2015-09-01,7163.0,6751.5,9,1,2015-08-01
snaive_drift,2015-10-01,6690.0,7051.0,9,2,2015-08-01
snaive_drift,2015-11-01,6392.0,6238.5,9,3,2015-08-01
snaive_drift,2015-12-01,6753.0,6616.0,9,4,2015-08-01
snaive_drift,2016-01-01,6753.0,7036.5,9,5,2015-08-01
snaive_drift,2016-02-01,6385.0,5781.0,9,6,2015-08-01
prophet_repro,2015-09-01,7163.0,7122.164123309449,9,1,2015-08-01
prophet_repro,2015-10-01,6690.0,7113.298868234264,9,2,2015-08-01
prophet_repro,2015-11-01,6392.0,6707.635898744573,9,3,2015-08-01
prophet_repro,2015-12-01,6753.0,6821.310084981715,9,4,2015-08-01
prophet_repro,2016-01-01,6753.0,6846.361704364007,9,5,2015-08-01
prophet_repro,2016-02-01,6385.0,6171.190389202133,9,6,2015-08-01
prophet_temp,2015-09-01,7163.0,7142.87636628767,9,1,2015-08-01
prophet_temp,2015-10-01,6690.0,7138.664044774219,9,2,2015-08-01
prophet_temp,2015-11-01,6392.0,6730.107377061804,9,3,2015-08-01
prophet_temp,2015-12-01,6753.0,6829.859225840694,9,4,2015-08-01
prophet_temp,2016-01-01,6753.0,6872.143779334934,9,5,2015-08-01
prophet_temp,2016-02-01,6385.0,6208.983428738039,9,6,2015-08-01
prophet_temp_ceiling,2015-09-01,7163.0,7096.286728943158,9,1,2015-08-01
prophet_temp_ceiling,2015-10-01,6690.0,7093.482800336131,9,2,2015-08-01
prophet_temp_ceiling,2015-11-01,6392.0,6674.898375129976,9,3,2015-08-01
prophet_temp_ceiling,2015-12-01,6753.0,6813.352860977402,9,4,2015-08-01
prophet_temp_ceiling,2016-01-01,6753.0,6878.059029541916,9,5,2015-08-01
prophet_temp_ceiling,2016-02-01,6385.0,6198.0918569283585,9,6,2015-08-01
naive,2015-10-01,6690.0,7163.0,10,1,2015-09-01
naive,2015-11-01,6392.0,7163.0,10,2,2015-09-01
naive,2015-12-01,6753.0,7163.0,10,3,2015-09-01
naive,2016-01-01,6753.0,7163.0,10,4,2015-09-01
naive,2016-02-01,6385.0,7163.0,10,5,2015-09-01
naive,2016-03-01,7164.0,7163.0,10,6,2015-09-01
snaive,2015-10-01,6690.0,7110.0,10,1,2015-09-01
snaive,2015-11-01,6392.0,6327.0,10,2,2015-09-01
snaive,2015-12-01,6753.0,6734.0,10,3,2015-09-01
snaive,2016-01-01,6753.0,7184.0,10,4,2015-09-01
snaive,2016-02-01,6385.0,5958.0,10,5,2015-09-01
snaive,2016-03-01,7164.0,6658.0,10,6,2015-09-01
snaive_drift,2015-10-01,6690.0,7141.833333333333,10,1,2015-09-01
snaive_drift,2015-11-01,6392.0,6390.666666666667,10,2,2015-09-01
snaive_drift,2015-12-01,6753.0,6829.5,10,3,2015-09-01
snaive_drift,2016-01-01,6753.0,7311.333333333333,10,4,2015-09-01
snaive_drift,2016-02-01,6385.0,6117.166666666667,10,5,2015-09-01
snaive_drift,2016-03-01,7164.0,6849.0,10,6,2015-09-01
prophet_repro,2015-10-01,6690.0,7114.580850878238,10,1,2015-09-01
prophet_repro,2015-11-01,6392.0,6709.127736915668,10,2,2015-09-01
prophet_repro,2015-12-01,6753.0,6824.17707636814,10,3,2015-09-01
prophet_repro,2016-01-01,6753.0,6850.279957347897,10,4,2015-09-01
prophet_repro,2016-02-01,6385.0,6176.0575346530495,10,5,2015-09-01
prophet_repro,2016-03-01,7164.0,6676.098935559062,10,6,2015-09-01
prophet_temp,2015-10-01,6690.0,7137.317951037811,10,1,2015-09-01
prophet_temp,2015-11-01,6392.0,6729.584544338126,10,2,2015-09-01
prophet_temp,2015-12-01,6753.0,6831.300776268785,10,3,2015-09-01
prophet_temp,2016-01-01,6753.0,6874.960513844114,10,4,2015-09-01
prophet_temp,2016-02-01,6385.0,6212.507718722361,10,5,2015-09-01
prophet_temp,2016-03-01,7164.0,6696.9059821717,10,6,2015-09-01
prophet_temp_ceiling,2015-10-01,6690.0,7095.187647221774,10,1,2015-09-01
prophet_temp_ceiling,2015-11-01,6392.0,6678.103624463167,10,2,2015-09-01
prophet_temp_ceiling,2015-12-01,6753.0,6815.90903185719,10,3,2015-09-01
prophet_temp_ceiling,2016-01-01,6753.0,6880.47632668786,10,4,2015-09-01
prophet_temp_ceiling,2016-02-01,6385.0,6202.351618883083,10,5,2015-09-01
prophet_temp_ceiling,2016-03-01,7164.0,6675.6307040601105,10,6,2015-09-01
naive,2015-11-01,6392.0,6690.0,11,1,2015-10-01
naive,2015-12-01,6753.0,6690.0,11,2,2015-10-01
naive,2016-01-01,6753.0,6690.0,11,3,2015-10-01
naive,2016-02-01,6385.0,6690.0,11,4,2015-10-01
naive,2016-03-01,7164.0,6690.0,11,5,2015-10-01
naive,2016-04-01,7192.0,6690.0,11,6,2015-10-01
snaive,2015-11-01,6392.0,6327.0,11,1,2015-10-01
snaive,2015-12-01,6753.0,6734.0,11,2,2015-10-01
snaive,2016-01-01,6753.0,7184.0,11,3,2015-10-01
snaive,2016-02-01,6385.0,5958.0,11,4,2015-10-01
snaive,2016-03-01,7164.0,6658.0,11,5,2015-10-01
snaive,2016-04-01,7192.0,7069.0,11,6,2015-10-01
snaive_drift,2015-11-01,6392.0,6292.0,11,1,2015-10-01
snaive_drift,2015-12-01,6753.0,6664.0,11,2,2015-10-01
snaive_drift,2016-01-01,6753.0,7079.0,11,3,2015-10-01
snaive_drift,2016-02-01,6385.0,5818.0,11,4,2015-10-01
snaive_drift,2016-03-01,7164.0,6483.0,11,5,2015-10-01
snaive_drift,2016-04-01,7192.0,6859.0,11,6,2015-10-01
prophet_repro,2015-11-01,6392.0,6695.0040394131,11,1,2015-10-01
prophet_repro,2015-12-01,6753.0,6803.031126983878,11,2,2015-10-01
prophet_repro,2016-01-01,6753.0,6818.516815522527,11,3,2015-10-01
prophet_repro,2016-02-01,6385.0,6129.962878907836,11,4,2015-10-01
prophet_repro,2016-03-01,7164.0,6638.55846433615,11,5,2015-10-01
prophet_repro,2016-04-01,7192.0,6654.201508266947,11,6,2015-10-01
prophet_temp,2015-11-01,6392.0,6713.6133945968695,11,1,2015-10-01
prophet_temp,2015-12-01,6753.0,6807.297765695208,11,2,2015-10-01
prophet_temp,2016-01-01,6753.0,6844.6901886554815,11,3,2015-10-01
prophet_temp,2016-02-01,6385.0,6172.161015209884,11,4,2015-10-01
prophet_temp,2016-03-01,7164.0,6661.527131533364,11,5,2015-10-01
prophet_temp,2016-04-01,7192.0,6678.764125591459,11,6,2015-10-01
prophet_temp_ceiling,2015-11-01,6392.0,6651.010840748842,11,1,2015-10-01
prophet_temp_ceiling,2015-12-01,6753.0,6788.580879697787,11,2,2015-10-01
prophet_temp_ceiling,2016-01-01,6753.0,6851.397605139198,11,3,2015-10-01
prophet_temp_ceiling,2016-02-01,6385.0,6159.810851525579,11,4,2015-10-01
prophet_temp_ceiling,2016-03-01,7164.0,6635.655667953311,11,5,2015-10-01
prophet_temp_ceiling,2016-04-01,7192.0,6614.085466641329,11,6,2015-10-01
naive,2015-12-01,6753.0,6392.0,12,1,2015-11-01
naive,2016-01-01,6753.0,6392.0,12,2,2015-11-01
naive,2016-02-01,6385.0,6392.0,12,3,2015-11-01
naive,2016-03-01,7164.0,6392.0,12,4,2015-11-01
naive,2016-04-01,7192.0,6392.0,12,5,2015-11-01
naive,2016-05-01,7743.0,6392.0,12,6,2015-11-01
snaive,2015-12-01,6753.0,6734.0,12,1,2015-11-01
snaive,2016-01-01,6753.0,7184.0,12,2,2015-11-01
snaive,2016-02-01,6385.0,5958.0,12,3,2015-11-01
snaive,2016-03-01,7164.0,6658.0,12,4,2015-11-01
snaive,2016-04-01,7192.0,7069.0,12,5,2015-11-01
snaive,2016-05-01,7743.0,8099.0,12,6,2015-11-01
snaive_drift,2015-12-01,6753.0,6739.416666666667,12,1,2015-11-01
snaive_drift,2016-01-01,6753.0,7194.833333333333,12,2,2015-11-01
snaive_drift,2016-02-01,6385.0,5974.25,12,3,2015-11-01
snaive_drift,2016-03-01,7164.0,6679.666666666667,12,4,2015-11-01
snaive_drift,2016-04-01,7192.0,7096.083333333333,12,5,2015-11-01
snaive_drift,2016-05-01,7743.0,8131.5,12,6,2015-11-01
prophet_repro,2015-12-01,6753.0,6798.69753416281,12,1,2015-11-01
prophet_repro,2016-01-01,6753.0,6808.849972050207,12,2,2015-11-01
prophet_repro,2016-02-01,6385.0,6111.511633627261,12,3,2015-11-01
prophet_repro,2016-03-01,7164.0,6614.878449710109,12,4,2015-11-01
prophet_repro,2016-04-01,7192.0,6635.982159572082,12,5,2015-11-01
prophet_repro,2016-05-01,7743.0,7648.628220527748,12,6,2015-11-01
prophet_temp,2015-12-01,6753.0,6806.682970514186,12,1,2015-11-01
prophet_temp,2016-01-01,6753.0,6842.290091213853,12,2,2015-11-01
prophet_temp,2016-02-01,6385.0,6163.5769215093915,12,3,2015-11-01
prophet_temp,2016-03-01,7164.0,6645.184567915438,12,4,2015-11-01
prophet_temp,2016-04-01,7192.0,6668.598330396573,12,5,2015-11-01
prophet_temp,2016-05-01,7743.0,7683.528060257502,12,6,2015-11-01
prophet_temp_ceiling,2015-12-01,6753.0,6784.467098718154,12,1,2015-11-01
prophet_temp_ceiling,2016-01-01,6753.0,6850.251410458164,12,2,2015-11-01
prophet_temp_ceiling,2016-02-01,6385.0,6148.917984488118,12,3,2015-11-01
prophet_temp_ceiling,2016-03-01,7164.0,6614.476622258806,12,4,2015-11-01
prophet_temp_ceiling,2016-04-01,7192.0,6591.828466254994,12,5,2015-11-01
prophet_temp_ceiling,2016-05-01,7743.0,7686.940054219351,12,6,2015-11-01
naive,2016-01-01,6753.0,6753.0,13,1,2015-12-01
naive,2016-02-01,6385.0,6753.0,13,2,2015-12-01
naive,2016-03-01,7164.0,6753.0,13,3,2015-12-01
naive,2016-04-01,7192.0,6753.0,13,4,2015-12-01
naive,2016-05-01,7743.0,6753.0,13,5,2015-12-01
naive,2016-06-01,8767.0,6753.0,13,6,2015-12-01
snaive,2016-01-01,6753.0,7184.0,13,1,2015-12-01
snaive,2016-02-01,6385.0,5958.0,13,2,2015-12-01
snaive,2016-03-01,7164.0,6658.0,13,3,2015-12-01
snaive,2016-04-01,7192.0,7069.0,13,4,2015-12-01
snaive,2016-05-01,7743.0,8099.0,13,5,2015-12-01
snaive,2016-06-01,8767.0,7868.0,13,6,2015-12-01
snaive_drift,2016-01-01,6753.0,7185.583333333333,13,1,2015-12-01
snaive_drift,2016-02-01,6385.0,5961.166666666667,13,2,2015-12-01
snaive_drift,2016-03-01,7164.0,6662.75,13,3,2015-12-01
snaive_drift,2016-04-01,7192.0,7075.333333333333,13,4,2015-12-01
snaive_drift,2016-05-01,7743.0,8106.916666666667,13,5,2015-12-01
snaive_drift,2016-06-01,8767.0,7877.5,13,6,2015-12-01
prophet_repro,2016-01-01,6753.0,6804.148188848656,13,1,2015-12-01
prophet_repro,2016-02-01,6385.0,6104.58099425169,13,2,2015-12-01
prophet_repro,2016-03-01,7164.0,6605.296664556483,13,3,2015-12-01
prophet_repro,2016-04-01,7192.0,6627.763446978085,13,4,2015-12-01
prophet_repro,2016-05-01,7743.0,7642.373631408634,13,5,2015-12-01
prophet_repro,2016-06-01,8767.0,7549.894828916673,13,6,2015-12-01
prophet_temp,2016-01-01,6753.0,6846.757526809327,13,1,2015-12-01
prophet_temp,2016-02-01,6385.0,6169.002837718063,13,2,2015-12-01
prophet_temp,2016-03-01,7164.0,6647.633700487119,13,3,2015-12-01
prophet_temp,2016-04-01,7192.0,6671.890709546201,13,4,2015-12-01
prophet_temp,2016-05-01,7743.0,7686.980129180919,13,5,2015-12-01
prophet_temp,2016-06-01,8767.0,7645.412982107451,13,6,2015-12-01
prophet_temp_ceiling,2016-01-01,6753.0,6854.9999624767615,13,1,2015-12-01
prophet_temp_ceiling,2016-02-01,6385.0,6153.82628950501,13,2,2015-12-01
prophet_temp_ceiling,2016-03-01,7164.0,6615.841448627017,13,3,2015-12-01
prophet_temp_ceiling,2016-04-01,7192.0,6592.4100798959425,13,4,2015-12-01
prophet_temp_ceiling,2016-05-01,7743.0,7690.51260160982,13,5,2015-12-01
prophet_temp_ceiling,2016-06-01,8767.0,7725.547773318617,13,6,2015-12-01
naive,2016-02-01,6385.0,6753.0,14,1,2016-01-01
naive,2016-03-01,7164.0,6753.0,14,2,2016-01-01
naive,2016-04-01,7192.0,6753.0,14,3,2016-01-01
naive,2016-05-01,7743.0,6753.0,14,4,2016-01-01
naive,2016-06-01,8767.0,6753.0,14,5,2016-01-01
naive,2016-07-01,8479.0,6753.0,14,6,2016-01-01
snaive,2016-02-01,6385.0,5958.0,14,1,2016-01-01
snaive,2016-03-01,7164.0,6658.0,14,2,2016-01-01
snaive,2016-04-01,7192.0,7069.0,14,3,2016-01-01
snaive,2016-05-01,7743.0,8099.0,14,4,2016-01-01
snaive,2016-06-01,8767.0,7868.0,14,5,2016-01-01
snaive,2016-07-01,8479.0,7986.0,14,6,2016-01-01
snaive_drift,2016-02-01,6385.0,5922.083333333333,14,1,2016-01-01
snaive_drift,2016-03-01,7164.0,6586.166666666667,14,2,2016-01-01
snaive_drift,2016-04-01,7192.0,6961.25,14,3,2016-01-01
snaive_drift,2016-05-01,7743.0,7955.333333333333,14,4,2016-01-01
snaive_drift,2016-06-01,8767.0,7688.416666666667,14,5,2016-01-01
snaive_drift,2016-07-01,8479.0,7770.5,14,6,2016-01-01
prophet_repro,2016-02-01,6385.0,6107.503528211128,14,1,2016-01-01
prophet_repro,2016-03-01,7164.0,6601.893770735792,14,2,2016-01-01
prophet_repro,2016-04-01,7192.0,6626.455937670604,14,3,2016-01-01
prophet_repro,2016-05-01,7743.0,7642.325666791634,14,4,2016-01-01
prophet_repro,2016-06-01,8767.0,7551.922374754704,14,5,2016-01-01
prophet_repro,2016-07-01,8479.0,8291.579182043977,14,6,2016-01-01
prophet_temp,2016-02-01,6385.0,6153.259149329396,14,1,2016-01-01
prophet_temp,2016-03-01,7164.0,6625.27267625494,14,2,2016-01-01
prophet_temp,2016-04-01,7192.0,6652.100600699965,14,3,2016-01-01
prophet_temp,2016-05-01,7743.0,7670.162299643544,14,4,2016-01-01
prophet_temp,2016-06-01,8767.0,7623.147064172334,14,5,2016-01-01
prophet_temp,2016-07-01,8479.0,8308.040556917556,14,6,2016-01-01
prophet_temp_ceiling,2016-02-01,6385.0,6139.720352285734,14,1,2016-01-01
prophet_temp_ceiling,2016-03-01,7164.0,6596.911230723824,14,2,2016-01-01
prophet_temp_ceiling,2016-04-01,7192.0,6581.1969868721735,14,3,2016-01-01
prophet_temp_ceiling,2016-05-01,7743.0,7673.3135713692245,14,4,2016-01-01
prophet_temp_ceiling,2016-06-01,8767.0,7694.6342468382145,14,5,2016-01-01
prophet_temp_ceiling,2016-07-01,8479.0,8320.41221628504,14,6,2016-01-01
naive,2016-03-01,7164.0,6385.0,15,1,2016-02-01
naive,2016-04-01,7192.0,6385.0,15,2,2016-02-01
naive,2016-05-01,7743.0,6385.0,15,3,2016-02-01
naive,2016-06-01,8767.0,6385.0,15,4,2016-02-01
naive,2016-07-01,8479.0,6385.0,15,5,2016-02-01
naive,2016-08-01,7890.0,6385.0,15,6,2016-02-01
snaive,2016-03-01,7164.0,6658.0,15,1,2016-02-01
snaive,2016-04-01,7192.0,7069.0,15,2,2016-02-01
snaive,2016-05-01,7743.0,8099.0,15,3,2016-02-01
snaive,2016-06-01,8767.0,7868.0,15,4,2016-02-01
snaive,2016-07-01,8479.0,7986.0,15,5,2016-02-01
snaive,2016-08-01,7890.0,7251.0,15,6,2016-02-01
snaive_drift,2016-03-01,7164.0,6693.583333333333,15,1,2016-02-01
snaive_drift,2016-04-01,7192.0,7140.166666666667,15,2,2016-02-01
snaive_drift,2016-05-01,7743.0,8205.75,15,3,2016-02-01
snaive_drift,2016-06-01,8767.0,8010.333333333333,15,4,2016-02-01
snaive_drift,2016-07-01,8479.0,8163.916666666667,15,5,2016-02-01
snaive_drift,2016-08-01,7890.0,7464.5,15,6,2016-02-01
prophet_repro,2016-03-01,7164.0,6638.759605321828,15,1,2016-02-01
prophet_repro,2016-04-01,7192.0,6655.596598654884,15,2,2016-02-01
prophet_repro,2016-05-01,7743.0,7662.909867575583,15,3,2016-02-01
prophet_repro,2016-06-01,8767.0,7565.632377230935,15,4,2016-02-01
prophet_repro,2016-07-01,8479.0,8299.116583496058,15,5,2016-02-01
prophet_repro,2016-08-01,7890.0,7686.572307440889,15,6,2016-02-01
prophet_temp,2016-03-01,7164.0,6674.590304075651,15,1,2016-02-01
prophet_temp,2016-04-01,7192.0,6696.51717838707,15,2,2016-02-01
prophet_temp,2016-05-01,7743.0,7707.922415850407,15,3,2016-02-01
prophet_temp,2016-06-01,8767.0,7664.275309185301,15,4,2016-02-01
prophet_temp,2016-07-01,8479.0,8332.096901363297,15,5,2016-02-01
prophet_temp,2016-08-01,7890.0,7725.837678278815,15,6,2016-02-01
prophet_temp_ceiling,2016-03-01,7164.0,6640.751002206119,15,1,2016-02-01
prophet_temp_ceiling,2016-04-01,7192.0,6611.918923713239,15,2,2016-02-01
prophet_temp_ceiling,2016-05-01,7743.0,7711.682338280355,15,3,2016-02-01
prophet_temp_ceiling,2016-06-01,8767.0,7749.569845790604,15,4,2016-02-01
prophet_temp_ceiling,2016-07-01,8479.0,8346.858078310499,15,5,2016-02-01
prophet_temp_ceiling,2016-08-01,7890.0,7728.692434197848,15,6,2016-02-01
naive,2016-04-01,7192.0,7164.0,16,1,2016-03-01
naive,2016-05-01,7743.0,7164.0,16,2,2016-03-01
naive,2016-06-01,8767.0,7164.0,16,3,2016-03-01
naive,2016-07-01,8479.0,7164.0,16,4,2016-03-01
naive,2016-08-01,7890.0,7164.0,16,5,2016-03-01
naive,2016-09-01,7317.0,7164.0,16,6,2016-03-01
snaive,2016-04-01,7192.0,7069.0,16,1,2016-03-01
snaive,2016-05-01,7743.0,8099.0,16,2,2016-03-01
snaive,2016-06-01,8767.0,7868.0,16,3,2016-03-01
snaive,2016-07-01,8479.0,7986.0,16,4,2016-03-01
snaive,2016-08-01,7890.0,7251.0,16,5,2016-03-01
snaive,2016-09-01,7317.0,7163.0,16,6,2016-03-01
snaive_drift,2016-04-01,7192.0,7111.166666666667,16,1,2016-03-01
snaive_drift,2016-05-01,7743.0,8183.333333333333,16,2,2016-03-01
snaive_drift,2016-06-01,8767.0,7994.5,16,3,2016-03-01
snaive_drift,2016-07-01,8479.0,8154.666666666667,16,4,2016-03-01
snaive_drift,2016-08-01,7890.0,7461.833333333333,16,5,2016-03-01
snaive_drift,2016-09-01,7317.0,7416.0,16,6,2016-03-01
prophet_repro,2016-04-01,7192.0,6651.127830978371,16,1,2016-03-01
prophet_repro,2016-05-01,7743.0,7671.491962967286,16,2,2016-03-01
prophet_repro,2016-06-01,8767.0,7588.711115078963,16,3,2016-03-01
prophet_repro,2016-07-01,8479.0,8336.817559934303,16,4,2016-03-01
prophet_repro,2016-08-01,7890.0,7734.249980983562,16,5,2016-03-01
prophet_repro,2016-09-01,7317.0,7207.7523100172375,16,6,2016-03-01
prophet_temp,2016-04-01,7192.0,6681.32420578476,16,1,2016-03-01
prophet_temp,2016-05-01,7743.0,7705.440700573232,16,2,2016-03-01
prophet_temp,2016-06-01,8767.0,7674.419470887145,16,3,2016-03-01
prophet_temp,2016-07-01,8479.0,8359.86780812589,16,4,2016-03-01
prophet_temp,2016-08-01,7890.0,7763.455033226238,16,5,2016-03-01
prophet_temp,2016-09-01,7317.0,7250.268495641461,16,6,2016-03-01
prophet_temp_ceiling,2016-04-01,7192.0,6601.737976807015,16,1,2016-03-01
prophet_temp_ceiling,2016-05-01,7743.0,7708.977866305576,16,2,2016-03-01
prophet_temp_ceiling,2016-06-01,8767.0,7754.660730556065,16,3,2016-03-01
prophet_temp_ceiling,2016-07-01,8479.0,8373.754458778796,16,4,2016-03-01
prophet_temp_ceiling,2016-08-01,7890.0,7766.1406590600545,16,5,2016-03-01
prophet_temp_ceiling,2016-09-01,7317.0,7257.801348589973,16,6,2016-03-01
naive,2016-05-01,7743.0,7192.0,17,1,2016-04-01
naive,2016-06-01,8767.0,7192.0,17,2,2016-04-01
naive,2016-07-01,8479.0,7192.0,17,3,2016-04-01
naive,2016-08-01,7890.0,7192.0,17,4,2016-04-01
naive,2016-09-01,7317.0,7192.0,17,5,2016-04-01
naive,2016-10-01,7426.0,7192.0,17,6,2016-04-01
snaive,2016-05-01,7743.0,8099.0,17,1,2016-04-01
snaive,2016-06-01,8767.0,7868.0,17,2,2016-04-01
snaive,2016-07-01,8479.0,7986.0,17,3,2016-04-01
snaive,2016-08-01,7890.0,7251.0,17,4,2016-04-01
snaive,2016-09-01,7317.0,7163.0,17,5,2016-04-01
snaive,2016-10-01,7426.0,6690.0,17,6,2016-04-01
snaive_drift,2016-05-01,7743.0,8109.25,17,1,2016-04-01
snaive_drift,2016-06-01,8767.0,7888.5,17,2,2016-04-01
snaive_drift,2016-07-01,8479.0,8016.75,17,3,2016-04-01
snaive_drift,2016-08-01,7890.0,7292.0,17,4,2016-04-01
snaive_drift,2016-09-01,7317.0,7214.25,17,5,2016-04-01
snaive_drift,2016-10-01,7426.0,6751.5,17,6,2016-04-01
prophet_repro,2016-05-01,7743.0,7670.289389610379,17,1,2016-04-01
prophet_repro,2016-06-01,8767.0,7598.422688451173,17,2,2016-04-01
prophet_repro,2016-07-01,8479.0,8360.24073510342,17,3,2016-04-01
prophet_repro,2016-08-01,7890.0,7771.125937273939,17,4,2016-04-01
prophet_repro,2016-09-01,7317.0,7254.039875799215,17,5,2016-04-01
prophet_repro,2016-10-01,7426.0,7220.094251578841,17,6,2016-04-01
prophet_temp,2016-05-01,7743.0,7687.451367466438,17,1,2016-04-01
prophet_temp,2016-06-01,8767.0,7648.612882667192,17,2,2016-04-01
prophet_temp,2016-07-01,8479.0,8371.614432595637,17,3,2016-04-01
prophet_temp,2016-08-01,7890.0,7788.045131601491,17,4,2016-04-01
prophet_temp,2016-09-01,7317.0,7279.913106439929,17,5,2016-04-01
prophet_temp,2016-10-01,7426.0,7242.737326595111,17,6,2016-04-01
prophet_temp_ceiling,2016-05-01,7743.0,7689.663217777725,17,1,2016-04-01
prophet_temp_ceiling,2016-06-01,8767.0,7698.78911658066,17,2,2016-04-01
prophet_temp_ceiling,2016-07-01,8479.0,8380.297993076989,17,3,2016-04-01
prophet_temp_ceiling,2016-08-01,7890.0,7789.724499430432,17,4,2016-04-01
prophet_temp_ceiling,2016-09-01,7317.0,7284.623528399153,17,5,2016-04-01
prophet_temp_ceiling,2016-10-01,7426.0,7238.149785208737,17,6,2016-04-01
naive,2016-06-01,8767.0,7743.0,18,1,2016-05-01
naive,2016-07-01,8479.0,7743.0,18,2,2016-05-01
naive,2016-08-01,7890.0,7743.0,18,3,2016-05-01
naive,2016-09-01,7317.0,7743.0,18,4,2016-05-01
naive,2016-10-01,7426.0,7743.0,18,5,2016-05-01
naive,2016-11-01,6700.0,7743.0,18,6,2016-05-01
snaive,2016-06-01,8767.0,7868.0,18,1,2016-05-01
snaive,2016-07-01,8479.0,7986.0,18,2,2016-05-01
snaive,2016-08-01,7890.0,7251.0,18,3,2016-05-01
snaive,2016-09-01,7317.0,7163.0,18,4,2016-05-01
snaive,2016-10-01,7426.0,6690.0,18,5,2016-05-01
snaive,2016-11-01,6700.0,6392.0,18,6,2016-05-01
snaive_drift,2016-06-01,8767.0,7838.333333333333,18,1,2016-05-01
snaive_drift,2016-07-01,8479.0,7926.666666666667,18,2,2016-05-01
snaive_drift,2016-08-01,7890.0,7162.0,18,3,2016-05-01
snaive_drift,2016-09-01,7317.0,7044.333333333333,18,4,2016-05-01
snaive_drift,2016-10-01,7426.0,6541.666666666667,18,5,2016-05-01
snaive_drift,2016-11-01,6700.0,6214.0,18,6,2016-05-01
prophet_repro,2016-06-01,8767.0,7600.110976072883,18,1,2016-05-01
prophet_repro,2016-07-01,8479.0,8363.232693661943,18,2,2016-05-01
prophet_repro,2016-08-01,7890.0,7775.900842114825,18,3,2016-05-01
prophet_repro,2016-09-01,7317.0,7260.224877379504,18,4,2016-05-01
prophet_repro,2016-10-01,7426.0,7227.415347994126,18,5,2016-05-01
prophet_repro,2016-11-01,6700.0,6550.647247561252,18,6,2016-05-01
prophet_temp,2016-06-01,8767.0,7658.103100653586,18,1,2016-05-01
prophet_temp,2016-07-01,8479.0,8379.02447914832,18,2,2016-05-01
prophet_temp,2016-08-01,7890.0,7795.492611896575,18,3,2016-05-01
prophet_temp,2016-09-01,7317.0,7289.276244161203,18,4,2016-05-01
prophet_temp,2016-10-01,7426.0,7252.9925816609475,18,5,2016-05-01
prophet_temp,2016-11-01,6700.0,6574.862574563925,18,6,2016-05-01
prophet_temp_ceiling,2016-06-01,8767.0,7711.457419521868,18,1,2016-05-01
prophet_temp_ceiling,2016-07-01,8479.0,8388.258042903482,18,2,2016-05-01
prophet_temp_ceiling,2016-08-01,7890.0,7797.278348283187,18,3,2016-05-01
prophet_temp_ceiling,2016-09-01,7317.0,7294.28501695292,18,4,2016-05-01
prophet_temp_ceiling,2016-10-01,7426.0,7248.114472507275,18,5,2016-05-01
prophet_temp_ceiling,2016-11-01,6700.0,6585.751211067656,18,6,2016-05-01
naive,2016-07-01,8479.0,8767.0,19,1,2016-06-01
naive,2016-08-01,7890.0,8767.0,19,2,2016-06-01
naive,2016-09-01,7317.0,8767.0,19,3,2016-06-01
naive,2016-10-01,7426.0,8767.0,19,4,2016-06-01
naive,2016-11-01,6700.0,8767.0,19,5,2016-06-01
naive,2016-12-01,6994.0,8767.0,19,6,2016-06-01
snaive,2016-07-01,8479.0,7986.0,19,1,2016-06-01
snaive,2016-08-01,7890.0,7251.0,19,2,2016-06-01
snaive,2016-09-01,7317.0,7163.0,19,3,2016-06-01
snaive,2016-10-01,7426.0,6690.0,19,4,2016-06-01
snaive,2016-11-01,6700.0,6392.0,19,5,2016-06-01
snaive,2016-12-01,6994.0,6753.0,19,6,2016-06-01
snaive_drift,2016-07-01,8479.0,8060.916666666667,19,1,2016-06-01
snaive_drift,2016-08-01,7890.0,7400.833333333333,19,2,2016-06-01
snaive_drift,2016-09-01,7317.0,7387.75,19,3,2016-06-01
snaive_drift,2016-10-01,7426.0,6989.666666666667,19,4,2016-06-01
snaive_drift,2016-11-01,6700.0,6766.583333333333,19,5,2016-06-01
snaive_drift,2016-12-01,6994.0,7202.5,19,6,2016-06-01
prophet_repro,2016-07-01,8479.0,8436.872912571429,19,1,2016-06-01
prophet_repro,2016-08-01,7890.0,7868.56972473246,19,2,2016-06-01
prophet_repro,2016-09-01,7317.0,7374.311459634716,19,3,2016-06-01
prophet_repro,2016-10-01,7426.0,7368.586291514185,19,4,2016-06-01
prophet_repro,2016-11-01,6700.0,6719.6086369965615,19,5,2016-06-01
prophet_repro,2016-12-01,6994.0,7161.343543944833,19,6,2016-06-01
prophet_temp,2016-07-01,8479.0,8468.642159813633,19,1,2016-06-01
prophet_temp,2016-08-01,7890.0,7908.0492171975275,19,2,2016-06-01
prophet_temp,2016-09-01,7317.0,7439.394748792312,19,3,2016-06-01
prophet_temp,2016-10-01,7426.0,7413.389013732449,19,4,2016-06-01
prophet_temp,2016-11-01,6700.0,6750.928171088898,19,5,2016-06-01
prophet_temp,2016-12-01,6994.0,7258.566601743383,19,6,2016-06-01
prophet_temp_ceiling,2016-07-01,8479.0,8498.439313231114,19,1,2016-06-01
prophet_temp_ceiling,2016-08-01,7890.0,7913.81187422638,19,2,2016-06-01
prophet_temp_ceiling,2016-09-01,7317.0,7455.558298995192,19,3,2016-06-01
prophet_temp_ceiling,2016-10-01,7426.0,7397.647121360949,19,4,2016-06-01
prophet_temp_ceiling,2016-11-01,6700.0,6786.0663237038525,19,5,2016-06-01
prophet_temp_ceiling,2016-12-01,6994.0,7291.59646520144,19,6,2016-06-01
naive,2016-08-01,7890.0,8479.0,20,1,2016-07-01
naive,2016-09-01,7317.0,8479.0,20,2,2016-07-01
naive,2016-10-01,7426.0,8479.0,20,3,2016-07-01
naive,2016-11-01,6700.0,8479.0,20,4,2016-07-01
naive,2016-12-01,6994.0,8479.0,20,5,2016-07-01
naive,2017-01-01,6788.0,8479.0,20,6,2016-07-01
snaive,2016-08-01,7890.0,7251.0,20,1,2016-07-01
snaive,2016-09-01,7317.0,7163.0,20,2,2016-07-01
snaive,2016-10-01,7426.0,6690.0,20,3,2016-07-01
snaive,2016-11-01,6700.0,6392.0,20,4,2016-07-01
snaive,2016-12-01,6994.0,6753.0,20,5,2016-07-01
snaive,2017-01-01,6788.0,6753.0,20,6,2016-07-01
snaive_drift,2016-08-01,7890.0,7292.083333333333,20,1,2016-07-01
snaive_drift,2016-09-01,7317.0,7245.166666666667,20,2,2016-07-01
snaive_drift,2016-10-01,7426.0,6813.25,20,3,2016-07-01
snaive_drift,2016-11-01,6700.0,6556.333333333333,20,4,2016-07-01
snaive_drift,2016-12-01,6994.0,6958.416666666667,20,5,2016-07-01
snaive_drift,2017-01-01,6788.0,6999.5,20,6,2016-07-01
prophet_repro,2016-08-01,7890.0,7861.584592645693,20,1,2016-07-01
prophet_repro,2016-09-01,7317.0,7367.668151966575,20,2,2016-07-01
prophet_repro,2016-10-01,7426.0,7362.90684466465,20,3,2016-07-01
prophet_repro,2016-11-01,6700.0,6715.099082118559,20,4,2016-07-01
prophet_repro,2016-12-01,6994.0,7157.87356175446,20,5,2016-07-01
prophet_repro,2017-01-01,6788.0,7037.314058960559,20,6,2016-07-01
prophet_temp,2016-08-01,7890.0,7896.742699183527,20,1,2016-07-01
prophet_temp,2016-09-01,7317.0,7426.686541692894,20,2,2016-07-01
prophet_temp,2016-10-01,7426.0,7401.082886679787,20,3,2016-07-01
prophet_temp,2016-11-01,6700.0,6737.79373350785,20,4,2016-07-01
prophet_temp,2016-12-01,6994.0,7246.907986046193,20,5,2016-07-01
prophet_temp,2017-01-01,6788.0,7088.756828304225,20,6,2016-07-01
prophet_temp_ceiling,2016-08-01,7890.0,7902.626045500865,20,1,2016-07-01
prophet_temp_ceiling,2016-09-01,7317.0,7443.188610631769,20,2,2016-07-01
prophet_temp_ceiling,2016-10-01,7426.0,7385.01130649584,20,3,2016-07-01
prophet_temp_ceiling,2016-11-01,6700.0,6773.667796418447,20,4,2016-07-01
prophet_temp_ceiling,2016-12-01,6994.0,7280.6296051821555,20,5,2016-07-01
prophet_temp_ceiling,2017-01-01,6788.0,7065.510435538158,20,6,2016-07-01
naive,2016-09-01,7317.0,7890.0,21,1,2016-08-01
naive,2016-10-01,7426.0,7890.0,21,2,2016-08-01
naive,2016-11-01,6700.0,7890.0,21,3,2016-08-01
naive,2016-12-01,6994.0,7890.0,21,4,2016-08-01
naive,2017-01-01,6788.0,7890.0,21,5,2016-08-01
naive,2017-02-01,6271.0,7890.0,21,6,2016-08-01
snaive,2016-09-01,7317.0,7163.0,21,1,2016-08-01
snaive,2016-10-01,7426.0,6690.0,21,2,2016-08-01
snaive,2016-11-01,6700.0,6392.0,21,3,2016-08-01
snaive,2016-12-01,6994.0,6753.0,21,4,2016-08-01
snaive,2017-01-01,6788.0,6753.0,21,5,2016-08-01
snaive,2017-02-01,6271.0,6385.0,21,6,2016-08-01
snaive_drift,2016-09-01,7317.0,7216.25,21,1,2016-08-01
snaive_drift,2016-10-01,7426.0,6796.5,21,2,2016-08-01
snaive_drift,2016-11-01,6700.0,6551.75,21,3,2016-08-01
snaive_drift,2016-12-01,6994.0,6966.0,21,4,2016-08-01
snaive_drift,2017-01-01,6788.0,7019.25,21,5,2016-08-01
snaive_drift,2017-02-01,6271.0,6704.5,21,6,2016-08-01
prophet_repro,2016-09-01,7317.0,7372.507733614143,21,1,2016-08-01
prophet_repro,2016-10-01,7426.0,7368.219169503309,21,2,2016-08-01
prophet_repro,2016-11-01,6700.0,6721.196998093537,21,3,2016-08-01
prophet_repro,2016-12-01,6994.0,7164.985523910033,21,4,2016-08-01
prophet_repro,2017-01-01,6788.0,7043.833353744749,21,5,2016-08-01
prophet_repro,2017-02-01,6271.0,6759.243670125995,21,6,2016-08-01
prophet_temp,2016-09-01,7317.0,7414.976816644432,21,1,2016-08-01
prophet_temp,2016-10-01,7426.0,7390.16272147933,21,2,2016-08-01
prophet_temp,2016-11-01,6700.0,6726.365406463541,21,3,2016-08-01
prophet_temp,2016-12-01,6994.0,7235.791116708966,21,4,2016-08-01
prophet_temp,2017-01-01,6788.0,7075.325020176911,21,5,2016-08-01
prophet_temp,2017-02-01,6271.0,6736.207098616762,21,6,2016-08-01
prophet_temp_ceiling,2016-09-01,7317.0,7431.5632132325245,21,1,2016-08-01
prophet_temp_ceiling,2016-10-01,7426.0,7374.009013497884,21,2,2016-08-01
prophet_temp_ceiling,2016-11-01,6700.0,6762.4227903507,21,3,2016-08-01
prophet_temp_ceiling,2016-12-01,6994.0,7269.685057562895,21,4,2016-08-01
prophet_temp_ceiling,2017-01-01,6788.0,7051.959835418032,21,5,2016-08-01
prophet_temp_ceiling,2017-02-01,6271.0,6733.4873416607015,21,6,2016-08-01
naive,2016-10-01,7426.0,7317.0,22,1,2016-09-01
naive,2016-11-01,6700.0,7317.0,22,2,2016-09-01
naive,2016-12-01,6994.0,7317.0,22,3,2016-09-01
naive,2017-01-01,6788.0,7317.0,22,4,2016-09-01
naive,2017-02-01,6271.0,7317.0,22,5,2016-09-01
naive,2017-03-01,6794.0,7317.0,22,6,2016-09-01
snaive,2016-10-01,7426.0,6690.0,22,1,2016-09-01
snaive,2016-11-01,6700.0,6392.0,22,2,2016-09-01
snaive,2016-12-01,6994.0,6753.0,22,3,2016-09-01
snaive,2017-01-01,6788.0,6753.0,22,4,2016-09-01
snaive,2017-02-01,6271.0,6385.0,22,5,2016-09-01
snaive,2017-03-01,6794.0,7164.0,22,6,2016-09-01
snaive_drift,2016-10-01,7426.0,6702.833333333333,22,1,2016-09-01
snaive_drift,2016-11-01,6700.0,6417.666666666667,22,2,2016-09-01
snaive_drift,2016-12-01,6994.0,6791.5,22,3,2016-09-01
snaive_drift,2017-01-01,6788.0,6804.333333333333,22,4,2016-09-01
snaive_drift,2017-02-01,6271.0,6449.166666666667,22,5,2016-09-01
snaive_drift,2017-03-01,6794.0,7241.0,22,6,2016-09-01
prophet_repro,2016-10-01,7426.0,7366.148068090151,22,1,2016-09-01
prophet_repro,2016-11-01,6700.0,6718.347956744188,22,2,2016-09-01
prophet_repro,2016-12-01,6994.0,7160.595732269605,22,3,2016-09-01
prophet_repro,2017-01-01,6788.0,7036.874177530219,22,4,2016-09-01
prophet_repro,2017-02-01,6271.0,6750.162187943549,22,5,2016-09-01
prophet_repro,2017-03-01,6794.0,7071.939514296397,22,6,2016-09-01
prophet_temp,2016-10-01,7426.0,7387.019468308954,22,1,2016-09-01
prophet_temp,2016-11-01,6700.0,6723.621975815773,22,2,2016-09-01
prophet_temp,2016-12-01,6994.0,7228.347115345249,22,3,2016-09-01
prophet_temp,2017-01-01,6788.0,7061.270496586812,22,4,2016-09-01
prophet_temp,2017-02-01,6271.0,6717.32052541411,22,5,2016-09-01
prophet_temp,2017-03-01,6794.0,7083.478798302101,22,6,2016-09-01
prophet_temp_ceiling,2016-10-01,7426.0,7371.222396020561,22,1,2016-09-01
prophet_temp_ceiling,2016-11-01,6700.0,6758.883297888079,22,2,2016-09-01
prophet_temp_ceiling,2016-12-01,6994.0,7261.492758093217,22,3,2016-09-01
prophet_temp_ceiling,2017-01-01,6788.0,7038.421159883958,22,4,2016-09-01
prophet_temp_ceiling,2017-02-01,6271.0,6714.660814263514,22,5,2016-09-01
prophet_temp_ceiling,2017-03-01,6794.0,7097.502729823429,22,6,2016-09-01
naive,2016-11-01,6700.0,7426.0,23,1,2016-10-01
naive,2016-12-01,6994.0,7426.0,23,2,2016-10-01
naive,2017-01-01,6788.0,7426.0,23,3,2016-10-01
naive,2017-02-01,6271.0,7426.0,23,4,2016-10-01
naive,2017-03-01,6794.0,7426.0,23,5,2016-10-01
naive,2017-04-01,6884.0,7426.0,23,6,2016-10-01
snaive,2016-11-01,6700.0,6392.0,23,1,2016-10-01
snaive,2016-12-01,6994.0,6753.0,23,2,2016-10-01
snaive,2017-01-01,6788.0,6753.0,23,3,2016-10-01
snaive,2017-02-01,6271.0,6385.0,23,4,2016-10-01
snaive,2017-03-01,6794.0,7164.0,23,5,2016-10-01
snaive,2017-04-01,6884.0,7192.0,23,6,2016-10-01
snaive_drift,2016-11-01,6700.0,6453.333333333333,23,1,2016-10-01
snaive_drift,2016-12-01,6994.0,6875.666666666667,23,2,2016-10-01
snaive_drift,2017-01-01,6788.0,6937.0,23,3,2016-10-01
snaive_drift,2017-02-01,6271.0,6630.333333333333,23,4,2016-10-01
snaive_drift,2017-03-01,6794.0,7470.666666666667,23,5,2016-10-01
snaive_drift,2017-04-01,6884.0,7560.0,23,6,2016-10-01
prophet_repro,2016-11-01,6700.0,6710.410538192185,23,1,2016-10-01
prophet_repro,2016-12-01,6994.0,7153.950606371897,23,2,2016-10-01
prophet_repro,2017-01-01,6788.0,7034.375624652781,23,3,2016-10-01
prophet_repro,2017-02-01,6271.0,6749.491302878026,23,4,2016-10-01
prophet_repro,2017-03-01,6794.0,7069.69950091445,23,5,2016-10-01
prophet_repro,2017-04-01,6884.0,7119.536603404795,23,6,2016-10-01
prophet_temp,2016-11-01,6700.0,6737.377845971154,23,1,2016-10-01
prophet_temp,2016-12-01,6994.0,7241.168762402618,23,2,2016-10-01
prophet_temp,2017-01-01,6788.0,7080.5622740385015,23,3,2016-10-01
prophet_temp,2017-02-01,6271.0,6739.375858267129,23,4,2016-10-01
prophet_temp,2017-03-01,6794.0,7103.209320080929,23,5,2016-10-01
prophet_temp,2017-04-01,6884.0,7165.363681755165,23,6,2016-10-01
prophet_temp_ceiling,2016-11-01,6700.0,6772.333134705475,23,1,2016-10-01
prophet_temp_ceiling,2016-12-01,6994.0,7274.026733812879,23,2,2016-10-01
prophet_temp_ceiling,2017-01-01,6788.0,7057.911246938662,23,3,2016-10-01
prophet_temp_ceiling,2017-02-01,6271.0,6736.739230774026,23,4,2016-10-01
prophet_temp_ceiling,2017-03-01,6794.0,7117.111537771836,23,5,2016-10-01
prophet_temp_ceiling,2017-04-01,6884.0,7217.7366915045295,23,6,2016-10-01
naive,2016-12-01,6994.0,6700.0,24,1,2016-11-01
naive,2017-01-01,6788.0,6700.0,24,2,2016-11-01
naive,2017-02-01,6271.0,6700.0,24,3,2016-11-01
naive,2017-03-01,6794.0,6700.0,24,4,2016-11-01
naive,2017-04-01,6884.0,6700.0,24,5,2016-11-01
naive,2017-05-01,7651.0,6700.0,24,6,2016-11-01
snaive,2016-12-01,6994.0,6753.0,24,1,2016-11-01
snaive,2017-01-01,6788.0,6753.0,24,2,2016-11-01
snaive,2017-02-01,6271.0,6385.0,24,3,2016-11-01
snaive,2017-03-01,6794.0,7164.0,24,4,2016-11-01
snaive,2017-04-01,6884.0,7192.0,24,5,2016-11-01
snaive,2017-05-01,7651.0,7743.0,24,6,2016-11-01
snaive_drift,2016-12-01,6994.0,6778.666666666667,24,1,2016-11-01
snaive_drift,2017-01-01,6788.0,6804.333333333333,24,2,2016-11-01
snaive_drift,2017-02-01,6271.0,6462.0,24,3,2016-11-01
snaive_drift,2017-03-01,6794.0,7266.666666666667,24,4,2016-11-01
snaive_drift,2017-04-01,6884.0,7320.333333333333,24,5,2016-11-01
snaive_drift,2017-05-01,7651.0,7897.0,24,6,2016-11-01
prophet_repro,2016-12-01,6994.0,7158.522558372588,24,1,2016-11-01
prophet_repro,2017-01-01,6788.0,7038.76650897298,24,2,2016-11-01
prophet_repro,2017-02-01,6271.0,6754.276144922391,24,3,2016-11-01
prophet_repro,2017-03-01,6794.0,7073.751337050503,24,4,2016-11-01
prophet_repro,2017-04-01,6884.0,7123.812616607326,24,5,2016-11-01
prophet_repro,2017-05-01,7651.0,7985.608914833529,24,6,2016-11-01
prophet_temp,2016-12-01,6994.0,7234.354272676789,24,1,2016-11-01
prophet_temp,2017-01-01,6788.0,7071.0926038046255,24,2,2016-11-01
prophet_temp,2017-02-01,6271.0,6727.951802542842,24,3,2016-11-01
prophet_temp,2017-03-01,6794.0,7090.607786828513,24,4,2016-11-01
prophet_temp,2017-04-01,6884.0,7151.691916891959,24,5,2016-11-01
prophet_temp,2017-05-01,7651.0,7998.913957654307,24,6,2016-11-01
prophet_temp_ceiling,2016-12-01,6994.0,7267.186903901876,24,1,2016-11-01
prophet_temp_ceiling,2017-01-01,6788.0,7048.4590452579705,24,2,2016-11-01
prophet_temp_ceiling,2017-02-01,6271.0,6725.317208426301,24,3,2016-11-01
prophet_temp_ceiling,2017-03-01,6794.0,7104.49928307937,24,4,2016-11-01
prophet_temp_ceiling,2017-04-01,6884.0,7204.024536388723,24,5,2016-11-01
prophet_temp_ceiling,2017-05-01,7651.0,7940.83313281236,24,6,2016-11-01
naive,2017-01-01,6788.0,6994.0,25,1,2016-12-01
naive,2017-02-01,6271.0,6994.0,25,2,2016-12-01
naive,2017-03-01,6794.0,6994.0,25,3,2016-12-01
naive,2017-04-01,6884.0,6994.0,25,4,2016-12-01
naive,2017-05-01,7651.0,6994.0,25,5,2016-12-01
naive,2017-06-01,8009.0,6994.0,25,6,2016-12-01
snaive,2017-01-01,6788.0,6753.0,25,1,2016-12-01
snaive,2017-02-01,6271.0,6385.0,25,2,2016-12-01
snaive,2017-03-01,6794.0,7164.0,25,3,2016-12-01
snaive,2017-04-01,6884.0,7192.0,25,4,2016-12-01
snaive,2017-05-01,7651.0,7743.0,25,5,2016-12-01
snaive,2017-06-01,8009.0,8767.0,25,6,2016-12-01
snaive_drift,2017-01-01,6788.0,6773.083333333333,25,1,2016-12-01
snaive_drift,2017-02-01,6271.0,6425.166666666667,25,2,2016-12-01
snaive_drift,2017-03-01,6794.0,7224.25,25,3,2016-12-01
snaive_drift,2017-04-01,6884.0,7272.333333333333,25,4,2016-12-01
snaive_drift,2017-05-01,7651.0,7843.416666666667,25,5,2016-12-01
snaive_drift,2017-06-01,8009.0,8887.5,25,6,2016-12-01
prophet_repro,2017-01-01,6788.0,7033.919867562322,25,1,2016-12-01
prophet_repro,2017-02-01,6271.0,6744.939314089307,25,2,2016-12-01
prophet_repro,2017-03-01,6794.0,7060.6910533123855,25,3,2016-12-01
prophet_repro,2017-04-01,6884.0,7108.448199334104,25,4,2016-12-01
prophet_repro,2017-05-01,7651.0,7968.77822294236,25,5,2016-12-01
prophet_repro,2017-06-01,8009.0,8301.424485421036,25,6,2016-12-01
prophet_temp,2017-01-01,6788.0,7061.741228833245,25,1,2016-12-01
prophet_temp,2017-02-01,6271.0,6718.5157486682865,25,2,2016-12-01
prophet_temp,2017-03-01,6794.0,7069.247500234088,25,3,2016-12-01
prophet_temp,2017-04-01,6884.0,7126.195468978179,25,4,2016-12-01
prophet_temp,2017-05-01,7651.0,7971.541701637982,25,5,2016-12-01
prophet_temp,2017-06-01,8009.0,8312.316379820475,25,6,2016-12-01
prophet_temp_ceiling,2017-01-01,6788.0,7040.324104759446,25,1,2016-12-01
prophet_temp_ceiling,2017-02-01,6271.0,6716.022750098849,25,2,2016-12-01
prophet_temp_ceiling,2017-03-01,6794.0,7082.392401782028,25,3,2016-12-01
prophet_temp_ceiling,2017-04-01,6884.0,7175.715486016541,25,4,2016-12-01
prophet_temp_ceiling,2017-05-01,7651.0,7916.582414993576,25,5,2016-12-01
prophet_temp_ceiling,2017-06-01,8009.0,8272.65503894307,25,6,2016-12-01
naive,2017-02-01,6271.0,6788.0,26,1,2017-01-01
naive,2017-03-01,6794.0,6788.0,26,2,2017-01-01
naive,2017-04-01,6884.0,6788.0,26,3,2017-01-01
naive,2017-05-01,7651.0,6788.0,26,4,2017-01-01
naive,2017-06-01,8009.0,6788.0,26,5,2017-01-01
naive,2017-07-01,8694.0,6788.0,26,6,2017-01-01
snaive,2017-02-01,6271.0,6385.0,26,1,2017-01-01
snaive,2017-03-01,6794.0,7164.0,26,2,2017-01-01
snaive,2017-04-01,6884.0,7192.0,26,3,2017-01-01
snaive,2017-05-01,7651.0,7743.0,26,4,2017-01-01
snaive,2017-06-01,8009.0,8767.0,26,5,2017-01-01
snaive,2017-07-01,8694.0,8479.0,26,6,2017-01-01
snaive_drift,2017-02-01,6271.0,6387.916666666667,26,1,2017-01-01
snaive_drift,2017-03-01,6794.0,7169.833333333333,26,2,2017-01-01
snaive_drift,2017-04-01,6884.0,7200.75,26,3,2017-01-01
snaive_drift,2017-05-01,7651.0,7754.666666666667,26,4,2017-01-01
snaive_drift,2017-06-01,8009.0,8781.583333333334,26,5,2017-01-01
snaive_drift,2017-07-01,8694.0,8496.5,26,6,2017-01-01
prophet_repro,2017-02-01,6271.0,6731.067304905908,26,1,2017-01-01
prophet_repro,2017-03-01,6794.0,7040.743501439486,26,2,2017-01-01
prophet_repro,2017-04-01,6884.0,7085.101617037795,26,3,2017-01-01
prophet_repro,2017-05-01,7651.0,7942.603500652903,26,4,2017-01-01
prophet_repro,2017-06-01,8009.0,8273.321182605061,26,5,2017-01-01
prophet_repro,2017-07-01,8694.0,8511.826430983416,26,6,2017-01-01
prophet_temp,2017-02-01,6271.0,6701.0096512721,26,1,2017-01-01
prophet_temp,2017-03-01,6794.0,7045.408308174351,26,2,2017-01-01
prophet_temp,2017-04-01,6884.0,7098.724046551503,26,3,2017-01-01
prophet_temp,2017-05-01,7651.0,7941.288646336613,26,4,2017-01-01
prophet_temp,2017-06-01,8009.0,8280.08235756423,26,5,2017-01-01
prophet_temp,2017-07-01,8694.0,8501.727818770309,26,6,2017-01-01
prophet_temp_ceiling,2017-02-01,6271.0,6698.514481082284,26,1,2017-01-01
prophet_temp_ceiling,2017-03-01,6794.0,7058.564660084289,26,2,2017-01-01
prophet_temp_ceiling,2017-04-01,6884.0,7148.287199867391,26,3,2017-01-01
prophet_temp_ceiling,2017-05-01,7651.0,7886.281485333854,26,4,2017-01-01
prophet_temp_ceiling,2017-06-01,8009.0,8240.386468180795,26,5,2017-01-01
prophet_temp_ceiling,2017-07-01,8694.0,8602.78221145785,26,6,2017-01-01
naive,2017-03-01,6794.0,6271.0,27,1,2017-02-01
naive,2017-04-01,6884.0,6271.0,27,2,2017-02-01
naive,2017-05-01,7651.0,6271.0,27,3,2017-02-01
naive,2017-06-01,8009.0,6271.0,27,4,2017-02-01
naive,2017-07-01,8694.0,6271.0,27,5,2017-02-01
naive,2017-08-01,8130.0,6271.0,27,6,2017-02-01
snaive,2017-03-01,6794.0,7164.0,27,1,2017-02-01
snaive,2017-04-01,6884.0,7192.0,27,2,2017-02-01
snaive,2017-05-01,7651.0,7743.0,27,3,2017-02-01
snaive,2017-06-01,8009.0,8767.0,27,4,2017-02-01
snaive,2017-07-01,8694.0,8479.0,27,5,2017-02-01
snaive,2017-08-01,8130.0,7890.0,27,6,2017-02-01
snaive_drift,2017-03-01,6794.0,7154.5,27,1,2017-02-01
snaive_drift,2017-04-01,6884.0,7173.0,27,2,2017-02-01
snaive_drift,2017-05-01,7651.0,7714.5,27,3,2017-02-01
snaive_drift,2017-06-01,8009.0,8729.0,27,4,2017-02-01
snaive_drift,2017-07-01,8694.0,8431.5,27,5,2017-02-01
snaive_drift,2017-08-01,8130.0,7833.0,27,6,2017-02-01
prophet_repro,2017-03-01,6794.0,6998.263518496266,27,1,2017-02-01
prophet_repro,2017-04-01,6884.0,7036.074565427729,27,2,2017-02-01
prophet_repro,2017-05-01,7651.0,7887.468505515526,27,3,2017-02-01
prophet_repro,2017-06-01,8009.0,8212.641106244517,27,4,2017-02-01
prophet_repro,2017-07-01,8694.0,8447.305418428181,27,5,2017-02-01
prophet_repro,2017-08-01,8130.0,7974.5924276647165,27,6,2017-02-01
prophet_temp,2017-03-01,6794.0,7018.678683170246,27,1,2017-02-01
prophet_temp,2017-04-01,6884.0,7066.913513940202,27,2,2017-02-01
prophet_temp,2017-05-01,7651.0,7904.09837356225,27,3,2017-02-01
prophet_temp,2017-06-01,8009.0,8238.569425098573,27,4,2017-02-01
prophet_temp,2017-07-01,8694.0,8457.09736048172,27,5,2017-02-01
prophet_temp,2017-08-01,8130.0,7988.871982107429,27,6,2017-02-01
prophet_temp_ceiling,2017-03-01,6794.0,7032.05128207158,27,1,2017-02-01
prophet_temp_ceiling,2017-04-01,6884.0,7117.291321870233,27,2,2017-02-01
prophet_temp_ceiling,2017-05-01,7651.0,7848.187076431668,27,3,2017-02-01
prophet_temp_ceiling,2017-06-01,8009.0,8198.221066344544,27,4,2017-02-01
prophet_temp_ceiling,2017-07-01,8694.0,8559.812753766979,27,5,2017-02-01
prophet_temp_ceiling,2017-08-01,8130.0,7998.440307183385,27,6,2017-02-01
naive,2017-04-01,6884.0,6794.0,28,1,2017-03-01
naive,2017-05-01,7651.0,6794.0,28,2,2017-03-01
naive,2017-06-01,8009.0,6794.0,28,3,2017-03-01
naive,2017-07-01,8694.0,6794.0,28,4,2017-03-01
naive,2017-08-01,8130.0,6794.0,28,5,2017-03-01
naive,2017-09-01,7446.0,6794.0,28,6,2017-03-01
snaive,2017-04-01,6884.0,7192.0,28,1,2017-03-01
snaive,2017-05-01,7651.0,7743.0,28,2,2017-03-01
snaive,2017-06-01,8009.0,8767.0,28,3,2017-03-01
snaive,2017-07-01,8694.0,8479.0,28,4,2017-03-01
snaive,2017-08-01,8130.0,7890.0,28,5,2017-03-01
snaive,2017-09-01,7446.0,7317.0,28,6,2017-03-01
snaive_drift,2017-04-01,6884.0,7161.166666666667,28,1,2017-03-01
snaive_drift,2017-05-01,7651.0,7681.333333333333,28,2,2017-03-01
snaive_drift,2017-06-01,8009.0,8674.5,28,3,2017-03-01
snaive_drift,2017-07-01,8694.0,8355.666666666666,28,4,2017-03-01
snaive_drift,2017-08-01,8130.0,7735.833333333333,28,5,2017-03-01
snaive_drift,2017-09-01,7446.0,7132.0,28,6,2017-03-01
prophet_repro,2017-04-01,6884.0,7017.494997181311,28,1,2017-03-01
prophet_repro,2017-05-01,7651.0,7867.7952955179635,28,2,2017-03-01
prophet_repro,2017-06-01,8009.0,8191.397163884538,28,3,2017-03-01
prophet_repro,2017-07-01,8694.0,8424.466846306621,28,4,2017-03-01
prophet_repro,2017-08-01,8130.0,7950.55524393064,28,5,2017-03-01
prophet_repro,2017-09-01,7446.0,7449.649665716584,28,6,2017-03-01
prophet_temp,2017-04-01,6884.0,7053.594705648604,28,1,2017-03-01
prophet_temp,2017-05-01,7651.0,7890.368273036701,28,2,2017-03-01
prophet_temp,2017-06-01,8009.0,8223.689096959102,28,3,2017-03-01
prophet_temp,2017-07-01,8694.0,8441.803233349476,28,4,2017-03-01
prophet_temp,2017-08-01,8130.0,7973.006008243929,28,5,2017-03-01
prophet_temp,2017-09-01,7446.0,7477.535369704599,28,6,2017-03-01
prophet_temp_ceiling,2017-04-01,6884.0,7102.584246079296,28,1,2017-03-01
prophet_temp_ceiling,2017-05-01,7651.0,7835.997730453439,28,2,2017-03-01
prophet_temp_ceiling,2017-06-01,8009.0,8184.452622929944,28,3,2017-03-01
prophet_temp_ceiling,2017-07-01,8694.0,8541.688085806563,28,4,2017-03-01
prophet_temp_ceiling,2017-08-01,8130.0,7982.310657799415,28,5,2017-03-01
prophet_temp_ceiling,2017-09-01,7446.0,7408.030758567233,28,6,2017-03-01
naive,2017-05-01,7651.0,6884.0,29,1,2017-04-01
naive,2017-06-01,8009.0,6884.0,29,2,2017-04-01
naive,2017-07-01,8694.0,6884.0,29,3,2017-04-01
naive,2017-08-01,8130.0,6884.0,29,4,2017-04-01
naive,2017-09-01,7446.0,6884.0,29,5,2017-04-01
naive,2017-10-01,7282.0,6884.0,29,6,2017-04-01
snaive,2017-05-01,7651.0,7743.0,29,1,2017-04-01
snaive,2017-06-01,8009.0,8767.0,29,2,2017-04-01
snaive,2017-07-01,8694.0,8479.0,29,3,2017-04-01
snaive,2017-08-01,8130.0,7890.0,29,4,2017-04-01
snaive,2017-09-01,7446.0,7317.0,29,5,2017-04-01
snaive,2017-10-01,7282.0,7426.0,29,6,2017-04-01
snaive_drift,2017-05-01,7651.0,7717.333333333333,29,1,2017-04-01
snaive_drift,2017-06-01,8009.0,8715.666666666666,29,2,2017-04-01
snaive_drift,2017-07-01,8694.0,8402.0,29,3,2017-04-01
snaive_drift,2017-08-01,8130.0,7787.333333333333,29,4,2017-04-01
snaive_drift,2017-09-01,7446.0,7188.666666666667,29,5,2017-04-01
snaive_drift,2017-10-01,7282.0,7272.0,29,6,2017-04-01
prophet_repro,2017-05-01,7651.0,7856.500131640686,29,1,2017-04-01
prophet_repro,2017-06-01,8009.0,8179.5479670881905,29,2,2017-04-01
prophet_repro,2017-07-01,8694.0,8412.007179628949,29,3,2017-04-01
prophet_repro,2017-08-01,8130.0,7937.5239504901565,29,4,2017-04-01
prophet_repro,2017-09-01,7446.0,7436.0260162063405,29,5,2017-04-01
prophet_repro,2017-10-01,7282.0,7400.526905059537,29,6,2017-04-01
prophet_temp,2017-05-01,7651.0,7877.185097811037,29,1,2017-04-01
prophet_temp,2017-06-01,8009.0,8209.661670404079,29,2,2017-04-01
prophet_temp,2017-07-01,8694.0,8428.251384999212,29,3,2017-04-01
prophet_temp,2017-08-01,8130.0,7958.220927120813,29,4,2017-04-01
prophet_temp,2017-09-01,7446.0,7461.614008368945,29,5,2017-04-01
prophet_temp,2017-10-01,7282.0,7425.235038812616,29,6,2017-04-01
prophet_temp_ceiling,2017-05-01,7651.0,7826.357433247352,29,1,2017-04-01
prophet_temp_ceiling,2017-06-01,8009.0,8172.981912471522,29,2,2017-04-01
prophet_temp_ceiling,2017-07-01,8694.0,8521.627568764663,29,3,2017-04-01
prophet_temp_ceiling,2017-08-01,8130.0,7966.919269716248,29,4,2017-04-01
prophet_temp_ceiling,2017-09-01,7446.0,7396.6384371741315,29,5,2017-04-01
prophet_temp_ceiling,2017-10-01,7282.0,7381.9529244522,29,6,2017-04-01
naive,2017-06-01,8009.0,7651.0,30,1,2017-05-01
naive,2017-07-01,8694.0,7651.0,30,2,2017-05-01
naive,2017-08-01,8130.0,7651.0,30,3,2017-05-01
naive,2017-09-01,7446.0,7651.0,30,4,2017-05-01
naive,2017-10-01,7282.0,7651.0,30,5,2017-05-01
naive,2017-11-01,6830.0,7651.0,30,6,2017-05-01
snaive,2017-06-01,8009.0,8767.0,30,1,2017-05-01
snaive,2017-07-01,8694.0,8479.0,30,2,2017-05-01
snaive,2017-08-01,8130.0,7890.0,30,3,2017-05-01
snaive,2017-09-01,7446.0,7317.0,30,4,2017-05-01
snaive,2017-10-01,7282.0,7426.0,30,5,2017-05-01
snaive,2017-11-01,6830.0,6700.0,30,6,2017-05-01
snaive_drift,2017-06-01,8009.0,8759.333333333334,30,1,2017-05-01
snaive_drift,2017-07-01,8694.0,8463.666666666666,30,2,2017-05-01
snaive_drift,2017-08-01,8130.0,7867.0,30,3,2017-05-01
snaive_drift,2017-09-01,7446.0,7286.333333333333,30,4,2017-05-01
snaive_drift,2017-10-01,7282.0,7387.666666666667,30,5,2017-05-01
snaive_drift,2017-11-01,6830.0,6654.0,30,6,2017-05-01
prophet_repro,2017-06-01,8009.0,8161.935029454313,30,1,2017-05-01
prophet_repro,2017-07-01,8694.0,8393.690260535339,30,2,2017-05-01
prophet_repro,2017-08-01,8130.0,7918.405989970719,30,3,2017-05-01
prophet_repro,2017-09-01,7446.0,7416.050707770375,30,4,2017-05-01
prophet_repro,2017-10-01,7282.0,7379.791346988338,30,5,2017-05-01
prophet_repro,2017-11-01,6830.0,6808.802430467502,30,6,2017-05-01
prophet_temp,2017-06-01,8009.0,8199.470154256847,30,1,2017-05-01
prophet_temp,2017-07-01,8694.0,8417.255115517411,30,2,2017-05-01
prophet_temp,2017-08-01,8130.0,7946.785714790639,30,3,2017-05-01
prophet_temp,2017-09-01,7446.0,7449.758553042401,30,4,2017-05-01
prophet_temp,2017-10-01,7282.0,7412.884169428349,30,5,2017-05-01
prophet_temp,2017-11-01,6830.0,6835.305115474011,30,6,2017-05-01
prophet_temp_ceiling,2017-06-01,8009.0,8162.035971424567,30,1,2017-05-01
prophet_temp_ceiling,2017-07-01,8694.0,8512.551849527588,30,2,2017-05-01
prophet_temp_ceiling,2017-08-01,8130.0,7955.662963862294,30,3,2017-05-01
prophet_temp_ceiling,2017-09-01,7446.0,7383.446572025219,30,4,2017-05-01
prophet_temp_ceiling,2017-10-01,7282.0,7368.711833686259,30,5,2017-05-01
prophet_temp_ceiling,2017-11-01,6830.0,6889.745112792955,30,6,2017-05-01
naive,2017-07-01,8694.0,8009.0,31,1,2017-06-01
naive,2017-08-01,8130.0,8009.0,31,2,2017-06-01
naive,2017-09-01,7446.0,8009.0,31,3,2017-06-01
naive,2017-10-01,7282.0,8009.0,31,4,2017-06-01
naive,2017-11-01,6830.0,8009.0,31,5,2017-06-01
naive,2017-12-01,6946.0,8009.0,31,6,2017-06-01
snaive,2017-07-01,8694.0,8479.0,31,1,2017-06-01
snaive,2017-08-01,8130.0,7890.0,31,2,2017-06-01
snaive,2017-09-01,7446.0,7317.0,31,3,2017-06-01
snaive,2017-10-01,7282.0,7426.0,31,4,2017-06-01
snaive,2017-11-01,6830.0,6700.0,31,5,2017-06-01
snaive,2017-12-01,6946.0,6994.0,31,6,2017-06-01
snaive_drift,2017-07-01,8694.0,8415.833333333334,31,1,2017-06-01
snaive_drift,2017-08-01,8130.0,7763.666666666667,31,2,2017-06-01
snaive_drift,2017-09-01,7446.0,7127.5,31,3,2017-06-01
snaive_drift,2017-10-01,7282.0,7173.333333333333,31,4,2017-06-01
snaive_drift,2017-11-01,6830.0,6384.166666666667,31,5,2017-06-01
snaive_drift,2017-12-01,6946.0,6615.0,31,6,2017-06-01
prophet_repro,2017-07-01,8694.0,8383.271044218272,31,1,2017-06-01
prophet_repro,2017-08-01,8130.0,7907.867083812402,31,2,2017-06-01
prophet_repro,2017-09-01,7446.0,7405.145797870905,31,3,2017-06-01
prophet_repro,2017-10-01,7282.0,7368.375201401881,31,4,2017-06-01
prophet_repro,2017-11-01,6830.0,6797.258119181035,31,5,2017-06-01
prophet_repro,2017-12-01,6946.0,7127.314647532179,31,6,2017-06-01
prophet_temp,2017-07-01,8694.0,8407.900766772096,31,1,2017-06-01
prophet_temp,2017-08-01,8130.0,7937.153074599929,31,2,2017-06-01
prophet_temp,2017-09-01,7446.0,7439.798908185169,31,3,2017-06-01
prophet_temp,2017-10-01,7282.0,7402.645567220823,31,4,2017-06-01
prophet_temp,2017-11-01,6830.0,6824.932163711495,31,5,2017-06-01
prophet_temp,2017-12-01,6946.0,7167.38422180762,31,6,2017-06-01
prophet_temp_ceiling,2017-07-01,8694.0,8502.728463283313,31,1,2017-06-01
prophet_temp_ceiling,2017-08-01,8130.0,7945.98663106506,31,2,2017-06-01
prophet_temp_ceiling,2017-09-01,7446.0,7373.813305674558,31,3,2017-06-01
prophet_temp_ceiling,2017-10-01,7282.0,7358.6906416774655,31,4,2017-06-01
prophet_temp_ceiling,2017-11-01,6830.0,6879.104214804884,31,5,2017-06-01
prophet_temp_ceiling,2017-12-01,6946.0,7185.689905084757,31,6,2017-06-01
naive,2017-08-01,8130.0,8694.0,32,1,2017-07-01
naive,2017-09-01,7446.0,8694.0,32,2,2017-07-01
naive,2017-10-01,7282.0,8694.0,32,3,2017-07-01
naive,2017-11-01,6830.0,8694.0,32,4,2017-07-01
naive,2017-12-01,6946.0,8694.0,32,5,2017-07-01
naive,2018-01-01,6886.0,8694.0,32,6,2017-07-01
snaive,2017-08-01,8130.0,7890.0,32,1,2017-07-01
snaive,2017-09-01,7446.0,7317.0,32,2,2017-07-01
snaive,2017-10-01,7282.0,7426.0,32,3,2017-07-01
snaive,2017-11-01,6830.0,6700.0,32,4,2017-07-01
snaive,2017-12-01,6946.0,6994.0,32,5,2017-07-01
snaive,2018-01-01,6886.0,6788.0,32,6,2017-07-01
snaive_drift,2017-08-01,8130.0,7907.916666666667,32,1,2017-07-01
snaive_drift,2017-09-01,7446.0,7352.833333333333,32,2,2017-07-01
snaive_drift,2017-10-01,7282.0,7479.75,32,3,2017-07-01
snaive_drift,2017-11-01,6830.0,6771.666666666667,32,4,2017-07-01
snaive_drift,2017-12-01,6946.0,7083.583333333333,32,5,2017-07-01
snaive_drift,2018-01-01,6886.0,6895.5,32,6,2017-07-01
prophet_repro,2017-08-01,8130.0,7927.955420347884,32,1,2017-07-01
prophet_repro,2017-09-01,7446.0,7426.0746059429675,32,2,2017-07-01
prophet_repro,2017-10-01,7282.0,7390.519836726078,32,3,2017-07-01
prophet_repro,2017-11-01,6830.0,6820.404086851596,32,4,2017-07-01
prophet_repro,2017-12-01,6946.0,7151.618373435915,32,5,2017-07-01
prophet_repro,2018-01-01,6886.0,7058.694202477616,32,6,2017-07-01
prophet_temp,2017-08-01,8130.0,7951.243496102976,32,1,2017-07-01
prophet_temp,2017-09-01,7446.0,7454.31335325292,32,2,2017-07-01
prophet_temp,2017-10-01,7282.0,7417.291248362154,32,3,2017-07-01
prophet_temp,2017-11-01,6830.0,6839.422822222652,32,4,2017-07-01
prophet_temp,2017-12-01,6946.0,7184.04157242211,32,5,2017-07-01
prophet_temp,2018-01-01,6886.0,7090.845789055855,32,6,2017-07-01
prophet_temp_ceiling,2017-08-01,8130.0,7960.59968981384,32,1,2017-07-01
prophet_temp_ceiling,2017-09-01,7446.0,7384.423713485022,32,2,2017-07-01
prophet_temp_ceiling,2017-10-01,7282.0,7370.735730258699,32,3,2017-07-01
prophet_temp_ceiling,2017-11-01,6830.0,6896.799961967588,32,4,2017-07-01
prophet_temp_ceiling,2017-12-01,6946.0,7203.430311196431,32,5,2017-07-01
prophet_temp_ceiling,2018-01-01,6886.0,7108.501377489157,32,6,2017-07-01
naive,2017-09-01,7446.0,8130.0,33,1,2017-08-01
naive,2017-10-01,7282.0,8130.0,33,2,2017-08-01
naive,2017-11-01,6830.0,8130.0,33,3,2017-08-01
naive,2017-12-01,6946.0,8130.0,33,4,2017-08-01
naive,2018-01-01,6886.0,8130.0,33,5,2017-08-01
naive,2018-02-01,5960.0,8130.0,33,6,2017-08-01
snaive,2017-09-01,7446.0,7317.0,33,1,2017-08-01
snaive,2017-10-01,7282.0,7426.0,33,2,2017-08-01
snaive,2017-11-01,6830.0,6700.0,33,3,2017-08-01
snaive,2017-12-01,6946.0,6994.0,33,4,2017-08-01
snaive,2018-01-01,6886.0,6788.0,33,5,2017-08-01
snaive,2018-02-01,5960.0,6271.0,33,6,2017-08-01
snaive_drift,2017-09-01,7446.0,7337.0,33,1,2017-08-01
snaive_drift,2017-10-01,7282.0,7466.0,33,2,2017-08-01
snaive_drift,2017-11-01,6830.0,6760.0,33,3,2017-08-01
snaive_drift,2017-12-01,6946.0,7074.0,33,4,2017-08-01
snaive_drift,2018-01-01,6886.0,6888.0,33,5,2017-08-01
snaive_drift,2018-02-01,5960.0,6391.0,33,6,2017-08-01
prophet_repro,2017-09-01,7446.0,7432.074620722848,33,1,2017-08-01
prophet_repro,2017-10-01,7282.0,7396.492082636456,33,2,2017-08-01
prophet_repro,2017-11-01,6830.0,6827.112481404151,33,3,2017-08-01
prophet_repro,2017-12-01,6946.0,7159.582552477637,33,4,2017-08-01
prophet_repro,2018-01-01,6886.0,7066.609452545405,33,5,2017-08-01
prophet_repro,2018-02-01,5960.0,6645.672998488072,33,6,2017-08-01
prophet_temp,2017-09-01,7446.0,7459.200859995752,33,1,2017-08-01
prophet_temp,2017-10-01,7282.0,7421.892335663951,33,2,2017-08-01
prophet_temp,2017-11-01,6830.0,6843.774267417471,33,3,2017-08-01
prophet_temp,2017-12-01,6946.0,7188.331725595691,33,4,2017-08-01
prophet_temp,2018-01-01,6886.0,7092.982309597582,33,5,2017-08-01
prophet_temp,2018-02-01,5960.0,6659.842943006873,33,6,2017-08-01
prophet_temp_ceiling,2017-09-01,7446.0,7387.671796050033,33,1,2017-08-01
prophet_temp_ceiling,2017-10-01,7282.0,7374.244749519464,33,2,2017-08-01
prophet_temp_ceiling,2017-11-01,6830.0,6902.497321527746,33,3,2017-08-01
prophet_temp_ceiling,2017-12-01,6946.0,7208.175272367729,33,4,2017-08-01
prophet_temp_ceiling,2018-01-01,6886.0,7111.052050953224,33,5,2017-08-01
prophet_temp_ceiling,2018-02-01,5960.0,6777.144839404953,33,6,2017-08-01
naive,2017-10-01,7282.0,7446.0,34,1,2017-09-01
naive,2017-11-01,6830.0,7446.0,34,2,2017-09-01
naive,2017-12-01,6946.0,7446.0,34,3,2017-09-01
naive,2018-01-01,6886.0,7446.0,34,4,2017-09-01
naive,2018-02-01,5960.0,7446.0,34,5,2017-09-01
naive,2018-03-01,6930.0,7446.0,34,6,2017-09-01
snaive,2017-10-01,7282.0,7426.0,34,1,2017-09-01
snaive,2017-11-01,6830.0,6700.0,34,2,2017-09-01
snaive,2017-12-01,6946.0,6994.0,34,3,2017-09-01
snaive,2018-01-01,6886.0,6788.0,34,4,2017-09-01
snaive,2018-02-01,5960.0,6271.0,34,5,2017-09-01
snaive,2018-03-01,6930.0,6794.0,34,6,2017-09-01
snaive_drift,2017-10-01,7282.0,7436.75,34,1,2017-09-01
snaive_drift,2017-11-01,6830.0,6721.5,34,2,2017-09-01
snaive_drift,2017-12-01,6946.0,7026.25,34,3,2017-09-01
snaive_drift,2018-01-01,6886.0,6831.0,34,4,2017-09-01
snaive_drift,2018-02-01,5960.0,6324.75,34,5,2017-09-01
snaive_drift,2018-03-01,6930.0,6858.5,34,6,2017-09-01
prophet_repro,2017-10-01,7282.0,7403.642005523977,34,1,2017-09-01
prophet_repro,2017-11-01,6830.0,6834.014110308868,34,2,2017-09-01
prophet_repro,2017-12-01,6946.0,7166.927424904119,34,3,2017-09-01
prophet_repro,2018-01-01,6886.0,7074.525658755601,34,4,2017-09-01
prophet_repro,2018-02-01,5960.0,6654.22437400133,34,5,2017-09-01
prophet_repro,2018-03-01,6930.0,7047.476314801891,34,6,2017-09-01
prophet_temp,2017-10-01,7282.0,7422.021489714097,34,1,2017-09-01
prophet_temp,2017-11-01,6830.0,6844.316652497839,34,2,2017-09-01
prophet_temp,2017-12-01,6946.0,7189.309139298325,34,3,2017-09-01
prophet_temp,2018-01-01,6886.0,7092.844505786344,34,4,2017-09-01
prophet_temp,2018-02-01,5960.0,6659.380273846695,34,5,2017-09-01
prophet_temp,2018-03-01,6930.0,7064.824119385879,34,6,2017-09-01
prophet_temp_ceiling,2017-10-01,7282.0,7373.836874220343,34,1,2017-09-01
prophet_temp_ceiling,2017-11-01,6830.0,6903.7015660240395,34,2,2017-09-01
prophet_temp_ceiling,2017-12-01,6946.0,7209.376339939792,34,3,2017-09-01
prophet_temp_ceiling,2018-01-01,6886.0,7111.117908696051,34,4,2017-09-01
prophet_temp_ceiling,2018-02-01,5960.0,6778.004263685133,34,5,2017-09-01
prophet_temp_ceiling,2018-03-01,6930.0,6978.663493375861,34,6,2017-09-01
naive,2017-11-01,6830.0,7282.0,35,1,2017-10-01
naive,2017-12-01,6946.0,7282.0,35,2,2017-10-01
naive,2018-01-01,6886.0,7282.0,35,3,2017-10-01
naive,2018-02-01,5960.0,7282.0,35,4,2017-10-01
naive,2018-03-01,6930.0,7282.0,35,5,2017-10-01
naive,2018-04-01,6769.0,7282.0,35,6,2017-10-01
snaive,2017-11-01,6830.0,6700.0,35,1,2017-10-01
snaive,2017-12-01,6946.0,6994.0,35,2,2017-10-01
snaive,2018-01-01,6886.0,6788.0,35,3,2017-10-01
snaive,2018-02-01,5960.0,6271.0,35,4,2017-10-01
snaive,2018-03-01,6930.0,6794.0,35,5,2017-10-01
snaive,2018-04-01,6769.0,6884.0,35,6,2017-10-01
snaive_drift,2017-11-01,6830.0,6688.0,35,1,2017-10-01
snaive_drift,2017-12-01,6946.0,6970.0,35,2,2017-10-01
snaive_drift,2018-01-01,6886.0,6752.0,35,3,2017-10-01
snaive_drift,2018-02-01,5960.0,6223.0,35,4,2017-10-01
snaive_drift,2018-03-01,6930.0,6734.0,35,5,2017-10-01
snaive_drift,2018-04-01,6769.0,6812.0,35,6,2017-10-01
prophet_repro,2017-11-01,6830.0,6829.924950339233,35,1,2017-10-01
prophet_repro,2017-12-01,6946.0,7162.239541444369,35,2,2017-10-01
prophet_repro,2018-01-01,6886.0,7071.40306673128,35,3,2017-10-01
prophet_repro,2018-02-01,5960.0,6651.603809637276,35,4,2017-10-01
prophet_repro,2018-03-01,6930.0,7045.097760984246,35,5,2017-10-01
prophet_repro,2018-04-01,6769.0,7131.067183227879,35,6,2017-10-01
prophet_temp,2017-11-01,6830.0,6846.318260744188,35,1,2017-10-01
prophet_temp,2017-12-01,6946.0,7192.093802971434,35,2,2017-10-01
prophet_temp,2018-01-01,6886.0,7098.494356982405,35,3,2017-10-01
prophet_temp,2018-02-01,5960.0,6665.377791939607,35,4,2017-10-01
prophet_temp,2018-03-01,6930.0,7070.281478632049,35,5,2017-10-01
prophet_temp,2018-04-01,6769.0,7146.8799836767375,35,6,2017-10-01
prophet_temp_ceiling,2017-11-01,6830.0,6904.44494282215,35,1,2017-10-01
prophet_temp_ceiling,2017-12-01,6946.0,7211.73582520603,35,2,2017-10-01
prophet_temp_ceiling,2018-01-01,6886.0,7116.380587985275,35,3,2017-10-01
prophet_temp_ceiling,2018-02-01,5960.0,6781.488408840919,35,4,2017-10-01
prophet_temp_ceiling,2018-03-01,6930.0,6985.946400607344,35,5,2017-10-01
prophet_temp_ceiling,2018-04-01,6769.0,7145.780829816226,35,6,2017-10-01
naive,2017-12-01,6946.0,6830.0,36,1,2017-11-01
naive,2018-01-01,6886.0,6830.0,36,2,2017-11-01
naive,2018-02-01,5960.0,6830.0,36,3,2017-11-01
naive,2018-03-01,6930.0,6830.0,36,4,2017-11-01
naive,2018-04-01,6769.0,6830.0,36,5,2017-11-01
naive,2018-05-01,7511.0,6830.0,36,6,2017-11-01
snaive,2017-12-01,6946.0,6994.0,36,1,2017-11-01
snaive,2018-01-01,6886.0,6788.0,36,2,2017-11-01
snaive,2018-02-01,5960.0,6271.0,36,3,2017-11-01
snaive,2018-03-01,6930.0,6794.0,36,4,2017-11-01
snaive,2018-04-01,6769.0,6884.0,36,5,2017-11-01
snaive,2018-05-01,7511.0,7651.0,36,6,2017-11-01
snaive_drift,2017-12-01,6946.0,7004.833333333333,36,1,2017-11-01
snaive_drift,2018-01-01,6886.0,6809.666666666667,36,2,2017-11-01
snaive_drift,2018-02-01,5960.0,6303.5,36,3,2017-11-01
snaive_drift,2018-03-01,6930.0,6837.333333333333,36,4,2017-11-01
snaive_drift,2018-04-01,6769.0,6938.166666666667,36,5,2017-11-01
snaive_drift,2018-05-01,7511.0,7716.0,36,6,2017-11-01
prophet_repro,2017-12-01,6946.0,7159.63277812255,36,1,2017-11-01
prophet_repro,2018-01-01,6886.0,7068.196673676625,36,2,2017-11-01
prophet_repro,2018-02-01,5960.0,6647.390201972196,36,3,2017-11-01
prophet_repro,2018-03-01,6930.0,7040.572037257568,36,4,2017-11-01
prophet_repro,2018-04-01,6769.0,7126.531572519209,36,5,2017-11-01
prophet_repro,2018-05-01,7511.0,8010.334059851347,36,6,2017-11-01
prophet_temp,2017-12-01,6946.0,7184.424101788101,36,1,2017-11-01
prophet_temp,2018-01-01,6886.0,7089.76266251561,36,2,2017-11-01
prophet_temp,2018-02-01,5960.0,6656.842183024924,36,3,2017-11-01
prophet_temp,2018-03-01,6930.0,7061.826254937763,36,4,2017-11-01
prophet_temp,2018-04-01,6769.0,7139.326133725073,36,5,2017-11-01
prophet_temp,2018-05-01,7511.0,8030.838959373908,36,6,2017-11-01
prophet_temp_ceiling,2017-12-01,6946.0,7204.072703910676,36,1,2017-11-01
prophet_temp_ceiling,2018-01-01,6886.0,7107.654885233333,36,2,2017-11-01
prophet_temp_ceiling,2018-02-01,5960.0,6772.991695862876,36,3,2017-11-01
prophet_temp_ceiling,2018-03-01,6930.0,6977.462925475429,36,4,2017-11-01
prophet_temp_ceiling,2018-04-01,6769.0,7138.226611658621,36,5,2017-11-01
prophet_temp_ceiling,2018-05-01,7511.0,8011.1475187292635,36,6,2017-11-01
naive,2018-01-01,6886.0,6946.0,37,1,2017-12-01
naive,2018-02-01,5960.0,6946.0,37,2,2017-12-01
naive,2018-03-01,6930.0,6946.0,37,3,2017-12-01
naive,2018-04-01,6769.0,6946.0,37,4,2017-12-01
naive,2018-05-01,7511.0,6946.0,37,5,2017-12-01
naive,2018-06-01,8057.0,6946.0,37,6,2017-12-01
snaive,2018-01-01,6886.0,6788.0,37,1,2017-12-01
snaive,2018-02-01,5960.0,6271.0,37,2,2017-12-01
snaive,2018-03-01,6930.0,6794.0,37,3,2017-12-01
snaive,2018-04-01,6769.0,6884.0,37,4,2017-12-01
snaive,2018-05-01,7511.0,7651.0,37,5,2017-12-01
snaive,2018-06-01,8057.0,8009.0,37,6,2017-12-01
snaive_drift,2018-01-01,6886.0,6784.0,37,1,2017-12-01
snaive_drift,2018-02-01,5960.0,6263.0,37,2,2017-12-01
snaive_drift,2018-03-01,6930.0,6782.0,37,3,2017-12-01
snaive_drift,2018-04-01,6769.0,6868.0,37,4,2017-12-01
snaive_drift,2018-05-01,7511.0,7631.0,37,5,2017-12-01
snaive_drift,2018-06-01,8057.0,7985.0,37,6,2017-12-01
prophet_repro,2018-01-01,6886.0,7049.913086537523,37,1,2017-12-01
prophet_repro,2018-02-01,5960.0,6628.377278397948,37,2,2017-12-01
prophet_repro,2018-03-01,6930.0,7019.960917452462,37,3,2017-12-01
prophet_repro,2018-04-01,6769.0,7106.421148316425,37,4,2017-12-01
prophet_repro,2018-05-01,7511.0,7990.7109531919705,37,5,2017-12-01
prophet_repro,2018-06-01,8057.0,8299.510013036428,37,6,2017-12-01
prophet_temp,2018-01-01,6886.0,7077.0576762004375,37,1,2017-12-01
prophet_temp,2018-02-01,5960.0,6643.784150471759,37,2,2017-12-01
prophet_temp,2018-03-01,6930.0,7046.151443353981,37,3,2017-12-01
prophet_temp,2018-04-01,6769.0,7123.906003782696,37,4,2017-12-01
prophet_temp,2018-05-01,7511.0,8015.456376443998,37,5,2017-12-01
prophet_temp,2018-06-01,8057.0,8315.556060161061,37,6,2017-12-01
prophet_temp_ceiling,2018-01-01,6886.0,7094.219368415616,37,1,2017-12-01
prophet_temp_ceiling,2018-02-01,5960.0,6755.191336807162,37,2,2017-12-01
prophet_temp_ceiling,2018-03-01,6930.0,6965.232626428783,37,3,2017-12-01
prophet_temp_ceiling,2018-04-01,6769.0,7122.851374652154,37,4,2017-12-01
prophet_temp_ceiling,2018-05-01,7511.0,7996.568927469752,37,5,2017-12-01
prophet_temp_ceiling,2018-06-01,8057.0,8219.87243540828,37,6,2017-12-01
naive,2018-02-01,5960.0,6886.0,38,1,2018-01-01
naive,2018-03-01,6930.0,6886.0,38,2,2018-01-01
naive,2018-04-01,6769.0,6886.0,38,3,2018-01-01
naive,2018-05-01,7511.0,6886.0,38,4,2018-01-01
naive,2018-06-01,8057.0,6886.0,38,5,2018-01-01
naive,2018-07-01,8175.0,6886.0,38,6,2018-01-01
snaive,2018-02-01,5960.0,6271.0,38,1,2018-01-01
snaive,2018-03-01,6930.0,6794.0,38,2,2018-01-01
snaive,2018-04-01,6769.0,6884.0,38,3,2018-01-01
snaive,2018-05-01,7511.0,7651.0,38,4,2018-01-01
snaive,2018-06-01,8057.0,8009.0,38,5,2018-01-01
snaive,2018-07-01,8175.0,8694.0,38,6,2018-01-01
snaive_drift,2018-02-01,5960.0,6279.166666666667,38,1,2018-01-01
snaive_drift,2018-03-01,6930.0,6810.333333333333,38,2,2018-01-01
snaive_drift,2018-04-01,6769.0,6908.5,38,3,2018-01-01
snaive_drift,2018-05-01,7511.0,7683.666666666667,38,4,2018-01-01
snaive_drift,2018-06-01,8057.0,8049.833333333333,38,5,2018-01-01
snaive_drift,2018-07-01,8175.0,8743.0,38,6,2018-01-01
prophet_repro,2018-02-01,5960.0,6625.020344852111,38,1,2018-01-01
prophet_repro,2018-03-01,6930.0,7015.164430486075,38,2,2018-01-01
prophet_repro,2018-04-01,6769.0,7101.434729836437,38,3,2018-01-01
prophet_repro,2018-05-01,7511.0,7985.424655287369,38,4,2018-01-01
prophet_repro,2018-06-01,8057.0,8294.003095132233,38,5,2018-01-01
prophet_repro,2018-07-01,8175.0,8467.180572186424,38,6,2018-01-01
prophet_temp,2018-02-01,5960.0,6632.511463977653,38,1,2018-01-01
prophet_temp,2018-03-01,6930.0,7032.964962656581,38,2,2018-01-01
prophet_temp,2018-04-01,6769.0,7111.1392913005,38,3,2018-01-01
prophet_temp,2018-05-01,7511.0,8002.774224199167,38,4,2018-01-01
prophet_temp,2018-06-01,8057.0,8302.99292695008,38,5,2018-01-01
prophet_temp,2018-07-01,8175.0,8491.218264609588,38,6,2018-01-01
prophet_temp_ceiling,2018-02-01,5960.0,6742.0813340599725,38,1,2018-01-01
prophet_temp_ceiling,2018-03-01,6930.0,6953.380650823983,38,2,2018-01-01
prophet_temp_ceiling,2018-04-01,6769.0,7110.102055008843,38,3,2018-01-01
prophet_temp_ceiling,2018-05-01,7511.0,7984.198265157672,38,4,2018-01-01
prophet_temp_ceiling,2018-06-01,8057.0,8208.887307034285,38,5,2018-01-01
prophet_temp_ceiling,2018-07-01,8175.0,8443.222512568365,38,6,2018-01-01
naive,2018-03-01,6930.0,5960.0,39,1,2018-02-01
naive,2018-04-01,6769.0,5960.0,39,2,2018-02-01
naive,2018-05-01,7511.0,5960.0,39,3,2018-02-01
naive,2018-06-01,8057.0,5960.0,39,4,2018-02-01
naive,2018-07-01,8175.0,5960.0,39,5,2018-02-01
naive,2018-08-01,8328.0,5960.0,39,6,2018-02-01
snaive,2018-03-01,6930.0,6794.0,39,1,2018-02-01
snaive,2018-04-01,6769.0,6884.0,39,2,2018-02-01
snaive,2018-05-01,7511.0,7651.0,39,3,2018-02-01
snaive,2018-06-01,8057.0,8009.0,39,4,2018-02-01
snaive,2018-07-01,8175.0,8694.0,39,5,2018-02-01
snaive,2018-08-01,8328.0,8130.0,39,6,2018-02-01
snaive_drift,2018-03-01,6930.0,6768.083333333333,39,1,2018-02-01
snaive_drift,2018-04-01,6769.0,6832.166666666667,39,2,2018-02-01
snaive_drift,2018-05-01,7511.0,7573.25,39,3,2018-02-01
snaive_drift,2018-06-01,8057.0,7905.333333333333,39,4,2018-02-01
snaive_drift,2018-07-01,8175.0,8564.416666666666,39,5,2018-02-01
snaive_drift,2018-08-01,8328.0,7974.5,39,6,2018-02-01
prophet_repro,2018-03-01,6930.0,6970.532046340782,39,1,2018-02-01
prophet_repro,2018-04-01,6769.0,7057.731138403659,39,2,2018-02-01
prophet_repro,2018-05-01,7511.0,7942.792776855346,39,3,2018-02-01
prophet_repro,2018-06-01,8057.0,8252.363857310702,39,4,2018-02-01
prophet_repro,2018-07-01,8175.0,8426.083940392384,39,5,2018-02-01
prophet_repro,2018-08-01,8328.0,8045.798691675085,39,6,2018-02-01
prophet_temp,2018-03-01,6930.0,6945.963703722942,39,1,2018-02-01
prophet_temp,2018-04-01,6769.0,7023.0324146071325,39,2,2018-02-01
prophet_temp,2018-05-01,7511.0,7911.21875214322,39,3,2018-02-01
prophet_temp,2018-06-01,8057.0,8211.261975019423,39,4,2018-02-01
prophet_temp,2018-07-01,8175.0,8394.833181671718,39,5,2018-02-01
prophet_temp,2018-08-01,8328.0,8007.544585257041,39,6,2018-02-01
prophet_temp_ceiling,2018-03-01,6930.0,6881.649264209333,39,1,2018-02-01
prophet_temp_ceiling,2018-04-01,6769.0,7022.194193239065,39,2,2018-02-01
prophet_temp_ceiling,2018-05-01,7511.0,7896.206969460541,39,3,2018-02-01
prophet_temp_ceiling,2018-06-01,8057.0,8135.2124363528565,39,4,2018-02-01
prophet_temp_ceiling,2018-07-01,8175.0,8356.046392912918,39,5,2018-02-01
prophet_temp_ceiling,2018-08-01,8328.0,8021.794348514204,39,6,2018-02-01
naive,2018-04-01,6769.0,6930.0,40,1,2018-03-01
naive,2018-05-01,7511.0,6930.0,40,2,2018-03-01
naive,2018-06-01,8057.0,6930.0,40,3,2018-03-01
naive,2018-07-01,8175.0,6930.0,40,4,2018-03-01
naive,2018-08-01,8328.0,6930.0,40,5,2018-03-01
naive,2018-09-01,7325.0,6930.0,40,6,2018-03-01
snaive,2018-04-01,6769.0,6884.0,40,1,2018-03-01
snaive,2018-05-01,7511.0,7651.0,40,2,2018-03-01
snaive,2018-06-01,8057.0,8009.0,40,3,2018-03-01
snaive,2018-07-01,8175.0,8694.0,40,4,2018-03-01
snaive,2018-08-01,8328.0,8130.0,40,5,2018-03-01
snaive,2018-09-01,7325.0,7446.0,40,6,2018-03-01
snaive_drift,2018-04-01,6769.0,6895.333333333333,40,1,2018-03-01
snaive_drift,2018-05-01,7511.0,7673.666666666667,40,2,2018-03-01
snaive_drift,2018-06-01,8057.0,8043.0,40,3,2018-03-01
snaive_drift,2018-07-01,8175.0,8739.333333333334,40,4,2018-03-01
snaive_drift,2018-08-01,8328.0,8186.666666666667,40,5,2018-03-01
snaive_drift,2018-09-01,7325.0,7514.0,40,6,2018-03-01
prophet_repro,2018-04-01,6769.0,7059.446109362861,40,1,2018-03-01
prophet_repro,2018-05-01,7511.0,7944.438373427374,40,2,2018-03-01
prophet_repro,2018-06-01,8057.0,8253.838979119379,40,3,2018-03-01
prophet_repro,2018-07-01,8175.0,8427.246451542525,40,4,2018-03-01
prophet_repro,2018-08-01,8328.0,8047.113481518871,40,5,2018-03-01
prophet_repro,2018-09-01,7325.0,7542.5169806219355,40,6,2018-03-01
prophet_temp,2018-04-01,6769.0,7064.903448349459,40,1,2018-03-01
prophet_temp,2018-05-01,7511.0,7955.72399376049,40,2,2018-03-01
prophet_temp,2018-06-01,8057.0,8258.746381131343,40,3,2018-03-01
prophet_temp,2018-07-01,8175.0,8443.935626901814,40,4,2018-03-01
prophet_temp,2018-08-01,8328.0,8058.530061932002,40,5,2018-03-01
prophet_temp,2018-09-01,7325.0,7548.317273415429,40,6,2018-03-01
prophet_temp_ceiling,2018-04-01,6769.0,7064.10491554414,40,1,2018-03-01
prophet_temp_ceiling,2018-05-01,7511.0,7941.422997156139,40,2,2018-03-01
prophet_temp_ceiling,2018-06-01,8057.0,8186.297677521485,40,3,2018-03-01
prophet_temp_ceiling,2018-07-01,8175.0,8406.98533618296,40,4,2018-03-01
prophet_temp_ceiling,2018-08-01,8328.0,8072.105119622426,40,5,2018-03-01
prophet_temp_ceiling,2018-09-01,7325.0,7541.638635407305,40,6,2018-03-01
naive,2018-05-01,7511.0,6769.0,41,1,2018-04-01
naive,2018-06-01,8057.0,6769.0,41,2,2018-04-01
naive,2018-07-01,8175.0,6769.0,41,3,2018-04-01
naive,2018-08-01,8328.0,6769.0,41,4,2018-04-01
naive,2018-09-01,7325.0,6769.0,41,5,2018-04-01
naive,2018-10-01,7202.0,6769.0,41,6,2018-04-01
snaive,2018-05-01,7511.0,7651.0,41,1,2018-04-01
snaive,2018-06-01,8057.0,8009.0,41,2,2018-04-01
snaive,2018-07-01,8175.0,8694.0,41,3,2018-04-01
snaive,2018-08-01,8328.0,8130.0,41,4,2018-04-01
snaive,2018-09-01,7325.0,7446.0,41,5,2018-04-01
snaive,2018-10-01,7202.0,7282.0,41,6,2018-04-01
snaive_drift,2018-05-01,7511.0,7641.416666666667,41,1,2018-04-01
snaive_drift,2018-06-01,8057.0,7989.833333333333,41,2,2018-04-01
snaive_drift,2018-07-01,8175.0,8665.25,41,3,2018-04-01
snaive_drift,2018-08-01,8328.0,8091.666666666667,41,4,2018-04-01
snaive_drift,2018-09-01,7325.0,7398.083333333333,41,5,2018-04-01
snaive_drift,2018-10-01,7202.0,7224.5,41,6,2018-04-01
prophet_repro,2018-05-01,7511.0,7915.403595411631,41,1,2018-04-01
prophet_repro,2018-06-01,8057.0,8224.442352366828,41,2,2018-04-01
prophet_repro,2018-07-01,8175.0,8393.179543592405,41,3,2018-04-01
prophet_repro,2018-08-01,8328.0,8011.863567450118,41,4,2018-04-01
prophet_repro,2018-09-01,7325.0,7507.180757285212,41,5,2018-04-01
prophet_repro,2018-10-01,7202.0,7365.44071475704,41,6,2018-04-01
prophet_temp,2018-05-01,7511.0,7881.24155664287,41,1,2018-04-01
prophet_temp,2018-06-01,8057.0,8182.094534901937,41,2,2018-04-01
prophet_temp,2018-07-01,8175.0,8366.552623360574,41,3,2018-04-01
prophet_temp,2018-08-01,8328.0,7972.104389659755,41,4,2018-04-01
prophet_temp,2018-09-01,7325.0,7458.839195057197,41,5,2018-04-01
prophet_temp,2018-10-01,7202.0,7319.833355118421,41,6,2018-04-01
prophet_temp_ceiling,2018-05-01,7511.0,7866.03759190448,41,1,2018-04-01
prophet_temp_ceiling,2018-06-01,8057.0,8105.071403892229,41,2,2018-04-01
prophet_temp_ceiling,2018-07-01,8175.0,8327.269282995903,41,3,2018-04-01
prophet_temp_ceiling,2018-08-01,8328.0,7986.536579538327,41,4,2018-04-01
prophet_temp_ceiling,2018-09-01,7325.0,7451.738866346884,41,5,2018-04-01
prophet_temp_ceiling,2018-10-01,7202.0,7311.421009146419,41,6,2018-04-01
naive,2018-06-01,8057.0,7511.0,42,1,2018-05-01
naive,2018-07-01,8175.0,7511.0,42,2,2018-05-01
naive,2018-08-01,8328.0,7511.0,42,3,2018-05-01
naive,2018-09-01,7325.0,7511.0,42,4,2018-05-01
naive,2018-10-01,7202.0,7511.0,42,5,2018-05-01
naive,2018-11-01,7161.0,7511.0,42,6,2018-05-01
snaive,2018-06-01,8057.0,8009.0,42,1,2018-05-01
snaive,2018-07-01,8175.0,8694.0,42,2,2018-05-01
snaive,2018-08-01,8328.0,8130.0,42,3,2018-05-01
snaive,2018-09-01,7325.0,7446.0,42,4,2018-05-01
snaive,2018-10-01,7202.0,7282.0,42,5,2018-05-01
snaive,2018-11-01,7161.0,6830.0,42,6,2018-05-01
snaive_drift,2018-06-01,8057.0,7997.333333333333,42,1,2018-05-01
snaive_drift,2018-07-01,8175.0,8670.666666666666,42,2,2018-05-01
snaive_drift,2018-08-01,8328.0,8095.0,42,3,2018-05-01
snaive_drift,2018-09-01,7325.0,7399.333333333333,42,4,2018-05-01
snaive_drift,2018-10-01,7202.0,7223.666666666667,42,5,2018-05-01
snaive_drift,2018-11-01,7161.0,6760.0,42,6,2018-05-01
prophet_repro,2018-06-01,8057.0,8172.740066113414,42,1,2018-05-01
prophet_repro,2018-07-01,8175.0,8369.33251331712,42,2,2018-05-01
prophet_repro,2018-08-01,8328.0,7960.381498268,42,3,2018-05-01
prophet_repro,2018-09-01,7325.0,7448.818211283389,42,4,2018-05-01
prophet_repro,2018-10-01,7202.0,7326.569621669194,42,5,2018-05-01
prophet_repro,2018-11-01,7161.0,6837.125950385446,42,6,2018-05-01
prophet_temp,2018-06-01,8057.0,8146.321954236384,42,1,2018-05-01
prophet_temp,2018-07-01,8175.0,8332.114677024565,42,2,2018-05-01
prophet_temp,2018-08-01,8328.0,7934.4616787844425,42,3,2018-05-01
prophet_temp,2018-09-01,7325.0,7419.39984346645,42,4,2018-05-01
prophet_temp,2018-10-01,7202.0,7281.011104728871,42,5,2018-05-01
prophet_temp,2018-11-01,7161.0,6807.877932205257,42,6,2018-05-01
prophet_temp_ceiling,2018-06-01,8057.0,8063.604922725912,42,1,2018-05-01
prophet_temp_ceiling,2018-07-01,8175.0,8289.927333298283,42,2,2018-05-01
prophet_temp_ceiling,2018-08-01,8328.0,7949.960761843017,42,3,2018-05-01
prophet_temp_ceiling,2018-09-01,7325.0,7411.774626132819,42,4,2018-05-01
prophet_temp_ceiling,2018-10-01,7202.0,7271.97687984446,42,5,2018-05-01
prophet_temp_ceiling,2018-11-01,7161.0,6793.704973900357,42,6,2018-05-01
naive,2018-07-01,8175.0,8057.0,43,1,2018-06-01
naive,2018-08-01,8328.0,8057.0,43,2,2018-06-01
naive,2018-09-01,7325.0,8057.0,43,3,2018-06-01
naive,2018-10-01,7202.0,8057.0,43,4,2018-06-01
naive,2018-11-01,7161.0,8057.0,43,5,2018-06-01
naive,2018-12-01,7409.0,8057.0,43,6,2018-06-01
snaive,2018-07-01,8175.0,8694.0,43,1,2018-06-01
snaive,2018-08-01,8328.0,8130.0,43,2,2018-06-01
snaive,2018-09-01,7325.0,7446.0,43,3,2018-06-01
snaive,2018-10-01,7202.0,7282.0,43,4,2018-06-01
snaive,2018-11-01,7161.0,6830.0,43,5,2018-06-01
snaive,2018-12-01,7409.0,6946.0,43,6,2018-06-01
snaive_drift,2018-07-01,8175.0,8698.0,43,1,2018-06-01
snaive_drift,2018-08-01,8328.0,8138.0,43,2,2018-06-01
snaive_drift,2018-09-01,7325.0,7458.0,43,3,2018-06-01
snaive_drift,2018-10-01,7202.0,7298.0,43,4,2018-06-01
snaive_drift,2018-11-01,7161.0,6850.0,43,5,2018-06-01
snaive_drift,2018-12-01,7409.0,6970.0,43,6,2018-06-01
prophet_repro,2018-07-01,8175.0,8349.589565069224,43,1,2018-06-01
prophet_repro,2018-08-01,8328.0,7946.3115488413005,43,2,2018-06-01
prophet_repro,2018-09-01,7325.0,7435.054481527375,43,3,2018-06-01
prophet_repro,2018-10-01,7202.0,7306.582853757365,43,4,2018-06-01
prophet_repro,2018-11-01,7161.0,6820.306400372961,43,5,2018-06-01
prophet_repro,2018-12-01,7409.0,7067.269146827634,43,6,2018-06-01
prophet_temp,2018-07-01,8175.0,8326.495062222577,43,1,2018-06-01
prophet_temp,2018-08-01,8328.0,7918.408477582986,43,2,2018-06-01
prophet_temp,2018-09-01,7325.0,7401.149759812495,43,3,2018-06-01
prophet_temp,2018-10-01,7202.0,7269.87301637061,43,4,2018-06-01
prophet_temp,2018-11-01,7161.0,6787.324991372586,43,5,2018-06-01
prophet_temp,2018-12-01,7409.0,7025.271414239653,43,6,2018-06-01
prophet_temp_ceiling,2018-07-01,8175.0,8284.833250468177,43,1,2018-06-01
prophet_temp_ceiling,2018-08-01,8328.0,7933.714487009455,43,2,2018-06-01
prophet_temp_ceiling,2018-09-01,7325.0,7393.619530575943,43,3,2018-06-01
prophet_temp_ceiling,2018-10-01,7202.0,7260.9513317316505,43,4,2018-06-01
prophet_temp_ceiling,2018-11-01,7161.0,6773.328587030734,43,5,2018-06-01
prophet_temp_ceiling,2018-12-01,7409.0,7043.9332866954555,43,6,2018-06-01
naive,2018-08-01,8328.0,8175.0,44,1,2018-07-01
naive,2018-09-01,7325.0,8175.0,44,2,2018-07-01
naive,2018-10-01,7202.0,8175.0,44,3,2018-07-01
naive,2018-11-01,7161.0,8175.0,44,4,2018-07-01
naive,2018-12-01,7409.0,8175.0,44,5,2018-07-01
naive,2019-01-01,7117.0,8175.0,44,6,2018-07-01
snaive,2018-08-01,8328.0,8130.0,44,1,2018-07-01
snaive,2018-09-01,7325.0,7446.0,44,2,2018-07-01
snaive,2018-10-01,7202.0,7282.0,44,3,2018-07-01
snaive,2018-11-01,7161.0,6830.0,44,4,2018-07-01
snaive,2018-12-01,7409.0,6946.0,44,5,2018-07-01
snaive,2019-01-01,7117.0,6886.0,44,6,2018-07-01
snaive_drift,2018-08-01,8328.0,8086.75,44,1,2018-07-01
snaive_drift,2018-09-01,7325.0,7359.5,44,2,2018-07-01
snaive_drift,2018-10-01,7202.0,7152.25,44,3,2018-07-01
snaive_drift,2018-11-01,7161.0,6657.0,44,4,2018-07-01
snaive_drift,2018-12-01,7409.0,6729.75,44,5,2018-07-01
snaive_drift,2019-01-01,7117.0,6626.5,44,6,2018-07-01
prophet_repro,2018-08-01,8328.0,7921.4104595244735,44,1,2018-07-01
prophet_repro,2018-09-01,7325.0,7411.731680008606,44,2,2018-07-01
prophet_repro,2018-10-01,7202.0,7268.99014001812,44,3,2018-07-01
prophet_repro,2018-11-01,7161.0,6793.231014155298,44,4,2018-07-01
prophet_repro,2018-12-01,7409.0,7030.956008018042,44,5,2018-07-01
prophet_repro,2019-01-01,7117.0,6987.7158918139885,44,6,2018-07-01
prophet_temp,2018-08-01,8328.0,7903.750591848699,44,1,2018-07-01
prophet_temp,2018-09-01,7325.0,7386.09332130966,44,2,2018-07-01
prophet_temp,2018-10-01,7202.0,7252.679885106008,44,3,2018-07-01
prophet_temp,2018-11-01,7161.0,6771.005877829058,44,4,2018-07-01
prophet_temp,2018-12-01,7409.0,7006.787119982012,44,5,2018-07-01
prophet_temp,2019-01-01,7117.0,6956.79137846938,44,6,2018-07-01
prophet_temp_ceiling,2018-08-01,8328.0,7919.098278270437,44,1,2018-07-01
prophet_temp_ceiling,2018-09-01,7325.0,7378.542587882923,44,2,2018-07-01
prophet_temp_ceiling,2018-10-01,7202.0,7243.733907459113,44,3,2018-07-01
prophet_temp_ceiling,2018-11-01,7161.0,6756.9713624380565,44,4,2018-07-01
prophet_temp_ceiling,2018-12-01,7409.0,7025.499807170014,44,5,2018-07-01
prophet_temp_ceiling,2019-01-01,7117.0,6898.938899170802,44,6,2018-07-01
naive,2018-09-01,7325.0,8328.0,45,1,2018-08-01
naive,2018-10-01,7202.0,8328.0,45,2,2018-08-01
naive,2018-11-01,7161.0,8328.0,45,3,2018-08-01
naive,2018-12-01,7409.0,8328.0,45,4,2018-08-01
naive,2019-01-01,7117.0,8328.0,45,5,2018-08-01
naive,2019-02-01,6307.0,8328.0,45,6,2018-08-01
snaive,2018-09-01,7325.0,7446.0,45,1,2018-08-01
snaive,2018-10-01,7202.0,7282.0,45,2,2018-08-01
snaive,2018-11-01,7161.0,6830.0,45,3,2018-08-01
snaive,2018-12-01,7409.0,6946.0,45,4,2018-08-01
snaive,2019-01-01,7117.0,6886.0,45,5,2018-08-01
snaive,2019-02-01,6307.0,5960.0,45,6,2018-08-01
snaive_drift,2018-09-01,7325.0,7462.5,45,1,2018-08-01
snaive_drift,2018-10-01,7202.0,7315.0,45,2,2018-08-01
snaive_drift,2018-11-01,7161.0,6879.5,45,3,2018-08-01
snaive_drift,2018-12-01,7409.0,7012.0,45,4,2018-08-01
snaive_drift,2019-01-01,7117.0,6968.5,45,5,2018-08-01
snaive_drift,2019-02-01,6307.0,6059.0,45,6,2018-08-01
prophet_repro,2018-09-01,7325.0,7452.854898507665,45,1,2018-08-01
prophet_repro,2018-10-01,7202.0,7323.176150469761,45,2,2018-08-01
prophet_repro,2018-11-01,7161.0,6839.798706105882,45,3,2018-08-01
prophet_repro,2018-12-01,7409.0,7086.931974757839,45,4,2018-08-01
prophet_repro,2019-01-01,7117.0,7038.981840256897,45,5,2018-08-01
prophet_repro,2019-02-01,6307.0,6521.547297763416,45,6,2018-08-01
prophet_temp,2018-09-01,7325.0,7464.067593002621,45,1,2018-08-01
prophet_temp,2018-10-01,7202.0,7330.539833819665,45,2,2018-08-01
prophet_temp,2018-11-01,7161.0,6856.418556646658,45,3,2018-08-01
prophet_temp,2018-12-01,7409.0,7093.111114029459,45,4,2018-08-01
prophet_temp,2019-01-01,7117.0,7050.5573372328945,45,5,2018-08-01
prophet_temp,2019-02-01,6307.0,6541.776675207708,45,6,2018-08-01
prophet_temp_ceiling,2018-09-01,7325.0,7456.503429748889,45,1,2018-08-01
prophet_temp_ceiling,2018-10-01,7202.0,7321.577944747309,45,2,2018-08-01
prophet_temp_ceiling,2018-11-01,7161.0,6842.3590792946125,45,3,2018-08-01
prophet_temp_ceiling,2018-12-01,7409.0,7111.857083832185,45,4,2018-08-01
prophet_temp_ceiling,2019-01-01,7117.0,6992.601960805753,45,5,2018-08-01
prophet_temp_ceiling,2019-02-01,6307.0,6587.234738433031,45,6,2018-08-01
naive,2018-10-01,7202.0,7325.0,46,1,2018-09-01
naive,2018-11-01,7161.0,7325.0,46,2,2018-09-01
naive,2018-12-01,7409.0,7325.0,46,3,2018-09-01
naive,2019-01-01,7117.0,7325.0,46,4,2018-09-01
naive,2019-02-01,6307.0,7325.0,46,5,2018-09-01
naive,2019-03-01,7067.0,7325.0,46,6,2018-09-01
snaive,2018-10-01,7202.0,7282.0,46,1,2018-09-01
snaive,2018-11-01,7161.0,6830.0,46,2,2018-09-01
snaive,2018-12-01,7409.0,6946.0,46,3,2018-09-01
snaive,2019-01-01,7117.0,6886.0,46,4,2018-09-01
snaive,2019-02-01,6307.0,5960.0,46,5,2018-09-01
snaive,2019-03-01,7067.0,6930.0,46,6,2018-09-01
snaive_drift,2018-10-01,7202.0,7271.916666666667,46,1,2018-09-01
snaive_drift,2018-11-01,7161.0,6809.833333333333,46,2,2018-09-01
snaive_drift,2018-12-01,7409.0,6915.75,46,3,2018-09-01
snaive_drift,2019-01-01,7117.0,6845.666666666667,46,4,2018-09-01
snaive_drift,2019-02-01,6307.0,5909.583333333333,46,5,2018-09-01
snaive_drift,2019-03-01,7067.0,6869.5,46,6,2018-09-01
prophet_repro,2018-10-01,7202.0,7329.036326104995,46,1,2018-09-01
prophet_repro,2018-11-01,7161.0,6837.436831350038,46,2,2018-09-01
prophet_repro,2018-12-01,7409.0,7090.623913795762,46,3,2018-09-01
prophet_repro,2019-01-01,7117.0,7036.7742938482625,46,4,2018-09-01
prophet_repro,2019-02-01,6307.0,6523.287364963164,46,5,2018-09-01
prophet_repro,2019-03-01,7067.0,6970.889352537169,46,6,2018-09-01
prophet_temp,2018-10-01,7202.0,7281.296374042841,46,1,2018-09-01
prophet_temp,2018-11-01,7161.0,6809.793661126056,46,2,2018-09-01
prophet_temp,2018-12-01,7409.0,7038.8783956244015,46,3,2018-09-01
prophet_temp,2019-01-01,7117.0,6996.145231118896,46,4,2018-09-01
prophet_temp,2019-02-01,6307.0,6484.515581990721,46,5,2018-09-01
prophet_temp,2019-03-01,7067.0,6908.685315778582,46,6,2018-09-01
prophet_temp_ceiling,2018-10-01,7202.0,7272.331712706068,46,1,2018-09-01
prophet_temp_ceiling,2018-11-01,7161.0,6795.729834625247,46,2,2018-09-01
prophet_temp_ceiling,2018-12-01,7409.0,7057.630164292146,46,3,2018-09-01
prophet_temp_ceiling,2019-01-01,7117.0,6938.171926816667,46,4,2018-09-01
prophet_temp_ceiling,2019-02-01,6307.0,6529.987707181121,46,5,2018-09-01
prophet_temp_ceiling,2019-03-01,7067.0,6908.831528399773,46,6,2018-09-01
naive,2018-11-01,7161.0,7202.0,47,1,2018-10-01
naive,2018-12-01,7409.0,7202.0,47,2,2018-10-01
naive,2019-01-01,7117.0,7202.0,47,3,2018-10-01
naive,2019-02-01,6307.0,7202.0,47,4,2018-10-01
naive,2019-03-01,7067.0,7202.0,47,5,2018-10-01
naive,2019-04-01,7108.0,7202.0,47,6,2018-10-01
snaive,2018-11-01,7161.0,6830.0,47,1,2018-10-01
snaive,2018-12-01,7409.0,6946.0,47,2,2018-10-01
snaive,2019-01-01,7117.0,6886.0,47,3,2018-10-01
snaive,2019-02-01,6307.0,5960.0,47,4,2018-10-01
snaive,2019-03-01,7067.0,6930.0,47,5,2018-10-01
snaive,2019-04-01,7108.0,6769.0,47,6,2018-10-01
snaive_drift,2018-11-01,7161.0,6823.333333333333,47,1,2018-10-01
snaive_drift,2018-12-01,7409.0,6932.666666666667,47,2,2018-10-01
snaive_drift,2019-01-01,7117.0,6866.0,47,3,2018-10-01
snaive_drift,2019-02-01,6307.0,5933.333333333333,47,4,2018-10-01
snaive_drift,2019-03-01,7067.0,6896.666666666667,47,5,2018-10-01
snaive_drift,2019-04-01,7108.0,6729.0,47,6,2018-10-01
prophet_repro,2018-11-01,7161.0,6824.402626767307,47,1,2018-10-01
prophet_repro,2018-12-01,7409.0,7067.334482875054,47,2,2018-10-01
prophet_repro,2019-01-01,7117.0,7023.563748201137,47,3,2018-10-01
prophet_repro,2019-02-01,6307.0,6503.6510551438905,47,4,2018-10-01
prophet_repro,2019-03-01,7067.0,6932.316724747732,47,5,2018-10-01
prophet_repro,2019-04-01,7108.0,7011.311072233381,47,6,2018-10-01
prophet_temp,2018-11-01,7161.0,6809.602961253193,47,1,2018-10-01
prophet_temp,2018-12-01,7409.0,7041.364608440677,47,2,2018-10-01
prophet_temp,2019-01-01,7117.0,6998.442284732298,47,3,2018-10-01
prophet_temp,2019-02-01,6307.0,6487.061872833657,47,4,2018-10-01
prophet_temp,2019-03-01,7067.0,6914.565328672488,47,5,2018-10-01
prophet_temp,2019-04-01,7108.0,6971.073027473771,47,6,2018-10-01
prophet_temp_ceiling,2018-11-01,7161.0,6795.443205338212,47,1,2018-10-01
prophet_temp_ceiling,2018-12-01,7409.0,7060.2442829939855,47,2,2018-10-01
prophet_temp_ceiling,2019-01-01,7117.0,6940.073544300432,47,3,2018-10-01
prophet_temp_ceiling,2019-02-01,6307.0,6532.844163563316,47,4,2018-10-01
prophet_temp_ceiling,2019-03-01,7067.0,6914.712538610525,47,5,2018-10-01
prophet_temp_ceiling,2019-04-01,7108.0,6895.4071193225,47,6,2018-10-01
naive,2018-12-01,7409.0,7161.0,48,1,2018-11-01
naive,2019-01-01,7117.0,7161.0,48,2,2018-11-01
naive,2019-02-01,6307.0,7161.0,48,3,2018-11-01
naive,2019-03-01,7067.0,7161.0,48,4,2018-11-01
naive,2019-04-01,7108.0,7161.0,48,5,2018-11-01
naive,2019-05-01,7776.0,7161.0,48,6,2018-11-01
snaive,2018-12-01,7409.0,6946.0,48,1,2018-11-01
snaive,2019-01-01,7117.0,6886.0,48,2,2018-11-01
snaive,2019-02-01,6307.0,5960.0,48,3,2018-11-01
snaive,2019-03-01,7067.0,6930.0,48,4,2018-11-01
snaive,2019-04-01,7108.0,6769.0,48,5,2018-11-01
snaive,2019-05-01,7776.0,7511.0,48,6,2018-11-01
snaive_drift,2018-12-01,7409.0,6973.583333333333,48,1,2018-11-01
snaive_drift,2019-01-01,7117.0,6941.166666666667,48,2,2018-11-01
snaive_drift,2019-02-01,6307.0,6042.75,48,3,2018-11-01
snaive_drift,2019-03-01,7067.0,7040.333333333333,48,4,2018-11-01
snaive_drift,2019-04-01,7108.0,6906.916666666667,48,5,2018-11-01
snaive_drift,2019-05-01,7776.0,7676.5,48,6,2018-11-01
prophet_repro,2018-12-01,7409.0,7100.850782834216,48,1,2018-11-01
prophet_repro,2019-01-01,7117.0,7057.220883579951,48,2,2018-11-01
prophet_repro,2019-02-01,6307.0,6539.743920650569,48,3,2018-11-01
prophet_repro,2019-03-01,7067.0,6971.595800996729,48,4,2018-11-01
prophet_repro,2019-04-01,7108.0,7051.02398967219,48,5,2018-11-01
prophet_repro,2019-05-01,7776.0,7951.739218359421,48,6,2018-11-01
prophet_temp,2018-12-01,7409.0,7083.351920576715,48,1,2018-11-01
prophet_temp,2019-01-01,7117.0,7046.833694309852,48,2,2018-11-01
prophet_temp,2019-02-01,6307.0,6537.604501772949,48,3,2018-11-01
prophet_temp,2019-03-01,7067.0,6961.386697937991,48,4,2018-11-01
prophet_temp,2019-04-01,7108.0,7023.7361153503725,48,5,2018-11-01
prophet_temp,2019-05-01,7776.0,7948.686042337847,48,6,2018-11-01
prophet_temp_ceiling,2018-12-01,7409.0,7102.348109303433,48,1,2018-11-01
prophet_temp_ceiling,2019-01-01,7117.0,6988.104736569939,48,2,2018-11-01
prophet_temp_ceiling,2019-02-01,6307.0,6583.669333695049,48,3,2018-11-01
prophet_temp_ceiling,2019-03-01,7067.0,6961.5348163686085,48,4,2018-11-01
prophet_temp_ceiling,2019-04-01,7108.0,6947.603242012881,48,5,2018-11-01
prophet_temp_ceiling,2019-05-01,7776.0,7816.120046935017,48,6,2018-11-01
naive,2019-01-01,7117.0,7409.0,49,1,2018-12-01
naive,2019-02-01,6307.0,7409.0,49,2,2018-12-01
naive,2019-03-01,7067.0,7409.0,49,3,2018-12-01
naive,2019-04-01,7108.0,7409.0,49,4,2018-12-01
naive,2019-05-01,7776.0,7409.0,49,5,2018-12-01
naive,2019-06-01,8274.0,7409.0,49,6,2018-12-01
snaive,2019-01-01,7117.0,6886.0,49,1,2018-12-01
snaive,2019-02-01,6307.0,5960.0,49,2,2018-12-01
snaive,2019-03-01,7067.0,6930.0,49,3,2018-12-01
snaive,2019-04-01,7108.0,6769.0,49,4,2018-12-01
snaive,2019-05-01,7776.0,7511.0,49,5,2018-12-01
snaive,2019-06-01,8274.0,8057.0,49,6,2018-12-01
snaive_drift,2019-01-01,7117.0,6924.583333333333,49,1,2018-12-01
snaive_drift,2019-02-01,6307.0,6037.166666666667,49,2,2018-12-01
snaive_drift,2019-03-01,7067.0,7045.75,49,3,2018-12-01
snaive_drift,2019-04-01,7108.0,6923.333333333333,49,4,2018-12-01
snaive_drift,2019-05-01,7776.0,7703.916666666667,49,5,2018-12-01
snaive_drift,2019-06-01,8274.0,8288.5,49,6,2018-12-01
prophet_repro,2019-01-01,7117.0,7086.416421288842,49,1,2018-12-01
prophet_repro,2019-02-01,6307.0,6568.325102955258,49,2,2018-12-01
prophet_repro,2019-03-01,7067.0,6988.939238078971,49,3,2018-12-01
prophet_repro,2019-04-01,7108.0,7079.741794167888,49,4,2018-12-01
prophet_repro,2019-05-01,7776.0,7993.070557878216,49,5,2018-12-01
prophet_repro,2019-06-01,8274.0,8327.732493470203,49,6,2018-12-01
prophet_temp,2019-01-01,7117.0,7065.145100872113,49,1,2018-12-01
prophet_temp,2019-02-01,6307.0,6557.225093818952,49,2,2018-12-01
prophet_temp,2019-03-01,7067.0,6985.999794063384,49,3,2018-12-01
prophet_temp,2019-04-01,7108.0,7047.745348576285,49,4,2018-12-01
prophet_temp,2019-05-01,7776.0,7964.600172040071,49,5,2018-12-01
prophet_temp,2019-06-01,8274.0,8284.267967750464,49,6,2018-12-01
prophet_temp_ceiling,2019-01-01,7117.0,7005.799671112993,49,1,2018-12-01
prophet_temp_ceiling,2019-02-01,6307.0,6603.773463693067,49,2,2018-12-01
prophet_temp_ceiling,2019-03-01,7067.0,6986.149467278414,49,3,2018-12-01
prophet_temp_ceiling,2019-04-01,7108.0,6970.81331605122,49,4,2018-12-01
prophet_temp_ceiling,2019-05-01,7776.0,7830.642644588839,49,5,2018-12-01
prophet_temp_ceiling,2019-06-01,8274.0,8190.722208357146,49,6,2018-12-01
naive,2019-02-01,6307.0,7117.0,50,1,2019-01-01
naive,2019-03-01,7067.0,7117.0,50,2,2019-01-01
naive,2019-04-01,7108.0,7117.0,50,3,2019-01-01
naive,2019-05-01,7776.0,7117.0,50,4,2019-01-01
naive,2019-06-01,8274.0,7117.0,50,5,2019-01-01
naive,2019-07-01,8919.0,7117.0,50,6,2019-01-01
snaive,2019-02-01,6307.0,5960.0,50,1,2019-01-01
snaive,2019-03-01,7067.0,6930.0,50,2,2019-01-01
snaive,2019-04-01,7108.0,6769.0,50,3,2019-01-01
snaive,2019-05-01,7776.0,7511.0,50,4,2019-01-01
snaive,2019-06-01,8274.0,8057.0,50,5,2019-01-01
snaive,2019-07-01,8919.0,8175.0,50,6,2019-01-01
snaive_drift,2019-02-01,6307.0,5979.25,50,1,2019-01-01
snaive_drift,2019-03-01,7067.0,6968.5,50,2,2019-01-01
snaive_drift,2019-04-01,7108.0,6826.75,50,3,2019-01-01
snaive_drift,2019-05-01,7776.0,7588.0,50,4,2019-01-01
snaive_drift,2019-06-01,8274.0,8153.25,50,5,2019-01-01
snaive_drift,2019-07-01,8919.0,8290.5,50,6,2019-01-01
prophet_repro,2019-02-01,6307.0,6573.084555545357,50,1,2019-01-01
prophet_repro,2019-03-01,7067.0,6989.978783474273,50,2,2019-01-01
prophet_repro,2019-04-01,7108.0,7085.032033059273,50,3,2019-01-01
prophet_repro,2019-05-01,7776.0,8004.975763644756,50,4,2019-01-01
prophet_repro,2019-06-01,8274.0,8339.556639123914,50,5,2019-01-01
prophet_repro,2019-07-01,8919.0,8359.975126091831,50,6,2019-01-01
prophet_temp,2019-02-01,6307.0,6584.39851154887,50,1,2019-01-01
prophet_temp,2019-03-01,7067.0,7011.121647449747,50,2,2019-01-01
prophet_temp,2019-04-01,7108.0,7075.808013419938,50,3,2019-01-01
prophet_temp,2019-05-01,7776.0,7996.202389783973,50,4,2019-01-01
prophet_temp,2019-06-01,8274.0,8317.803629386388,50,5,2019-01-01
prophet_temp,2019-07-01,8919.0,8412.535416946466,50,6,2019-01-01
prophet_temp_ceiling,2019-02-01,6307.0,6629.046880443386,50,1,2019-01-01
prophet_temp_ceiling,2019-03-01,7067.0,7011.265211336868,50,2,2019-01-01
prophet_temp_ceiling,2019-04-01,7108.0,7002.016175439934,50,3,2019-01-01
prophet_temp_ceiling,2019-05-01,7776.0,7867.712710811008,50,4,2019-01-01
prophet_temp_ceiling,2019-06-01,8274.0,8228.076199935993,50,5,2019-01-01
prophet_temp_ceiling,2019-07-01,8919.0,8471.611956496605,50,6,2019-01-01
naive,2019-03-01,7067.0,6307.0,51,1,2019-02-01
naive,2019-04-01,7108.0,6307.0,51,2,2019-02-01
naive,2019-05-01,7776.0,6307.0,51,3,2019-02-01
naive,2019-06-01,8274.0,6307.0,51,4,2019-02-01
naive,2019-07-01,8919.0,6307.0,51,5,2019-02-01
naive,2019-08-01,8180.0,6307.0,51,6,2019-02-01
snaive,2019-03-01,7067.0,6930.0,51,1,2019-02-01
snaive,2019-04-01,7108.0,6769.0,51,2,2019-02-01
snaive,2019-05-01,7776.0,7511.0,51,3,2019-02-01
snaive,2019-06-01,8274.0,8057.0,51,4,2019-02-01
snaive,2019-07-01,8919.0,8175.0,51,5,2019-02-01
snaive,2019-08-01,8180.0,8328.0,51,6,2019-02-01
snaive_drift,2019-03-01,7067.0,6958.916666666667,51,1,2019-02-01
snaive_drift,2019-04-01,7108.0,6826.833333333333,51,2,2019-02-01
snaive_drift,2019-05-01,7776.0,7597.75,51,3,2019-02-01
snaive_drift,2019-06-01,8274.0,8172.666666666667,51,4,2019-02-01
snaive_drift,2019-07-01,8919.0,8319.583333333334,51,5,2019-02-01
snaive_drift,2019-08-01,8180.0,8501.5,51,6,2019-02-01
prophet_repro,2019-03-01,7067.0,6974.668985336986,51,1,2019-02-01
prophet_repro,2019-04-01,7108.0,7065.106833654714,51,2,2019-02-01
prophet_repro,2019-05-01,7776.0,7981.853043005042,51,3,2019-02-01
prophet_repro,2019-06-01,8274.0,8315.248389228927,51,4,2019-02-01
prophet_repro,2019-07-01,8919.0,8337.192051335089,51,5,2019-02-01
prophet_repro,2019-08-01,8180.0,8157.806031522869,51,6,2019-02-01
prophet_temp,2019-03-01,7067.0,6959.7487874815115,51,1,2019-02-01
prophet_temp,2019-04-01,7108.0,7028.911359151929,51,2,2019-02-01
prophet_temp,2019-05-01,7776.0,7970.385462861421,51,3,2019-02-01
prophet_temp,2019-06-01,8274.0,8284.335428407656,51,4,2019-02-01
prophet_temp,2019-07-01,8919.0,8324.68328620172,51,5,2019-02-01
prophet_temp,2019-08-01,8180.0,8141.492794939633,51,6,2019-02-01
prophet_temp_ceiling,2019-03-01,7067.0,6959.889568457331,51,1,2019-02-01
prophet_temp_ceiling,2019-04-01,7108.0,6956.549937580861,51,2,2019-02-01
prophet_temp_ceiling,2019-05-01,7776.0,7844.38648950324,51,3,2019-02-01
prophet_temp_ceiling,2019-06-01,8274.0,8196.347318520659,51,4,2019-02-01
prophet_temp_ceiling,2019-07-01,8919.0,8382.61465775132,51,5,2019-02-01
prophet_temp_ceiling,2019-08-01,8180.0,8154.655816178728,51,6,2019-02-01
naive,2019-04-01,7108.0,7067.0,52,1,2019-03-01
naive,2019-05-01,7776.0,7067.0,52,2,2019-03-01
naive,2019-06-01,8274.0,7067.0,52,3,2019-03-01
naive,2019-07-01,8919.0,7067.0,52,4,2019-03-01
naive,2019-08-01,8180.0,7067.0,52,5,2019-03-01
naive,2019-09-01,7664.0,7067.0,52,6,2019-03-01
snaive,2019-04-01,7108.0,6769.0,52,1,2019-03-01
snaive,2019-05-01,7776.0,7511.0,52,2,2019-03-01
snaive,2019-06-01,8274.0,8057.0,52,3,2019-03-01
snaive,2019-07-01,8919.0,8175.0,52,4,2019-03-01
snaive,2019-08-01,8180.0,8328.0,52,5,2019-03-01
snaive,2019-09-01,7664.0,7325.0,52,6,2019-03-01
snaive_drift,2019-04-01,7108.0,6780.416666666667,52,1,2019-03-01
snaive_drift,2019-05-01,7776.0,7533.833333333333,52,2,2019-03-01
snaive_drift,2019-06-01,8274.0,8091.25,52,3,2019-03-01
snaive_drift,2019-07-01,8919.0,8220.666666666666,52,4,2019-03-01
snaive_drift,2019-08-01,8180.0,8385.083333333334,52,5,2019-03-01
snaive_drift,2019-09-01,7664.0,7393.5,52,6,2019-03-01
prophet_repro,2019-04-01,7108.0,7060.666242309487,52,1,2019-03-01
prophet_repro,2019-05-01,7776.0,7976.5863207361,52,2,2019-03-01
prophet_repro,2019-06-01,8274.0,8309.740053702642,52,3,2019-03-01
prophet_repro,2019-07-01,8919.0,8333.256672210086,52,4,2019-03-01
prophet_repro,2019-08-01,8180.0,8153.688141069739,52,5,2019-03-01
prophet_repro,2019-09-01,7664.0,7582.394938053046,52,6,2019-03-01
prophet_temp,2019-04-01,7108.0,7045.11620696674,52,1,2019-03-01
prophet_temp,2019-05-01,7776.0,7974.7959978170675,52,2,2019-03-01
prophet_temp,2019-06-01,8274.0,8292.100993142141,52,3,2019-03-01
prophet_temp,2019-07-01,8919.0,8357.510295809287,52,4,2019-03-01
prophet_temp,2019-08-01,8180.0,8151.439369213203,52,5,2019-03-01
prophet_temp,2019-09-01,7664.0,7566.595973724349,52,6,2019-03-01
prophet_temp_ceiling,2019-04-01,7108.0,6976.077522665848,52,1,2019-03-01
prophet_temp_ceiling,2019-05-01,7776.0,7854.5827245694045,52,2,2019-03-01
prophet_temp_ceiling,2019-06-01,8274.0,8208.15317662841,52,3,2019-03-01
prophet_temp_ceiling,2019-07-01,8919.0,8412.781538201927,52,4,2019-03-01
prophet_temp_ceiling,2019-08-01,8180.0,8163.997962563657,52,5,2019-03-01
prophet_temp_ceiling,2019-09-01,7664.0,7526.569654810602,52,6,2019-03-01
naive,2019-05-01,7776.0,7108.0,53,1,2019-04-01
naive,2019-06-01,8274.0,7108.0,53,2,2019-04-01
naive,2019-07-01,8919.0,7108.0,53,3,2019-04-01
naive,2019-08-01,8180.0,7108.0,53,4,2019-04-01
naive,2019-09-01,7664.0,7108.0,53,5,2019-04-01
naive,2019-10-01,7254.0,7108.0,53,6,2019-04-01
snaive,2019-05-01,7776.0,7511.0,53,1,2019-04-01
snaive,2019-06-01,8274.0,8057.0,53,2,2019-04-01
snaive,2019-07-01,8919.0,8175.0,53,3,2019-04-01
snaive,2019-08-01,8180.0,8328.0,53,4,2019-04-01
snaive,2019-09-01,7664.0,7325.0,53,5,2019-04-01
snaive,2019-10-01,7254.0,7202.0,53,6,2019-04-01
snaive_drift,2019-05-01,7776.0,7539.25,53,1,2019-04-01
snaive_drift,2019-06-01,8274.0,8113.5,53,2,2019-04-01
snaive_drift,2019-07-01,8919.0,8259.75,53,3,2019-04-01
snaive_drift,2019-08-01,8180.0,8441.0,53,4,2019-04-01
snaive_drift,2019-09-01,7664.0,7466.25,53,5,2019-04-01
snaive_drift,2019-10-01,7254.0,7371.5,53,6,2019-04-01
prophet_repro,2019-05-01,7776.0,7973.384710044087,53,1,2019-04-01
prophet_repro,2019-06-01,8274.0,8307.410753278178,53,2,2019-04-01
prophet_repro,2019-07-01,8919.0,8364.874248797949,53,3,2019-04-01
prophet_repro,2019-08-01,8180.0,8154.18229948034,53,4,2019-04-01
prophet_repro,2019-09-01,7664.0,7583.362578821589,53,5,2019-04-01
prophet_repro,2019-10-01,7254.0,7374.192103798262,53,6,2019-04-01
prophet_temp,2019-05-01,7776.0,7963.333555561127,53,1,2019-04-01
prophet_temp,2019-06-01,8274.0,8289.713401678755,53,2,2019-04-01
prophet_temp,2019-07-01,8919.0,8416.72444525181,53,3,2019-04-01
prophet_temp,2019-08-01,8180.0,8143.5674975278325,53,4,2019-04-01
prophet_temp,2019-09-01,7664.0,7566.727092836186,53,5,2019-04-01
prophet_temp,2019-10-01,7254.0,7394.503150053457,53,6,2019-04-01
prophet_temp_ceiling,2019-05-01,7776.0,7848.610992242291,53,1,2019-04-01
prophet_temp_ceiling,2019-06-01,8274.0,8209.59987980806,53,2,2019-04-01
prophet_temp_ceiling,2019-07-01,8919.0,8469.471188051477,53,3,2019-04-01
prophet_temp_ceiling,2019-08-01,8180.0,8155.552480399689,53,4,2019-04-01
prophet_temp_ceiling,2019-09-01,7664.0,7528.528965608239,53,5,2019-04-01
prophet_temp_ceiling,2019-10-01,7254.0,7325.2209763396795,53,6,2019-04-01
naive,2019-06-01,8274.0,7776.0,54,1,2019-05-01
naive,2019-07-01,8919.0,7776.0,54,2,2019-05-01
naive,2019-08-01,8180.0,7776.0,54,3,2019-05-01
naive,2019-09-01,7664.0,7776.0,54,4,2019-05-01
naive,2019-10-01,7254.0,7776.0,54,5,2019-05-01
naive,2019-11-01,6785.0,7776.0,54,6,2019-05-01
snaive,2019-06-01,8274.0,8057.0,54,1,2019-05-01
snaive,2019-07-01,8919.0,8175.0,54,2,2019-05-01
snaive,2019-08-01,8180.0,8328.0,54,3,2019-05-01
snaive,2019-09-01,7664.0,7325.0,54,4,2019-05-01
snaive,2019-10-01,7254.0,7202.0,54,5,2019-05-01
snaive,2019-11-01,6785.0,7161.0,54,6,2019-05-01
snaive_drift,2019-06-01,8274.0,8079.083333333333,54,1,2019-05-01
snaive_drift,2019-07-01,8919.0,8219.166666666666,54,2,2019-05-01
snaive_drift,2019-08-01,8180.0,8394.25,54,3,2019-05-01
snaive_drift,2019-09-01,7664.0,7413.333333333333,54,4,2019-05-01
snaive_drift,2019-10-01,7254.0,7312.416666666667,54,5,2019-05-01
snaive_drift,2019-11-01,6785.0,7293.5,54,6,2019-05-01
prophet_repro,2019-06-01,8274.0,8300.910173535536,54,1,2019-05-01
prophet_repro,2019-07-01,8919.0,8366.922179127281,54,2,2019-05-01
prophet_repro,2019-08-01,8180.0,8144.069724768821,54,3,2019-05-01
prophet_repro,2019-09-01,7664.0,7572.317117518028,54,4,2019-05-01
prophet_repro,2019-10-01,7254.0,7368.872241455919,54,5,2019-05-01
prophet_repro,2019-11-01,6785.0,7026.210836430049,54,6,2019-05-01
prophet_temp,2019-06-01,8274.0,8283.5465961663,54,1,2019-05-01
prophet_temp,2019-07-01,8919.0,8376.775661462234,54,2,2019-05-01
prophet_temp,2019-08-01,8180.0,8141.141490727661,54,3,2019-05-01
prophet_temp,2019-09-01,7664.0,7559.520702503515,54,4,2019-05-01
prophet_temp,2019-10-01,7254.0,7358.265053031076,54,5,2019-05-01
prophet_temp,2019-11-01,6785.0,7030.363662091669,54,6,2019-05-01
prophet_temp_ceiling,2019-06-01,8274.0,8197.070183813727,54,1,2019-05-01
prophet_temp_ceiling,2019-07-01,8919.0,8433.711731355166,54,2,2019-05-01
prophet_temp_ceiling,2019-08-01,8180.0,8154.078362015606,54,3,2019-05-01
prophet_temp_ceiling,2019-09-01,7664.0,7518.288749093809,54,4,2019-05-01
prophet_temp_ceiling,2019-10-01,7254.0,7283.480251628572,54,5,2019-05-01
prophet_temp_ceiling,2019-11-01,6785.0,7006.703715672005,54,6,2019-05-01
naive,2019-07-01,8919.0,8274.0,55,1,2019-06-01
naive,2019-08-01,8180.0,8274.0,55,2,2019-06-01
naive,2019-09-01,7664.0,8274.0,55,3,2019-06-01
naive,2019-10-01,7254.0,8274.0,55,4,2019-06-01
naive,2019-11-01,6785.0,8274.0,55,5,2019-06-01
naive,2019-12-01,6987.0,8274.0,55,6,2019-06-01
snaive,2019-07-01,8919.0,8175.0,55,1,2019-06-01
snaive,2019-08-01,8180.0,8328.0,55,2,2019-06-01
snaive,2019-09-01,7664.0,7325.0,55,3,2019-06-01
snaive,2019-10-01,7254.0,7202.0,55,4,2019-06-01
snaive,2019-11-01,6785.0,7161.0,55,5,2019-06-01
snaive,2019-12-01,6987.0,7409.0,55,6,2019-06-01
snaive_drift,2019-07-01,8919.0,8193.083333333334,55,1,2019-06-01
snaive_drift,2019-08-01,8180.0,8364.166666666666,55,2,2019-06-01
snaive_drift,2019-09-01,7664.0,7379.25,55,3,2019-06-01
snaive_drift,2019-10-01,7254.0,7274.333333333333,55,4,2019-06-01
snaive_drift,2019-11-01,6785.0,7251.416666666667,55,5,2019-06-01
snaive_drift,2019-12-01,6987.0,7517.5,55,6,2019-06-01
prophet_repro,2019-07-01,8919.0,8362.167273235285,55,1,2019-06-01
prophet_repro,2019-08-01,8180.0,8137.549577929649,55,2,2019-06-01
prophet_repro,2019-09-01,7664.0,7566.27980428065,55,3,2019-06-01
prophet_repro,2019-10-01,7254.0,7364.3263243402125,55,4,2019-06-01
prophet_repro,2019-11-01,6785.0,7020.260044131356,55,5,2019-06-01
prophet_repro,2019-12-01,6987.0,7217.771560798,55,6,2019-06-01
prophet_temp,2019-07-01,8919.0,8396.862892938596,55,1,2019-06-01
prophet_temp,2019-08-01,8180.0,8152.690635096864,55,2,2019-06-01
prophet_temp,2019-09-01,7664.0,7573.815851872315,55,3,2019-06-01
prophet_temp,2019-10-01,7254.0,7381.226976090984,55,4,2019-06-01
prophet_temp,2019-11-01,6785.0,7045.491767380238,55,5,2019-06-01
prophet_temp,2019-12-01,6987.0,7225.92325599316,55,6,2019-06-01
prophet_temp_ceiling,2019-07-01,8919.0,8450.86375005802,55,1,2019-06-01
prophet_temp_ceiling,2019-08-01,8180.0,8164.96057468536,55,2,2019-06-01
prophet_temp_ceiling,2019-09-01,7664.0,7534.709520349621,55,3,2019-06-01
prophet_temp_ceiling,2019-10-01,7254.0,7310.297539218447,55,4,2019-06-01
prophet_temp_ceiling,2019-11-01,6785.0,7023.051557009833,55,5,2019-06-01
prophet_temp_ceiling,2019-12-01,6987.0,7250.922437721593,55,6,2019-06-01
naive,2019-08-01,8180.0,8919.0,56,1,2019-07-01
naive,2019-09-01,7664.0,8919.0,56,2,2019-07-01
naive,2019-10-01,7254.0,8919.0,56,3,2019-07-01
naive,2019-11-01,6785.0,8919.0,56,4,2019-07-01
naive,2019-12-01,6987.0,8919.0,56,5,2019-07-01
naive,2020-01-01,7194.0,8919.0,56,6,2019-07-01
snaive,2019-08-01,8180.0,8328.0,56,1,2019-07-01
snaive,2019-09-01,7664.0,7325.0,56,2,2019-07-01
snaive,2019-10-01,7254.0,7202.0,56,3,2019-07-01
snaive,2019-11-01,6785.0,7161.0,56,4,2019-07-01
snaive,2019-12-01,6987.0,7409.0,56,5,2019-07-01
snaive,2020-01-01,7194.0,7117.0,56,6,2019-07-01
snaive_drift,2019-08-01,8180.0,8390.0,56,1,2019-07-01
snaive_drift,2019-09-01,7664.0,7449.0,56,2,2019-07-01
snaive_drift,2019-10-01,7254.0,7388.0,56,3,2019-07-01
snaive_drift,2019-11-01,6785.0,7409.0,56,4,2019-07-01
snaive_drift,2019-12-01,6987.0,7719.0,56,5,2019-07-01
snaive_drift,2020-01-01,7194.0,7489.0,56,6,2019-07-01
prophet_repro,2019-08-01,8180.0,8173.307767993074,56,1,2019-07-01
prophet_repro,2019-09-01,7664.0,7603.265374971613,56,2,2019-07-01
prophet_repro,2019-10-01,7254.0,7391.753070527531,56,3,2019-07-01
prophet_repro,2019-11-01,6785.0,7069.764487536481,56,4,2019-07-01
prophet_repro,2019-12-01,6987.0,7264.786540426131,56,5,2019-07-01
prophet_repro,2020-01-01,7194.0,7231.8598539479035,56,6,2019-07-01
prophet_temp,2019-08-01,8180.0,8183.808456493533,56,1,2019-07-01
prophet_temp,2019-09-01,7664.0,7602.868973111254,56,2,2019-07-01
prophet_temp,2019-10-01,7254.0,7400.9956069919635,56,3,2019-07-01
prophet_temp,2019-11-01,6785.0,7089.584829912405,56,4,2019-07-01
prophet_temp,2019-12-01,6987.0,7260.679022324476,56,5,2019-07-01
prophet_temp,2020-01-01,7194.0,7234.670971780311,56,6,2019-07-01
prophet_temp_ceiling,2019-08-01,8180.0,8197.470424019466,56,1,2019-07-01
prophet_temp_ceiling,2019-09-01,7664.0,7559.326017787962,56,2,2019-07-01
prophet_temp_ceiling,2019-10-01,7254.0,7322.0192064810935,56,3,2019-07-01
prophet_temp_ceiling,2019-11-01,6785.0,7064.598771656422,56,4,2019-07-01
prophet_temp_ceiling,2019-12-01,6987.0,7288.51436792544,56,5,2019-07-01
prophet_temp_ceiling,2020-01-01,7194.0,7271.952800809633,56,6,2019-07-01
naive,2019-09-01,7664.0,8180.0,57,1,2019-08-01
naive,2019-10-01,7254.0,8180.0,57,2,2019-08-01
naive,2019-11-01,6785.0,8180.0,57,3,2019-08-01
naive,2019-12-01,6987.0,8180.0,57,4,2019-08-01
naive,2020-01-01,7194.0,8180.0,57,5,2019-08-01
naive,2020-02-01,6848.0,8180.0,57,6,2019-08-01
snaive,2019-09-01,7664.0,7325.0,57,1,2019-08-01
snaive,2019-10-01,7254.0,7202.0,57,2,2019-08-01
snaive,2019-11-01,6785.0,7161.0,57,3,2019-08-01
snaive,2019-12-01,6987.0,7409.0,57,4,2019-08-01
snaive,2020-01-01,7194.0,7117.0,57,5,2019-08-01
snaive,2020-02-01,6848.0,6307.0,57,6,2019-08-01
snaive_drift,2019-09-01,7664.0,7312.666666666667,57,1,2019-08-01
snaive_drift,2019-10-01,7254.0,7177.333333333333,57,2,2019-08-01
snaive_drift,2019-11-01,6785.0,7124.0,57,3,2019-08-01
snaive_drift,2019-12-01,6987.0,7359.666666666667,57,4,2019-08-01
snaive_drift,2020-01-01,7194.0,7055.333333333333,57,5,2019-08-01
snaive_drift,2020-02-01,6848.0,6233.0,57,6,2019-08-01
prophet_repro,2019-09-01,7664.0,7597.557664008266,57,1,2019-08-01
prophet_repro,2019-10-01,7254.0,7419.110612165304,57,2,2019-08-01
prophet_repro,2019-11-01,6785.0,7060.2579539253375,57,3,2019-08-01
prophet_repro,2019-12-01,6987.0,7275.513618366496,57,4,2019-08-01
prophet_repro,2020-01-01,7194.0,7224.549634117397,57,5,2019-08-01
prophet_repro,2020-02-01,6848.0,6650.6874847070685,57,6,2019-08-01
prophet_temp,2019-09-01,7664.0,7604.684670378503,57,1,2019-08-01
prophet_temp,2019-10-01,7254.0,7404.593872159754,57,2,2019-08-01
prophet_temp,2019-11-01,6785.0,7091.188522845199,57,3,2019-08-01
prophet_temp,2019-12-01,6987.0,7262.808391383416,57,4,2019-08-01
prophet_temp,2020-01-01,7194.0,7234.622325864576,57,5,2019-08-01
prophet_temp,2020-02-01,6848.0,6666.913227707415,57,6,2019-08-01
prophet_temp_ceiling,2019-09-01,7664.0,7561.038890073289,57,1,2019-08-01
prophet_temp_ceiling,2019-10-01,7254.0,7325.430971975297,57,2,2019-08-01
prophet_temp_ceiling,2019-11-01,6785.0,7066.143460992207,57,3,2019-08-01
prophet_temp_ceiling,2019-12-01,6987.0,7290.70946906175,57,4,2019-08-01
prophet_temp_ceiling,2020-01-01,7194.0,7271.992194471541,57,5,2019-08-01
prophet_temp_ceiling,2020-02-01,6848.0,6740.20298765617,57,6,2019-08-01
naive,2019-10-01,7254.0,7664.0,58,1,2019-09-01
naive,2019-11-01,6785.0,7664.0,58,2,2019-09-01
naive,2019-12-01,6987.0,7664.0,58,3,2019-09-01
naive,2020-01-01,7194.0,7664.0,58,4,2019-09-01
naive,2020-02-01,6848.0,7664.0,58,5,2019-09-01
naive,2020-03-01,7324.0,7664.0,58,6,2019-09-01
snaive,2019-10-01,7254.0,7202.0,58,1,2019-09-01
snaive,2019-11-01,6785.0,7161.0,58,2,2019-09-01
snaive,2019-12-01,6987.0,7409.0,58,3,2019-09-01
snaive,2020-01-01,7194.0,7117.0,58,4,2019-09-01
snaive,2020-02-01,6848.0,6307.0,58,5,2019-09-01
snaive,2020-03-01,7324.0,7067.0,58,6,2019-09-01
snaive_drift,2019-10-01,7254.0,7230.25,58,1,2019-09-01
snaive_drift,2019-11-01,6785.0,7217.5,58,2,2019-09-01
snaive_drift,2019-12-01,6987.0,7493.75,58,3,2019-09-01
snaive_drift,2020-01-01,7194.0,7230.0,58,4,2019-09-01
snaive_drift,2020-02-01,6848.0,6448.25,58,5,2019-09-01
snaive_drift,2020-03-01,7324.0,7236.5,58,6,2019-09-01
prophet_repro,2019-10-01,7254.0,7416.992567448859,58,1,2019-09-01
prophet_repro,2019-11-01,6785.0,7070.5167975789,58,2,2019-09-01
prophet_repro,2019-12-01,6987.0,7280.905861325479,58,3,2019-09-01
prophet_repro,2020-01-01,7194.0,7236.119793781706,58,4,2019-09-01
prophet_repro,2020-02-01,6848.0,6658.6739749817225,58,5,2019-09-01
prophet_repro,2020-03-01,7324.0,7223.0049891883045,58,6,2019-09-01
prophet_temp,2019-10-01,7254.0,7438.700875963492,58,1,2019-09-01
prophet_temp,2019-11-01,6785.0,7079.324734062065,58,2,2019-09-01
prophet_temp,2019-12-01,6987.0,7283.976055360897,58,3,2019-09-01
prophet_temp,2020-01-01,7194.0,7234.284441728607,58,4,2019-09-01
prophet_temp,2020-02-01,6848.0,6680.054284617428,58,5,2019-09-01
prophet_temp,2020-03-01,7324.0,7226.684522148962,58,6,2019-09-01
prophet_temp_ceiling,2019-10-01,7254.0,7361.3513565640515,58,1,2019-09-01
prophet_temp_ceiling,2019-11-01,6785.0,7054.8533782483655,58,2,2019-09-01
prophet_temp_ceiling,2019-12-01,6987.0,7311.238004381421,58,3,2019-09-01
prophet_temp_ceiling,2020-01-01,7194.0,7270.798280534837,58,4,2019-09-01
prophet_temp_ceiling,2020-02-01,6848.0,6751.665199524884,58,5,2019-09-01
prophet_temp_ceiling,2020-03-01,7324.0,7314.395013249641,58,6,2019-09-01
naive,2019-11-01,6785.0,7254.0,59,1,2019-10-01
naive,2019-12-01,6987.0,7254.0,59,2,2019-10-01
naive,2020-01-01,7194.0,7254.0,59,3,2019-10-01
naive,2020-02-01,6848.0,7254.0,59,4,2019-10-01
naive,2020-03-01,7324.0,7254.0,59,5,2019-10-01
naive,2020-04-01,5978.0,7254.0,59,6,2019-10-01
snaive,2019-11-01,6785.0,7161.0,59,1,2019-10-01
snaive,2019-12-01,6987.0,7409.0,59,2,2019-10-01
snaive,2020-01-01,7194.0,7117.0,59,3,2019-10-01
snaive,2020-02-01,6848.0,6307.0,59,4,2019-10-01
snaive,2020-03-01,7324.0,7067.0,59,5,2019-10-01
snaive,2020-04-01,5978.0,7108.0,59,6,2019-10-01
snaive_drift,2019-11-01,6785.0,7165.333333333333,59,1,2019-10-01
snaive_drift,2019-12-01,6987.0,7417.666666666667,59,2,2019-10-01
snaive_drift,2020-01-01,7194.0,7130.0,59,3,2019-10-01
snaive_drift,2020-02-01,6848.0,6324.333333333333,59,4,2019-10-01
snaive_drift,2020-03-01,7324.0,7088.666666666667,59,5,2019-10-01
snaive_drift,2020-04-01,5978.0,7134.0,59,6,2019-10-01
prophet_repro,2019-11-01,6785.0,7064.541933795256,59,1,2019-10-01
prophet_repro,2019-12-01,6987.0,7268.778065776972,59,2,2019-10-01
prophet_repro,2020-01-01,7194.0,7228.865608616704,59,3,2019-10-01
prophet_repro,2020-02-01,6848.0,6645.184913618198,59,4,2019-10-01
prophet_repro,2020-03-01,7324.0,7213.836553200259,59,5,2019-10-01
prophet_repro,2020-04-01,5978.0,7211.267781533822,59,6,2019-10-01
prophet_temp,2019-11-01,6785.0,7085.848473395416,59,1,2019-10-01
prophet_temp,2019-12-01,6987.0,7259.813877113856,59,2,2019-10-01
prophet_temp,2020-01-01,7194.0,7233.236997788837,59,3,2019-10-01
prophet_temp,2020-02-01,6848.0,6667.298678139128,59,4,2019-10-01
prophet_temp,2020-03-01,7324.0,7224.993480376559,59,5,2019-10-01
prophet_temp,2020-04-01,5978.0,7230.301435846277,59,6,2019-10-01
prophet_temp_ceiling,2019-11-01,6785.0,7060.708750684135,59,1,2019-10-01
prophet_temp_ceiling,2019-12-01,6987.0,7287.820410309755,59,2,2019-10-01
prophet_temp_ceiling,2020-01-01,7194.0,7270.748110360667,59,3,2019-10-01
prophet_temp_ceiling,2020-02-01,6848.0,6740.865445652137,59,4,2019-10-01
prophet_temp_ceiling,2020-03-01,7324.0,7315.09953914699,59,5,2019-10-01
prophet_temp_ceiling,2020-04-01,5978.0,7324.3769245184885,59,6,2019-10-01
naive,2019-12-01,6987.0,6785.0,60,1,2019-11-01
naive,2020-01-01,7194.0,6785.0,60,2,2019-11-01
naive,2020-02-01,6848.0,6785.0,60,3,2019-11-01
naive,2020-03-01,7324.0,6785.0,60,4,2019-11-01
naive,2020-04-01,5978.0,6785.0,60,5,2019-11-01
naive,2020-05-01,7062.0,6785.0,60,6,2019-11-01
snaive,2019-12-01,6987.0,7409.0,60,1,2019-11-01
snaive,2020-01-01,7194.0,7117.0,60,2,2019-11-01
snaive,2020-02-01,6848.0,6307.0,60,3,2019-11-01
snaive,2020-03-01,7324.0,7067.0,60,4,2019-11-01
snaive,2020-04-01,5978.0,7108.0,60,5,2019-11-01
snaive,2020-05-01,7062.0,7776.0,60,6,2019-11-01
snaive_drift,2019-12-01,6987.0,7377.666666666667,60,1,2019-11-01
snaive_drift,2020-01-01,7194.0,7054.333333333333,60,2,2019-11-01
snaive_drift,2020-02-01,6848.0,6213.0,60,3,2019-11-01
snaive_drift,2020-03-01,7324.0,6941.666666666667,60,4,2019-11-01
snaive_drift,2020-04-01,5978.0,6951.333333333333,60,5,2019-11-01
snaive_drift,2020-05-01,7062.0,7588.0,60,6,2019-11-01
prophet_repro,2019-12-01,6987.0,7268.33732389066,60,1,2019-11-01
prophet_repro,2020-01-01,7194.0,7222.779014415022,60,2,2019-11-01
prophet_repro,2020-02-01,6848.0,6638.4971589117085,60,3,2019-11-01
prophet_repro,2020-03-01,7324.0,7203.9315852554355,60,4,2019-11-01
prophet_repro,2020-04-01,5978.0,7203.334523307509,60,5,2019-11-01
prophet_repro,2020-05-01,7062.0,8002.389151146606,60,6,2019-11-01
prophet_temp,2019-12-01,6987.0,7250.588717687708,60,1,2019-11-01
prophet_temp,2020-01-01,7194.0,7212.667813361624,60,2,2019-11-01
prophet_temp,2020-02-01,6848.0,6648.465742153051,60,3,2019-11-01
prophet_temp,2020-03-01,7324.0,7199.426574032934,60,4,2019-11-01
prophet_temp,2020-04-01,5978.0,7208.783062973738,60,5,2019-11-01
prophet_temp,2020-05-01,7062.0,7981.464740048745,60,6,2019-11-01
prophet_temp_ceiling,2019-12-01,6987.0,7278.94567894008,60,1,2019-11-01
prophet_temp_ceiling,2020-01-01,7194.0,7250.648278787046,60,2,2019-11-01
prophet_temp_ceiling,2020-02-01,6848.0,6722.95300415141,60,3,2019-11-01
prophet_temp_ceiling,2020-03-01,7324.0,7290.660072991356,60,4,2019-11-01
prophet_temp_ceiling,2020-04-01,5978.0,7304.035658802575,60,5,2019-11-01
prophet_temp_ceiling,2020-05-01,7062.0,8104.047194596404,60,6,2019-11-01
naive,2020-01-01,7194.0,6987.0,61,1,2019-12-01
naive,2020-02-01,6848.0,6987.0,61,2,2019-12-01
naive,2020-03-01,7324.0,6987.0,61,3,2019-12-01
naive,2020-04-01,5978.0,6987.0,61,4,2019-12-01
naive,2020-05-01,7062.0,6987.0,61,5,2019-12-01
naive,2020-06-01,6948.0,6987.0,61,6,2019-12-01
snaive,2020-01-01,7194.0,7117.0,61,1,2019-12-01
snaive,2020-02-01,6848.0,6307.0,61,2,2019-12-01
snaive,2020-03-01,7324.0,7067.0,61,3,2019-12-01
snaive,2020-04-01,5978.0,7108.0,61,4,2019-12-01
snaive,2020-05-01,7062.0,7776.0,61,5,2019-12-01
snaive,2020-06-01,6948.0,8274.0,61,6,2019-12-01
snaive_drift,2020-01-01,7194.0,7081.833333333333,61,1,2019-12-01
snaive_drift,2020-02-01,6848.0,6236.666666666667,61,2,2019-12-01
snaive_drift,2020-03-01,7324.0,6961.5,61,3,2019-12-01
snaive_drift,2020-04-01,5978.0,6967.333333333333,61,4,2019-12-01
snaive_drift,2020-05-01,7062.0,7600.166666666667,61,5,2019-12-01
snaive_drift,2020-06-01,6948.0,8063.0,61,6,2019-12-01
prophet_repro,2020-01-01,7194.0,7194.822739073666,61,1,2019-12-01
prophet_repro,2020-02-01,6848.0,6607.423590871081,61,2,2019-12-01
prophet_repro,2020-03-01,7324.0,7161.88898622076,61,3,2019-12-01
prophet_repro,2020-04-01,5978.0,7165.318636475149,61,4,2019-12-01
prophet_repro,2020-05-01,7062.0,7968.244576737024,61,5,2019-12-01
prophet_repro,2020-06-01,6948.0,8311.174906711301,61,6,2019-12-01
prophet_temp,2020-01-01,7194.0,7202.439063621614,61,1,2019-12-01
prophet_temp,2020-02-01,6848.0,6639.35762426328,61,2,2019-12-01
prophet_temp,2020-03-01,7324.0,7178.361079023226,61,3,2019-12-01
prophet_temp,2020-04-01,5978.0,7194.656489908081,61,4,2019-12-01
prophet_temp,2020-05-01,7062.0,7977.669606270287,61,5,2019-12-01
prophet_temp,2020-06-01,6948.0,8339.22454520623,61,6,2019-12-01
prophet_temp_ceiling,2020-01-01,7194.0,7238.06990709074,61,1,2019-12-01
prophet_temp_ceiling,2020-02-01,6848.0,6709.236809338533,61,2,2019-12-01
prophet_temp_ceiling,2020-03-01,7324.0,7263.950512541656,61,3,2019-12-01
prophet_temp_ceiling,2020-04-01,5978.0,7284.016383052874,61,4,2019-12-01
prophet_temp_ceiling,2020-05-01,7062.0,8092.6686248743445,61,5,2019-12-01
prophet_temp_ceiling,2020-06-01,6948.0,8231.766445854897,61,6,2019-12-01
naive,2020-02-01,6848.0,7194.0,62,1,2020-01-01
naive,2020-03-01,7324.0,7194.0,62,2,2020-01-01
naive,2020-04-01,5978.0,7194.0,62,3,2020-01-01
naive,2020-05-01,7062.0,7194.0,62,4,2020-01-01
naive,2020-06-01,6948.0,7194.0,62,5,2020-01-01
naive,2020-07-01,7392.0,7194.0,62,6,2020-01-01
snaive,2020-02-01,6848.0,6307.0,62,1,2020-01-01
snaive,2020-03-01,7324.0,7067.0,62,2,2020-01-01
snaive,2020-04-01,5978.0,7108.0,62,3,2020-01-01
snaive,2020-05-01,7062.0,7776.0,62,4,2020-01-01
snaive,2020-06-01,6948.0,8274.0,62,5,2020-01-01
snaive,2020-07-01,7392.0,8919.0,62,6,2020-01-01
snaive_drift,2020-02-01,6848.0,6313.416666666667,62,1,2020-01-01
snaive_drift,2020-03-01,7324.0,7079.833333333333,62,2,2020-01-01
snaive_drift,2020-04-01,5978.0,7127.25,62,3,2020-01-01
snaive_drift,2020-05-01,7062.0,7801.666666666667,62,4,2020-01-01
snaive_drift,2020-06-01,6948.0,8306.083333333334,62,5,2020-01-01
snaive_drift,2020-07-01,7392.0,8957.5,62,6,2020-01-01
prophet_repro,2020-02-01,6848.0,6618.072530141582,62,1,2020-01-01
prophet_repro,2020-03-01,7324.0,7171.855070667154,62,2,2020-01-01
prophet_repro,2020-04-01,5978.0,7177.525407945613,62,3,2020-01-01
prophet_repro,2020-05-01,7062.0,7981.9627740920605,62,4,2020-01-01
prophet_repro,2020-06-01,6948.0,8326.459721526673,62,5,2020-01-01
prophet_repro,2020-07-01,7392.0,8676.770623573859,62,6,2020-01-01
prophet_temp,2020-02-01,6848.0,6632.665626790705,62,1,2020-01-01
prophet_temp,2020-03-01,7324.0,7175.471768518503,62,2,2020-01-01
prophet_temp,2020-04-01,5978.0,7186.557953008325,62,3,2020-01-01
prophet_temp,2020-05-01,7062.0,7959.723500407186,62,4,2020-01-01
prophet_temp,2020-06-01,6948.0,8322.24251217963,62,5,2020-01-01
prophet_temp,2020-07-01,7392.0,8684.213906710673,62,6,2020-01-01
prophet_temp_ceiling,2020-02-01,6848.0,6703.3997224085415,62,1,2020-01-01
prophet_temp_ceiling,2020-03-01,7324.0,7262.10831369071,62,2,2020-01-01
prophet_temp_ceiling,2020-04-01,5978.0,7277.01108607358,62,3,2020-01-01
prophet_temp_ceiling,2020-05-01,7062.0,8076.129431145173,62,4,2020-01-01
prophet_temp_ceiling,2020-06-01,6948.0,8213.46975722774,62,5,2020-01-01
prophet_temp_ceiling,2020-07-01,7392.0,8634.789093495692,62,6,2020-01-01
naive,2020-03-01,7324.0,6848.0,63,1,2020-02-01
naive,2020-04-01,5978.0,6848.0,63,2,2020-02-01
naive,2020-05-01,7062.0,6848.0,63,3,2020-02-01
naive,2020-06-01,6948.0,6848.0,63,4,2020-02-01
naive,2020-07-01,7392.0,6848.0,63,5,2020-02-01
naive,2020-08-01,7678.0,6848.0,63,6,2020-02-01
snaive,2020-03-01,7324.0,7067.0,63,1,2020-02-01
snaive,2020-04-01,5978.0,7108.0,63,2,2020-02-01
snaive,2020-05-01,7062.0,7776.0,63,3,2020-02-01
snaive,2020-06-01,6948.0,8274.0,63,4,2020-02-01
snaive,2020-07-01,7392.0,8919.0,63,5,2020-02-01
snaive,2020-08-01,7678.0,8180.0,63,6,2020-02-01
snaive_drift,2020-03-01,7324.0,7112.083333333333,63,1,2020-02-01
snaive_drift,2020-04-01,5978.0,7198.166666666667,63,2,2020-02-01
snaive_drift,2020-05-01,7062.0,7911.25,63,3,2020-02-01
snaive_drift,2020-06-01,6948.0,8454.333333333334,63,4,2020-02-01
snaive_drift,2020-07-01,7392.0,9144.416666666666,63,5,2020-02-01
snaive_drift,2020-08-01,7678.0,8450.5,63,6,2020-02-01
prophet_repro,2020-03-01,7324.0,7202.017789476554,63,1,2020-02-01
prophet_repro,2020-04-01,5978.0,7199.305729364467,63,2,2020-02-01
prophet_repro,2020-05-01,7062.0,7997.176172371788,63,3,2020-02-01
prophet_repro,2020-06-01,6948.0,8337.176951871288,63,4,2020-02-01
prophet_repro,2020-07-01,7392.0,8693.835000762852,63,5,2020-02-01
prophet_repro,2020-08-01,7678.0,8181.846042982203,63,6,2020-02-01
prophet_temp,2020-03-01,7324.0,7191.305858257874,63,1,2020-02-01
prophet_temp,2020-04-01,5978.0,7200.85275310526,63,2,2020-02-01
prophet_temp,2020-05-01,7062.0,7974.184444724861,63,3,2020-02-01
prophet_temp,2020-06-01,6948.0,8334.024243238542,63,4,2020-02-01
prophet_temp,2020-07-01,7392.0,8683.522467308421,63,5,2020-02-01
prophet_temp,2020-08-01,7678.0,8178.453524335924,63,6,2020-02-01
prophet_temp_ceiling,2020-03-01,7324.0,7283.24260996977,63,1,2020-02-01
prophet_temp_ceiling,2020-04-01,5978.0,7296.839581985079,63,2,2020-02-01
prophet_temp_ceiling,2020-05-01,7062.0,8097.7117983465705,63,3,2020-02-01
prophet_temp_ceiling,2020-06-01,6948.0,8218.597043952683,63,4,2020-02-01
prophet_temp_ceiling,2020-07-01,7392.0,8631.073967983793,63,5,2020-02-01
prophet_temp_ceiling,2020-08-01,7678.0,8207.951586375644,63,6,2020-02-01
naive,2020-04-01,5978.0,7324.0,64,1,2020-03-01
naive,2020-05-01,7062.0,7324.0,64,2,2020-03-01
naive,2020-06-01,6948.0,7324.0,64,3,2020-03-01
naive,2020-07-01,7392.0,7324.0,64,4,2020-03-01
naive,2020-08-01,7678.0,7324.0,64,5,2020-03-01
naive,2020-09-01,7005.0,7324.0,64,6,2020-03-01
snaive,2020-04-01,5978.0,7108.0,64,1,2020-03-01
snaive,2020-05-01,7062.0,7776.0,64,2,2020-03-01
snaive,2020-06-01,6948.0,8274.0,64,3,2020-03-01
snaive,2020-07-01,7392.0,8919.0,64,4,2020-03-01
snaive,2020-08-01,7678.0,8180.0,64,5,2020-03-01
snaive,2020-09-01,7005.0,7664.0,64,6,2020-03-01
snaive_drift,2020-04-01,5978.0,7129.416666666667,64,1,2020-03-01
snaive_drift,2020-05-01,7062.0,7818.833333333333,64,2,2020-03-01
snaive_drift,2020-06-01,6948.0,8338.25,64,3,2020-03-01
snaive_drift,2020-07-01,7392.0,9004.666666666666,64,4,2020-03-01
snaive_drift,2020-08-01,7678.0,8287.083333333334,64,5,2020-03-01
snaive_drift,2020-09-01,7005.0,7792.5,64,6,2020-03-01
prophet_repro,2020-04-01,5978.0,7202.148441392727,64,1,2020-03-01
prophet_repro,2020-05-01,7062.0,8005.276691537185,64,2,2020-03-01
prophet_repro,2020-06-01,6948.0,8351.763264930289,64,3,2020-03-01
prophet_repro,2020-07-01,7392.0,8692.220684534412,64,4,2020-03-01
prophet_repro,2020-08-01,7678.0,8204.313194701304,64,5,2020-03-01
prophet_repro,2020-09-01,7005.0,7620.086950304308,64,6,2020-03-01
prophet_temp,2020-04-01,5978.0,7203.918527362972,64,1,2020-03-01
prophet_temp,2020-05-01,7062.0,7976.385831396854,64,2,2020-03-01
prophet_temp,2020-06-01,6948.0,8338.346634610534,64,3,2020-03-01
prophet_temp,2020-07-01,7392.0,8693.155841409953,64,4,2020-03-01
prophet_temp,2020-08-01,7678.0,8182.163738567171,64,5,2020-03-01
prophet_temp,2020-09-01,7005.0,7593.627969490761,64,6,2020-03-01
prophet_temp_ceiling,2020-04-01,5978.0,7298.010444340148,64,1,2020-03-01
prophet_temp_ceiling,2020-05-01,7062.0,8097.474585312629,64,2,2020-03-01
prophet_temp_ceiling,2020-06-01,6948.0,8225.19812685317,64,3,2020-03-01
prophet_temp_ceiling,2020-07-01,7392.0,8641.74274753424,64,4,2020-03-01
prophet_temp_ceiling,2020-08-01,7678.0,8211.079468327385,64,5,2020-03-01
prophet_temp_ceiling,2020-09-01,7005.0,7474.788951986537,64,6,2020-03-01
naive,2020-05-01,7062.0,5978.0,65,1,2020-04-01
naive,2020-06-01,6948.0,5978.0,65,2,2020-04-01
naive,2020-07-01,7392.0,5978.0,65,3,2020-04-01
naive,2020-08-01,7678.0,5978.0,65,4,2020-04-01
naive,2020-09-01,7005.0,5978.0,65,5,2020-04-01
naive,2020-10-01,7385.0,5978.0,65,6,2020-04-01
snaive,2020-05-01,7062.0,7776.0,65,1,2020-04-01
snaive,2020-06-01,6948.0,8274.0,65,2,2020-04-01
snaive,2020-07-01,7392.0,8919.0,65,3,2020-04-01
snaive,2020-08-01,7678.0,8180.0,65,4,2020-04-01
snaive,2020-09-01,7005.0,7664.0,65,5,2020-04-01
snaive,2020-10-01,7385.0,7254.0,65,6,2020-04-01
snaive_drift,2020-05-01,7062.0,7681.833333333333,65,1,2020-04-01
snaive_drift,2020-06-01,6948.0,8085.666666666667,65,2,2020-04-01
snaive_drift,2020-07-01,7392.0,8636.5,65,3,2020-04-01
snaive_drift,2020-08-01,7678.0,7803.333333333333,65,4,2020-04-01
snaive_drift,2020-09-01,7005.0,7193.166666666667,65,5,2020-04-01
snaive_drift,2020-10-01,7385.0,6689.0,65,6,2020-04-01
prophet_repro,2020-05-01,7062.0,7988.005143842018,65,1,2020-04-01
prophet_repro,2020-06-01,6948.0,8312.288443506484,65,2,2020-04-01
prophet_repro,2020-07-01,7392.0,8654.92492083957,65,3,2020-04-01
prophet_repro,2020-08-01,7678.0,8123.634034506802,65,4,2020-04-01
prophet_repro,2020-09-01,7005.0,7524.278606533145,65,5,2020-04-01
prophet_repro,2020-10-01,7385.0,7541.6098197774245,65,6,2020-04-01
prophet_temp,2020-05-01,7062.0,7977.7026537976035,65,1,2020-04-01
prophet_temp,2020-06-01,6948.0,8313.2274110702,65,2,2020-04-01
prophet_temp,2020-07-01,7392.0,8655.623570481628,65,3,2020-04-01
prophet_temp,2020-08-01,7678.0,8116.149088646518,65,4,2020-04-01
prophet_temp,2020-09-01,7005.0,7513.900801779027,65,5,2020-04-01
prophet_temp,2020-10-01,7385.0,7535.561385654019,65,6,2020-04-01
prophet_temp_ceiling,2020-05-01,7062.0,8053.838343005683,65,1,2020-04-01
prophet_temp_ceiling,2020-06-01,6948.0,8242.084226072486,65,2,2020-04-01
prophet_temp_ceiling,2020-07-01,7392.0,8623.297105719508,65,3,2020-04-01
prophet_temp_ceiling,2020-08-01,7678.0,8134.3301248126,65,4,2020-04-01
prophet_temp_ceiling,2020-09-01,7005.0,7439.17965543055,65,5,2020-04-01
prophet_temp_ceiling,2020-10-01,7385.0,7509.725176365376,65,6,2020-04-01
naive,2020-06-01,6948.0,7062.0,66,1,2020-05-01
naive,2020-07-01,7392.0,7062.0,66,2,2020-05-01
naive,2020-08-01,7678.0,7062.0,66,3,2020-05-01
naive,2020-09-01,7005.0,7062.0,66,4,2020-05-01
naive,2020-10-01,7385.0,7062.0,66,5,2020-05-01
naive,2020-11-01,6872.0,7062.0,66,6,2020-05-01
snaive,2020-06-01,6948.0,8274.0,66,1,2020-05-01
snaive,2020-07-01,7392.0,8919.0,66,2,2020-05-01
snaive,2020-08-01,7678.0,8180.0,66,3,2020-05-01
snaive,2020-09-01,7005.0,7664.0,66,4,2020-05-01
snaive,2020-10-01,7385.0,7254.0,66,5,2020-05-01
snaive,2020-11-01,6872.0,6785.0,66,6,2020-05-01
snaive_drift,2020-06-01,6948.0,8214.5,66,1,2020-05-01
snaive_drift,2020-07-01,7392.0,8800.0,66,2,2020-05-01
snaive_drift,2020-08-01,7678.0,8001.5,66,3,2020-05-01
snaive_drift,2020-09-01,7005.0,7426.0,66,4,2020-05-01
snaive_drift,2020-10-01,7385.0,6956.5,66,5,2020-05-01
snaive_drift,2020-11-01,6872.0,6428.0,66,6,2020-05-01
prophet_repro,2020-06-01,6948.0,8278.045780852888,66,1,2020-05-01
prophet_repro,2020-07-01,7392.0,8621.18041161045,66,2,2020-05-01
prophet_repro,2020-08-01,7678.0,8066.616081257624,66,3,2020-05-01
prophet_repro,2020-09-01,7005.0,7452.752309255063,66,4,2020-05-01
prophet_repro,2020-10-01,7385.0,7471.07636183596,66,5,2020-05-01
prophet_repro,2020-11-01,6872.0,6860.777682877356,66,6,2020-05-01
prophet_temp,2020-06-01,6948.0,8270.74384902426,66,1,2020-05-01
prophet_temp,2020-07-01,7392.0,8597.04179066342,66,2,2020-05-01
prophet_temp,2020-08-01,7678.0,8068.154335985184,66,3,2020-05-01
prophet_temp,2020-09-01,7005.0,7459.623298033818,66,4,2020-05-01
prophet_temp,2020-10-01,7385.0,7445.793675300739,66,5,2020-05-01
prophet_temp,2020-11-01,6872.0,6853.551447169154,66,6,2020-05-01
prophet_temp_ceiling,2020-06-01,6948.0,8221.641379236857,66,1,2020-05-01
prophet_temp_ceiling,2020-07-01,7392.0,8574.730317549494,66,2,2020-05-01
prophet_temp_ceiling,2020-08-01,7678.0,8080.702744930853,66,3,2020-05-01
prophet_temp_ceiling,2020-09-01,7005.0,7408.051347309738,66,4,2020-05-01
prophet_temp_ceiling,2020-10-01,7385.0,7427.961725746366,66,5,2020-05-01
prophet_temp_ceiling,2020-11-01,6872.0,6876.465933069942,66,6,2020-05-01
naive,2020-07-01,7392.0,6948.0,67,1,2020-06-01
naive,2020-08-01,7678.0,6948.0,67,2,2020-06-01
naive,2020-09-01,7005.0,6948.0,67,3,2020-06-01
naive,2020-10-01,7385.0,6948.0,67,4,2020-06-01
naive,2020-11-01,6872.0,6948.0,67,5,2020-06-01
naive,2020-12-01,6781.0,6948.0,67,6,2020-06-01
snaive,2020-07-01,7392.0,8919.0,67,1,2020-06-01
snaive,2020-08-01,7678.0,8180.0,67,2,2020-06-01
snaive,2020-09-01,7005.0,7664.0,67,3,2020-06-01
snaive,2020-10-01,7385.0,7254.0,67,4,2020-06-01
snaive,2020-11-01,6872.0,6785.0,67,5,2020-06-01
snaive,2020-12-01,6781.0,6987.0,67,6,2020-06-01
snaive_drift,2020-07-01,7392.0,8808.5,67,1,2020-06-01
snaive_drift,2020-08-01,7678.0,7959.0,67,2,2020-06-01
snaive_drift,2020-09-01,7005.0,7332.5,67,3,2020-06-01
snaive_drift,2020-10-01,7385.0,6812.0,67,4,2020-06-01
snaive_drift,2020-11-01,6872.0,6232.5,67,5,2020-06-01
snaive_drift,2020-12-01,6781.0,6324.0,67,6,2020-06-01
prophet_repro,2020-07-01,7392.0,8556.278695920704,67,1,2020-06-01
prophet_repro,2020-08-01,7678.0,8009.533470195267,67,2,2020-06-01
prophet_repro,2020-09-01,7005.0,7388.401210730423,67,3,2020-06-01
prophet_repro,2020-10-01,7385.0,7362.386942777127,67,4,2020-06-01
prophet_repro,2020-11-01,6872.0,6759.682732376835,67,5,2020-06-01
prophet_repro,2020-12-01,6781.0,7089.71065329489,67,6,2020-06-01
prophet_temp,2020-07-01,7392.0,8575.909284469373,67,1,2020-06-01
prophet_temp,2020-08-01,7678.0,8009.288622345932,67,2,2020-06-01
prophet_temp,2020-09-01,7005.0,7378.920400626182,67,3,2020-06-01
prophet_temp,2020-10-01,7385.0,7359.70688044626,67,4,2020-06-01
prophet_temp,2020-11-01,6872.0,6727.607029141058,67,5,2020-06-01
prophet_temp,2020-12-01,6781.0,7098.97364692496,67,6,2020-06-01
prophet_temp_ceiling,2020-07-01,7392.0,8537.900000539847,67,1,2020-06-01
prophet_temp_ceiling,2020-08-01,7678.0,8030.665787181458,67,2,2020-06-01
prophet_temp_ceiling,2020-09-01,7005.0,7291.063677411984,67,3,2020-06-01
prophet_temp_ceiling,2020-10-01,7385.0,7329.328804101038,67,4,2020-06-01
prophet_temp_ceiling,2020-11-01,6872.0,6766.6435910146265,67,5,2020-06-01
prophet_temp_ceiling,2020-12-01,6781.0,7110.273704309415,67,6,2020-06-01
naive,2020-08-01,7678.0,7392.0,68,1,2020-07-01
naive,2020-09-01,7005.0,7392.0,68,2,2020-07-01
naive,2020-10-01,7385.0,7392.0,68,3,2020-07-01
naive,2020-11-01,6872.0,7392.0,68,4,2020-07-01
naive,2020-12-01,6781.0,7392.0,68,5,2020-07-01
naive,2021-01-01,6917.0,7392.0,68,6,2020-07-01
snaive,2020-08-01,7678.0,8180.0,68,1,2020-07-01
snaive,2020-09-01,7005.0,7664.0,68,2,2020-07-01
snaive,2020-10-01,7385.0,7254.0,68,3,2020-07-01
snaive,2020-11-01,6872.0,6785.0,68,4,2020-07-01
snaive,2020-12-01,6781.0,6987.0,68,5,2020-07-01
snaive,2021-01-01,6917.0,7194.0,68,6,2020-07-01
snaive_drift,2020-08-01,7678.0,8052.75,68,1,2020-07-01
snaive_drift,2020-09-01,7005.0,7409.5,68,2,2020-07-01
snaive_drift,2020-10-01,7385.0,6872.25,68,3,2020-07-01
snaive_drift,2020-11-01,6872.0,6276.0,68,4,2020-07-01
snaive_drift,2020-12-01,6781.0,6350.75,68,5,2020-07-01
snaive_drift,2021-01-01,6917.0,6430.5,68,6,2020-07-01
prophet_repro,2020-08-01,7678.0,7927.477926789931,68,1,2020-07-01
prophet_repro,2020-09-01,7005.0,7301.664882004559,68,2,2020-07-01
prophet_repro,2020-10-01,7385.0,7252.442314951942,68,3,2020-07-01
prophet_repro,2020-11-01,6872.0,6646.613760259396,68,4,2020-07-01
prophet_repro,2020-12-01,6781.0,6952.937309402721,68,5,2020-07-01
prophet_repro,2021-01-01,6917.0,6812.746455049925,68,6,2020-07-01
prophet_temp,2020-08-01,7678.0,7921.834543097061,68,1,2020-07-01
prophet_temp,2020-09-01,7005.0,7293.478504876188,68,2,2020-07-01
prophet_temp,2020-10-01,7385.0,7239.550954137094,68,3,2020-07-01
prophet_temp,2020-11-01,6872.0,6618.930333318685,68,4,2020-07-01
prophet_temp,2020-12-01,6781.0,6958.146597720534,68,5,2020-07-01
prophet_temp,2021-01-01,6917.0,6811.508720478457,68,6,2020-07-01
prophet_temp_ceiling,2020-08-01,7678.0,7947.427156728848,68,1,2020-07-01
prophet_temp_ceiling,2020-09-01,7005.0,7188.2969623528725,68,2,2020-07-01
prophet_temp_ceiling,2020-10-01,7385.0,7203.18250318666,68,3,2020-07-01
prophet_temp_ceiling,2020-11-01,6872.0,6665.664671254991,68,4,2020-07-01
prophet_temp_ceiling,2020-12-01,6781.0,6971.674958702097,68,5,2020-07-01
prophet_temp_ceiling,2021-01-01,6917.0,6762.634122363249,68,6,2020-07-01
naive,2020-09-01,7005.0,7678.0,69,1,2020-08-01
naive,2020-10-01,7385.0,7678.0,69,2,2020-08-01
naive,2020-11-01,6872.0,7678.0,69,3,2020-08-01
naive,2020-12-01,6781.0,7678.0,69,4,2020-08-01
naive,2021-01-01,6917.0,7678.0,69,5,2020-08-01
naive,2021-02-01,6217.0,7678.0,69,6,2020-08-01
snaive,2020-09-01,7005.0,7664.0,69,1,2020-08-01
snaive,2020-10-01,7385.0,7254.0,69,2,2020-08-01
snaive,2020-11-01,6872.0,6785.0,69,3,2020-08-01
snaive,2020-12-01,6781.0,6987.0,69,4,2020-08-01
snaive,2021-01-01,6917.0,7194.0,69,5,2020-08-01
snaive,2021-02-01,6217.0,6848.0,69,6,2020-08-01
snaive_drift,2020-09-01,7005.0,7622.166666666667,69,1,2020-08-01
snaive_drift,2020-10-01,7385.0,7170.333333333333,69,2,2020-08-01
snaive_drift,2020-11-01,6872.0,6659.5,69,3,2020-08-01
snaive_drift,2020-12-01,6781.0,6819.666666666667,69,4,2020-08-01
snaive_drift,2021-01-01,6917.0,6984.833333333333,69,5,2020-08-01
snaive_drift,2021-02-01,6217.0,6597.0,69,6,2020-08-01
prophet_repro,2020-09-01,7005.0,7266.586535301105,69,1,2020-08-01
prophet_repro,2020-10-01,7385.0,7234.010450859745,69,2,2020-08-01
prophet_repro,2020-11-01,6872.0,6599.103572973273,69,3,2020-08-01
prophet_repro,2020-12-01,6781.0,6909.518818136468,69,4,2020-08-01
prophet_repro,2021-01-01,6917.0,6748.635694576715,69,5,2020-08-01
prophet_repro,2021-02-01,6217.0,6268.567751069003,69,6,2020-08-01
prophet_temp,2020-09-01,7005.0,7260.526053691265,69,1,2020-08-01
prophet_temp,2020-10-01,7385.0,7216.519569630029,69,2,2020-08-01
prophet_temp,2020-11-01,6872.0,6573.457747941511,69,3,2020-08-01
prophet_temp,2020-12-01,6781.0,6916.995749219138,69,4,2020-08-01
prophet_temp,2021-01-01,6917.0,6753.130468149154,69,5,2020-08-01
prophet_temp,2021-02-01,6217.0,6264.0485243469175,69,6,2020-08-01
prophet_temp_ceiling,2020-09-01,7005.0,7152.014151175262,69,1,2020-08-01
prophet_temp_ceiling,2020-10-01,7385.0,7178.99958551954,69,2,2020-08-01
prophet_temp_ceiling,2020-11-01,6872.0,6621.671833803298,69,3,2020-08-01
prophet_temp_ceiling,2020-12-01,6781.0,6930.952458284392,69,4,2020-08-01
prophet_temp_ceiling,2021-01-01,6917.0,6702.7083551152955,69,5,2020-08-01
prophet_temp_ceiling,2021-02-01,6217.0,6325.126290897735,69,6,2020-08-01
naive,2020-10-01,7385.0,7005.0,70,1,2020-09-01
naive,2020-11-01,6872.0,7005.0,70,2,2020-09-01
naive,2020-12-01,6781.0,7005.0,70,3,2020-09-01
naive,2021-01-01,6917.0,7005.0,70,4,2020-09-01
naive,2021-02-01,6217.0,7005.0,70,5,2020-09-01
naive,2021-03-01,7569.0,7005.0,70,6,2020-09-01
snaive,2020-10-01,7385.0,7254.0,70,1,2020-09-01
snaive,2020-11-01,6872.0,6785.0,70,2,2020-09-01
snaive,2020-12-01,6781.0,6987.0,70,3,2020-09-01
snaive,2021-01-01,6917.0,7194.0,70,4,2020-09-01
snaive,2021-02-01,6217.0,6848.0,70,5,2020-09-01
snaive,2021-03-01,7569.0,7324.0,70,6,2020-09-01
snaive_drift,2020-10-01,7385.0,7199.083333333333,70,1,2020-09-01
snaive_drift,2020-11-01,6872.0,6675.166666666667,70,2,2020-09-01
snaive_drift,2020-12-01,6781.0,6822.25,70,3,2020-09-01
snaive_drift,2021-01-01,6917.0,6974.333333333333,70,4,2020-09-01
snaive_drift,2021-02-01,6217.0,6573.416666666667,70,5,2020-09-01
snaive_drift,2021-03-01,7569.0,6994.5,70,6,2020-09-01
prophet_repro,2020-10-01,7385.0,7222.015242814779,70,1,2020-09-01
prophet_repro,2020-11-01,6872.0,6574.709859551172,70,2,2020-09-01
prophet_repro,2020-12-01,6781.0,6883.357185971662,70,3,2020-09-01
prophet_repro,2021-01-01,6917.0,6710.828350076286,70,4,2020-09-01
prophet_repro,2021-02-01,6217.0,6229.501595545961,70,5,2020-09-01
prophet_repro,2021-03-01,7569.0,6836.848787928176,70,6,2020-09-01
prophet_temp,2020-10-01,7385.0,7204.3608454111045,70,1,2020-09-01
prophet_temp,2020-11-01,6872.0,6542.394340101219,70,2,2020-09-01
prophet_temp,2020-12-01,6781.0,6891.010912107853,70,3,2020-09-01
prophet_temp,2021-01-01,6917.0,6710.694891819158,70,4,2020-09-01
prophet_temp,2021-02-01,6217.0,6214.823056113582,70,5,2020-09-01
prophet_temp,2021-03-01,7569.0,6827.168977085017,70,6,2020-09-01
prophet_temp_ceiling,2020-10-01,7385.0,7167.5099688628825,70,1,2020-09-01
prophet_temp_ceiling,2020-11-01,6872.0,6589.748606583476,70,2,2020-09-01
prophet_temp_ceiling,2020-12-01,6781.0,6904.718726089559,70,3,2020-09-01
prophet_temp_ceiling,2021-01-01,6917.0,6661.17197471878,70,4,2020-09-01
prophet_temp_ceiling,2021-02-01,6217.0,6274.811600575042,70,5,2020-09-01
prophet_temp_ceiling,2021-03-01,7569.0,6786.115665632525,70,6,2020-09-01
naive,2020-11-01,6872.0,7385.0,71,1,2020-10-01
naive,2020-12-01,6781.0,7385.0,71,2,2020-10-01
naive,2021-01-01,6917.0,7385.0,71,3,2020-10-01
naive,2021-02-01,6217.0,7385.0,71,4,2020-10-01
naive,2021-03-01,7569.0,7385.0,71,5,2020-10-01
naive,2021-04-01,6917.0,7385.0,71,6,2020-10-01
snaive,2020-11-01,6872.0,6785.0,71,1,2020-10-01
snaive,2020-12-01,6781.0,6987.0,71,2,2020-10-01
snaive,2021-01-01,6917.0,7194.0,71,3,2020-10-01
snaive,2021-02-01,6217.0,6848.0,71,4,2020-10-01
snaive,2021-03-01,7569.0,7324.0,71,5,2020-10-01
snaive,2021-04-01,6917.0,5978.0,71,6,2020-10-01
snaive_drift,2020-11-01,6872.0,6795.916666666667,71,1,2020-10-01
snaive_drift,2020-12-01,6781.0,7008.833333333333,71,2,2020-10-01
snaive_drift,2021-01-01,6917.0,7226.75,71,3,2020-10-01
snaive_drift,2021-02-01,6217.0,6891.666666666667,71,4,2020-10-01
snaive_drift,2021-03-01,7569.0,7378.583333333333,71,5,2020-10-01
snaive_drift,2021-04-01,6917.0,6043.5,71,6,2020-10-01
prophet_repro,2020-11-01,6872.0,6566.952054203588,71,1,2020-10-01
prophet_repro,2020-12-01,6781.0,6875.699839561809,71,2,2020-10-01
prophet_repro,2021-01-01,6917.0,6701.614099147398,71,3,2020-10-01
prophet_repro,2021-02-01,6217.0,6220.339806538508,71,4,2020-10-01
prophet_repro,2021-03-01,7569.0,6838.599135128312,71,5,2020-10-01
prophet_repro,2021-04-01,6917.0,6653.668904129603,71,6,2020-10-01
prophet_temp,2020-11-01,6872.0,6572.696187121175,71,1,2020-10-01
prophet_temp,2020-12-01,6781.0,6915.239258871604,71,2,2020-10-01
prophet_temp,2021-01-01,6917.0,6754.641357343228,71,3,2020-10-01
prophet_temp,2021-02-01,6217.0,6268.152948435905,71,4,2020-10-01
prophet_temp,2021-03-01,7569.0,6857.63953596678,71,5,2020-10-01
prophet_temp,2021-04-01,6917.0,6687.539074052344,71,6,2020-10-01
prophet_temp_ceiling,2020-11-01,6872.0,6619.549220549502,71,1,2020-10-01
prophet_temp_ceiling,2020-12-01,6781.0,6928.801979074541,71,2,2020-10-01
prophet_temp_ceiling,2021-01-01,6917.0,6705.642627920576,71,3,2020-10-01
prophet_temp_ceiling,2021-02-01,6217.0,6327.506529174456,71,4,2020-10-01
prophet_temp_ceiling,2021-03-01,7569.0,6817.020763536891,71,5,2020-10-01
prophet_temp_ceiling,2021-04-01,6917.0,6747.586536580105,71,6,2020-10-01
naive,2020-12-01,6781.0,6872.0,72,1,2020-11-01
naive,2021-01-01,6917.0,6872.0,72,2,2020-11-01
naive,2021-02-01,6217.0,6872.0,72,3,2020-11-01
naive,2021-03-01,7569.0,6872.0,72,4,2020-11-01
naive,2021-04-01,6917.0,6872.0,72,5,2020-11-01
naive,2021-05-01,8253.0,6872.0,72,6,2020-11-01
snaive,2020-12-01,6781.0,6987.0,72,1,2020-11-01
snaive,2021-01-01,6917.0,7194.0,72,2,2020-11-01
snaive,2021-02-01,6217.0,6848.0,72,3,2020-11-01
snaive,2021-03-01,7569.0,7324.0,72,4,2020-11-01
snaive,2021-04-01,6917.0,5978.0,72,5,2020-11-01
snaive,2021-05-01,8253.0,7062.0,72,6,2020-11-01
snaive_drift,2020-12-01,6781.0,6994.25,72,1,2020-11-01
snaive_drift,2021-01-01,6917.0,7208.5,72,2,2020-11-01
snaive_drift,2021-02-01,6217.0,6869.75,72,3,2020-11-01
snaive_drift,2021-03-01,7569.0,7353.0,72,4,2020-11-01
snaive_drift,2021-04-01,6917.0,6014.25,72,5,2020-11-01
snaive_drift,2021-05-01,8253.0,7105.5,72,6,2020-11-01
prophet_repro,2020-12-01,6781.0,6907.253664048055,72,1,2020-11-01
prophet_repro,2021-01-01,6917.0,6753.790775864504,72,2,2020-11-01
prophet_repro,2021-02-01,6217.0,6268.662522463991,72,3,2020-11-01
prophet_repro,2021-03-01,7569.0,6881.378270594323,72,4,2020-11-01
prophet_repro,2021-04-01,6917.0,6706.221059573342,72,5,2020-11-01
prophet_repro,2021-05-01,8253.0,7561.731777023492,72,6,2020-11-01
prophet_temp,2020-12-01,6781.0,6934.6487296541845,72,1,2020-11-01
prophet_temp,2021-01-01,6917.0,6756.867864058654,72,2,2020-11-01
prophet_temp,2021-02-01,6217.0,6273.114016672421,72,3,2020-11-01
prophet_temp,2021-03-01,7569.0,6896.911449825019,72,4,2020-11-01
prophet_temp,2021-04-01,6917.0,6710.252275661495,72,5,2020-11-01
prophet_temp,2021-05-01,8253.0,7558.506783766921,72,6,2020-11-01
prophet_temp_ceiling,2020-12-01,6781.0,6948.436917411578,72,1,2020-11-01
prophet_temp_ceiling,2021-01-01,6917.0,6707.054576528993,72,2,2020-11-01
prophet_temp_ceiling,2021-02-01,6217.0,6333.454295248655,72,3,2020-11-01
prophet_temp_ceiling,2021-03-01,7569.0,6855.617428245419,72,4,2020-11-01
prophet_temp_ceiling,2021-04-01,6917.0,6771.297971163532,72,5,2020-11-01
prophet_temp_ceiling,2021-05-01,8253.0,7585.583941149603,72,6,2020-11-01
naive,2021-01-01,6917.0,6781.0,73,1,2020-12-01
naive,2021-02-01,6217.0,6781.0,73,2,2020-12-01
naive,2021-03-01,7569.0,6781.0,73,3,2020-12-01
naive,2021-04-01,6917.0,6781.0,73,4,2020-12-01
naive,2021-05-01,8253.0,6781.0,73,5,2020-12-01
naive,2021-06-01,8153.0,6781.0,73,6,2020-12-01
snaive,2021-01-01,6917.0,7194.0,73,1,2020-12-01
snaive,2021-02-01,6217.0,6848.0,73,2,2020-12-01
snaive,2021-03-01,7569.0,7324.0,73,3,2020-12-01
snaive,2021-04-01,6917.0,5978.0,73,4,2020-12-01
snaive,2021-05-01,8253.0,7062.0,73,5,2020-12-01
snaive,2021-06-01,8153.0,6948.0,73,6,2020-12-01
snaive_drift,2021-01-01,6917.0,7176.833333333333,73,1,2020-12-01
snaive_drift,2021-02-01,6217.0,6813.666666666667,73,2,2020-12-01
snaive_drift,2021-03-01,7569.0,7272.5,73,3,2020-12-01
snaive_drift,2021-04-01,6917.0,5909.333333333333,73,4,2020-12-01
snaive_drift,2021-05-01,8253.0,6976.166666666667,73,5,2020-12-01
snaive_drift,2021-06-01,8153.0,6845.0,73,6,2020-12-01
prophet_repro,2021-01-01,6917.0,6733.404320204954,73,1,2020-12-01
prophet_repro,2021-02-01,6217.0,6255.732549486266,73,2,2020-12-01
prophet_repro,2021-03-01,7569.0,6881.18077785745,73,3,2020-12-01
prophet_repro,2021-04-01,6917.0,6693.505379452494,73,4,2020-12-01
prophet_repro,2021-05-01,8253.0,7550.58409786694,73,5,2020-12-01
prophet_repro,2021-06-01,8153.0,7822.1985295999975,73,6,2020-12-01
prophet_temp,2021-01-01,6917.0,6759.905137832553,73,1,2020-12-01
prophet_temp,2021-02-01,6217.0,6262.925469572707,73,2,2020-12-01
prophet_temp,2021-03-01,7569.0,6856.132708048205,73,3,2020-12-01
prophet_temp,2021-04-01,6917.0,6687.890975079034,73,4,2020-12-01
prophet_temp,2021-05-01,8253.0,7530.983253412164,73,5,2020-12-01
prophet_temp,2021-06-01,8153.0,7823.577461233951,73,6,2020-12-01
prophet_temp_ceiling,2021-01-01,6917.0,6710.156322160862,73,1,2020-12-01
prophet_temp_ceiling,2021-02-01,6217.0,6323.1876515192425,73,2,2020-12-01
prophet_temp_ceiling,2021-03-01,7569.0,6814.892132093786,73,3,2020-12-01
prophet_temp_ceiling,2021-04-01,6917.0,6748.857660951205,73,4,2020-12-01
prophet_temp_ceiling,2021-05-01,8253.0,7558.025365634576,73,5,2020-12-01
prophet_temp_ceiling,2021-06-01,8153.0,7820.922023360407,73,6,2020-12-01
naive,2021-02-01,6217.0,6917.0,74,1,2021-01-01
naive,2021-03-01,7569.0,6917.0,74,2,2021-01-01
naive,2021-04-01,6917.0,6917.0,74,3,2021-01-01
naive,2021-05-01,8253.0,6917.0,74,4,2021-01-01
naive,2021-06-01,8153.0,6917.0,74,5,2021-01-01
naive,2021-07-01,9251.0,6917.0,74,6,2021-01-01
snaive,2021-02-01,6217.0,6848.0,74,1,2021-01-01
snaive,2021-03-01,7569.0,7324.0,74,2,2021-01-01
snaive,2021-04-01,6917.0,5978.0,74,3,2021-01-01
snaive,2021-05-01,8253.0,7062.0,74,4,2021-01-01
snaive,2021-06-01,8153.0,6948.0,74,5,2021-01-01
snaive,2021-07-01,9251.0,7392.0,74,6,2021-01-01
snaive_drift,2021-02-01,6217.0,6824.916666666667,74,1,2021-01-01
snaive_drift,2021-03-01,7569.0,7277.833333333333,74,2,2021-01-01
snaive_drift,2021-04-01,6917.0,5908.75,74,3,2021-01-01
snaive_drift,2021-05-01,8253.0,6969.666666666667,74,4,2021-01-01
snaive_drift,2021-06-01,8153.0,6832.583333333333,74,5,2021-01-01
snaive_drift,2021-07-01,9251.0,7253.5,74,6,2021-01-01
prophet_repro,2021-02-01,6217.0,6273.289920496463,74,1,2021-01-01
prophet_repro,2021-03-01,7569.0,6872.2684912136765,74,2,2021-01-01
prophet_repro,2021-04-01,6917.0,6701.875605766179,74,3,2021-01-01
prophet_repro,2021-05-01,8253.0,7556.002912848122,74,4,2021-01-01
prophet_repro,2021-06-01,8153.0,7834.176290056165,74,5,2021-01-01
prophet_repro,2021-07-01,9251.0,8137.080422867035,74,6,2021-01-01
prophet_temp,2021-02-01,6217.0,6265.57801497011,74,1,2021-01-01
prophet_temp,2021-03-01,7569.0,6866.229843612434,74,2,2021-01-01
prophet_temp,2021-04-01,6917.0,6693.900546639902,74,3,2021-01-01
prophet_temp,2021-05-01,8253.0,7538.447138556755,74,4,2021-01-01
prophet_temp,2021-06-01,8153.0,7830.280607743671,74,5,2021-01-01
prophet_temp,2021-07-01,9251.0,8128.215153984724,74,6,2021-01-01
prophet_temp_ceiling,2021-02-01,6217.0,6323.884267373934,74,1,2021-01-01
prophet_temp_ceiling,2021-03-01,7569.0,6826.327812965573,74,2,2021-01-01
prophet_temp_ceiling,2021-04-01,6917.0,6752.888436886575,74,3,2021-01-01
prophet_temp_ceiling,2021-05-01,8253.0,7564.611544986168,74,4,2021-01-01
prophet_temp_ceiling,2021-06-01,8153.0,7827.711357412927,74,5,2021-01-01
prophet_temp_ceiling,2021-07-01,9251.0,8273.771050273404,74,6,2021-01-01
naive,2021-03-01,7569.0,6217.0,75,1,2021-02-01
naive,2021-04-01,6917.0,6217.0,75,2,2021-02-01
naive,2021-05-01,8253.0,6217.0,75,3,2021-02-01
naive,2021-06-01,8153.0,6217.0,75,4,2021-02-01
naive,2021-07-01,9251.0,6217.0,75,5,2021-02-01
naive,2021-08-01,8830.0,6217.0,75,6,2021-02-01
snaive,2021-03-01,7569.0,7324.0,75,1,2021-02-01
snaive,2021-04-01,6917.0,5978.0,75,2,2021-02-01
snaive,2021-05-01,8253.0,7062.0,75,3,2021-02-01
snaive,2021-06-01,8153.0,6948.0,75,4,2021-02-01
snaive,2021-07-01,9251.0,7392.0,75,5,2021-02-01
snaive,2021-08-01,8830.0,7678.0,75,6,2021-02-01
snaive_drift,2021-03-01,7569.0,7271.416666666667,75,1,2021-02-01
snaive_drift,2021-04-01,6917.0,5872.833333333333,75,2,2021-02-01
snaive_drift,2021-05-01,8253.0,6904.25,75,3,2021-02-01
snaive_drift,2021-06-01,8153.0,6737.666666666667,75,4,2021-02-01
snaive_drift,2021-07-01,9251.0,7129.083333333333,75,5,2021-02-01
snaive_drift,2021-08-01,8830.0,7362.5,75,6,2021-02-01
prophet_repro,2021-03-01,7569.0,6860.649902714934,75,1,2021-02-01
prophet_repro,2021-04-01,6917.0,6693.227075012199,75,2,2021-02-01
prophet_repro,2021-05-01,8253.0,7544.023562864295,75,3,2021-02-01
prophet_repro,2021-06-01,8153.0,7822.750018623129,75,4,2021-02-01
prophet_repro,2021-07-01,9251.0,8122.677874096664,75,5,2021-02-01
prophet_repro,2021-08-01,8830.0,7763.679456281218,75,6,2021-02-01
prophet_temp,2021-03-01,7569.0,6858.312493682076,75,1,2021-02-01
prophet_temp,2021-04-01,6917.0,6689.846720266465,75,2,2021-02-01
prophet_temp,2021-05-01,8253.0,7532.7806439512715,75,3,2021-02-01
prophet_temp,2021-06-01,8153.0,7823.568697004876,75,4,2021-02-01
prophet_temp,2021-07-01,9251.0,8118.170641441891,75,5,2021-02-01
prophet_temp,2021-08-01,8830.0,7755.986263475897,75,6,2021-02-01
prophet_temp_ceiling,2021-03-01,7569.0,6818.354832812093,75,1,2021-02-01
prophet_temp_ceiling,2021-04-01,6917.0,6748.916849673469,75,2,2021-02-01
prophet_temp_ceiling,2021-05-01,8253.0,7558.981528017134,75,3,2021-02-01
prophet_temp_ceiling,2021-06-01,8153.0,7820.995864701816,75,4,2021-02-01
prophet_temp_ceiling,2021-07-01,9251.0,8263.92946742753,75,5,2021-02-01
prophet_temp_ceiling,2021-08-01,8830.0,7720.019118014744,75,6,2021-02-01
naive,2021-04-01,6917.0,7569.0,76,1,2021-03-01
naive,2021-05-01,8253.0,7569.0,76,2,2021-03-01
naive,2021-06-01,8153.0,7569.0,76,3,2021-03-01
naive,2021-07-01,9251.0,7569.0,76,4,2021-03-01
naive,2021-08-01,8830.0,7569.0,76,5,2021-03-01
naive,2021-09-01,7512.0,7569.0,76,6,2021-03-01
snaive,2021-04-01,6917.0,5978.0,76,1,2021-03-01
snaive,2021-05-01,8253.0,7062.0,76,2,2021-03-01
snaive,2021-06-01,8153.0,6948.0,76,3,2021-03-01
snaive,2021-07-01,9251.0,7392.0,76,4,2021-03-01
snaive,2021-08-01,8830.0,7678.0,76,5,2021-03-01
snaive,2021-09-01,7512.0,7005.0,76,6,2021-03-01
snaive_drift,2021-04-01,6917.0,5998.416666666667,76,1,2021-03-01
snaive_drift,2021-05-01,8253.0,7102.833333333333,76,2,2021-03-01
snaive_drift,2021-06-01,8153.0,7009.25,76,3,2021-03-01
snaive_drift,2021-07-01,9251.0,7473.666666666667,76,4,2021-03-01
snaive_drift,2021-08-01,8830.0,7780.083333333333,76,5,2021-03-01
snaive_drift,2021-09-01,7512.0,7127.5,76,6,2021-03-01
prophet_repro,2021-04-01,6917.0,6754.797097797687,76,1,2021-03-01
prophet_repro,2021-05-01,8253.0,7610.515713480722,76,2,2021-03-01
prophet_repro,2021-06-01,8153.0,7889.740102582923,76,3,2021-03-01
prophet_repro,2021-07-01,9251.0,8196.445055427423,76,4,2021-03-01
prophet_repro,2021-08-01,8830.0,7839.442768479097,76,5,2021-03-01
prophet_repro,2021-09-01,7512.0,7233.068690049233,76,6,2021-03-01
prophet_temp,2021-04-01,6917.0,6758.866135342079,76,1,2021-03-01
prophet_temp,2021-05-01,8253.0,7606.532581376197,76,2,2021-03-01
prophet_temp,2021-06-01,8153.0,7899.599745754256,76,3,2021-03-01
prophet_temp,2021-07-01,9251.0,8199.954101301346,76,4,2021-03-01
prophet_temp,2021-08-01,8830.0,7840.5809469755695,76,5,2021-03-01
prophet_temp,2021-09-01,7512.0,7240.658499575913,76,6,2021-03-01
prophet_temp_ceiling,2021-04-01,6917.0,6810.24778469045,76,1,2021-03-01
prophet_temp_ceiling,2021-05-01,8253.0,7629.323197398275,76,2,2021-03-01
prophet_temp_ceiling,2021-06-01,8153.0,7897.361789471527,76,3,2021-03-01
prophet_temp_ceiling,2021-07-01,9251.0,8326.741175604526,76,4,2021-03-01
prophet_temp_ceiling,2021-08-01,8830.0,7809.295231594562,76,5,2021-03-01
prophet_temp_ceiling,2021-09-01,7512.0,7205.855995750616,76,6,2021-03-01
naive,2021-05-01,8253.0,6917.0,77,1,2021-04-01
naive,2021-06-01,8153.0,6917.0,77,2,2021-04-01
naive,2021-07-01,9251.0,6917.0,77,3,2021-04-01
naive,2021-08-01,8830.0,6917.0,77,4,2021-04-01
naive,2021-09-01,7512.0,6917.0,77,5,2021-04-01
naive,2021-10-01,7656.0,6917.0,77,6,2021-04-01
snaive,2021-05-01,8253.0,7062.0,77,1,2021-04-01
snaive,2021-06-01,8153.0,6948.0,77,2,2021-04-01
snaive,2021-07-01,9251.0,7392.0,77,3,2021-04-01
snaive,2021-08-01,8830.0,7678.0,77,4,2021-04-01
snaive,2021-09-01,7512.0,7005.0,77,5,2021-04-01
snaive,2021-10-01,7656.0,7385.0,77,6,2021-04-01
snaive_drift,2021-05-01,8253.0,7140.25,77,1,2021-04-01
snaive_drift,2021-06-01,8153.0,7104.5,77,2,2021-04-01
snaive_drift,2021-07-01,9251.0,7626.75,77,3,2021-04-01
snaive_drift,2021-08-01,8830.0,7991.0,77,4,2021-04-01
snaive_drift,2021-09-01,7512.0,7396.25,77,5,2021-04-01
snaive_drift,2021-10-01,7656.0,7854.5,77,6,2021-04-01
prophet_repro,2021-05-01,8253.0,7630.7928822045815,77,1,2021-04-01
prophet_repro,2021-06-01,8153.0,7911.390258706685,77,2,2021-04-01
prophet_repro,2021-07-01,9251.0,8217.488298313318,77,3,2021-04-01
prophet_repro,2021-08-01,8830.0,7861.122355961101,77,4,2021-04-01
prophet_repro,2021-09-01,7512.0,7255.859460224704,77,5,2021-04-01
prophet_repro,2021-10-01,7656.0,7220.717902045416,77,6,2021-04-01
prophet_temp,2021-05-01,8253.0,7626.510197085757,77,1,2021-04-01
prophet_temp,2021-06-01,8153.0,7922.134366367142,77,2,2021-04-01
prophet_temp,2021-07-01,9251.0,8217.843645237988,77,3,2021-04-01
prophet_temp,2021-08-01,8830.0,7860.49576412615,77,4,2021-04-01
prophet_temp,2021-09-01,7512.0,7263.607691517725,77,5,2021-04-01
prophet_temp,2021-10-01,7656.0,7213.160995273999,77,6,2021-04-01
prophet_temp_ceiling,2021-05-01,8253.0,7650.899429491211,77,1,2021-04-01
prophet_temp_ceiling,2021-06-01,8153.0,7919.739431722118,77,2,2021-04-01
prophet_temp_ceiling,2021-07-01,9251.0,8353.524024311211,77,3,2021-04-01
prophet_temp_ceiling,2021-08-01,8830.0,7827.015555313053,77,4,2021-04-01
prophet_temp_ceiling,2021-09-01,7512.0,7226.364013976732,77,5,2021-04-01
prophet_temp_ceiling,2021-10-01,7656.0,7273.669752223801,77,6,2021-04-01
naive,2021-06-01,8153.0,8253.0,78,1,2021-05-01
naive,2021-07-01,9251.0,8253.0,78,2,2021-05-01
naive,2021-08-01,8830.0,8253.0,78,3,2021-05-01
naive,2021-09-01,7512.0,8253.0,78,4,2021-05-01
naive,2021-10-01,7656.0,8253.0,78,5,2021-05-01
naive,2021-11-01,7603.0,8253.0,78,6,2021-05-01
snaive,2021-06-01,8153.0,6948.0,78,1,2021-05-01
snaive,2021-07-01,9251.0,7392.0,78,2,2021-05-01
snaive,2021-08-01,8830.0,7678.0,78,3,2021-05-01
snaive,2021-09-01,7512.0,7005.0,78,4,2021-05-01
snaive,2021-10-01,7656.0,7385.0,78,5,2021-05-01
snaive,2021-11-01,7603.0,6872.0,78,6,2021-05-01
snaive_drift,2021-06-01,8153.0,7047.25,78,1,2021-05-01
snaive_drift,2021-07-01,9251.0,7590.5,78,2,2021-05-01
snaive_drift,2021-08-01,8830.0,7975.75,78,3,2021-05-01
snaive_drift,2021-09-01,7512.0,7402.0,78,4,2021-05-01
snaive_drift,2021-10-01,7656.0,7881.25,78,5,2021-05-01
snaive_drift,2021-11-01,7603.0,7467.5,78,6,2021-05-01
prophet_repro,2021-06-01,8153.0,7992.312146495588,78,1,2021-05-01
prophet_repro,2021-07-01,9251.0,8300.757043912328,78,2,2021-05-01
prophet_repro,2021-08-01,8830.0,7948.337043466586,78,3,2021-05-01
prophet_repro,2021-09-01,7512.0,7347.135522578716,78,4,2021-05-01
prophet_repro,2021-10-01,7656.0,7313.488907917803,78,5,2021-05-01
prophet_repro,2021-11-01,7603.0,6794.840074556562,78,6,2021-05-01
prophet_temp,2021-06-01,8153.0,7980.59041733383,78,1,2021-05-01
prophet_temp,2021-07-01,9251.0,8284.055892381177,78,2,2021-05-01
prophet_temp,2021-08-01,8830.0,7927.671952938659,78,3,2021-05-01
prophet_temp,2021-09-01,7512.0,7330.8958125205045,78,4,2021-05-01
prophet_temp,2021-10-01,7656.0,7293.638823131055,78,5,2021-05-01
prophet_temp,2021-11-01,7603.0,6766.11291990807,78,6,2021-05-01
prophet_temp_ceiling,2021-06-01,8153.0,7978.278494089268,78,1,2021-05-01
prophet_temp_ceiling,2021-07-01,9251.0,8415.033421501705,78,2,2021-05-01
prophet_temp_ceiling,2021-08-01,8830.0,7895.352209621815,78,3,2021-05-01
prophet_temp_ceiling,2021-09-01,7512.0,7294.943046962204,78,4,2021-05-01
prophet_temp_ceiling,2021-10-01,7656.0,7352.050271636535,78,5,2021-05-01
prophet_temp_ceiling,2021-11-01,7603.0,6795.9791936592555,78,6,2021-05-01
naive,2021-07-01,9251.0,8153.0,79,1,2021-06-01
naive,2021-08-01,8830.0,8153.0,79,2,2021-06-01
naive,2021-09-01,7512.0,8153.0,79,3,2021-06-01
naive,2021-10-01,7656.0,8153.0,79,4,2021-06-01
naive,2021-11-01,7603.0,8153.0,79,5,2021-06-01
naive,2021-12-01,8237.0,8153.0,79,6,2021-06-01
snaive,2021-07-01,9251.0,7392.0,79,1,2021-06-01
snaive,2021-08-01,8830.0,7678.0,79,2,2021-06-01
snaive,2021-09-01,7512.0,7005.0,79,3,2021-06-01
snaive,2021-10-01,7656.0,7385.0,79,4,2021-06-01
snaive,2021-11-01,7603.0,6872.0,79,5,2021-06-01
snaive,2021-12-01,8237.0,6781.0,79,6,2021-06-01
snaive_drift,2021-07-01,9251.0,7492.416666666667,79,1,2021-06-01
snaive_drift,2021-08-01,8830.0,7878.833333333333,79,2,2021-06-01
snaive_drift,2021-09-01,7512.0,7306.25,79,3,2021-06-01
snaive_drift,2021-10-01,7656.0,7786.666666666667,79,4,2021-06-01
snaive_drift,2021-11-01,7603.0,7374.083333333333,79,5,2021-06-01
snaive_drift,2021-12-01,8237.0,7383.5,79,6,2021-06-01
prophet_repro,2021-07-01,9251.0,8298.061342328334,79,1,2021-06-01
prophet_repro,2021-08-01,8830.0,7945.757839649032,79,2,2021-06-01
prophet_repro,2021-09-01,7512.0,7344.926137560191,79,3,2021-06-01
prophet_repro,2021-10-01,7656.0,7309.761714478162,79,4,2021-06-01
prophet_repro,2021-11-01,7603.0,6793.043972684327,79,5,2021-06-01
prophet_repro,2021-12-01,8237.0,7014.275573305681,79,6,2021-06-01
prophet_temp,2021-07-01,9251.0,8281.385992205405,79,1,2021-06-01
prophet_temp,2021-08-01,8830.0,7925.040546095589,79,2,2021-06-01
prophet_temp,2021-09-01,7512.0,7328.532812157443,79,3,2021-06-01
prophet_temp,2021-10-01,7656.0,7289.994979089155,79,4,2021-06-01
prophet_temp,2021-11-01,7603.0,6763.8971392173735,79,5,2021-06-01
prophet_temp,2021-12-01,8237.0,6995.718724832699,79,6,2021-06-01
prophet_temp_ceiling,2021-07-01,9251.0,8417.961940091604,79,1,2021-06-01
prophet_temp_ceiling,2021-08-01,8830.0,7891.339348580443,79,2,2021-06-01
prophet_temp_ceiling,2021-09-01,7512.0,7291.043304848624,79,3,2021-06-01
prophet_temp_ceiling,2021-10-01,7656.0,7350.903128758864,79,4,2021-06-01
prophet_temp_ceiling,2021-11-01,7603.0,6795.039997651078,79,5,2021-06-01
prophet_temp_ceiling,2021-12-01,8237.0,7070.402546479402,79,6,2021-06-01
naive,2021-08-01,8830.0,9251.0,80,1,2021-07-01
naive,2021-09-01,7512.0,9251.0,80,2,2021-07-01
naive,2021-10-01,7656.0,9251.0,80,3,2021-07-01
naive,2021-11-01,7603.0,9251.0,80,4,2021-07-01
naive,2021-12-01,8237.0,9251.0,80,5,2021-07-01
naive,2022-01-01,9582.0,9251.0,80,6,2021-07-01
snaive,2021-08-01,8830.0,7678.0,80,1,2021-07-01
snaive,2021-09-01,7512.0,7005.0,80,2,2021-07-01
snaive,2021-10-01,7656.0,7385.0,80,3,2021-07-01
snaive,2021-11-01,7603.0,6872.0,80,4,2021-07-01
snaive,2021-12-01,8237.0,6781.0,80,5,2021-07-01
snaive,2022-01-01,9582.0,6917.0,80,6,2021-07-01
snaive_drift,2021-08-01,8830.0,7832.916666666667,80,1,2021-07-01
snaive_drift,2021-09-01,7512.0,7314.833333333333,80,2,2021-07-01
snaive_drift,2021-10-01,7656.0,7849.75,80,3,2021-07-01
snaive_drift,2021-11-01,7603.0,7491.666666666667,80,4,2021-07-01
snaive_drift,2021-12-01,8237.0,7555.583333333333,80,5,2021-07-01
snaive_drift,2022-01-01,9582.0,7846.5,80,6,2021-07-01
prophet_repro,2021-08-01,8830.0,8015.223499924674,80,1,2021-07-01
prophet_repro,2021-09-01,7512.0,7417.978205908181,80,2,2021-07-01
prophet_repro,2021-10-01,7656.0,7379.761433925812,80,3,2021-07-01
prophet_repro,2021-11-01,7603.0,6869.162556841934,80,4,2021-07-01
prophet_repro,2021-12-01,8237.0,7093.07601375157,80,5,2021-07-01
prophet_repro,2022-01-01,9582.0,7039.369784232398,80,6,2021-07-01
prophet_temp,2021-08-01,8830.0,7997.955794732128,80,1,2021-07-01
prophet_temp,2021-09-01,7512.0,7407.17284696552,80,2,2021-07-01
prophet_temp,2021-10-01,7656.0,7363.209450342175,80,3,2021-07-01
prophet_temp,2021-11-01,7603.0,6843.88284845346,80,4,2021-07-01
prophet_temp,2021-12-01,8237.0,7080.566094498481,80,5,2021-07-01
prophet_temp,2022-01-01,9582.0,7028.682943666013,80,6,2021-07-01
prophet_temp_ceiling,2021-08-01,8830.0,7953.344811459037,80,1,2021-07-01
prophet_temp_ceiling,2021-09-01,7512.0,7357.5471984193955,80,2,2021-07-01
prophet_temp_ceiling,2021-10-01,7656.0,7443.8348478488715,80,3,2021-07-01
prophet_temp_ceiling,2021-11-01,7603.0,6885.107304529178,80,4,2021-07-01
prophet_temp_ceiling,2021-12-01,8237.0,7179.426638452573,80,5,2021-07-01
prophet_temp_ceiling,2022-01-01,9582.0,7052.681698901246,80,6,2021-07-01
naive,2021-09-01,7512.0,8830.0,81,1,2021-08-01
naive,2021-10-01,7656.0,8830.0,81,2,2021-08-01
naive,2021-11-01,7603.0,8830.0,81,3,2021-08-01
naive,2021-12-01,8237.0,8830.0,81,4,2021-08-01
naive,2022-01-01,9582.0,8830.0,81,5,2021-08-01
naive,2022-02-01,7227.0,8830.0,81,6,2021-08-01
snaive,2021-09-01,7512.0,7005.0,81,1,2021-08-01
snaive,2021-10-01,7656.0,7385.0,81,2,2021-08-01
snaive,2021-11-01,7603.0,6872.0,81,3,2021-08-01
snaive,2021-12-01,8237.0,6781.0,81,4,2021-08-01
snaive,2022-01-01,9582.0,6917.0,81,5,2021-08-01
snaive,2022-02-01,7227.0,6217.0,81,6,2021-08-01
snaive_drift,2021-09-01,7512.0,7101.0,81,1,2021-08-01
snaive_drift,2021-10-01,7656.0,7577.0,81,2,2021-08-01
snaive_drift,2021-11-01,7603.0,7160.0,81,3,2021-08-01
snaive_drift,2021-12-01,8237.0,7165.0,81,4,2021-08-01
snaive_drift,2022-01-01,9582.0,7397.0,81,5,2021-08-01
snaive_drift,2022-02-01,7227.0,6793.0,81,6,2021-08-01
prophet_repro,2021-09-01,7512.0,7467.137203763861,81,1,2021-08-01
prophet_repro,2021-10-01,7656.0,7432.336188364856,81,2,2021-08-01
prophet_repro,2021-11-01,7603.0,6922.267181648674,81,3,2021-08-01
prophet_repro,2021-12-01,8237.0,7148.455611605397,81,4,2021-08-01
prophet_repro,2022-01-01,9582.0,7095.584353535143,81,5,2021-08-01
prophet_repro,2022-02-01,7227.0,6566.241782131669,81,6,2021-08-01
prophet_temp,2021-09-01,7512.0,7454.419461842752,81,1,2021-08-01
prophet_temp,2021-10-01,7656.0,7404.578696368911,81,2,2021-08-01
prophet_temp,2021-11-01,7603.0,6894.738390845035,81,3,2021-08-01
prophet_temp,2021-12-01,8237.0,7130.183941060811,81,4,2021-08-01
prophet_temp,2022-01-01,9582.0,7082.387424819741,81,5,2021-08-01
prophet_temp,2022-02-01,7227.0,6544.654980918856,81,6,2021-08-01
prophet_temp_ceiling,2021-09-01,7512.0,7410.321230844178,81,1,2021-08-01
prophet_temp_ceiling,2021-10-01,7656.0,7476.223853818036,81,2,2021-08-01
prophet_temp_ceiling,2021-11-01,7603.0,6931.371173288732,81,3,2021-08-01
prophet_temp_ceiling,2021-12-01,8237.0,7218.033172892615,81,4,2021-08-01
prophet_temp_ceiling,2022-01-01,9582.0,7103.713144141229,81,5,2021-08-01
prophet_temp_ceiling,2022-02-01,7227.0,6571.816096074583,81,6,2021-08-01
naive,2021-10-01,7656.0,7512.0,82,1,2021-09-01
naive,2021-11-01,7603.0,7512.0,82,2,2021-09-01
naive,2021-12-01,8237.0,7512.0,82,3,2021-09-01
naive,2022-01-01,9582.0,7512.0,82,4,2021-09-01
naive,2022-02-01,7227.0,7512.0,82,5,2021-09-01
naive,2022-03-01,7504.0,7512.0,82,6,2021-09-01
snaive,2021-10-01,7656.0,7385.0,82,1,2021-09-01
snaive,2021-11-01,7603.0,6872.0,82,2,2021-09-01
snaive,2021-12-01,8237.0,6781.0,82,3,2021-09-01
snaive,2022-01-01,9582.0,6917.0,82,4,2021-09-01
snaive,2022-02-01,7227.0,6217.0,82,5,2021-09-01
snaive,2022-03-01,7504.0,7569.0,82,6,2021-09-01
snaive_drift,2021-10-01,7656.0,7427.25,82,1,2021-09-01
snaive_drift,2021-11-01,7603.0,6956.5,82,2,2021-09-01
snaive_drift,2021-12-01,8237.0,6907.75,82,3,2021-09-01
snaive_drift,2022-01-01,9582.0,7086.0,82,4,2021-09-01
snaive_drift,2022-02-01,7227.0,6428.25,82,5,2021-09-01
snaive_drift,2022-03-01,7504.0,7822.5,82,6,2021-09-01
prophet_repro,2021-10-01,7656.0,7437.080820909421,82,1,2021-09-01
prophet_repro,2021-11-01,7603.0,6916.583392529186,82,2,2021-09-01
prophet_repro,2021-12-01,8237.0,7142.249128397803,82,3,2021-09-01
prophet_repro,2022-01-01,9582.0,7085.362236396773,82,4,2021-09-01
prophet_repro,2022-02-01,7227.0,6556.591212202338,82,5,2021-09-01
prophet_repro,2022-03-01,7504.0,7082.879950386165,82,6,2021-09-01
prophet_temp,2021-10-01,7656.0,7431.666102553552,82,1,2021-09-01
prophet_temp,2021-11-01,7603.0,6907.375461277769,82,2,2021-09-01
prophet_temp,2021-12-01,8237.0,7147.217563571399,82,3,2021-09-01
prophet_temp,2022-01-01,9582.0,7094.092074157085,82,4,2021-09-01
prophet_temp,2022-02-01,7227.0,6556.977309400114,82,5,2021-09-01
prophet_temp,2022-03-01,7504.0,7088.61648050286,82,6,2021-09-01
prophet_temp_ceiling,2021-10-01,7656.0,7500.660674667419,82,1,2021-09-01
prophet_temp_ceiling,2021-11-01,7603.0,6942.652976744715,82,2,2021-09-01
prophet_temp_ceiling,2021-12-01,8237.0,7231.816723885494,82,3,2021-09-01
prophet_temp_ceiling,2022-01-01,9582.0,7114.6288268420285,82,4,2021-09-01
prophet_temp_ceiling,2022-02-01,7227.0,6583.13357152621,82,5,2021-09-01
prophet_temp_ceiling,2022-03-01,7504.0,7044.222355917747,82,6,2021-09-01
naive,2021-11-01,7603.0,7656.0,83,1,2021-10-01
naive,2021-12-01,8237.0,7656.0,83,2,2021-10-01
naive,2022-01-01,9582.0,7656.0,83,3,2021-10-01
naive,2022-02-01,7227.0,7656.0,83,4,2021-10-01
naive,2022-03-01,7504.0,7656.0,83,5,2021-10-01
naive,2022-04-01,7589.0,7656.0,83,6,2021-10-01
snaive,2021-11-01,7603.0,6872.0,83,1,2021-10-01
snaive,2021-12-01,8237.0,6781.0,83,2,2021-10-01
snaive,2022-01-01,9582.0,6917.0,83,3,2021-10-01
snaive,2022-02-01,7227.0,6217.0,83,4,2021-10-01
snaive,2022-03-01,7504.0,7569.0,83,5,2021-10-01
snaive,2022-04-01,7589.0,6917.0,83,6,2021-10-01
snaive_drift,2021-11-01,7603.0,6894.583333333333,83,1,2021-10-01
snaive_drift,2021-12-01,8237.0,6826.166666666667,83,2,2021-10-01
snaive_drift,2022-01-01,9582.0,6984.75,83,3,2021-10-01
snaive_drift,2022-02-01,7227.0,6307.333333333333,83,4,2021-10-01
snaive_drift,2022-03-01,7504.0,7681.916666666667,83,5,2021-10-01
snaive_drift,2022-04-01,7589.0,7052.5,83,6,2021-10-01
prophet_repro,2021-11-01,7603.0,6932.520641264878,83,1,2021-10-01
prophet_repro,2021-12-01,8237.0,7158.419446340575,83,2,2021-10-01
prophet_repro,2022-01-01,9582.0,7103.090585832571,83,3,2021-10-01
prophet_repro,2022-02-01,7227.0,6573.234487075982,83,4,2021-10-01
prophet_repro,2022-03-01,7504.0,7103.681922145293,83,5,2021-10-01
prophet_repro,2022-04-01,7589.0,7045.345564229526,83,6,2021-10-01
prophet_temp,2021-11-01,7603.0,6908.469495312135,83,1,2021-10-01
prophet_temp,2021-12-01,8237.0,7147.436494200146,83,2,2021-10-01
prophet_temp,2022-01-01,9582.0,7095.82931290315,83,3,2021-10-01
prophet_temp,2022-02-01,7227.0,6556.98730715243,83,4,2021-10-01
prophet_temp,2022-03-01,7504.0,7091.308120252261,83,5,2021-10-01
prophet_temp,2022-04-01,7589.0,7028.095168105809,83,6,2021-10-01
prophet_temp_ceiling,2021-11-01,7603.0,6945.513090943906,83,1,2021-10-01
prophet_temp_ceiling,2021-12-01,8237.0,7236.2708988905515,83,2,2021-10-01
prophet_temp_ceiling,2022-01-01,9582.0,7117.394186505531,83,3,2021-10-01
prophet_temp_ceiling,2022-02-01,7227.0,6584.453016815164,83,4,2021-10-01
prophet_temp_ceiling,2022-03-01,7504.0,7044.691515375472,83,5,2021-10-01
prophet_temp_ceiling,2022-04-01,7589.0,7025.3593259323725,83,6,2021-10-01
naive,2021-12-01,8237.0,7603.0,84,1,2021-11-01
naive,2022-01-01,9582.0,7603.0,84,2,2021-11-01
naive,2022-02-01,7227.0,7603.0,84,3,2021-11-01
naive,2022-03-01,7504.0,7603.0,84,4,2021-11-01
naive,2022-04-01,7589.0,7603.0,84,5,2021-11-01
naive,2022-05-01,8846.0,7603.0,84,6,2021-11-01
snaive,2021-12-01,8237.0,6781.0,84,1,2021-11-01
snaive,2022-01-01,9582.0,6917.0,84,2,2021-11-01
snaive,2022-02-01,7227.0,6217.0,84,3,2021-11-01
snaive,2022-03-01,7504.0,7569.0,84,4,2021-11-01
snaive,2022-04-01,7589.0,6917.0,84,5,2021-11-01
snaive,2022-05-01,8846.0,8253.0,84,6,2021-11-01
snaive_drift,2021-12-01,8237.0,6841.916666666667,84,1,2021-11-01
snaive_drift,2022-01-01,9582.0,7038.833333333333,84,2,2021-11-01
snaive_drift,2022-02-01,7227.0,6399.75,84,3,2021-11-01
snaive_drift,2022-03-01,7504.0,7812.666666666667,84,4,2021-11-01
snaive_drift,2022-04-01,7589.0,7221.583333333333,84,5,2021-11-01
snaive_drift,2022-05-01,8846.0,8618.5,84,6,2021-11-01
prophet_repro,2021-12-01,8237.0,7190.2147007032,84,1,2021-11-01
prophet_repro,2022-01-01,9582.0,7136.262159125225,84,2,2021-11-01
prophet_repro,2022-02-01,7227.0,6608.110566144377,84,3,2021-11-01
prophet_repro,2022-03-01,7504.0,7140.532859614609,84,4,2021-11-01
prophet_repro,2022-04-01,7589.0,7081.14948010544,84,5,2021-11-01
prophet_repro,2022-05-01,8846.0,7951.917883001087,84,6,2021-11-01
prophet_temp,2021-12-01,8237.0,7178.042993966861,84,1,2021-11-01
prophet_temp,2022-01-01,9582.0,7127.386228255811,84,2,2021-11-01
prophet_temp,2022-02-01,7227.0,6589.282344506759,84,3,2021-11-01
prophet_temp,2022-03-01,7504.0,7124.667126582564,84,4,2021-11-01
prophet_temp,2022-04-01,7589.0,7062.554985840244,84,5,2021-11-01
prophet_temp,2022-05-01,8846.0,7941.981167517449,84,6,2021-11-01
prophet_temp_ceiling,2021-12-01,8237.0,7268.045565750153,84,1,2021-11-01
prophet_temp_ceiling,2022-01-01,9582.0,7149.2346786524795,84,2,2021-11-01
prophet_temp_ceiling,2022-02-01,7227.0,6617.109226604009,84,3,2021-11-01
prophet_temp_ceiling,2022-03-01,7504.0,7077.437516147975,84,4,2021-11-01
prophet_temp_ceiling,2022-04-01,7589.0,7059.783167506338,84,5,2021-11-01
prophet_temp_ceiling,2022-05-01,8846.0,8003.015520242471,84,6,2021-11-01
naive,2022-01-01,9582.0,8237.0,85,1,2021-12-01
naive,2022-02-01,7227.0,8237.0,85,2,2021-12-01
naive,2022-03-01,7504.0,8237.0,85,3,2021-12-01
naive,2022-04-01,7589.0,8237.0,85,4,2021-12-01
naive,2022-05-01,8846.0,8237.0,85,5,2021-12-01
naive,2022-06-01,9057.0,8237.0,85,6,2021-12-01
snaive,2022-01-01,9582.0,6917.0,85,1,2021-12-01
snaive,2022-02-01,7227.0,6217.0,85,2,2021-12-01
snaive,2022-03-01,7504.0,7569.0,85,3,2021-12-01
snaive,2022-04-01,7589.0,6917.0,85,4,2021-12-01
snaive,2022-05-01,8846.0,8253.0,85,5,2021-12-01
snaive,2022-06-01,9057.0,8153.0,85,6,2021-12-01
snaive_drift,2022-01-01,9582.0,7038.333333333333,85,1,2021-12-01
snaive_drift,2022-02-01,7227.0,6459.666666666667,85,2,2021-12-01
snaive_drift,2022-03-01,7504.0,7933.0,85,3,2021-12-01
snaive_drift,2022-04-01,7589.0,7402.333333333333,85,4,2021-12-01
snaive_drift,2022-05-01,8846.0,8859.666666666666,85,5,2021-12-01
snaive_drift,2022-06-01,9057.0,8881.0,85,6,2021-12-01
prophet_repro,2022-01-01,9582.0,7182.601418099,85,1,2021-12-01
prophet_repro,2022-02-01,7227.0,6654.290562726414,85,2,2021-12-01
prophet_repro,2022-03-01,7504.0,7198.005223120773,85,3,2021-12-01
prophet_repro,2022-04-01,7589.0,7122.151464096056,85,4,2021-12-01
prophet_repro,2022-05-01,8846.0,7996.973134985377,85,5,2021-12-01
prophet_repro,2022-06-01,9057.0,8299.724544109908,85,6,2021-12-01
prophet_temp,2022-01-01,9582.0,7177.850170347203,85,1,2021-12-01
prophet_temp,2022-02-01,7227.0,6643.010626017278,85,2,2021-12-01
prophet_temp,2022-03-01,7504.0,7189.172837127899,85,3,2021-12-01
prophet_temp,2022-04-01,7589.0,7109.975178098744,85,4,2021-12-01
prophet_temp,2022-05-01,8846.0,7991.899413024377,85,5,2021-12-01
prophet_temp,2022-06-01,9057.0,8279.0611338882,85,6,2021-12-01
prophet_temp_ceiling,2022-01-01,9582.0,7203.804137872878,85,1,2021-12-01
prophet_temp_ceiling,2022-02-01,7227.0,6676.066425452963,85,2,2021-12-01
prophet_temp_ceiling,2022-03-01,7504.0,7133.068365038816,85,3,2021-12-01
prophet_temp_ceiling,2022-04-01,7589.0,7106.68251057683,85,4,2021-12-01
prophet_temp_ceiling,2022-05-01,8846.0,8064.402660614756,85,5,2021-12-01
prophet_temp_ceiling,2022-06-01,9057.0,8313.860110247253,85,6,2021-12-01
naive,2022-02-01,7227.0,9582.0,86,1,2022-01-01
naive,2022-03-01,7504.0,9582.0,86,2,2022-01-01
naive,2022-04-01,7589.0,9582.0,86,3,2022-01-01
naive,2022-05-01,8846.0,9582.0,86,4,2022-01-01
naive,2022-06-01,9057.0,9582.0,86,5,2022-01-01
naive,2022-07-01,8699.0,9582.0,86,6,2022-01-01
snaive,2022-02-01,7227.0,6217.0,86,1,2022-01-01
snaive,2022-03-01,7504.0,7569.0,86,2,2022-01-01
snaive,2022-04-01,7589.0,6917.0,86,3,2022-01-01
snaive,2022-05-01,8846.0,8253.0,86,4,2022-01-01
snaive,2022-06-01,9057.0,8153.0,86,5,2022-01-01
snaive,2022-07-01,8699.0,9251.0,86,6,2022-01-01
snaive_drift,2022-02-01,7227.0,6439.083333333333,86,1,2022-01-01
snaive_drift,2022-03-01,7504.0,8013.166666666667,86,2,2022-01-01
snaive_drift,2022-04-01,7589.0,7583.25,86,3,2022-01-01
snaive_drift,2022-05-01,8846.0,9141.333333333334,86,4,2022-01-01
snaive_drift,2022-06-01,9057.0,9263.416666666666,86,5,2022-01-01
snaive_drift,2022-07-01,8699.0,10583.5,86,6,2022-01-01
prophet_repro,2022-02-01,7227.0,6769.606087350266,86,1,2022-01-01
prophet_repro,2022-03-01,7504.0,7326.817409519034,86,2,2022-01-01
prophet_repro,2022-04-01,7589.0,7244.3565983232,86,3,2022-01-01
prophet_repro,2022-05-01,8846.0,8120.791082568016,86,4,2022-01-01
prophet_repro,2022-06-01,9057.0,8421.531156547457,86,5,2022-01-01
prophet_repro,2022-07-01,8699.0,8740.817777212334,86,6,2022-01-01
prophet_temp,2022-02-01,7227.0,6754.689514648443,86,1,2022-01-01
prophet_temp,2022-03-01,7504.0,7313.169550913503,86,2,2022-01-01
prophet_temp,2022-04-01,7589.0,7229.772804262808,86,3,2022-01-01
prophet_temp,2022-05-01,8846.0,8112.619611989805,86,4,2022-01-01
prophet_temp,2022-06-01,9057.0,8399.098256187319,86,5,2022-01-01
prophet_temp,2022-07-01,8699.0,8724.576727983276,86,6,2022-01-01
prophet_temp_ceiling,2022-02-01,7227.0,6788.974506276656,86,1,2022-01-01
prophet_temp_ceiling,2022-03-01,7504.0,7254.978813169526,86,2,2022-01-01
prophet_temp_ceiling,2022-04-01,7589.0,7226.357697674841,86,3,2022-01-01
prophet_temp_ceiling,2022-05-01,8846.0,8187.8189197993415,86,4,2022-01-01
prophet_temp_ceiling,2022-06-01,9057.0,8435.191245420925,86,5,2022-01-01
prophet_temp_ceiling,2022-07-01,8699.0,8622.79315908702,86,6,2022-01-01
naive,2022-03-01,7504.0,7227.0,87,1,2022-02-01
naive,2022-04-01,7589.0,7227.0,87,2,2022-02-01
naive,2022-05-01,8846.0,7227.0,87,3,2022-02-01
naive,2022-06-01,9057.0,7227.0,87,4,2022-02-01
naive,2022-07-01,8699.0,7227.0,87,5,2022-02-01
naive,2022-08-01,8834.0,7227.0,87,6,2022-02-01
snaive,2022-03-01,7504.0,7569.0,87,1,2022-02-01
snaive,2022-04-01,7589.0,6917.0,87,2,2022-02-01
snaive,2022-05-01,8846.0,8253.0,87,3,2022-02-01
snaive,2022-06-01,9057.0,8153.0,87,4,2022-02-01
snaive,2022-07-01,8699.0,9251.0,87,5,2022-02-01
snaive,2022-08-01,8834.0,8830.0,87,6,2022-02-01
snaive_drift,2022-03-01,7504.0,7653.166666666667,87,1,2022-02-01
snaive_drift,2022-04-01,7589.0,7085.333333333333,87,2,2022-02-01
snaive_drift,2022-05-01,8846.0,8505.5,87,3,2022-02-01
snaive_drift,2022-06-01,9057.0,8489.666666666666,87,4,2022-02-01
snaive_drift,2022-07-01,8699.0,9671.833333333334,87,5,2022-02-01
snaive_drift,2022-08-01,8834.0,9335.0,87,6,2022-02-01
prophet_repro,2022-03-01,7504.0,7357.917231951965,87,1,2022-02-01
prophet_repro,2022-04-01,7589.0,7281.909511740838,87,2,2022-02-01
prophet_repro,2022-05-01,8846.0,8157.870545794794,87,3,2022-02-01
prophet_repro,2022-06-01,9057.0,8462.058658200755,87,4,2022-02-01
prophet_repro,2022-07-01,8699.0,8779.14544338743,87,5,2022-02-01
prophet_repro,2022-08-01,8834.0,8435.419183210191,87,6,2022-02-01
prophet_temp,2022-03-01,7504.0,7327.733811680265,87,1,2022-02-01
prophet_temp,2022-04-01,7589.0,7247.29875965754,87,2,2022-02-01
prophet_temp,2022-05-01,8846.0,8130.773775322554,87,3,2022-02-01
prophet_temp,2022-06-01,9057.0,8418.108094497826,87,4,2022-02-01
prophet_temp,2022-07-01,8699.0,8742.721518768047,87,5,2022-02-01
prophet_temp,2022-08-01,8834.0,8396.361653101843,87,6,2022-02-01
prophet_temp_ceiling,2022-03-01,7504.0,7271.81590639193,87,1,2022-02-01
prophet_temp_ceiling,2022-04-01,7589.0,7244.017041395509,87,2,2022-02-01
prophet_temp_ceiling,2022-05-01,8846.0,8203.035924504142,87,3,2022-02-01
prophet_temp_ceiling,2022-06-01,9057.0,8452.79135220831,87,4,2022-02-01
prophet_temp_ceiling,2022-07-01,8699.0,8644.913445076138,87,5,2022-02-01
prophet_temp_ceiling,2022-08-01,8834.0,8444.171783860453,87,6,2022-02-01
naive,2022-04-01,7589.0,7504.0,88,1,2022-03-01
naive,2022-05-01,8846.0,7504.0,88,2,2022-03-01
naive,2022-06-01,9057.0,7504.0,88,3,2022-03-01
naive,2022-07-01,8699.0,7504.0,88,4,2022-03-01
naive,2022-08-01,8834.0,7504.0,88,5,2022-03-01
naive,2022-09-01,8228.0,7504.0,88,6,2022-03-01
snaive,2022-04-01,7589.0,6917.0,88,1,2022-03-01
snaive,2022-05-01,8846.0,8253.0,88,2,2022-03-01
snaive,2022-06-01,9057.0,8153.0,88,3,2022-03-01
snaive,2022-07-01,8699.0,9251.0,88,4,2022-03-01
snaive,2022-08-01,8834.0,8830.0,88,5,2022-03-01
snaive,2022-09-01,8228.0,7512.0,88,6,2022-03-01
snaive_drift,2022-04-01,7589.0,6911.583333333333,88,1,2022-03-01
snaive_drift,2022-05-01,8846.0,8242.166666666666,88,2,2022-03-01
snaive_drift,2022-06-01,9057.0,8136.75,88,3,2022-03-01
snaive_drift,2022-07-01,8699.0,9229.333333333334,88,4,2022-03-01
snaive_drift,2022-08-01,8834.0,8802.916666666666,88,5,2022-03-01
snaive_drift,2022-09-01,8228.0,7479.5,88,6,2022-03-01
prophet_repro,2022-04-01,7589.0,7320.924044437641,88,1,2022-03-01
prophet_repro,2022-05-01,8846.0,8193.854960650351,88,2,2022-03-01
prophet_repro,2022-06-01,9057.0,8504.15837002192,88,3,2022-03-01
prophet_repro,2022-07-01,8699.0,8815.87573734786,88,4,2022-03-01
prophet_repro,2022-08-01,8834.0,8474.954959162525,88,5,2022-03-01
prophet_repro,2022-09-01,8228.0,7871.876320161338,88,6,2022-03-01
prophet_temp,2022-04-01,7589.0,7268.883079601033,88,1,2022-03-01
prophet_temp,2022-05-01,8846.0,8152.535841827392,88,2,2022-03-01
prophet_temp,2022-06-01,9057.0,8440.969728030383,88,3,2022-03-01
prophet_temp,2022-07-01,8699.0,8765.972128981684,88,4,2022-03-01
prophet_temp,2022-08-01,8834.0,8420.62847337496,88,5,2022-03-01
prophet_temp,2022-09-01,8228.0,7802.240926544443,88,6,2022-03-01
prophet_temp_ceiling,2022-04-01,7589.0,7265.686260484633,88,1,2022-03-01
prophet_temp_ceiling,2022-05-01,8846.0,8222.928545115958,88,2,2022-03-01
prophet_temp_ceiling,2022-06-01,9057.0,8474.755718299783,88,3,2022-03-01
prophet_temp_ceiling,2022-07-01,8699.0,8670.694382767419,88,4,2022-03-01
prophet_temp_ceiling,2022-08-01,8834.0,8467.201740109958,88,5,2022-03-01
prophet_temp_ceiling,2022-09-01,8228.0,7996.682748094872,88,6,2022-03-01
naive,2022-05-01,8846.0,7589.0,89,1,2022-04-01
naive,2022-06-01,9057.0,7589.0,89,2,2022-04-01
naive,2022-07-01,8699.0,7589.0,89,3,2022-04-01
naive,2022-08-01,8834.0,7589.0,89,4,2022-04-01
naive,2022-09-01,8228.0,7589.0,89,5,2022-04-01
naive,2022-10-01,8388.0,7589.0,89,6,2022-04-01
snaive,2022-05-01,8846.0,8253.0,89,1,2022-04-01
snaive,2022-06-01,9057.0,8153.0,89,2,2022-04-01
snaive,2022-07-01,8699.0,9251.0,89,3,2022-04-01
snaive,2022-08-01,8834.0,8830.0,89,4,2022-04-01
snaive,2022-09-01,8228.0,7512.0,89,5,2022-04-01
snaive,2022-10-01,8388.0,7656.0,89,6,2022-04-01
snaive_drift,2022-05-01,8846.0,8309.0,89,1,2022-04-01
snaive_drift,2022-06-01,9057.0,8265.0,89,2,2022-04-01
snaive_drift,2022-07-01,8699.0,9419.0,89,3,2022-04-01
snaive_drift,2022-08-01,8834.0,9054.0,89,4,2022-04-01
snaive_drift,2022-09-01,8228.0,7792.0,89,5,2022-04-01
snaive_drift,2022-10-01,8388.0,7992.0,89,6,2022-04-01
prophet_repro,2022-05-01,8846.0,8222.43940530842,89,1,2022-04-01
prophet_repro,2022-06-01,9057.0,8531.368994933744,89,2,2022-04-01
prophet_repro,2022-07-01,8699.0,8848.052756753044,89,3,2022-04-01
prophet_repro,2022-08-01,8834.0,8507.376503687741,89,4,2022-04-01
prophet_repro,2022-09-01,8228.0,7902.750754269857,89,5,2022-04-01
prophet_repro,2022-10-01,8388.0,7795.857235556052,89,6,2022-04-01
prophet_temp,2022-05-01,8846.0,8146.339880801647,89,1,2022-04-01
prophet_temp,2022-06-01,9057.0,8427.556261470516,89,2,2022-04-01
prophet_temp,2022-07-01,8699.0,8770.430153065785,89,3,2022-04-01
prophet_temp,2022-08-01,8834.0,8419.662144290067,89,4,2022-04-01
prophet_temp,2022-09-01,8228.0,7787.782073234298,89,5,2022-04-01
prophet_temp,2022-10-01,8388.0,7716.093562069428,89,6,2022-04-01
prophet_temp_ceiling,2022-05-01,8846.0,8219.027904617185,89,1,2022-04-01
prophet_temp_ceiling,2022-06-01,9057.0,8462.443923836123,89,2,2022-04-01
prophet_temp_ceiling,2022-07-01,8699.0,8672.04565066185,89,3,2022-04-01
prophet_temp_ceiling,2022-08-01,8834.0,8467.754042504623,89,4,2022-04-01
prophet_temp_ceiling,2022-09-01,8228.0,7988.564130113908,89,5,2022-04-01
prophet_temp_ceiling,2022-10-01,8388.0,7705.348938780578,89,6,2022-04-01
naive,2022-06-01,9057.0,8846.0,90,1,2022-05-01
naive,2022-07-01,8699.0,8846.0,90,2,2022-05-01
naive,2022-08-01,8834.0,8846.0,90,3,2022-05-01
naive,2022-09-01,8228.0,8846.0,90,4,2022-05-01
naive,2022-10-01,8388.0,8846.0,90,5,2022-05-01
naive,2022-11-01,7588.0,8846.0,90,6,2022-05-01
snaive,2022-06-01,9057.0,8153.0,90,1,2022-05-01
snaive,2022-07-01,8699.0,9251.0,90,2,2022-05-01
snaive,2022-08-01,8834.0,8830.0,90,3,2022-05-01
snaive,2022-09-01,8228.0,7512.0,90,4,2022-05-01
snaive,2022-10-01,8388.0,7656.0,90,5,2022-05-01
snaive,2022-11-01,7588.0,7603.0,90,6,2022-05-01
snaive_drift,2022-06-01,9057.0,8202.416666666666,90,1,2022-05-01
snaive_drift,2022-07-01,8699.0,9349.833333333334,90,2,2022-05-01
snaive_drift,2022-08-01,8834.0,8978.25,90,3,2022-05-01
snaive_drift,2022-09-01,8228.0,7709.666666666667,90,4,2022-05-01
snaive_drift,2022-10-01,8388.0,7903.083333333333,90,5,2022-05-01
snaive_drift,2022-11-01,7588.0,7899.5,90,6,2022-05-01
prophet_repro,2022-06-01,9057.0,8577.506908654701,90,1,2022-05-01
prophet_repro,2022-07-01,8699.0,8901.988195323025,90,2,2022-05-01
prophet_repro,2022-08-01,8834.0,8561.865509848436,90,3,2022-05-01
prophet_repro,2022-09-01,8228.0,7954.199947432932,90,4,2022-05-01
prophet_repro,2022-10-01,8388.0,7857.669282063384,90,5,2022-05-01
prophet_repro,2022-11-01,7588.0,7462.662167395931,90,6,2022-05-01
prophet_temp,2022-06-01,9057.0,8526.973855078271,90,1,2022-05-01
prophet_temp,2022-07-01,8699.0,8857.769128610302,90,2,2022-05-01
prophet_temp,2022-08-01,8834.0,8515.384915707074,90,3,2022-05-01
prophet_temp,2022-09-01,8228.0,7899.127761709281,90,4,2022-05-01
prophet_temp,2022-10-01,8388.0,7808.910250158538,90,5,2022-05-01
prophet_temp,2022-11-01,7588.0,7416.336200976934,90,6,2022-05-01
prophet_temp_ceiling,2022-06-01,9057.0,8562.412724971302,90,1,2022-05-01
prophet_temp_ceiling,2022-07-01,8699.0,8757.83020052606,90,2,2022-05-01
prophet_temp_ceiling,2022-08-01,8834.0,8564.236641737727,90,3,2022-05-01
prophet_temp_ceiling,2022-09-01,8228.0,8103.082074154887,90,4,2022-05-01
prophet_temp_ceiling,2022-10-01,8388.0,7797.995867223021,90,5,2022-05-01
prophet_temp_ceiling,2022-11-01,7588.0,7551.056506006285,90,6,2022-05-01
naive,2022-07-01,8699.0,9057.0,91,1,2022-06-01
naive,2022-08-01,8834.0,9057.0,91,2,2022-06-01
naive,2022-09-01,8228.0,9057.0,91,3,2022-06-01
naive,2022-10-01,8388.0,9057.0,91,4,2022-06-01
naive,2022-11-01,7588.0,9057.0,91,5,2022-06-01
naive,2022-12-01,7850.0,9057.0,91,6,2022-06-01
snaive,2022-07-01,8699.0,9251.0,91,1,2022-06-01
snaive,2022-08-01,8834.0,8830.0,91,2,2022-06-01
snaive,2022-09-01,8228.0,7512.0,91,3,2022-06-01
snaive,2022-10-01,8388.0,7656.0,91,4,2022-06-01
snaive,2022-11-01,7588.0,7603.0,91,5,2022-06-01
snaive,2022-12-01,7850.0,8237.0,91,6,2022-06-01
snaive_drift,2022-07-01,8699.0,9326.333333333334,91,1,2022-06-01
snaive_drift,2022-08-01,8834.0,8980.666666666666,91,2,2022-06-01
snaive_drift,2022-09-01,8228.0,7738.0,91,3,2022-06-01
snaive_drift,2022-10-01,8388.0,7957.333333333333,91,4,2022-06-01
snaive_drift,2022-11-01,7588.0,7979.666666666667,91,5,2022-06-01
snaive_drift,2022-12-01,7850.0,8689.0,91,6,2022-06-01
prophet_repro,2022-07-01,8699.0,8981.587393391641,91,1,2022-06-01
prophet_repro,2022-08-01,8834.0,8646.163463281251,91,2,2022-06-01
prophet_repro,2022-09-01,8228.0,8046.270346566657,91,3,2022-06-01
prophet_repro,2022-10-01,8388.0,7945.376382053637,91,4,2022-06-01
prophet_repro,2022-11-01,7588.0,7559.570173622191,91,5,2022-06-01
prophet_repro,2022-12-01,7850.0,7829.358086965489,91,6,2022-06-01
prophet_temp,2022-07-01,8699.0,8938.817718453969,91,1,2022-06-01
prophet_temp,2022-08-01,8834.0,8599.37635447599,91,2,2022-06-01
prophet_temp,2022-09-01,8228.0,7985.1061456178,91,3,2022-06-01
prophet_temp,2022-10-01,8388.0,7900.411718069371,91,4,2022-06-01
prophet_temp,2022-11-01,7588.0,7509.151799527774,91,5,2022-06-01
prophet_temp,2022-12-01,7850.0,7768.0710497739665,91,6,2022-06-01
prophet_temp_ceiling,2022-07-01,8699.0,8841.652212752218,91,1,2022-06-01
prophet_temp_ceiling,2022-08-01,8834.0,8646.872387855201,91,2,2022-06-01
prophet_temp_ceiling,2022-09-01,8228.0,8183.400486859137,91,3,2022-06-01
prophet_temp_ceiling,2022-10-01,8388.0,7889.800222051943,91,4,2022-06-01
prophet_temp_ceiling,2022-11-01,7588.0,7640.133458200726,91,5,2022-06-01
prophet_temp_ceiling,2022-12-01,7850.0,7832.123573927357,91,6,2022-06-01
naive,2022-08-01,8834.0,8699.0,92,1,2022-07-01
naive,2022-09-01,8228.0,8699.0,92,2,2022-07-01
naive,2022-10-01,8388.0,8699.0,92,3,2022-07-01
naive,2022-11-01,7588.0,8699.0,92,4,2022-07-01
naive,2022-12-01,7850.0,8699.0,92,5,2022-07-01
naive,2023-01-01,7563.0,8699.0,92,6,2022-07-01
snaive,2022-08-01,8834.0,8830.0,92,1,2022-07-01
snaive,2022-09-01,8228.0,7512.0,92,2,2022-07-01
snaive,2022-10-01,8388.0,7656.0,92,3,2022-07-01
snaive,2022-11-01,7588.0,7603.0,92,4,2022-07-01
snaive,2022-12-01,7850.0,8237.0,92,5,2022-07-01
snaive,2023-01-01,7563.0,9582.0,92,6,2022-07-01
snaive_drift,2022-08-01,8834.0,8784.0,92,1,2022-07-01
snaive_drift,2022-09-01,8228.0,7420.0,92,2,2022-07-01
snaive_drift,2022-10-01,8388.0,7518.0,92,3,2022-07-01
snaive_drift,2022-11-01,7588.0,7419.0,92,4,2022-07-01
snaive_drift,2022-12-01,7850.0,8007.0,92,5,2022-07-01
snaive_drift,2023-01-01,7563.0,9306.0,92,6,2022-07-01
prophet_repro,2022-08-01,8834.0,8605.746199326131,92,1,2022-07-01
prophet_repro,2022-09-01,8228.0,7996.837301798129,92,2,2022-07-01
prophet_repro,2022-10-01,8388.0,7906.992050299866,92,3,2022-07-01
prophet_repro,2022-11-01,7588.0,7509.767049096864,92,4,2022-07-01
prophet_repro,2022-12-01,7850.0,7778.464439776344,92,5,2022-07-01
prophet_repro,2023-01-01,7563.0,7841.096377489071,92,6,2022-07-01
prophet_temp,2022-08-01,8834.0,8573.975459404684,92,1,2022-07-01
prophet_temp,2022-09-01,8228.0,7957.664346506271,92,2,2022-07-01
prophet_temp,2022-10-01,8388.0,7873.46581153288,92,3,2022-07-01
prophet_temp,2022-11-01,7588.0,7479.588980011409,92,4,2022-07-01
prophet_temp,2022-12-01,7850.0,7738.299468790645,92,5,2022-07-01
prophet_temp,2023-01-01,7563.0,7798.35567556877,92,6,2022-07-01
prophet_temp_ceiling,2022-08-01,8834.0,8622.700779464589,92,1,2022-07-01
prophet_temp_ceiling,2022-09-01,8228.0,8161.090918277236,92,2,2022-07-01
prophet_temp_ceiling,2022-10-01,8388.0,7862.579670039012,92,3,2022-07-01
prophet_temp_ceiling,2022-11-01,7588.0,7613.960690378497,92,4,2022-07-01
prophet_temp_ceiling,2022-12-01,7850.0,7804.00979274761,92,5,2022-07-01
prophet_temp_ceiling,2023-01-01,7563.0,7865.972839880083,92,6,2022-07-01
naive,2022-09-01,8228.0,8834.0,93,1,2022-08-01
naive,2022-10-01,8388.0,8834.0,93,2,2022-08-01
naive,2022-11-01,7588.0,8834.0,93,3,2022-08-01
naive,2022-12-01,7850.0,8834.0,93,4,2022-08-01
naive,2023-01-01,7563.0,8834.0,93,5,2022-08-01
naive,2023-02-01,6551.0,8834.0,93,6,2022-08-01
snaive,2022-09-01,8228.0,7512.0,93,1,2022-08-01
snaive,2022-10-01,8388.0,7656.0,93,2,2022-08-01
snaive,2022-11-01,7588.0,7603.0,93,3,2022-08-01
snaive,2022-12-01,7850.0,8237.0,93,4,2022-08-01
snaive,2023-01-01,7563.0,9582.0,93,5,2022-08-01
snaive,2023-02-01,6551.0,7227.0,93,6,2022-08-01
snaive_drift,2022-09-01,8228.0,7512.333333333333,93,1,2022-08-01
snaive_drift,2022-10-01,8388.0,7656.666666666667,93,2,2022-08-01
snaive_drift,2022-11-01,7588.0,7604.0,93,3,2022-08-01
snaive_drift,2022-12-01,7850.0,8238.333333333334,93,4,2022-08-01
snaive_drift,2023-01-01,7563.0,9583.666666666666,93,5,2022-08-01
snaive_drift,2023-02-01,6551.0,7229.0,93,6,2022-08-01
prophet_repro,2022-09-01,8228.0,8043.480838934458,93,1,2022-08-01
prophet_repro,2022-10-01,8388.0,7940.457876106007,93,2,2022-08-01
prophet_repro,2022-11-01,7588.0,7556.343592615434,93,3,2022-08-01
prophet_repro,2022-12-01,7850.0,7826.096945863474,93,4,2022-08-01
prophet_repro,2023-01-01,7563.0,7891.617252283536,93,5,2022-08-01
prophet_repro,2023-02-01,6551.0,7244.450287262555,93,6,2022-08-01
prophet_temp,2022-09-01,8228.0,7986.069485567921,93,1,2022-08-01
prophet_temp,2022-10-01,8388.0,7888.283344080663,93,2,2022-08-01
prophet_temp,2022-11-01,7588.0,7512.615910334459,93,3,2022-08-01
prophet_temp,2022-12-01,7850.0,7768.346813472106,93,4,2022-08-01
prophet_temp,2023-01-01,7563.0,7829.96782507238,93,5,2022-08-01
prophet_temp,2023-02-01,6551.0,7191.548238829869,93,6,2022-08-01
prophet_temp_ceiling,2022-09-01,8228.0,8206.815439013884,93,1,2022-08-01
prophet_temp_ceiling,2022-10-01,8388.0,7876.470375585488,93,2,2022-08-01
prophet_temp_ceiling,2022-11-01,7588.0,7658.427792542962,93,3,2022-08-01
prophet_temp_ceiling,2022-12-01,7850.0,7839.651599208036,93,4,2022-08-01
prophet_temp_ceiling,2023-01-01,7563.0,7903.341796207372,93,5,2022-08-01
prophet_temp_ceiling,2023-02-01,6551.0,7220.057015439167,93,6,2022-08-01
naive,2022-10-01,8388.0,8228.0,94,1,2022-09-01
naive,2022-11-01,7588.0,8228.0,94,2,2022-09-01
naive,2022-12-01,7850.0,8228.0,94,3,2022-09-01
naive,2023-01-01,7563.0,8228.0,94,4,2022-09-01
naive,2023-02-01,6551.0,8228.0,94,5,2022-09-01
naive,2023-03-01,7507.0,8228.0,94,6,2022-09-01
snaive,2022-10-01,8388.0,7656.0,94,1,2022-09-01
snaive,2022-11-01,7588.0,7603.0,94,2,2022-09-01
snaive,2022-12-01,7850.0,8237.0,94,3,2022-09-01
snaive,2023-01-01,7563.0,9582.0,94,4,2022-09-01
snaive,2023-02-01,6551.0,7227.0,94,5,2022-09-01
snaive,2023-03-01,7507.0,7504.0,94,6,2022-09-01
snaive_drift,2022-10-01,8388.0,7715.666666666667,94,1,2022-09-01
snaive_drift,2022-11-01,7588.0,7722.333333333333,94,2,2022-09-01
snaive_drift,2022-12-01,7850.0,8416.0,94,3,2022-09-01
snaive_drift,2023-01-01,7563.0,9820.666666666666,94,4,2022-09-01
snaive_drift,2023-02-01,6551.0,7525.333333333333,94,5,2022-09-01
snaive_drift,2023-03-01,7507.0,7862.0,94,6,2022-09-01
prophet_repro,2022-10-01,8388.0,7943.7030215975265,94,1,2022-09-01
prophet_repro,2022-11-01,7588.0,7547.014878315602,94,2,2022-09-01
prophet_repro,2022-12-01,7850.0,7816.9930324196675,94,3,2022-09-01
prophet_repro,2023-01-01,7563.0,7882.761946460521,94,4,2022-09-01
prophet_repro,2023-02-01,6551.0,7231.5805830150675,94,5,2022-09-01
prophet_repro,2023-03-01,7507.0,7677.3962809365685,94,6,2022-09-01
prophet_temp,2022-10-01,8388.0,7899.8467553924775,94,1,2022-09-01
prophet_temp,2022-11-01,7588.0,7500.691870651269,94,2,2022-09-01
prophet_temp,2022-12-01,7850.0,7761.945619053436,94,3,2022-09-01
prophet_temp,2023-01-01,7563.0,7824.254357082562,94,4,2022-09-01
prophet_temp,2023-02-01,6551.0,7173.751246953841,94,5,2022-09-01
prophet_temp,2023-03-01,7507.0,7643.647052539738,94,6,2022-09-01
prophet_temp_ceiling,2022-10-01,8388.0,7888.852181905495,94,1,2022-09-01
prophet_temp_ceiling,2022-11-01,7588.0,7636.401997608064,94,2,2022-09-01
prophet_temp_ceiling,2022-12-01,7850.0,7828.310454197754,94,3,2022-09-01
prophet_temp_ceiling,2023-01-01,7563.0,7892.545025766305,94,4,2022-09-01
prophet_temp_ceiling,2023-02-01,6551.0,7200.284953497032,94,5,2022-09-01
prophet_temp_ceiling,2023-03-01,7507.0,7627.078770343413,94,6,2022-09-01
naive,2022-11-01,7588.0,8388.0,95,1,2022-10-01
naive,2022-12-01,7850.0,8388.0,95,2,2022-10-01
naive,2023-01-01,7563.0,8388.0,95,3,2022-10-01
naive,2023-02-01,6551.0,8388.0,95,4,2022-10-01
naive,2023-03-01,7507.0,8388.0,95,5,2022-10-01
naive,2023-04-01,7745.0,8388.0,95,6,2022-10-01
snaive,2022-11-01,7588.0,7603.0,95,1,2022-10-01
snaive,2022-12-01,7850.0,8237.0,95,2,2022-10-01
snaive,2023-01-01,7563.0,9582.0,95,3,2022-10-01
snaive,2023-02-01,6551.0,7227.0,95,4,2022-10-01
snaive,2023-03-01,7507.0,7504.0,95,5,2022-10-01
snaive,2023-04-01,7745.0,7589.0,95,6,2022-10-01
snaive_drift,2022-11-01,7588.0,7664.0,95,1,2022-10-01
snaive_drift,2022-12-01,7850.0,8359.0,95,2,2022-10-01
snaive_drift,2023-01-01,7563.0,9765.0,95,3,2022-10-01
snaive_drift,2023-02-01,6551.0,7471.0,95,4,2022-10-01
snaive_drift,2023-03-01,7507.0,7809.0,95,5,2022-10-01
snaive_drift,2023-04-01,7745.0,7955.0,95,6,2022-10-01
prophet_repro,2022-11-01,7588.0,7636.408963827973,95,1,2022-10-01
prophet_repro,2022-12-01,7850.0,7909.7158021991545,95,2,2022-10-01
prophet_repro,2023-01-01,7563.0,7978.23750737416,95,3,2022-10-01
prophet_repro,2023-02-01,6551.0,7333.928973516126,95,4,2022-10-01
prophet_repro,2023-03-01,7507.0,7755.234743977435,95,5,2022-10-01
prophet_repro,2023-04-01,7745.0,7815.710017488295,95,6,2022-10-01
prophet_temp,2022-11-01,7588.0,7548.997011794696,95,1,2022-10-01
prophet_temp,2022-12-01,7850.0,7811.3567873507,95,2,2022-10-01
prophet_temp,2023-01-01,7563.0,7876.226616534719,95,3,2022-10-01
prophet_temp,2023-02-01,6551.0,7229.685036682416,95,4,2022-10-01
prophet_temp,2023-03-01,7507.0,7689.067056467414,95,5,2022-10-01
prophet_temp,2023-04-01,7745.0,7698.987035752216,95,6,2022-10-01
prophet_temp_ceiling,2022-11-01,7588.0,7681.92467582761,95,1,2022-10-01
prophet_temp_ceiling,2022-12-01,7850.0,7876.360945164745,95,2,2022-10-01
prophet_temp_ceiling,2023-01-01,7563.0,7943.117122548803,95,3,2022-10-01
prophet_temp_ceiling,2023-02-01,6551.0,7255.674722994066,95,4,2022-10-01
prophet_temp_ceiling,2023-03-01,7507.0,7672.838473540093,95,5,2022-10-01
prophet_temp_ceiling,2023-04-01,7745.0,7737.97156521969,95,6,2022-10-01
naive,2022-12-01,7850.0,7588.0,96,1,2022-11-01
naive,2023-01-01,7563.0,7588.0,96,2,2022-11-01
naive,2023-02-01,6551.0,7588.0,96,3,2022-11-01
naive,2023-03-01,7507.0,7588.0,96,4,2022-11-01
naive,2023-04-01,7745.0,7588.0,96,5,2022-11-01
naive,2023-05-01,8600.0,7588.0,96,6,2022-11-01
snaive,2022-12-01,7850.0,8237.0,96,1,2022-11-01
snaive,2023-01-01,7563.0,9582.0,96,2,2022-11-01
snaive,2023-02-01,6551.0,7227.0,96,3,2022-11-01
snaive,2023-03-01,7507.0,7504.0,96,4,2022-11-01
snaive,2023-04-01,7745.0,7589.0,96,5,2022-11-01
snaive,2023-05-01,8600.0,8846.0,96,6,2022-11-01
snaive_drift,2022-12-01,7850.0,8235.75,96,1,2022-11-01
snaive_drift,2023-01-01,7563.0,9579.5,96,2,2022-11-01
snaive_drift,2023-02-01,6551.0,7223.25,96,3,2022-11-01
snaive_drift,2023-03-01,7507.0,7499.0,96,4,2022-11-01
snaive_drift,2023-04-01,7745.0,7582.75,96,5,2022-11-01
snaive_drift,2023-05-01,8600.0,8838.5,96,6,2022-11-01
prophet_repro,2022-12-01,7850.0,7915.14201779715,96,1,2022-11-01
prophet_repro,2023-01-01,7563.0,7985.4401497621575,96,2,2022-11-01
prophet_repro,2023-02-01,6551.0,7341.93880361489,96,3,2022-11-01
prophet_repro,2023-03-01,7507.0,7760.176142135429,96,4,2022-11-01
prophet_repro,2023-04-01,7745.0,7824.429402246245,96,5,2022-11-01
prophet_repro,2023-05-01,8600.0,8717.813113751114,96,6,2022-11-01
prophet_temp,2022-12-01,7850.0,7884.889253006103,96,1,2022-11-01
prophet_temp,2023-01-01,7563.0,7953.90323699711,96,2,2022-11-01
prophet_temp,2023-02-01,6551.0,7319.332116522842,96,3,2022-11-01
prophet_temp,2023-03-01,7507.0,7731.076441919196,96,4,2022-11-01
prophet_temp,2023-04-01,7745.0,7802.495082169847,96,5,2022-11-01
prophet_temp,2023-05-01,8600.0,8712.09198923095,96,6,2022-11-01
prophet_temp_ceiling,2022-12-01,7850.0,7948.718035248083,96,1,2022-11-01
prophet_temp_ceiling,2023-01-01,7563.0,8019.584259350211,96,2,2022-11-01
prophet_temp_ceiling,2023-02-01,6551.0,7344.85186916496,96,3,2022-11-01
prophet_temp_ceiling,2023-03-01,7507.0,7715.141296836215,96,4,2022-11-01
prophet_temp_ceiling,2023-04-01,7745.0,7840.7747111330245,96,5,2022-11-01
prophet_temp_ceiling,2023-05-01,8600.0,8682.573749999745,96,6,2022-11-01
naive,2023-01-01,7563.0,7850.0,97,1,2022-12-01
naive,2023-02-01,6551.0,7850.0,97,2,2022-12-01
naive,2023-03-01,7507.0,7850.0,97,3,2022-12-01
naive,2023-04-01,7745.0,7850.0,97,4,2022-12-01
naive,2023-05-01,8600.0,7850.0,97,5,2022-12-01
naive,2023-06-01,9151.0,7850.0,97,6,2022-12-01
snaive,2023-01-01,7563.0,9582.0,97,1,2022-12-01
snaive,2023-02-01,6551.0,7227.0,97,2,2022-12-01
snaive,2023-03-01,7507.0,7504.0,97,3,2022-12-01
snaive,2023-04-01,7745.0,7589.0,97,4,2022-12-01
snaive,2023-05-01,8600.0,8846.0,97,5,2022-12-01
snaive,2023-06-01,9151.0,9057.0,97,6,2022-12-01
snaive_drift,2023-01-01,7563.0,9549.75,97,1,2022-12-01
snaive_drift,2023-02-01,6551.0,7162.5,97,2,2022-12-01
snaive_drift,2023-03-01,7507.0,7407.25,97,3,2022-12-01
snaive_drift,2023-04-01,7745.0,7460.0,97,4,2022-12-01
snaive_drift,2023-05-01,8600.0,8684.75,97,5,2022-12-01
snaive_drift,2023-06-01,9151.0,8863.5,97,6,2022-12-01
prophet_repro,2023-01-01,7563.0,7972.051763964577,97,1,2022-12-01
prophet_repro,2023-02-01,6551.0,7328.1959248110325,97,2,2022-12-01
prophet_repro,2023-03-01,7507.0,7747.152263860002,97,3,2022-12-01
prophet_repro,2023-04-01,7745.0,7809.689380349708,97,4,2022-12-01
prophet_repro,2023-05-01,8600.0,8703.125176338446,97,5,2022-12-01
prophet_repro,2023-06-01,9151.0,9047.508309466624,97,6,2022-12-01
prophet_temp,2023-01-01,7563.0,7970.817034360511,97,1,2022-12-01
prophet_temp,2023-02-01,6551.0,7344.894880156006,97,2,2022-12-01
prophet_temp,2023-03-01,7507.0,7707.6731163007325,97,3,2022-12-01
prophet_temp,2023-04-01,7745.0,7839.953127019537,97,4,2022-12-01
prophet_temp,2023-05-01,8600.0,8737.760657437451,97,5,2022-12-01
prophet_temp,2023-06-01,9151.0,9056.317535759114,97,6,2022-12-01
prophet_temp_ceiling,2023-01-01,7563.0,8035.252686674391,97,1,2022-12-01
prophet_temp_ceiling,2023-02-01,6551.0,7369.930755808848,97,2,2022-12-01
prophet_temp_ceiling,2023-03-01,7507.0,7692.040115605064,97,3,2022-12-01
prophet_temp_ceiling,2023-04-01,7745.0,7877.5069404988,97,4,2022-12-01
prophet_temp_ceiling,2023-05-01,8600.0,8708.802110023336,97,5,2022-12-01
prophet_temp_ceiling,2023-06-01,9151.0,9079.161330133596,97,6,2022-12-01
naive,2023-02-01,6551.0,7563.0,98,1,2023-01-01
naive,2023-03-01,7507.0,7563.0,98,2,2023-01-01
naive,2023-04-01,7745.0,7563.0,98,3,2023-01-01
naive,2023-05-01,8600.0,7563.0,98,4,2023-01-01
naive,2023-06-01,9151.0,7563.0,98,5,2023-01-01
naive,2023-07-01,9183.0,7563.0,98,6,2023-01-01
snaive,2023-02-01,6551.0,7227.0,98,1,2023-01-01
snaive,2023-03-01,7507.0,7504.0,98,2,2023-01-01
snaive,2023-04-01,7745.0,7589.0,98,3,2023-01-01
snaive,2023-05-01,8600.0,8846.0,98,4,2023-01-01
snaive,2023-06-01,9151.0,9057.0,98,5,2023-01-01
snaive,2023-07-01,9183.0,8699.0,98,6,2023-01-01
snaive_drift,2023-02-01,6551.0,7058.75,98,1,2023-01-01
snaive_drift,2023-03-01,7507.0,7167.5,98,2,2023-01-01
snaive_drift,2023-04-01,7745.0,7084.25,98,3,2023-01-01
snaive_drift,2023-05-01,8600.0,8173.0,98,4,2023-01-01
snaive_drift,2023-06-01,9151.0,8215.75,98,5,2023-01-01
snaive_drift,2023-07-01,9183.0,7689.5,98,6,2023-01-01
prophet_repro,2023-02-01,6551.0,7324.303166428758,98,1,2023-01-01
prophet_repro,2023-03-01,7507.0,7736.195260803056,98,2,2023-01-01
prophet_repro,2023-04-01,7745.0,7807.464440365749,98,3,2023-01-01
prophet_repro,2023-05-01,8600.0,8697.334927542257,98,4,2023-01-01
prophet_repro,2023-06-01,9151.0,9045.3463285568,98,5,2023-01-01
prophet_repro,2023-07-01,9183.0,9225.51860629679,98,6,2023-01-01
prophet_temp,2023-02-01,6551.0,7325.454792948683,98,1,2023-01-01
prophet_temp,2023-03-01,7507.0,7716.51679071181,98,2,2023-01-01
prophet_temp,2023-04-01,7745.0,7813.909218475288,98,3,2023-01-01
prophet_temp,2023-05-01,8600.0,8717.828610208522,98,4,2023-01-01
prophet_temp,2023-06-01,9151.0,9029.73245656343,98,5,2023-01-01
prophet_temp,2023-07-01,9183.0,9222.422495406683,98,6,2023-01-01
prophet_temp_ceiling,2023-02-01,6551.0,7349.364597244044,98,1,2023-01-01
prophet_temp_ceiling,2023-03-01,7507.0,7701.586935955951,98,2,2023-01-01
prophet_temp_ceiling,2023-04-01,7745.0,7849.773924918329,98,3,2023-01-01
prophet_temp_ceiling,2023-05-01,8600.0,8690.172569295453,98,4,2023-01-01
prophet_temp_ceiling,2023-06-01,9151.0,9051.548775690073,98,5,2023-01-01
prophet_temp_ceiling,2023-07-01,9183.0,9186.667972393574,98,6,2023-01-01
naive,2023-03-01,7507.0,6551.0,99,1,2023-02-01
naive,2023-04-01,7745.0,6551.0,99,2,2023-02-01
naive,2023-05-01,8600.0,6551.0,99,3,2023-02-01
naive,2023-06-01,9151.0,6551.0,99,4,2023-02-01
naive,2023-07-01,9183.0,6551.0,99,5,2023-02-01
naive,2023-08-01,8297.0,6551.0,99,6,2023-02-01
snaive,2023-03-01,7507.0,7504.0,99,1,2023-02-01
snaive,2023-04-01,7745.0,7589.0,99,2,2023-02-01
snaive,2023-05-01,8600.0,8846.0,99,3,2023-02-01
snaive,2023-06-01,9151.0,9057.0,99,4,2023-02-01
snaive,2023-07-01,9183.0,8699.0,99,5,2023-02-01
snaive,2023-08-01,8297.0,8834.0,99,6,2023-02-01
snaive_drift,2023-03-01,7507.0,7447.666666666667,99,1,2023-02-01
snaive_drift,2023-04-01,7745.0,7476.333333333333,99,2,2023-02-01
snaive_drift,2023-05-01,8600.0,8677.0,99,3,2023-02-01
snaive_drift,2023-06-01,9151.0,8831.666666666666,99,4,2023-02-01
snaive_drift,2023-07-01,9183.0,8417.333333333334,99,5,2023-02-01
snaive_drift,2023-08-01,8297.0,8496.0,99,6,2023-02-01
prophet_repro,2023-03-01,7507.0,7684.79434546872,99,1,2023-02-01
prophet_repro,2023-04-01,7745.0,7725.337966951622,99,2,2023-02-01
prophet_repro,2023-05-01,8600.0,8617.522687852306,99,3,2023-02-01
prophet_repro,2023-06-01,9151.0,8952.653520908269,99,4,2023-02-01
prophet_repro,2023-07-01,9183.0,9148.211874218054,99,5,2023-02-01
prophet_repro,2023-08-01,8297.0,8871.430685604051,99,6,2023-02-01
prophet_temp,2023-03-01,7507.0,7623.353389168619,99,1,2023-02-01
prophet_temp,2023-04-01,7745.0,7726.521494630116,99,2,2023-02-01
prophet_temp,2023-05-01,8600.0,8618.575257618068,99,3,2023-02-01
prophet_temp,2023-06-01,9151.0,8928.396631632491,99,4,2023-02-01
prophet_temp,2023-07-01,9183.0,9109.284669986922,99,5,2023-02-01
prophet_temp,2023-08-01,8297.0,8841.622901814104,99,6,2023-02-01
prophet_temp_ceiling,2023-03-01,7507.0,7606.962696877621,99,1,2023-02-01
prophet_temp_ceiling,2023-04-01,7745.0,7765.895445484135,99,2,2023-02-01
prophet_temp_ceiling,2023-05-01,8600.0,8588.213163411128,99,3,2023-02-01
prophet_temp_ceiling,2023-06-01,9151.0,8952.347606345535,99,4,2023-02-01
prophet_temp_ceiling,2023-07-01,9183.0,9070.031683651656,99,5,2023-02-01
prophet_temp_ceiling,2023-08-01,8297.0,8702.57418750782,99,6,2023-02-01
naive,2023-04-01,7745.0,7507.0,100,1,2023-03-01
naive,2023-05-01,8600.0,7507.0,100,2,2023-03-01
naive,2023-06-01,9151.0,7507.0,100,3,2023-03-01
naive,2023-07-01,9183.0,7507.0,100,4,2023-03-01
naive,2023-08-01,8297.0,7507.0,100,5,2023-03-01
naive,2023-09-01,7823.0,7507.0,100,6,2023-03-01
snaive,2023-04-01,7745.0,7589.0,100,1,2023-03-01
snaive,2023-05-01,8600.0,8846.0,100,2,2023-03-01
snaive,2023-06-01,9151.0,9057.0,100,3,2023-03-01
snaive,2023-07-01,9183.0,8699.0,100,4,2023-03-01
snaive,2023-08-01,8297.0,8834.0,100,5,2023-03-01
snaive,2023-09-01,7823.0,8228.0,100,6,2023-03-01
snaive_drift,2023-04-01,7745.0,7589.25,100,1,2023-03-01
snaive_drift,2023-05-01,8600.0,8846.5,100,2,2023-03-01
snaive_drift,2023-06-01,9151.0,9057.75,100,3,2023-03-01
snaive_drift,2023-07-01,9183.0,8700.0,100,4,2023-03-01
snaive_drift,2023-08-01,8297.0,8835.25,100,5,2023-03-01
snaive_drift,2023-09-01,7823.0,8229.5,100,6,2023-03-01
prophet_repro,2023-04-01,7745.0,7759.433420671558,100,1,2023-03-01
prophet_repro,2023-05-01,8600.0,8641.699228663912,100,2,2023-03-01
prophet_repro,2023-06-01,9151.0,8988.488862049342,100,3,2023-03-01
prophet_repro,2023-07-01,9183.0,9160.290933193428,100,4,2023-03-01
prophet_repro,2023-08-01,8297.0,8890.96265479118,100,5,2023-03-01
prophet_repro,2023-09-01,7823.0,8348.060811026384,100,6,2023-03-01
prophet_temp,2023-04-01,7745.0,7724.072352493698,100,1,2023-03-01
prophet_temp,2023-05-01,8600.0,8618.921259784389,100,2,2023-03-01
prophet_temp,2023-06-01,9151.0,8925.567136311809,100,3,2023-03-01
prophet_temp,2023-07-01,9183.0,9112.083317910034,100,4,2023-03-01
prophet_temp,2023-08-01,8297.0,8841.205598979399,100,5,2023-03-01
prophet_temp,2023-09-01,7823.0,8280.550989286388,100,6,2023-03-01
prophet_temp_ceiling,2023-04-01,7745.0,7761.338362949951,100,1,2023-03-01
prophet_temp_ceiling,2023-05-01,8600.0,8590.184643426417,100,2,2023-03-01
prophet_temp_ceiling,2023-06-01,9151.0,8948.235861566303,100,3,2023-03-01
prophet_temp_ceiling,2023-07-01,9183.0,9074.931795965167,100,4,2023-03-01
prophet_temp_ceiling,2023-08-01,8297.0,8709.601055140804,100,5,2023-03-01
prophet_temp_ceiling,2023-09-01,7823.0,8128.453001909639,100,6,2023-03-01
naive,2023-05-01,8600.0,7745.0,101,1,2023-04-01
naive,2023-06-01,9151.0,7745.0,101,2,2023-04-01
naive,2023-07-01,9183.0,7745.0,101,3,2023-04-01
naive,2023-08-01,8297.0,7745.0,101,4,2023-04-01
naive,2023-09-01,7823.0,7745.0,101,5,2023-04-01
naive,2023-10-01,7507.0,7745.0,101,6,2023-04-01
snaive,2023-05-01,8600.0,8846.0,101,1,2023-04-01
snaive,2023-06-01,9151.0,9057.0,101,2,2023-04-01
snaive,2023-07-01,9183.0,8699.0,101,3,2023-04-01
snaive,2023-08-01,8297.0,8834.0,101,4,2023-04-01
snaive,2023-09-01,7823.0,8228.0,101,5,2023-04-01
snaive,2023-10-01,7507.0,8388.0,101,6,2023-04-01
snaive_drift,2023-05-01,8600.0,8859.0,101,1,2023-04-01
snaive_drift,2023-06-01,9151.0,9083.0,101,2,2023-04-01
snaive_drift,2023-07-01,9183.0,8738.0,101,3,2023-04-01
snaive_drift,2023-08-01,8297.0,8886.0,101,4,2023-04-01
snaive_drift,2023-09-01,7823.0,8293.0,101,5,2023-04-01
snaive_drift,2023-10-01,7507.0,8466.0,101,6,2023-04-01
prophet_repro,2023-05-01,8600.0,8651.725259834704,101,1,2023-04-01
prophet_repro,2023-06-01,9151.0,9009.529384232752,101,2,2023-04-01
prophet_repro,2023-07-01,9183.0,9162.508758145785,101,3,2023-04-01
prophet_repro,2023-08-01,8297.0,8900.799291570791,101,4,2023-04-01
prophet_repro,2023-09-01,7823.0,8370.690333376215,101,5,2023-04-01
prophet_repro,2023-10-01,7507.0,8199.55266045577,101,6,2023-04-01
prophet_temp,2023-05-01,8600.0,8629.972279320085,101,1,2023-04-01
prophet_temp,2023-06-01,9151.0,8936.510561921255,101,2,2023-04-01
prophet_temp,2023-07-01,9183.0,9128.766064935637,101,3,2023-04-01
prophet_temp,2023-08-01,8297.0,8858.451547157634,101,4,2023-04-01
prophet_temp,2023-09-01,7823.0,8297.159706622393,101,5,2023-04-01
prophet_temp,2023-10-01,7507.0,8165.833102935246,101,6,2023-04-01
prophet_temp_ceiling,2023-05-01,8600.0,8601.366026845079,101,1,2023-04-01
prophet_temp_ceiling,2023-06-01,9151.0,8959.076450327833,101,2,2023-04-01
prophet_temp_ceiling,2023-07-01,9183.0,9091.78308115819,101,3,2023-04-01
prophet_temp_ceiling,2023-08-01,8297.0,8727.444028352778,101,4,2023-04-01
prophet_temp_ceiling,2023-09-01,7823.0,8145.751712944923,101,5,2023-04-01
prophet_temp_ceiling,2023-10-01,7507.0,8096.36891614833,101,6,2023-04-01
naive,2023-06-01,9151.0,8600.0,102,1,2023-05-01
naive,2023-07-01,9183.0,8600.0,102,2,2023-05-01
naive,2023-08-01,8297.0,8600.0,102,3,2023-05-01
naive,2023-09-01,7823.0,8600.0,102,4,2023-05-01
naive,2023-10-01,7507.0,8600.0,102,5,2023-05-01
naive,2023-11-01,8107.0,8600.0,102,6,2023-05-01
snaive,2023-06-01,9151.0,9057.0,102,1,2023-05-01
snaive,2023-07-01,9183.0,8699.0,102,2,2023-05-01
snaive,2023-08-01,8297.0,8834.0,102,3,2023-05-01
snaive,2023-09-01,7823.0,8228.0,102,4,2023-05-01
snaive,2023-10-01,7507.0,8388.0,102,5,2023-05-01
snaive,2023-11-01,8107.0,7588.0,102,6,2023-05-01
snaive_drift,2023-06-01,9151.0,9036.5,102,1,2023-05-01
snaive_drift,2023-07-01,9183.0,8658.0,102,2,2023-05-01
snaive_drift,2023-08-01,8297.0,8772.5,102,3,2023-05-01
snaive_drift,2023-09-01,7823.0,8146.0,102,4,2023-05-01
snaive_drift,2023-10-01,7507.0,8285.5,102,5,2023-05-01
snaive_drift,2023-11-01,8107.0,7465.0,102,6,2023-05-01
prophet_repro,2023-06-01,9151.0,8954.11906299114,102,1,2023-05-01
prophet_repro,2023-07-01,9183.0,9144.35906550367,102,2,2023-05-01
prophet_repro,2023-08-01,8297.0,8869.341182192806,102,3,2023-05-01
prophet_repro,2023-09-01,7823.0,8315.376027347966,102,4,2023-05-01
prophet_repro,2023-10-01,7507.0,8179.550830739053,102,5,2023-05-01
prophet_repro,2023-11-01,8107.0,7811.433982378901,102,6,2023-05-01
prophet_temp,2023-06-01,9151.0,8895.73938507197,102,1,2023-05-01
prophet_temp,2023-07-01,9183.0,9112.206783852505,102,2,2023-05-01
prophet_temp,2023-08-01,8297.0,8832.021231996021,102,3,2023-05-01
prophet_temp,2023-09-01,7823.0,8255.71606079889,102,4,2023-05-01
prophet_temp,2023-10-01,7507.0,8146.967909293429,102,5,2023-05-01
prophet_temp,2023-11-01,8107.0,7788.294710973006,102,6,2023-05-01
prophet_temp_ceiling,2023-06-01,9151.0,8918.755116132523,102,1,2023-05-01
prophet_temp_ceiling,2023-07-01,9183.0,9074.486557947714,102,2,2023-05-01
prophet_temp_ceiling,2023-08-01,8297.0,8698.402126672268,102,3,2023-05-01
prophet_temp_ceiling,2023-09-01,7823.0,8101.289804667873,102,4,2023-05-01
prophet_temp_ceiling,2023-10-01,7507.0,8076.118979589361,102,5,2023-05-01
prophet_temp_ceiling,2023-11-01,8107.0,7638.401856414521,102,6,2023-05-01
naive,2023-07-01,9183.0,9151.0,103,1,2023-06-01
naive,2023-08-01,8297.0,9151.0,103,2,2023-06-01
naive,2023-09-01,7823.0,9151.0,103,3,2023-06-01
naive,2023-10-01,7507.0,9151.0,103,4,2023-06-01
naive,2023-11-01,8107.0,9151.0,103,5,2023-06-01
naive,2023-12-01,7504.0,9151.0,103,6,2023-06-01
snaive,2023-07-01,9183.0,8699.0,103,1,2023-06-01
snaive,2023-08-01,8297.0,8834.0,103,2,2023-06-01
snaive,2023-09-01,7823.0,8228.0,103,3,2023-06-01
snaive,2023-10-01,7507.0,8388.0,103,4,2023-06-01
snaive,2023-11-01,8107.0,7588.0,103,5,2023-06-01
snaive,2023-12-01,7504.0,7850.0,103,6,2023-06-01
snaive_drift,2023-07-01,9183.0,8706.833333333334,103,1,2023-06-01
snaive_drift,2023-08-01,8297.0,8849.666666666666,103,2,2023-06-01
snaive_drift,2023-09-01,7823.0,8251.5,103,3,2023-06-01
snaive_drift,2023-10-01,7507.0,8419.333333333334,103,4,2023-06-01
snaive_drift,2023-11-01,8107.0,7627.166666666667,103,5,2023-06-01
snaive_drift,2023-12-01,7504.0,7897.0,103,6,2023-06-01
prophet_repro,2023-07-01,9183.0,9151.184517315498,103,1,2023-06-01
prophet_repro,2023-08-01,8297.0,8884.773280884418,103,2,2023-06-01
prophet_repro,2023-09-01,7823.0,8347.116366410575,103,3,2023-06-01
prophet_repro,2023-10-01,7507.0,8189.947457757598,103,4,2023-06-01
prophet_repro,2023-11-01,8107.0,7841.777262491002,103,5,2023-06-01
prophet_repro,2023-12-01,7504.0,8113.297068492611,103,6,2023-06-01
prophet_temp,2023-07-01,9183.0,9131.643792863617,103,1,2023-06-01
prophet_temp,2023-08-01,8297.0,8863.036450779782,103,2,2023-06-01
prophet_temp,2023-09-01,7823.0,8304.14318515436,103,3,2023-06-01
prophet_temp,2023-10-01,7507.0,8174.89150132811,103,4,2023-06-01
prophet_temp,2023-11-01,8107.0,7845.151597491441,103,5,2023-06-01
prophet_temp,2023-12-01,7504.0,8082.085655579112,103,6,2023-06-01
prophet_temp_ceiling,2023-07-01,9183.0,9094.467581126926,103,1,2023-06-01
prophet_temp_ceiling,2023-08-01,8297.0,8731.344446492183,103,2,2023-06-01
prophet_temp_ceiling,2023-09-01,7823.0,8151.9441179981395,103,3,2023-06-01
prophet_temp_ceiling,2023-10-01,7507.0,8105.064379437469,103,4,2023-06-01
prophet_temp_ceiling,2023-11-01,8107.0,7697.420549619445,103,5,2023-06-01
prophet_temp_ceiling,2023-12-01,7504.0,8031.505385989747,103,6,2023-06-01
