model,date,y_true,y_pred,window,horizon,train_end
xgboost_base,2015-01-01,7184.0,6141.42333984375,1,1,2014-12-01
xgboost_base,2015-02-01,5958.0,6390.5087890625,1,2,2014-12-01
xgboost_base,2015-03-01,6658.0,6243.70849609375,1,3,2014-12-01
xgboost_base,2015-04-01,7069.0,6042.455078125,1,4,2014-12-01
xgboost_base,2015-05-01,8099.0,7411.478515625,1,5,2014-12-01
xgboost_base,2015-06-01,7868.0,7538.54541015625,1,6,2014-12-01
xgboost_base,2015-02-01,5958.0,6849.8388671875,2,1,2015-01-01
xgboost_base,2015-03-01,6658.0,6410.1875,2,2,2015-01-01
xgboost_base,2015-04-01,7069.0,6310.5966796875,2,3,2015-01-01
xgboost_base,2015-05-01,8099.0,7242.5927734375,2,4,2015-01-01
xgboost_base,2015-06-01,7868.0,7397.96044921875,2,5,2015-01-01
xgboost_base,2015-07-01,7986.0,7584.02001953125,2,6,2015-01-01
xgboost_base,2015-03-01,6658.0,6659.76123046875,3,1,2015-02-01
xgboost_base,2015-04-01,7069.0,6409.87841796875,3,2,2015-02-01
xgboost_base,2015-05-01,8099.0,7121.16552734375,3,3,2015-02-01
xgboost_base,2015-06-01,7868.0,7325.58349609375,3,4,2015-02-01
xgboost_base,2015-07-01,7986.0,7843.24560546875,3,5,2015-02-01
xgboost_base,2015-08-01,7251.0,7514.29443359375,3,6,2015-02-01
xgboost_base,2015-04-01,7069.0,6312.693359375,4,1,2015-03-01
xgboost_base,2015-05-01,8099.0,7140.49072265625,4,2,2015-03-01
xgboost_base,2015-06-01,7868.0,7359.57958984375,4,3,2015-03-01
xgboost_base,2015-07-01,7986.0,7850.021484375,4,4,2015-03-01
xgboost_base,2015-08-01,7251.0,7509.00439453125,4,5,2015-03-01
xgboost_base,2015-09-01,7163.0,7011.1787109375,4,6,2015-03-01
xgboost_base,2015-05-01,8099.0,7155.28369140625,5,1,2015-04-01
xgboost_base,2015-06-01,7868.0,7510.47900390625,5,2,2015-04-01
xgboost_base,2015-07-01,7986.0,7720.228515625,5,3,2015-04-01
xgboost_base,2015-08-01,7251.0,7244.56591796875,5,4,2015-04-01
xgboost_base,2015-09-01,7163.0,6862.4345703125,5,5,2015-04-01
xgboost_base,2015-10-01,6690.0,7187.0849609375,5,6,2015-04-01
xgboost_base,2015-06-01,7868.0,7878.6376953125,6,1,2015-05-01
xgboost_base,2015-07-01,7986.0,7414.94970703125,6,2,2015-05-01
xgboost_base,2015-08-01,7251.0,7669.98681640625,6,3,2015-05-01
xgboost_base,2015-09-01,7163.0,6791.6298828125,6,4,2015-05-01
xgboost_base,2015-10-01,6690.0,7368.9794921875,6,5,2015-05-01
xgboost_base,2015-11-01,6392.0,6457.658203125,6,6,2015-05-01
xgboost_base,2015-07-01,7986.0,7392.9697265625,7,1,2015-06-01
xgboost_base,2015-08-01,7251.0,7559.3994140625,7,2,2015-06-01
xgboost_base,2015-09-01,7163.0,6902.75439453125,7,3,2015-06-01
xgboost_base,2015-10-01,6690.0,7378.33837890625,7,4,2015-06-01
xgboost_base,2015-11-01,6392.0,6556.509765625,7,5,2015-06-01
xgboost_base,2015-12-01,6753.0,6696.5068359375,7,6,2015-06-01
xgboost_base,2015-08-01,7251.0,7649.1923828125,8,1,2015-07-01
xgboost_base,2015-09-01,7163.0,6918.37158203125,8,2,2015-07-01
xgboost_base,2015-10-01,6690.0,7419.4287109375,8,3,2015-07-01
xgboost_base,2015-11-01,6392.0,6453.126953125,8,4,2015-07-01
xgboost_base,2015-12-01,6753.0,6819.15087890625,8,5,2015-07-01
xgboost_base,2016-01-01,6753.0,7021.35791015625,8,6,2015-07-01
xgboost_base,2015-09-01,7163.0,6932.92919921875,9,1,2015-08-01
xgboost_base,2015-10-01,6690.0,7227.4267578125,9,2,2015-08-01
xgboost_base,2015-11-01,6392.0,6426.61767578125,9,3,2015-08-01
xgboost_base,2015-12-01,6753.0,6808.49755859375,9,4,2015-08-01
xgboost_base,2016-01-01,6753.0,6996.8017578125,9,5,2015-08-01
xgboost_base,2016-02-01,6385.0,6431.7509765625,9,6,2015-08-01
xgboost_base,2015-10-01,6690.0,7308.99462890625,10,1,2015-09-01
xgboost_base,2015-11-01,6392.0,6503.74365234375,10,2,2015-09-01
xgboost_base,2015-12-01,6753.0,6891.0673828125,10,3,2015-09-01
xgboost_base,2016-01-01,6753.0,6999.67333984375,10,4,2015-09-01
xgboost_base,2016-02-01,6385.0,6629.9404296875,10,5,2015-09-01
xgboost_base,2016-03-01,7164.0,6732.77783203125,10,6,2015-09-01
xgboost_base,2015-11-01,6392.0,6437.830078125,11,1,2015-10-01
xgboost_base,2015-12-01,6753.0,6819.1533203125,11,2,2015-10-01
xgboost_base,2016-01-01,6753.0,7039.78759765625,11,3,2015-10-01
xgboost_base,2016-02-01,6385.0,6424.05029296875,11,4,2015-10-01
xgboost_base,2016-03-01,7164.0,6722.236328125,11,5,2015-10-01
xgboost_base,2016-04-01,7192.0,7199.99658203125,11,6,2015-10-01
xgboost_base,2015-12-01,6753.0,6858.68408203125,12,1,2015-11-01
xgboost_base,2016-01-01,6753.0,7036.16748046875,12,2,2015-11-01
xgboost_base,2016-02-01,6385.0,6424.896484375,12,3,2015-11-01
xgboost_base,2016-03-01,7164.0,6753.60986328125,12,4,2015-11-01
xgboost_base,2016-04-01,7192.0,7201.1552734375,12,5,2015-11-01
xgboost_base,2016-05-01,7743.0,7519.70849609375,12,6,2015-11-01
xgboost_base,2016-01-01,6753.0,7002.99267578125,13,1,2015-12-01
xgboost_base,2016-02-01,6385.0,6462.1923828125,13,2,2015-12-01
xgboost_base,2016-03-01,7164.0,6707.51171875,13,3,2015-12-01
xgboost_base,2016-04-01,7192.0,7209.7763671875,13,4,2015-12-01
xgboost_base,2016-05-01,7743.0,7510.1728515625,13,5,2015-12-01
xgboost_base,2016-06-01,8767.0,7519.32958984375,13,6,2015-12-01
xgboost_base,2016-02-01,6385.0,6385.65869140625,14,1,2016-01-01
xgboost_base,2016-03-01,7164.0,6632.412109375,14,2,2016-01-01
xgboost_base,2016-04-01,7192.0,7053.74560546875,14,3,2016-01-01
xgboost_base,2016-05-01,7743.0,7452.203125,14,4,2016-01-01
xgboost_base,2016-06-01,8767.0,7533.23583984375,14,5,2016-01-01
xgboost_base,2016-07-01,8479.0,7840.39111328125,14,6,2016-01-01
xgboost_base,2016-03-01,7164.0,6659.91259765625,15,1,2016-02-01
xgboost_base,2016-04-01,7192.0,7161.41455078125,15,2,2016-02-01
xgboost_base,2016-05-01,7743.0,7536.6103515625,15,3,2016-02-01
xgboost_base,2016-06-01,8767.0,7532.3076171875,15,4,2016-02-01
xgboost_base,2016-07-01,8479.0,7768.41796875,15,5,2016-02-01
xgboost_base,2016-08-01,7890.0,7205.45703125,15,6,2016-02-01
xgboost_base,2016-04-01,7192.0,7242.36572265625,16,1,2016-03-01
xgboost_base,2016-05-01,7743.0,7568.03369140625,16,2,2016-03-01
xgboost_base,2016-06-01,8767.0,7525.96142578125,16,3,2016-03-01
xgboost_base,2016-07-01,8479.0,7726.39501953125,16,4,2016-03-01
xgboost_base,2016-08-01,7890.0,7174.24462890625,16,5,2016-03-01
xgboost_base,2016-09-01,7317.0,6769.0107421875,16,6,2016-03-01
xgboost_base,2016-05-01,7743.0,7533.380859375,17,1,2016-04-01
xgboost_base,2016-06-01,8767.0,7526.27978515625,17,2,2016-04-01
xgboost_base,2016-07-01,8479.0,7706.4072265625,17,3,2016-04-01
xgboost_base,2016-08-01,7890.0,7241.30712890625,17,4,2016-04-01
xgboost_base,2016-09-01,7317.0,6771.92431640625,17,5,2016-04-01
xgboost_base,2016-10-01,7426.0,6615.5869140625,17,6,2016-04-01
xgboost_base,2016-06-01,8767.0,7545.587890625,18,1,2016-05-01
xgboost_base,2016-07-01,8479.0,7666.77587890625,18,2,2016-05-01
xgboost_base,2016-08-01,7890.0,7225.3857421875,18,3,2016-05-01
xgboost_base,2016-09-01,7317.0,6799.06591796875,18,4,2016-05-01
xgboost_base,2016-10-01,7426.0,6602.369140625,18,5,2016-05-01
xgboost_base,2016-11-01,6700.0,6499.2763671875,18,6,2016-05-01
xgboost_base,2016-07-01,8479.0,7698.07421875,19,1,2016-06-01
xgboost_base,2016-08-01,7890.0,7300.1103515625,19,2,2016-06-01
xgboost_base,2016-09-01,7317.0,6855.99072265625,19,3,2016-06-01
xgboost_base,2016-10-01,7426.0,6559.31494140625,19,4,2016-06-01
xgboost_base,2016-11-01,6700.0,6519.326171875,19,5,2016-06-01
xgboost_base,2016-12-01,6994.0,6761.12890625,19,6,2016-06-01
xgboost_base,2016-08-01,7890.0,7319.54736328125,20,1,2016-07-01
xgboost_base,2016-09-01,7317.0,6894.365234375,20,2,2016-07-01
xgboost_base,2016-10-01,7426.0,6564.5078125,20,3,2016-07-01
xgboost_base,2016-11-01,6700.0,6562.99365234375,20,4,2016-07-01
xgboost_base,2016-12-01,6994.0,6757.8486328125,20,5,2016-07-01
xgboost_base,2017-01-01,6788.0,6669.25634765625,20,6,2016-07-01
xgboost_base,2016-09-01,7317.0,6943.029296875,21,1,2016-08-01
xgboost_base,2016-10-01,7426.0,6571.76416015625,21,2,2016-08-01
xgboost_base,2016-11-01,6700.0,6548.12451171875,21,3,2016-08-01
xgboost_base,2016-12-01,6994.0,6688.681640625,21,4,2016-08-01
xgboost_base,2017-01-01,6788.0,6728.7333984375,21,5,2016-08-01
xgboost_base,2017-02-01,6271.0,6783.13671875,21,6,2016-08-01
xgboost_base,2016-10-01,7426.0,6677.80859375,22,1,2016-09-01
xgboost_base,2016-11-01,6700.0,6585.798828125,22,2,2016-09-01
xgboost_base,2016-12-01,6994.0,6687.2578125,22,3,2016-09-01
xgboost_base,2017-01-01,6788.0,6712.41357421875,22,4,2016-09-01
xgboost_base,2017-02-01,6271.0,6803.38037109375,22,5,2016-09-01
xgboost_base,2017-03-01,6794.0,7530.95166015625,22,6,2016-09-01
xgboost_base,2016-11-01,6700.0,6991.81396484375,23,1,2016-10-01
xgboost_base,2016-12-01,6994.0,6855.07177734375,23,2,2016-10-01
xgboost_base,2017-01-01,6788.0,6856.90087890625,23,3,2016-10-01
xgboost_base,2017-02-01,6271.0,6892.9189453125,23,4,2016-10-01
xgboost_base,2017-03-01,6794.0,7494.37744140625,23,5,2016-10-01
xgboost_base,2017-04-01,6884.0,7800.62060546875,23,6,2016-10-01
xgboost_base,2016-12-01,6994.0,6862.1953125,24,1,2016-11-01
xgboost_base,2017-01-01,6788.0,7000.90966796875,24,2,2016-11-01
xgboost_base,2017-02-01,6271.0,6860.3212890625,24,3,2016-11-01
xgboost_base,2017-03-01,6794.0,7494.0859375,24,4,2016-11-01
xgboost_base,2017-04-01,6884.0,7610.05224609375,24,5,2016-11-01
xgboost_base,2017-05-01,7651.0,7795.80126953125,24,6,2016-11-01
xgboost_base,2017-01-01,6788.0,6945.84375,25,1,2016-12-01
xgboost_base,2017-02-01,6271.0,6963.10009765625,25,2,2016-12-01
xgboost_base,2017-03-01,6794.0,7525.44921875,25,3,2016-12-01
xgboost_base,2017-04-01,6884.0,7653.58544921875,25,4,2016-12-01
xgboost_base,2017-05-01,7651.0,7796.869140625,25,5,2016-12-01
xgboost_base,2017-06-01,8009.0,8382.2724609375,25,6,2016-12-01
xgboost_base,2017-02-01,6271.0,6904.87548828125,26,1,2017-01-01
xgboost_base,2017-03-01,6794.0,7535.4248046875,26,2,2017-01-01
xgboost_base,2017-04-01,6884.0,7671.8701171875,26,3,2017-01-01
xgboost_base,2017-05-01,7651.0,7728.31494140625,26,4,2017-01-01
xgboost_base,2017-06-01,8009.0,8088.04052734375,26,5,2017-01-01
xgboost_base,2017-07-01,8694.0,8292.8623046875,26,6,2017-01-01
xgboost_base,2017-03-01,6794.0,7485.93994140625,27,1,2017-02-01
xgboost_base,2017-04-01,6884.0,7604.38916015625,27,2,2017-02-01
xgboost_base,2017-05-01,7651.0,7747.69921875,27,3,2017-02-01
xgboost_base,2017-06-01,8009.0,8237.2470703125,27,4,2017-02-01
xgboost_base,2017-07-01,8694.0,8247.9970703125,27,5,2017-02-01
xgboost_base,2017-08-01,8130.0,8114.72314453125,27,6,2017-02-01
xgboost_base,2017-04-01,6884.0,7245.80322265625,28,1,2017-03-01
xgboost_base,2017-05-01,7651.0,7797.65771484375,28,2,2017-03-01
xgboost_base,2017-06-01,8009.0,8208.5712890625,28,3,2017-03-01
xgboost_base,2017-07-01,8694.0,8338.2490234375,28,4,2017-03-01
xgboost_base,2017-08-01,8130.0,8087.2265625,28,5,2017-03-01
xgboost_base,2017-09-01,7446.0,7768.43359375,28,6,2017-03-01
xgboost_base,2017-05-01,7651.0,7453.177734375,29,1,2017-04-01
xgboost_base,2017-06-01,8009.0,7980.82177734375,29,2,2017-04-01
xgboost_base,2017-07-01,8694.0,8108.88623046875,29,3,2017-04-01
xgboost_base,2017-08-01,8130.0,8077.10791015625,29,4,2017-04-01
xgboost_base,2017-09-01,7446.0,7783.68505859375,29,5,2017-04-01
xgboost_base,2017-10-01,7282.0,7778.6787109375,29,6,2017-04-01
xgboost_base,2017-06-01,8009.0,8069.89453125,30,1,2017-05-01
xgboost_base,2017-07-01,8694.0,8214.9697265625,30,2,2017-05-01
xgboost_base,2017-08-01,8130.0,8059.3720703125,30,3,2017-05-01
xgboost_base,2017-09-01,7446.0,7767.021484375,30,4,2017-05-01
xgboost_base,2017-10-01,7282.0,7797.2236328125,30,5,2017-05-01
xgboost_base,2017-11-01,6830.0,7293.04541015625,30,6,2017-05-01
xgboost_base,2017-07-01,8694.0,8167.4560546875,31,1,2017-06-01
xgboost_base,2017-08-01,8130.0,8004.4580078125,31,2,2017-06-01
xgboost_base,2017-09-01,7446.0,7772.7451171875,31,3,2017-06-01
xgboost_base,2017-10-01,7282.0,7836.89111328125,31,4,2017-06-01
xgboost_base,2017-11-01,6830.0,7209.73779296875,31,5,2017-06-01
xgboost_base,2017-12-01,6946.0,7004.52978515625,31,6,2017-06-01
xgboost_base,2017-08-01,8130.0,8050.7763671875,32,1,2017-07-01
xgboost_base,2017-09-01,7446.0,7991.50390625,32,2,2017-07-01
xgboost_base,2017-10-01,7282.0,7782.06640625,32,3,2017-07-01
xgboost_base,2017-11-01,6830.0,7213.02197265625,32,4,2017-07-01
xgboost_base,2017-12-01,6946.0,7074.42236328125,32,5,2017-07-01
xgboost_base,2018-01-01,6886.0,6834.45068359375,32,6,2017-07-01
xgboost_base,2017-09-01,7446.0,7954.0654296875,33,1,2017-08-01
xgboost_base,2017-10-01,7282.0,7775.15576171875,33,2,2017-08-01
xgboost_base,2017-11-01,6830.0,7306.537109375,33,3,2017-08-01
xgboost_base,2017-12-01,6946.0,7026.92919921875,33,4,2017-08-01
xgboost_base,2018-01-01,6886.0,6894.966796875,33,5,2017-08-01
xgboost_base,2018-02-01,5960.0,6643.0732421875,33,6,2017-08-01
xgboost_base,2017-10-01,7282.0,7606.76806640625,34,1,2017-09-01
xgboost_base,2017-11-01,6830.0,7132.94580078125,34,2,2017-09-01
xgboost_base,2017-12-01,6946.0,6938.5029296875,34,3,2017-09-01
xgboost_base,2018-01-01,6886.0,6824.462890625,34,4,2017-09-01
xgboost_base,2018-02-01,5960.0,6687.48291015625,34,5,2017-09-01
xgboost_base,2018-03-01,6930.0,6845.2119140625,34,6,2017-09-01
xgboost_base,2017-11-01,6830.0,7099.11181640625,35,1,2017-10-01
xgboost_base,2017-12-01,6946.0,6865.2001953125,35,2,2017-10-01
xgboost_base,2018-01-01,6886.0,6784.60107421875,35,3,2017-10-01
xgboost_base,2018-02-01,5960.0,6688.8828125,35,4,2017-10-01
xgboost_base,2018-03-01,6930.0,6753.84521484375,35,5,2017-10-01
xgboost_base,2018-04-01,6769.0,6979.29248046875,35,6,2017-10-01
xgboost_base,2017-12-01,6946.0,6904.447265625,36,1,2017-11-01
xgboost_base,2018-01-01,6886.0,6792.58935546875,36,2,2017-11-01
xgboost_base,2018-02-01,5960.0,6574.4326171875,36,3,2017-11-01
xgboost_base,2018-03-01,6930.0,6776.64306640625,36,4,2017-11-01
xgboost_base,2018-04-01,6769.0,6948.91943359375,36,5,2017-11-01
xgboost_base,2018-05-01,7511.0,7552.0087890625,36,6,2017-11-01
xgboost_base,2018-01-01,6886.0,6785.2490234375,37,1,2017-12-01
xgboost_base,2018-02-01,5960.0,6608.98388671875,37,2,2017-12-01
xgboost_base,2018-03-01,6930.0,6797.9638671875,37,3,2017-12-01
xgboost_base,2018-04-01,6769.0,6970.84619140625,37,4,2017-12-01
xgboost_base,2018-05-01,7511.0,7557.869140625,37,5,2017-12-01
xgboost_base,2018-06-01,8057.0,7959.4130859375,37,6,2017-12-01
xgboost_base,2018-02-01,5960.0,6596.24462890625,38,1,2018-01-01
xgboost_base,2018-03-01,6930.0,6816.41455078125,38,2,2018-01-01
xgboost_base,2018-04-01,6769.0,7014.71728515625,38,3,2018-01-01
xgboost_base,2018-05-01,7511.0,7570.3173828125,38,4,2018-01-01
xgboost_base,2018-06-01,8057.0,7941.63427734375,38,5,2018-01-01
xgboost_base,2018-07-01,8175.0,8394.7841796875,38,6,2018-01-01
xgboost_base,2018-03-01,6930.0,6639.6787109375,39,1,2018-02-01
xgboost_base,2018-04-01,6769.0,6912.7275390625,39,2,2018-02-01
xgboost_base,2018-05-01,7511.0,7424.46044921875,39,3,2018-02-01
xgboost_base,2018-06-01,8057.0,7827.3916015625,39,4,2018-02-01
xgboost_base,2018-07-01,8175.0,8362.322265625,39,5,2018-02-01
xgboost_base,2018-08-01,8328.0,8081.67431640625,39,6,2018-02-01
xgboost_base,2018-04-01,6769.0,6962.0751953125,40,1,2018-03-01
xgboost_base,2018-05-01,7511.0,7579.42822265625,40,2,2018-03-01
xgboost_base,2018-06-01,8057.0,7929.66748046875,40,3,2018-03-01
xgboost_base,2018-07-01,8175.0,8360.0400390625,40,4,2018-03-01
xgboost_base,2018-08-01,8328.0,7913.431640625,40,5,2018-03-01
xgboost_base,2018-09-01,7325.0,7459.67822265625,40,6,2018-03-01
xgboost_base,2018-05-01,7511.0,7462.79833984375,41,1,2018-04-01
xgboost_base,2018-06-01,8057.0,7879.9033203125,41,2,2018-04-01
xgboost_base,2018-07-01,8175.0,8298.2236328125,41,3,2018-04-01
xgboost_base,2018-08-01,8328.0,7935.49072265625,41,4,2018-04-01
xgboost_base,2018-09-01,7325.0,7534.24365234375,41,5,2018-04-01
xgboost_base,2018-10-01,7202.0,7369.48681640625,41,6,2018-04-01
xgboost_base,2018-06-01,8057.0,7889.77978515625,42,1,2018-05-01
xgboost_base,2018-07-01,8175.0,8357.193359375,42,2,2018-05-01
xgboost_base,2018-08-01,8328.0,8014.1689453125,42,3,2018-05-01
xgboost_base,2018-09-01,7325.0,7563.30712890625,42,4,2018-05-01
xgboost_base,2018-10-01,7202.0,7294.41845703125,42,5,2018-05-01
xgboost_base,2018-11-01,7161.0,6928.10009765625,42,6,2018-05-01
xgboost_base,2018-07-01,8175.0,8354.328125,43,1,2018-06-01
xgboost_base,2018-08-01,8328.0,7992.67626953125,43,2,2018-06-01
xgboost_base,2018-09-01,7325.0,7470.3369140625,43,3,2018-06-01
xgboost_base,2018-10-01,7202.0,7397.05908203125,43,4,2018-06-01
xgboost_base,2018-11-01,7161.0,6948.10693359375,43,5,2018-06-01
xgboost_base,2018-12-01,7409.0,6903.70263671875,43,6,2018-06-01
xgboost_base,2018-08-01,8328.0,8064.91357421875,44,1,2018-07-01
xgboost_base,2018-09-01,7325.0,7509.10546875,44,2,2018-07-01
xgboost_base,2018-10-01,7202.0,7384.87060546875,44,3,2018-07-01
xgboost_base,2018-11-01,7161.0,6896.34912109375,44,4,2018-07-01
xgboost_base,2018-12-01,7409.0,6901.7646484375,44,5,2018-07-01
xgboost_base,2019-01-01,7117.0,6868.240234375,44,6,2018-07-01
xgboost_base,2018-09-01,7325.0,7574.390625,45,1,2018-08-01
xgboost_base,2018-10-01,7202.0,7348.53466796875,45,2,2018-08-01
xgboost_base,2018-11-01,7161.0,7145.45361328125,45,3,2018-08-01
xgboost_base,2018-12-01,7409.0,6914.90869140625,45,4,2018-08-01
xgboost_base,2019-01-01,7117.0,6878.4345703125,45,5,2018-08-01
xgboost_base,2019-02-01,6307.0,6377.38916015625,45,6,2018-08-01
xgboost_base,2018-10-01,7202.0,7343.6435546875,46,1,2018-09-01
xgboost_base,2018-11-01,7161.0,7060.46728515625,46,2,2018-09-01
xgboost_base,2018-12-01,7409.0,6919.4375,46,3,2018-09-01
xgboost_base,2019-01-01,7117.0,6889.91259765625,46,4,2018-09-01
xgboost_base,2019-02-01,6307.0,6249.48193359375,46,5,2018-09-01
xgboost_base,2019-03-01,7067.0,6724.79296875,46,6,2018-09-01
xgboost_base,2018-11-01,7161.0,6935.0859375,47,1,2018-10-01
xgboost_base,2018-12-01,7409.0,6919.46875,47,2,2018-10-01
xgboost_base,2019-01-01,7117.0,6858.82763671875,47,3,2018-10-01
xgboost_base,2019-02-01,6307.0,6117.28173828125,47,4,2018-10-01
xgboost_base,2019-03-01,7067.0,6745.79052734375,47,5,2018-10-01
xgboost_base,2019-04-01,7108.0,6842.42724609375,47,6,2018-10-01
xgboost_base,2018-12-01,7409.0,6941.0517578125,48,1,2018-11-01
xgboost_base,2019-01-01,7117.0,6881.44091796875,48,2,2018-11-01
xgboost_base,2019-02-01,6307.0,6376.1240234375,48,3,2018-11-01
xgboost_base,2019-03-01,7067.0,6763.32470703125,48,4,2018-11-01
xgboost_base,2019-04-01,7108.0,6859.57666015625,48,5,2018-11-01
xgboost_base,2019-05-01,7776.0,7521.865234375,48,6,2018-11-01
xgboost_base,2019-01-01,7117.0,7066.25244140625,49,1,2018-12-01
xgboost_base,2019-02-01,6307.0,6603.76904296875,49,2,2018-12-01
xgboost_base,2019-03-01,7067.0,6794.66845703125,49,3,2018-12-01
xgboost_base,2019-04-01,7108.0,6858.14306640625,49,4,2018-12-01
xgboost_base,2019-05-01,7776.0,7434.53271484375,49,5,2018-12-01
xgboost_base,2019-06-01,8274.0,8006.55615234375,49,6,2018-12-01
xgboost_base,2019-02-01,6307.0,6491.79931640625,50,1,2019-01-01
xgboost_base,2019-03-01,7067.0,6862.23388671875,50,2,2019-01-01
xgboost_base,2019-04-01,7108.0,6931.349609375,50,3,2019-01-01
xgboost_base,2019-05-01,7776.0,7469.85693359375,50,4,2019-01-01
xgboost_base,2019-06-01,8274.0,8026.0986328125,50,5,2019-01-01
xgboost_base,2019-07-01,8919.0,8310.0615234375,50,6,2019-01-01
xgboost_base,2019-03-01,7067.0,6806.86669921875,51,1,2019-02-01
xgboost_base,2019-04-01,7108.0,6896.509765625,51,2,2019-02-01
xgboost_base,2019-05-01,7776.0,7441.47119140625,51,3,2019-02-01
xgboost_base,2019-06-01,8274.0,8010.796875,51,4,2019-02-01
xgboost_base,2019-07-01,8919.0,8372.775390625,51,5,2019-02-01
xgboost_base,2019-08-01,8180.0,8284.0078125,51,6,2019-02-01
xgboost_base,2019-04-01,7108.0,6930.32470703125,52,1,2019-03-01
xgboost_base,2019-05-01,7776.0,7455.71337890625,52,2,2019-03-01
xgboost_base,2019-06-01,8274.0,8048.94287109375,52,3,2019-03-01
xgboost_base,2019-07-01,8919.0,8326.44140625,52,4,2019-03-01
xgboost_base,2019-08-01,8180.0,8296.4384765625,52,5,2019-03-01
xgboost_base,2019-09-01,7664.0,7457.76123046875,52,6,2019-03-01
xgboost_base,2019-05-01,7776.0,7543.330078125,53,1,2019-04-01
xgboost_base,2019-06-01,8274.0,8028.70849609375,53,2,2019-04-01
xgboost_base,2019-07-01,8919.0,8333.572265625,53,3,2019-04-01
xgboost_base,2019-08-01,8180.0,8279.2578125,53,4,2019-04-01
xgboost_base,2019-09-01,7664.0,7467.6552734375,53,5,2019-04-01
xgboost_base,2019-10-01,7254.0,7414.576171875,53,6,2019-04-01
xgboost_base,2019-06-01,8274.0,8190.45458984375,54,1,2019-05-01
xgboost_base,2019-07-01,8919.0,8283.740234375,54,2,2019-05-01
xgboost_base,2019-08-01,8180.0,8233.033203125,54,3,2019-05-01
xgboost_base,2019-09-01,7664.0,7447.38623046875,54,4,2019-05-01
xgboost_base,2019-10-01,7254.0,7531.49169921875,54,5,2019-05-01
xgboost_base,2019-11-01,6785.0,7195.90576171875,54,6,2019-05-01
xgboost_base,2019-07-01,8919.0,8364.8583984375,55,1,2019-06-01
xgboost_base,2019-08-01,8180.0,8179.810546875,55,2,2019-06-01
xgboost_base,2019-09-01,7664.0,7451.955078125,55,3,2019-06-01
xgboost_base,2019-10-01,7254.0,7517.47802734375,55,4,2019-06-01
xgboost_base,2019-11-01,6785.0,7220.580078125,55,5,2019-06-01
xgboost_base,2019-12-01,6987.0,7438.033203125,55,6,2019-06-01
xgboost_base,2019-08-01,8180.0,8293.9384765625,56,1,2019-07-01
xgboost_base,2019-09-01,7664.0,7499.7705078125,56,2,2019-07-01
xgboost_base,2019-10-01,7254.0,7487.201171875,56,3,2019-07-01
xgboost_base,2019-11-01,6785.0,7246.841796875,56,4,2019-07-01
xgboost_base,2019-12-01,6987.0,7456.97509765625,56,5,2019-07-01
xgboost_base,2020-01-01,7194.0,7075.44140625,56,6,2019-07-01
xgboost_base,2019-09-01,7664.0,7502.7626953125,57,1,2019-08-01
xgboost_base,2019-10-01,7254.0,7547.0322265625,57,2,2019-08-01
xgboost_base,2019-11-01,6785.0,7261.50390625,57,3,2019-08-01
xgboost_base,2019-12-01,6987.0,7547.720703125,57,4,2019-08-01
xgboost_base,2020-01-01,7194.0,6990.62548828125,57,5,2019-08-01
xgboost_base,2020-02-01,6848.0,6439.24755859375,57,6,2019-08-01
xgboost_base,2019-10-01,7254.0,7561.19140625,58,1,2019-09-01
xgboost_base,2019-11-01,6785.0,7268.65966796875,58,2,2019-09-01
xgboost_base,2019-12-01,6987.0,7528.5068359375,58,3,2019-09-01
xgboost_base,2020-01-01,7194.0,7024.947265625,58,4,2019-09-01
xgboost_base,2020-02-01,6848.0,6436.0556640625,58,5,2019-09-01
xgboost_base,2020-03-01,7324.0,6918.76123046875,58,6,2019-09-01
xgboost_base,2019-11-01,6785.0,7260.62158203125,59,1,2019-10-01
xgboost_base,2019-12-01,6987.0,7527.3759765625,59,2,2019-10-01
xgboost_base,2020-01-01,7194.0,7066.4189453125,59,3,2019-10-01
xgboost_base,2020-02-01,6848.0,6432.994140625,59,4,2019-10-01
xgboost_base,2020-03-01,7324.0,6891.21533203125,59,5,2019-10-01
xgboost_base,2020-04-01,5978.0,6880.9638671875,59,6,2019-10-01
xgboost_base,2019-12-01,6987.0,7333.50927734375,60,1,2019-11-01
xgboost_base,2020-01-01,7194.0,6950.71142578125,60,2,2019-11-01
xgboost_base,2020-02-01,6848.0,6347.22119140625,60,3,2019-11-01
xgboost_base,2020-03-01,7324.0,6865.8193359375,60,4,2019-11-01
xgboost_base,2020-04-01,5978.0,6891.04541015625,60,5,2019-11-01
xgboost_base,2020-05-01,7062.0,7581.98974609375,60,6,2019-11-01
xgboost_base,2020-01-01,7194.0,6826.63134765625,61,1,2019-12-01
xgboost_base,2020-02-01,6848.0,6306.068359375,61,2,2019-12-01
xgboost_base,2020-03-01,7324.0,6855.11962890625,61,3,2019-12-01
xgboost_base,2020-04-01,5978.0,6883.0400390625,61,4,2019-12-01
xgboost_base,2020-05-01,7062.0,7580.9140625,61,5,2019-12-01
xgboost_base,2020-06-01,6948.0,8057.748046875,61,6,2019-12-01
xgboost_base,2020-02-01,6848.0,6340.5087890625,62,1,2020-01-01
xgboost_base,2020-03-01,7324.0,6890.55029296875,62,2,2020-01-01
xgboost_base,2020-04-01,5978.0,6927.85888671875,62,3,2020-01-01
xgboost_base,2020-05-01,7062.0,7620.51708984375,62,4,2020-01-01
xgboost_base,2020-06-01,6948.0,8054.0751953125,62,5,2020-01-01
xgboost_base,2020-07-01,7392.0,8399.8515625,62,6,2020-01-01
xgboost_base,2020-03-01,7324.0,6941.43896484375,63,1,2020-02-01
xgboost_base,2020-04-01,5978.0,6905.18701171875,63,2,2020-02-01
xgboost_base,2020-05-01,7062.0,7604.25244140625,63,3,2020-02-01
xgboost_base,2020-06-01,6948.0,8051.732421875,63,4,2020-02-01
xgboost_base,2020-07-01,7392.0,8244.0517578125,63,5,2020-02-01
xgboost_base,2020-08-01,7678.0,8341.939453125,63,6,2020-02-01
xgboost_base,2020-04-01,5978.0,7233.2333984375,64,1,2020-03-01
xgboost_base,2020-05-01,7062.0,7671.52880859375,64,2,2020-03-01
xgboost_base,2020-06-01,6948.0,8239.9736328125,64,3,2020-03-01
xgboost_base,2020-07-01,7392.0,8297.6357421875,64,4,2020-03-01
xgboost_base,2020-08-01,7678.0,8286.9140625,64,5,2020-03-01
xgboost_base,2020-09-01,7005.0,7670.85009765625,64,6,2020-03-01
xgboost_base,2020-05-01,7062.0,7590.4423828125,65,1,2020-04-01
xgboost_base,2020-06-01,6948.0,7992.67578125,65,2,2020-04-01
xgboost_base,2020-07-01,7392.0,7926.86376953125,65,3,2020-04-01
xgboost_base,2020-08-01,7678.0,8245.58203125,65,4,2020-04-01
xgboost_base,2020-09-01,7005.0,7534.30419921875,65,5,2020-04-01
xgboost_base,2020-10-01,7385.0,7183.92822265625,65,6,2020-04-01
xgboost_base,2020-06-01,6948.0,7869.400390625,66,1,2020-05-01
xgboost_base,2020-07-01,7392.0,7958.4912109375,66,2,2020-05-01
xgboost_base,2020-08-01,7678.0,8334.0791015625,66,3,2020-05-01
xgboost_base,2020-09-01,7005.0,7714.9873046875,66,4,2020-05-01
xgboost_base,2020-10-01,7385.0,7237.07861328125,66,5,2020-05-01
xgboost_base,2020-11-01,6872.0,7011.40234375,66,6,2020-05-01
xgboost_base,2020-07-01,7392.0,7492.4228515625,67,1,2020-06-01
xgboost_base,2020-08-01,7678.0,7971.9775390625,67,2,2020-06-01
xgboost_base,2020-09-01,7005.0,7875.35693359375,67,3,2020-06-01
xgboost_base,2020-10-01,7385.0,7562.826171875,67,4,2020-06-01
xgboost_base,2020-11-01,6872.0,7056.1376953125,67,5,2020-06-01
xgboost_base,2020-12-01,6781.0,7033.85302734375,67,6,2020-06-01
xgboost_base,2020-08-01,7678.0,7864.4541015625,68,1,2020-07-01
xgboost_base,2020-09-01,7005.0,8017.10302734375,68,2,2020-07-01
xgboost_base,2020-10-01,7385.0,7677.43017578125,68,3,2020-07-01
xgboost_base,2020-11-01,6872.0,7138.642578125,68,4,2020-07-01
xgboost_base,2020-12-01,6781.0,6941.755859375,68,5,2020-07-01
xgboost_base,2021-01-01,6917.0,6992.30322265625,68,6,2020-07-01
xgboost_base,2020-09-01,7005.0,7867.70703125,69,1,2020-08-01
xgboost_base,2020-10-01,7385.0,7623.64794921875,69,2,2020-08-01
xgboost_base,2020-11-01,6872.0,7110.169921875,69,3,2020-08-01
xgboost_base,2020-12-01,6781.0,7024.0947265625,69,4,2020-08-01
xgboost_base,2021-01-01,6917.0,7065.38232421875,69,5,2020-08-01
xgboost_base,2021-02-01,6217.0,7097.4384765625,69,6,2020-08-01
xgboost_base,2020-10-01,7385.0,7335.51220703125,70,1,2020-09-01
xgboost_base,2020-11-01,6872.0,6980.59765625,70,2,2020-09-01
xgboost_base,2020-12-01,6781.0,7059.71484375,70,3,2020-09-01
xgboost_base,2021-01-01,6917.0,7092.56201171875,70,4,2020-09-01
xgboost_base,2021-02-01,6217.0,7016.17236328125,70,5,2020-09-01
xgboost_base,2021-03-01,7569.0,7281.16015625,70,6,2020-09-01
xgboost_base,2020-11-01,6872.0,7018.41796875,71,1,2020-10-01
xgboost_base,2020-12-01,6781.0,7164.29541015625,71,2,2020-10-01
xgboost_base,2021-01-01,6917.0,7073.93310546875,71,3,2020-10-01
xgboost_base,2021-02-01,6217.0,7067.74462890625,71,4,2020-10-01
xgboost_base,2021-03-01,7569.0,7385.30419921875,71,5,2020-10-01
xgboost_base,2021-04-01,6917.0,6594.53369140625,71,6,2020-10-01
xgboost_base,2020-12-01,6781.0,7058.58984375,72,1,2020-11-01
xgboost_base,2021-01-01,6917.0,7012.7998046875,72,2,2020-11-01
xgboost_base,2021-02-01,6217.0,7008.939453125,72,3,2020-11-01
xgboost_base,2021-03-01,7569.0,7342.6943359375,72,4,2020-11-01
xgboost_base,2021-04-01,6917.0,6454.580078125,72,5,2020-11-01
xgboost_base,2021-05-01,8253.0,6918.56494140625,72,6,2020-11-01
xgboost_base,2021-01-01,6917.0,6987.65234375,73,1,2020-12-01
xgboost_base,2021-02-01,6217.0,6959.0048828125,73,2,2020-12-01
xgboost_base,2021-03-01,7569.0,7351.60595703125,73,3,2020-12-01
xgboost_base,2021-04-01,6917.0,6645.06201171875,73,4,2020-12-01
xgboost_base,2021-05-01,8253.0,6829.791015625,73,5,2020-12-01
xgboost_base,2021-06-01,8153.0,6997.34130859375,73,6,2020-12-01
xgboost_base,2021-02-01,6217.0,6894.09765625,74,1,2021-01-01
xgboost_base,2021-03-01,7569.0,7156.41357421875,74,2,2021-01-01
xgboost_base,2021-04-01,6917.0,6506.4169921875,74,3,2021-01-01
xgboost_base,2021-05-01,8253.0,6915.06689453125,74,4,2021-01-01
xgboost_base,2021-06-01,8153.0,6975.5400390625,74,5,2021-01-01
xgboost_base,2021-07-01,9251.0,7552.14990234375,74,6,2021-01-01
xgboost_base,2021-03-01,7569.0,7130.06201171875,75,1,2021-02-01
xgboost_base,2021-04-01,6917.0,6445.55029296875,75,2,2021-02-01
xgboost_base,2021-05-01,8253.0,6885.29833984375,75,3,2021-02-01
xgboost_base,2021-06-01,8153.0,7135.12353515625,75,4,2021-02-01
xgboost_base,2021-07-01,9251.0,7421.84130859375,75,5,2021-02-01
xgboost_base,2021-08-01,8830.0,7715.16748046875,75,6,2021-02-01
xgboost_base,2021-04-01,6917.0,6492.400390625,76,1,2021-03-01
xgboost_base,2021-05-01,8253.0,6826.8994140625,76,2,2021-03-01
xgboost_base,2021-06-01,8153.0,7112.19873046875,76,3,2021-03-01
xgboost_base,2021-07-01,9251.0,7284.361328125,76,4,2021-03-01
xgboost_base,2021-08-01,8830.0,7813.0869140625,76,5,2021-03-01
xgboost_base,2021-09-01,7512.0,7268.8359375,76,6,2021-03-01
xgboost_base,2021-05-01,8253.0,6761.5166015625,77,1,2021-04-01
xgboost_base,2021-06-01,8153.0,7050.48681640625,77,2,2021-04-01
xgboost_base,2021-07-01,9251.0,7288.787109375,77,3,2021-04-01
xgboost_base,2021-08-01,8830.0,7780.10498046875,77,4,2021-04-01
xgboost_base,2021-09-01,7512.0,7281.50048828125,77,5,2021-04-01
xgboost_base,2021-10-01,7656.0,7437.91796875,77,6,2021-04-01
xgboost_base,2021-06-01,8153.0,7433.693359375,78,1,2021-05-01
xgboost_base,2021-07-01,9251.0,7443.00830078125,78,2,2021-05-01
xgboost_base,2021-08-01,8830.0,7547.21240234375,78,3,2021-05-01
xgboost_base,2021-09-01,7512.0,6818.4208984375,78,4,2021-05-01
xgboost_base,2021-10-01,7656.0,7260.30859375,78,5,2021-05-01
xgboost_base,2021-11-01,7603.0,6854.189453125,78,6,2021-05-01
xgboost_base,2021-07-01,9251.0,7735.03515625,79,1,2021-06-01
xgboost_base,2021-08-01,8830.0,7585.89990234375,79,2,2021-06-01
xgboost_base,2021-09-01,7512.0,6913.37060546875,79,3,2021-06-01
xgboost_base,2021-10-01,7656.0,7313.451171875,79,4,2021-06-01
xgboost_base,2021-11-01,7603.0,6936.35986328125,79,5,2021-06-01
xgboost_base,2021-12-01,8237.0,6772.94189453125,79,6,2021-06-01
xgboost_base,2021-08-01,8830.0,7637.845703125,80,1,2021-07-01
xgboost_base,2021-09-01,7512.0,6873.49853515625,80,2,2021-07-01
xgboost_base,2021-10-01,7656.0,7303.71435546875,80,3,2021-07-01
xgboost_base,2021-11-01,7603.0,6975.1103515625,80,4,2021-07-01
xgboost_base,2021-12-01,8237.0,6825.43115234375,80,5,2021-07-01
xgboost_base,2022-01-01,9582.0,7232.5888671875,80,6,2021-07-01
xgboost_base,2021-09-01,7512.0,7210.09423828125,81,1,2021-08-01
xgboost_base,2021-10-01,7656.0,7333.123046875,81,2,2021-08-01
xgboost_base,2021-11-01,7603.0,7138.87255859375,81,3,2021-08-01
xgboost_base,2021-12-01,8237.0,7000.84423828125,81,4,2021-08-01
xgboost_base,2022-01-01,9582.0,7120.36572265625,81,5,2021-08-01
xgboost_base,2022-02-01,7227.0,6609.73486328125,81,6,2021-08-01
xgboost_base,2021-10-01,7656.0,7331.78173828125,82,1,2021-09-01
xgboost_base,2021-11-01,7603.0,7149.5361328125,82,2,2021-09-01
xgboost_base,2021-12-01,8237.0,7004.42041015625,82,3,2021-09-01
xgboost_base,2022-01-01,9582.0,7157.16650390625,82,4,2021-09-01
xgboost_base,2022-02-01,7227.0,6697.4833984375,82,5,2021-09-01
xgboost_base,2022-03-01,7504.0,7112.5947265625,82,6,2021-09-01
xgboost_base,2021-11-01,7603.0,7146.6630859375,83,1,2021-10-01
xgboost_base,2021-12-01,8237.0,7172.93115234375,83,2,2021-10-01
xgboost_base,2022-01-01,9582.0,7051.4091796875,83,3,2021-10-01
xgboost_base,2022-02-01,7227.0,6762.64111328125,83,4,2021-10-01
xgboost_base,2022-03-01,7504.0,7117.54638671875,83,5,2021-10-01
xgboost_base,2022-04-01,7589.0,6488.2958984375,83,6,2021-10-01
xgboost_base,2021-12-01,8237.0,7122.26416015625,84,1,2021-11-01
xgboost_base,2022-01-01,9582.0,7135.3818359375,84,2,2021-11-01
xgboost_base,2022-02-01,7227.0,6700.34814453125,84,3,2021-11-01
xgboost_base,2022-03-01,7504.0,7070.751953125,84,4,2021-11-01
xgboost_base,2022-04-01,7589.0,6519.76806640625,84,5,2021-11-01
xgboost_base,2022-05-01,8846.0,7182.18359375,84,6,2021-11-01
xgboost_base,2022-01-01,9582.0,7876.60791015625,85,1,2021-12-01
xgboost_base,2022-02-01,7227.0,7434.11962890625,85,2,2021-12-01
xgboost_base,2022-03-01,7504.0,7308.93115234375,85,3,2021-12-01
xgboost_base,2022-04-01,7589.0,6598.25,85,4,2021-12-01
xgboost_base,2022-05-01,8846.0,6904.97998046875,85,5,2021-12-01
xgboost_base,2022-06-01,9057.0,7036.435546875,85,6,2021-12-01
xgboost_base,2022-02-01,7227.0,8073.75537109375,86,1,2022-01-01
xgboost_base,2022-03-01,7504.0,8468.3974609375,86,2,2022-01-01
xgboost_base,2022-04-01,7589.0,8626.7216796875,86,3,2022-01-01
xgboost_base,2022-05-01,8846.0,8407.4248046875,86,4,2022-01-01
xgboost_base,2022-06-01,9057.0,8610.849609375,86,5,2022-01-01
xgboost_base,2022-07-01,8699.0,8786.5048828125,86,6,2022-01-01
xgboost_base,2022-03-01,7504.0,7189.7041015625,87,1,2022-02-01
xgboost_base,2022-04-01,7589.0,6642.82421875,87,2,2022-02-01
xgboost_base,2022-05-01,8846.0,6960.21337890625,87,3,2022-02-01
xgboost_base,2022-06-01,9057.0,7268.31298828125,87,4,2022-02-01
xgboost_base,2022-07-01,8699.0,7641.82275390625,87,5,2022-02-01
xgboost_base,2022-08-01,8834.0,7879.35888671875,87,6,2022-02-01
xgboost_base,2022-04-01,7589.0,6719.048828125,88,1,2022-03-01
xgboost_base,2022-05-01,8846.0,6997.81591796875,88,2,2022-03-01
xgboost_base,2022-06-01,9057.0,7292.2734375,88,3,2022-03-01
xgboost_base,2022-07-01,8699.0,7517.6005859375,88,4,2022-03-01
xgboost_base,2022-08-01,8834.0,7898.7958984375,88,5,2022-03-01
xgboost_base,2022-09-01,8228.0,8081.33154296875,88,6,2022-03-01
xgboost_base,2022-05-01,8846.0,7767.43212890625,89,1,2022-04-01
xgboost_base,2022-06-01,9057.0,8577.275390625,89,2,2022-04-01
xgboost_base,2022-07-01,8699.0,8830.7060546875,89,3,2022-04-01
xgboost_base,2022-08-01,8834.0,8417.6005859375,89,4,2022-04-01
xgboost_base,2022-09-01,8228.0,8417.67578125,89,5,2022-04-01
xgboost_base,2022-10-01,8388.0,8151.14453125,89,6,2022-04-01
xgboost_base,2022-06-01,9057.0,9048.955078125,90,1,2022-05-01
xgboost_base,2022-07-01,8699.0,8603.66796875,90,2,2022-05-01
xgboost_base,2022-08-01,8834.0,8083.169921875,90,3,2022-05-01
xgboost_base,2022-09-01,8228.0,8085.208984375,90,4,2022-05-01
xgboost_base,2022-10-01,8388.0,8257.763671875,90,5,2022-05-01
xgboost_base,2022-11-01,7588.0,8820.0625,90,6,2022-05-01
xgboost_base,2022-07-01,8699.0,8787.2314453125,91,1,2022-06-01
xgboost_base,2022-08-01,8834.0,8242.2744140625,91,2,2022-06-01
xgboost_base,2022-09-01,8228.0,8239.5546875,91,3,2022-06-01
xgboost_base,2022-10-01,8388.0,8318.7080078125,91,4,2022-06-01
xgboost_base,2022-11-01,7588.0,8744.923828125,91,5,2022-06-01
xgboost_base,2022-12-01,7850.0,8815.58203125,91,6,2022-06-01
xgboost_base,2022-08-01,8834.0,8318.28515625,92,1,2022-07-01
xgboost_base,2022-09-01,8228.0,8358.1435546875,92,2,2022-07-01
xgboost_base,2022-10-01,8388.0,8400.822265625,92,3,2022-07-01
xgboost_base,2022-11-01,7588.0,8537.92578125,92,4,2022-07-01
xgboost_base,2022-12-01,7850.0,8573.1845703125,92,5,2022-07-01
xgboost_base,2023-01-01,7563.0,8490.841796875,92,6,2022-07-01
xgboost_base,2022-09-01,8228.0,8429.1396484375,93,1,2022-08-01
xgboost_base,2022-10-01,8388.0,8695.640625,93,2,2022-08-01
xgboost_base,2022-11-01,7588.0,8842.9638671875,93,3,2022-08-01
xgboost_base,2022-12-01,7850.0,8844.9765625,93,4,2022-08-01
xgboost_base,2023-01-01,7563.0,8801.7470703125,93,5,2022-08-01
xgboost_base,2023-02-01,6551.0,8759.04296875,93,6,2022-08-01
xgboost_base,2022-10-01,8388.0,8540.08203125,94,1,2022-09-01
xgboost_base,2022-11-01,7588.0,8753.126953125,94,2,2022-09-01
xgboost_base,2022-12-01,7850.0,8804.2548828125,94,3,2022-09-01
xgboost_base,2023-01-01,7563.0,8705.6943359375,94,4,2022-09-01
xgboost_base,2023-02-01,6551.0,8529.0,94,5,2022-09-01
xgboost_base,2023-03-01,7507.0,8520.2998046875,94,6,2022-09-01
xgboost_base,2022-11-01,7588.0,8623.470703125,95,1,2022-10-01
xgboost_base,2022-12-01,7850.0,8747.1953125,95,2,2022-10-01
xgboost_base,2023-01-01,7563.0,8635.310546875,95,3,2022-10-01
xgboost_base,2023-02-01,6551.0,8503.734375,95,4,2022-10-01
xgboost_base,2023-03-01,7507.0,8515.158203125,95,5,2022-10-01
xgboost_base,2023-04-01,7745.0,8603.982421875,95,6,2022-10-01
xgboost_base,2022-12-01,7850.0,8343.9345703125,96,1,2022-11-01
xgboost_base,2023-01-01,7563.0,8540.3837890625,96,2,2022-11-01
xgboost_base,2023-02-01,6551.0,8721.0859375,96,3,2022-11-01
xgboost_base,2023-03-01,7507.0,8715.9755859375,96,4,2022-11-01
xgboost_base,2023-04-01,7745.0,8401.0322265625,96,5,2022-11-01
xgboost_base,2023-05-01,8600.0,8616.298828125,96,6,2022-11-01
xgboost_base,2023-01-01,7563.0,8266.951171875,97,1,2022-12-01
xgboost_base,2023-02-01,6551.0,8587.666015625,97,2,2022-12-01
xgboost_base,2023-03-01,7507.0,8619.45703125,97,3,2022-12-01
xgboost_base,2023-04-01,7745.0,8241.0986328125,97,4,2022-12-01
xgboost_base,2023-05-01,8600.0,8497.642578125,97,5,2022-12-01
xgboost_base,2023-06-01,9151.0,8280.8955078125,97,6,2022-12-01
xgboost_base,2023-02-01,6551.0,7902.24169921875,98,1,2023-01-01
xgboost_base,2023-03-01,7507.0,8134.0400390625,98,2,2023-01-01
xgboost_base,2023-04-01,7745.0,8323.349609375,98,3,2023-01-01
xgboost_base,2023-05-01,8600.0,8614.841796875,98,4,2023-01-01
xgboost_base,2023-06-01,9151.0,8334.2998046875,98,5,2023-01-01
xgboost_base,2023-07-01,9183.0,8368.1826171875,98,6,2023-01-01
xgboost_base,2023-03-01,7507.0,7092.423828125,99,1,2023-02-01
xgboost_base,2023-04-01,7745.0,7303.56201171875,99,2,2023-02-01
xgboost_base,2023-05-01,8600.0,7391.2841796875,99,3,2023-02-01
xgboost_base,2023-06-01,9151.0,7772.8662109375,99,4,2023-02-01
xgboost_base,2023-07-01,9183.0,8405.6787109375,99,5,2023-02-01
xgboost_base,2023-08-01,8297.0,8823.5341796875,99,6,2023-02-01
xgboost_base,2023-04-01,7745.0,7500.78662109375,100,1,2023-03-01
xgboost_base,2023-05-01,8600.0,7514.98876953125,100,2,2023-03-01
xgboost_base,2023-06-01,9151.0,7965.24658203125,100,3,2023-03-01
xgboost_base,2023-07-01,9183.0,8485.984375,100,4,2023-03-01
xgboost_base,2023-08-01,8297.0,8716.525390625,100,5,2023-03-01
xgboost_base,2023-09-01,7823.0,8574.61328125,100,6,2023-03-01
xgboost_base,2023-05-01,8600.0,8514.779296875,101,1,2023-04-01
xgboost_base,2023-06-01,9151.0,8721.0576171875,101,2,2023-04-01
xgboost_base,2023-07-01,9183.0,8649.4443359375,101,3,2023-04-01
xgboost_base,2023-08-01,8297.0,8372.201171875,101,4,2023-04-01
xgboost_base,2023-09-01,7823.0,8203.1875,101,5,2023-04-01
xgboost_base,2023-10-01,7507.0,8310.4755859375,101,6,2023-04-01
xgboost_base,2023-06-01,9151.0,8615.7763671875,102,1,2023-05-01
xgboost_base,2023-07-01,9183.0,8679.7216796875,102,2,2023-05-01
xgboost_base,2023-08-01,8297.0,8398.8232421875,102,3,2023-05-01
xgboost_base,2023-09-01,7823.0,8240.6083984375,102,4,2023-05-01
xgboost_base,2023-10-01,7507.0,8335.779296875,102,5,2023-05-01
xgboost_base,2023-11-01,8107.0,8031.71044921875,102,6,2023-05-01
xgboost_base,2023-07-01,9183.0,8562.5400390625,103,1,2023-06-01
xgboost_base,2023-08-01,8297.0,8533.52734375,103,2,2023-06-01
xgboost_base,2023-09-01,7823.0,8328.4443359375,103,3,2023-06-01
xgboost_base,2023-10-01,7507.0,8427.2646484375,103,4,2023-06-01
xgboost_base,2023-11-01,8107.0,7996.09765625,103,5,2023-06-01
xgboost_base,2023-12-01,7504.0,7758.6201171875,103,6,2023-06-01
xgboost_roll,2015-01-01,7184.0,6216.6142578125,1,1,2014-12-01
xgboost_roll,2015-02-01,5958.0,6428.18994140625,1,2,2014-12-01
xgboost_roll,2015-03-01,6658.0,6283.921875,1,3,2014-12-01
xgboost_roll,2015-04-01,7069.0,6254.36181640625,1,4,2014-12-01
xgboost_roll,2015-05-01,8099.0,7399.21044921875,1,5,2014-12-01
xgboost_roll,2015-06-01,7868.0,7398.013671875,1,6,2014-12-01
xgboost_roll,2015-02-01,5958.0,6911.6787109375,2,1,2015-01-01
xgboost_roll,2015-03-01,6658.0,6329.484375,2,2,2015-01-01
xgboost_roll,2015-04-01,7069.0,6530.416015625,2,3,2015-01-01
xgboost_roll,2015-05-01,8099.0,7285.26904296875,2,4,2015-01-01
xgboost_roll,2015-06-01,7868.0,7358.251953125,2,5,2015-01-01
xgboost_roll,2015-07-01,7986.0,7608.64111328125,2,6,2015-01-01
xgboost_roll,2015-03-01,6658.0,6609.50390625,3,1,2015-02-01
xgboost_roll,2015-04-01,7069.0,6431.92041015625,3,2,2015-02-01
xgboost_roll,2015-05-01,8099.0,7155.63037109375,3,3,2015-02-01
xgboost_roll,2015-06-01,7868.0,7370.267578125,3,4,2015-02-01
xgboost_roll,2015-07-01,7986.0,7775.39501953125,3,5,2015-02-01
xgboost_roll,2015-08-01,7251.0,7506.25732421875,3,6,2015-02-01
xgboost_roll,2015-04-01,7069.0,6391.1708984375,4,1,2015-03-01
xgboost_roll,2015-05-01,8099.0,7162.31591796875,4,2,2015-03-01
xgboost_roll,2015-06-01,7868.0,7421.41650390625,4,3,2015-03-01
xgboost_roll,2015-07-01,7986.0,7768.68994140625,4,4,2015-03-01
xgboost_roll,2015-08-01,7251.0,7506.18408203125,4,5,2015-03-01
xgboost_roll,2015-09-01,7163.0,6739.4072265625,4,6,2015-03-01
xgboost_roll,2015-05-01,8099.0,7152.61572265625,5,1,2015-04-01
xgboost_roll,2015-06-01,7868.0,7402.4248046875,5,2,2015-04-01
xgboost_roll,2015-07-01,7986.0,7666.69921875,5,3,2015-04-01
xgboost_roll,2015-08-01,7251.0,7227.9208984375,5,4,2015-04-01
xgboost_roll,2015-09-01,7163.0,6795.86865234375,5,5,2015-04-01
xgboost_roll,2015-10-01,6690.0,7249.43017578125,5,6,2015-04-01
xgboost_roll,2015-06-01,7868.0,7836.6630859375,6,1,2015-05-01
xgboost_roll,2015-07-01,7986.0,7266.59619140625,6,2,2015-05-01
xgboost_roll,2015-08-01,7251.0,7541.31396484375,6,3,2015-05-01
xgboost_roll,2015-09-01,7163.0,6778.0849609375,6,4,2015-05-01
xgboost_roll,2015-10-01,6690.0,7390.4423828125,6,5,2015-05-01
xgboost_roll,2015-11-01,6392.0,6514.7041015625,6,6,2015-05-01
xgboost_roll,2015-07-01,7986.0,7337.66162109375,7,1,2015-06-01
xgboost_roll,2015-08-01,7251.0,7532.5,7,2,2015-06-01
xgboost_roll,2015-09-01,7163.0,6649.39306640625,7,3,2015-06-01
xgboost_roll,2015-10-01,6690.0,7347.68115234375,7,4,2015-06-01
xgboost_roll,2015-11-01,6392.0,6522.92431640625,7,5,2015-06-01
xgboost_roll,2015-12-01,6753.0,6722.30078125,7,6,2015-06-01
xgboost_roll,2015-08-01,7251.0,7625.8876953125,8,1,2015-07-01
xgboost_roll,2015-09-01,7163.0,6714.43505859375,8,2,2015-07-01
xgboost_roll,2015-10-01,6690.0,7545.41259765625,8,3,2015-07-01
xgboost_roll,2015-11-01,6392.0,6536.19580078125,8,4,2015-07-01
xgboost_roll,2015-12-01,6753.0,6977.26806640625,8,5,2015-07-01
xgboost_roll,2016-01-01,6753.0,7113.658203125,8,6,2015-07-01
xgboost_roll,2015-09-01,7163.0,6896.07763671875,9,1,2015-08-01
xgboost_roll,2015-10-01,6690.0,7481.6650390625,9,2,2015-08-01
xgboost_roll,2015-11-01,6392.0,6532.287109375,9,3,2015-08-01
xgboost_roll,2015-12-01,6753.0,6913.0087890625,9,4,2015-08-01
xgboost_roll,2016-01-01,6753.0,7000.96337890625,9,5,2015-08-01
xgboost_roll,2016-02-01,6385.0,6237.6494140625,9,6,2015-08-01
xgboost_roll,2015-10-01,6690.0,7441.21484375,10,1,2015-09-01
xgboost_roll,2015-11-01,6392.0,6609.40234375,10,2,2015-09-01
xgboost_roll,2015-12-01,6753.0,6844.64013671875,10,3,2015-09-01
xgboost_roll,2016-01-01,6753.0,7013.0048828125,10,4,2015-09-01
xgboost_roll,2016-02-01,6385.0,6309.07177734375,10,5,2015-09-01
xgboost_roll,2016-03-01,7164.0,6679.78076171875,10,6,2015-09-01
xgboost_roll,2015-11-01,6392.0,6510.03466796875,11,1,2015-10-01
xgboost_roll,2015-12-01,6753.0,6747.76513671875,11,2,2015-10-01
xgboost_roll,2016-01-01,6753.0,6958.9423828125,11,3,2015-10-01
xgboost_roll,2016-02-01,6385.0,6373.767578125,11,4,2015-10-01
xgboost_roll,2016-03-01,7164.0,6574.54443359375,11,5,2015-10-01
xgboost_roll,2016-04-01,7192.0,7128.5166015625,11,6,2015-10-01
xgboost_roll,2015-12-01,6753.0,6796.06787109375,12,1,2015-11-01
xgboost_roll,2016-01-01,6753.0,7052.93505859375,12,2,2015-11-01
xgboost_roll,2016-02-01,6385.0,6328.646484375,12,3,2015-11-01
xgboost_roll,2016-03-01,7164.0,6583.755859375,12,4,2015-11-01
xgboost_roll,2016-04-01,7192.0,7139.02880859375,12,5,2015-11-01
xgboost_roll,2016-05-01,7743.0,7480.87060546875,12,6,2015-11-01
xgboost_roll,2016-01-01,6753.0,7006.23486328125,13,1,2015-12-01
xgboost_roll,2016-02-01,6385.0,6311.37451171875,13,2,2015-12-01
xgboost_roll,2016-03-01,7164.0,6437.935546875,13,3,2015-12-01
xgboost_roll,2016-04-01,7192.0,7150.89404296875,13,4,2015-12-01
xgboost_roll,2016-05-01,7743.0,7439.54931640625,13,5,2015-12-01
xgboost_roll,2016-06-01,8767.0,7473.654296875,13,6,2015-12-01
xgboost_roll,2016-02-01,6385.0,6379.69384765625,14,1,2016-01-01
xgboost_roll,2016-03-01,7164.0,6475.56591796875,14,2,2016-01-01
xgboost_roll,2016-04-01,7192.0,7129.49560546875,14,3,2016-01-01
xgboost_roll,2016-05-01,7743.0,7431.796875,14,4,2016-01-01
xgboost_roll,2016-06-01,8767.0,7482.18701171875,14,5,2016-01-01
xgboost_roll,2016-07-01,8479.0,7707.791015625,14,6,2016-01-01
xgboost_roll,2016-03-01,7164.0,6467.98193359375,15,1,2016-02-01
xgboost_roll,2016-04-01,7192.0,7164.78076171875,15,2,2016-02-01
xgboost_roll,2016-05-01,7743.0,7455.62939453125,15,3,2016-02-01
xgboost_roll,2016-06-01,8767.0,7506.10205078125,15,4,2016-02-01
xgboost_roll,2016-07-01,8479.0,7691.3212890625,15,5,2016-02-01
xgboost_roll,2016-08-01,7890.0,7029.61181640625,15,6,2016-02-01
xgboost_roll,2016-04-01,7192.0,7245.60986328125,16,1,2016-03-01
xgboost_roll,2016-05-01,7743.0,7505.47021484375,16,2,2016-03-01
xgboost_roll,2016-06-01,8767.0,7349.56982421875,16,3,2016-03-01
xgboost_roll,2016-07-01,8479.0,7609.69677734375,16,4,2016-03-01
xgboost_roll,2016-08-01,7890.0,7030.03076171875,16,5,2016-03-01
xgboost_roll,2016-09-01,7317.0,6797.46875,16,6,2016-03-01
xgboost_roll,2016-05-01,7743.0,7474.90576171875,17,1,2016-04-01
xgboost_roll,2016-06-01,8767.0,7364.56689453125,17,2,2016-04-01
xgboost_roll,2016-07-01,8479.0,7574.44287109375,17,3,2016-04-01
xgboost_roll,2016-08-01,7890.0,7000.5,17,4,2016-04-01
xgboost_roll,2016-09-01,7317.0,6799.98193359375,17,5,2016-04-01
xgboost_roll,2016-10-01,7426.0,6616.85791015625,17,6,2016-04-01
xgboost_roll,2016-06-01,8767.0,7352.49560546875,18,1,2016-05-01
xgboost_roll,2016-07-01,8479.0,7558.6650390625,18,2,2016-05-01
xgboost_roll,2016-08-01,7890.0,7009.08642578125,18,3,2016-05-01
xgboost_roll,2016-09-01,7317.0,6815.05029296875,18,4,2016-05-01
xgboost_roll,2016-10-01,7426.0,6635.734375,18,5,2016-05-01
xgboost_roll,2016-11-01,6700.0,6387.14111328125,18,6,2016-05-01
xgboost_roll,2016-07-01,8479.0,7779.58349609375,19,1,2016-06-01
xgboost_roll,2016-08-01,7890.0,7460.3193359375,19,2,2016-06-01
xgboost_roll,2016-09-01,7317.0,6893.63818359375,19,3,2016-06-01
xgboost_roll,2016-10-01,7426.0,6667.26611328125,19,4,2016-06-01
xgboost_roll,2016-11-01,6700.0,6526.96044921875,19,5,2016-06-01
xgboost_roll,2016-12-01,6994.0,6678.31982421875,19,6,2016-06-01
xgboost_roll,2016-08-01,7890.0,7396.51513671875,20,1,2016-07-01
xgboost_roll,2016-09-01,7317.0,6940.15576171875,20,2,2016-07-01
xgboost_roll,2016-10-01,7426.0,6705.7197265625,20,3,2016-07-01
xgboost_roll,2016-11-01,6700.0,6515.82470703125,20,4,2016-07-01
xgboost_roll,2016-12-01,6994.0,6766.14111328125,20,5,2016-07-01
xgboost_roll,2017-01-01,6788.0,6647.9189453125,20,6,2016-07-01
xgboost_roll,2016-09-01,7317.0,7004.86474609375,21,1,2016-08-01
xgboost_roll,2016-10-01,7426.0,6739.158203125,21,2,2016-08-01
xgboost_roll,2016-11-01,6700.0,6490.87451171875,21,3,2016-08-01
xgboost_roll,2016-12-01,6994.0,6675.41943359375,21,4,2016-08-01
xgboost_roll,2017-01-01,6788.0,6667.521484375,21,5,2016-08-01
xgboost_roll,2017-02-01,6271.0,6563.12451171875,21,6,2016-08-01
xgboost_roll,2016-10-01,7426.0,6812.40283203125,22,1,2016-09-01
xgboost_roll,2016-11-01,6700.0,6640.779296875,22,2,2016-09-01
xgboost_roll,2016-12-01,6994.0,6631.12646484375,22,3,2016-09-01
xgboost_roll,2017-01-01,6788.0,6770.4072265625,22,4,2016-09-01
xgboost_roll,2017-02-01,6271.0,6720.5625,22,5,2016-09-01
xgboost_roll,2017-03-01,6794.0,7523.2294921875,22,6,2016-09-01
xgboost_roll,2016-11-01,6700.0,6894.9794921875,23,1,2016-10-01
xgboost_roll,2016-12-01,6994.0,6879.708984375,23,2,2016-10-01
xgboost_roll,2017-01-01,6788.0,6888.53173828125,23,3,2016-10-01
xgboost_roll,2017-02-01,6271.0,6773.9345703125,23,4,2016-10-01
xgboost_roll,2017-03-01,6794.0,7515.1875,23,5,2016-10-01
xgboost_roll,2017-04-01,6884.0,7828.2646484375,23,6,2016-10-01
xgboost_roll,2016-12-01,6994.0,6857.62060546875,24,1,2016-11-01
xgboost_roll,2017-01-01,6788.0,6893.4638671875,24,2,2016-11-01
xgboost_roll,2017-02-01,6271.0,6825.3349609375,24,3,2016-11-01
xgboost_roll,2017-03-01,6794.0,7585.59423828125,24,4,2016-11-01
xgboost_roll,2017-04-01,6884.0,7776.2314453125,24,5,2016-11-01
xgboost_roll,2017-05-01,7651.0,7975.4248046875,24,6,2016-11-01
xgboost_roll,2017-01-01,6788.0,6850.82763671875,25,1,2016-12-01
xgboost_roll,2017-02-01,6271.0,6768.13427734375,25,2,2016-12-01
xgboost_roll,2017-03-01,6794.0,7618.01318359375,25,3,2016-12-01
xgboost_roll,2017-04-01,6884.0,7855.88330078125,25,4,2016-12-01
xgboost_roll,2017-05-01,7651.0,7925.8603515625,25,5,2016-12-01
xgboost_roll,2017-06-01,8009.0,8004.80712890625,25,6,2016-12-01
xgboost_roll,2017-02-01,6271.0,6681.169921875,26,1,2017-01-01
xgboost_roll,2017-03-01,6794.0,7546.23291015625,26,2,2017-01-01
xgboost_roll,2017-04-01,6884.0,7798.5849609375,26,3,2017-01-01
xgboost_roll,2017-05-01,7651.0,7909.11083984375,26,4,2017-01-01
xgboost_roll,2017-06-01,8009.0,8177.52001953125,26,5,2017-01-01
xgboost_roll,2017-07-01,8694.0,8013.10595703125,26,6,2017-01-01
xgboost_roll,2017-03-01,6794.0,7520.70166015625,27,1,2017-02-01
xgboost_roll,2017-04-01,6884.0,7665.11474609375,27,2,2017-02-01
xgboost_roll,2017-05-01,7651.0,7940.724609375,27,3,2017-02-01
xgboost_roll,2017-06-01,8009.0,8316.7490234375,27,4,2017-02-01
xgboost_roll,2017-07-01,8694.0,8084.24658203125,27,5,2017-02-01
xgboost_roll,2017-08-01,8130.0,7976.6982421875,27,6,2017-02-01
xgboost_roll,2017-04-01,6884.0,7328.2001953125,28,1,2017-03-01
xgboost_roll,2017-05-01,7651.0,7922.1826171875,28,2,2017-03-01
xgboost_roll,2017-06-01,8009.0,8209.9619140625,28,3,2017-03-01
xgboost_roll,2017-07-01,8694.0,8150.333984375,28,4,2017-03-01
xgboost_roll,2017-08-01,8130.0,7921.392578125,28,5,2017-03-01
xgboost_roll,2017-09-01,7446.0,7519.89501953125,28,6,2017-03-01
xgboost_roll,2017-05-01,7651.0,7653.58984375,29,1,2017-04-01
xgboost_roll,2017-06-01,8009.0,8151.17822265625,29,2,2017-04-01
xgboost_roll,2017-07-01,8694.0,8179.9384765625,29,3,2017-04-01
xgboost_roll,2017-08-01,8130.0,7989.3701171875,29,4,2017-04-01
xgboost_roll,2017-09-01,7446.0,7592.1484375,29,5,2017-04-01
xgboost_roll,2017-10-01,7282.0,7704.36376953125,29,6,2017-04-01
xgboost_roll,2017-06-01,8009.0,8149.76904296875,30,1,2017-05-01
xgboost_roll,2017-07-01,8694.0,8186.9189453125,30,2,2017-05-01
xgboost_roll,2017-08-01,8130.0,7950.31982421875,30,3,2017-05-01
xgboost_roll,2017-09-01,7446.0,7681.68359375,30,4,2017-05-01
xgboost_roll,2017-10-01,7282.0,7772.640625,30,5,2017-05-01
xgboost_roll,2017-11-01,6830.0,7094.9755859375,30,6,2017-05-01
xgboost_roll,2017-07-01,8694.0,8039.57763671875,31,1,2017-06-01
xgboost_roll,2017-08-01,8130.0,7939.14794921875,31,2,2017-06-01
xgboost_roll,2017-09-01,7446.0,7678.8740234375,31,3,2017-06-01
xgboost_roll,2017-10-01,7282.0,7791.80224609375,31,4,2017-06-01
xgboost_roll,2017-11-01,6830.0,7121.45263671875,31,5,2017-06-01
xgboost_roll,2017-12-01,6946.0,6845.8212890625,31,6,2017-06-01
xgboost_roll,2017-08-01,8130.0,8031.56005859375,32,1,2017-07-01
xgboost_roll,2017-09-01,7446.0,7980.7119140625,32,2,2017-07-01
xgboost_roll,2017-10-01,7282.0,7837.63427734375,32,3,2017-07-01
xgboost_roll,2017-11-01,6830.0,7187.03857421875,32,4,2017-07-01
xgboost_roll,2017-12-01,6946.0,6901.8271484375,32,5,2017-07-01
xgboost_roll,2018-01-01,6886.0,6835.50341796875,32,6,2017-07-01
xgboost_roll,2017-09-01,7446.0,7843.85205078125,33,1,2017-08-01
xgboost_roll,2017-10-01,7282.0,7879.78369140625,33,2,2017-08-01
xgboost_roll,2017-11-01,6830.0,7262.494140625,33,3,2017-08-01
xgboost_roll,2017-12-01,6946.0,7007.16845703125,33,4,2017-08-01
xgboost_roll,2018-01-01,6886.0,6846.22412109375,33,5,2017-08-01
xgboost_roll,2018-02-01,5960.0,6588.01513671875,33,6,2017-08-01
xgboost_roll,2017-10-01,7282.0,7746.95947265625,34,1,2017-09-01
xgboost_roll,2017-11-01,6830.0,7325.47412109375,34,2,2017-09-01
xgboost_roll,2017-12-01,6946.0,7002.0224609375,34,3,2017-09-01
xgboost_roll,2018-01-01,6886.0,6857.115234375,34,4,2017-09-01
xgboost_roll,2018-02-01,5960.0,6595.048828125,34,5,2017-09-01
xgboost_roll,2018-03-01,6930.0,6750.9091796875,34,6,2017-09-01
xgboost_roll,2017-11-01,6830.0,7261.25341796875,35,1,2017-10-01
xgboost_roll,2017-12-01,6946.0,6957.40673828125,35,2,2017-10-01
xgboost_roll,2018-01-01,6886.0,6733.77587890625,35,3,2017-10-01
xgboost_roll,2018-02-01,5960.0,6590.23388671875,35,4,2017-10-01
xgboost_roll,2018-03-01,6930.0,6694.85986328125,35,5,2017-10-01
xgboost_roll,2018-04-01,6769.0,6882.2421875,35,6,2017-10-01
xgboost_roll,2017-12-01,6946.0,6895.70263671875,36,1,2017-11-01
xgboost_roll,2018-01-01,6886.0,6649.080078125,36,2,2017-11-01
xgboost_roll,2018-02-01,5960.0,6570.4951171875,36,3,2017-11-01
xgboost_roll,2018-03-01,6930.0,6637.9033203125,36,4,2017-11-01
xgboost_roll,2018-04-01,6769.0,6814.36962890625,36,5,2017-11-01
xgboost_roll,2018-05-01,7511.0,7386.67578125,36,6,2017-11-01
xgboost_roll,2018-01-01,6886.0,6694.70947265625,37,1,2017-12-01
xgboost_roll,2018-02-01,5960.0,6578.4140625,37,2,2017-12-01
xgboost_roll,2018-03-01,6930.0,6703.24951171875,37,3,2017-12-01
xgboost_roll,2018-04-01,6769.0,6814.955078125,37,4,2017-12-01
xgboost_roll,2018-05-01,7511.0,7461.439453125,37,5,2017-12-01
xgboost_roll,2018-06-01,8057.0,7883.47021484375,37,6,2017-12-01
xgboost_roll,2018-02-01,5960.0,6625.8134765625,38,1,2018-01-01
xgboost_roll,2018-03-01,6930.0,6739.1982421875,38,2,2018-01-01
xgboost_roll,2018-04-01,6769.0,6907.45556640625,38,3,2018-01-01
xgboost_roll,2018-05-01,7511.0,7496.0283203125,38,4,2018-01-01
xgboost_roll,2018-06-01,8057.0,7883.33154296875,38,5,2018-01-01
xgboost_roll,2018-07-01,8175.0,8426.763671875,38,6,2018-01-01
xgboost_roll,2018-03-01,6930.0,6769.5810546875,39,1,2018-02-01
xgboost_roll,2018-04-01,6769.0,6968.86669921875,39,2,2018-02-01
xgboost_roll,2018-05-01,7511.0,7661.23095703125,39,3,2018-02-01
xgboost_roll,2018-06-01,8057.0,7980.6943359375,39,4,2018-02-01
xgboost_roll,2018-07-01,8175.0,8423.3056640625,39,5,2018-02-01
xgboost_roll,2018-08-01,8328.0,8010.494140625,39,6,2018-02-01
xgboost_roll,2018-04-01,6769.0,6979.2109375,40,1,2018-03-01
xgboost_roll,2018-05-01,7511.0,7665.8974609375,40,2,2018-03-01
xgboost_roll,2018-06-01,8057.0,8058.12548828125,40,3,2018-03-01
xgboost_roll,2018-07-01,8175.0,8397.20703125,40,4,2018-03-01
xgboost_roll,2018-08-01,8328.0,7836.85791015625,40,5,2018-03-01
xgboost_roll,2018-09-01,7325.0,7527.96484375,40,6,2018-03-01
xgboost_roll,2018-05-01,7511.0,7637.9775390625,41,1,2018-04-01
xgboost_roll,2018-06-01,8057.0,7931.677734375,41,2,2018-04-01
xgboost_roll,2018-07-01,8175.0,8489.25390625,41,3,2018-04-01
xgboost_roll,2018-08-01,8328.0,7874.75146484375,41,4,2018-04-01
xgboost_roll,2018-09-01,7325.0,7552.88623046875,41,5,2018-04-01
xgboost_roll,2018-10-01,7202.0,7391.6298828125,41,6,2018-04-01
xgboost_roll,2018-06-01,8057.0,7944.20654296875,42,1,2018-05-01
xgboost_roll,2018-07-01,8175.0,8444.5537109375,42,2,2018-05-01
xgboost_roll,2018-08-01,8328.0,7970.7841796875,42,3,2018-05-01
xgboost_roll,2018-09-01,7325.0,7601.1640625,42,4,2018-05-01
xgboost_roll,2018-10-01,7202.0,7371.986328125,42,5,2018-05-01
xgboost_roll,2018-11-01,7161.0,7020.9697265625,42,6,2018-05-01
xgboost_roll,2018-07-01,8175.0,8448.1337890625,43,1,2018-06-01
xgboost_roll,2018-08-01,8328.0,8031.2451171875,43,2,2018-06-01
xgboost_roll,2018-09-01,7325.0,7526.73388671875,43,3,2018-06-01
xgboost_roll,2018-10-01,7202.0,7373.83740234375,43,4,2018-06-01
xgboost_roll,2018-11-01,7161.0,7100.9619140625,43,5,2018-06-01
xgboost_roll,2018-12-01,7409.0,6895.3740234375,43,6,2018-06-01
xgboost_roll,2018-08-01,8328.0,7978.18115234375,44,1,2018-07-01
xgboost_roll,2018-09-01,7325.0,7477.80615234375,44,2,2018-07-01
xgboost_roll,2018-10-01,7202.0,7356.36328125,44,3,2018-07-01
xgboost_roll,2018-11-01,7161.0,7034.36279296875,44,4,2018-07-01
xgboost_roll,2018-12-01,7409.0,6885.38818359375,44,5,2018-07-01
xgboost_roll,2019-01-01,7117.0,6802.58056640625,44,6,2018-07-01
xgboost_roll,2018-09-01,7325.0,7609.70703125,45,1,2018-08-01
xgboost_roll,2018-10-01,7202.0,7336.81640625,45,2,2018-08-01
xgboost_roll,2018-11-01,7161.0,7209.3935546875,45,3,2018-08-01
xgboost_roll,2018-12-01,7409.0,6928.02294921875,45,4,2018-08-01
xgboost_roll,2019-01-01,7117.0,6803.93701171875,45,5,2018-08-01
xgboost_roll,2019-02-01,6307.0,6381.74658203125,45,6,2018-08-01
xgboost_roll,2018-10-01,7202.0,7395.01708984375,46,1,2018-09-01
xgboost_roll,2018-11-01,7161.0,7212.78125,46,2,2018-09-01
xgboost_roll,2018-12-01,7409.0,6859.001953125,46,3,2018-09-01
xgboost_roll,2019-01-01,7117.0,6804.3876953125,46,4,2018-09-01
xgboost_roll,2019-02-01,6307.0,6216.8447265625,46,5,2018-09-01
xgboost_roll,2019-03-01,7067.0,6779.021484375,46,6,2018-09-01
xgboost_roll,2018-11-01,7161.0,6877.14892578125,47,1,2018-10-01
xgboost_roll,2018-12-01,7409.0,6804.66943359375,47,2,2018-10-01
xgboost_roll,2019-01-01,7117.0,6796.625,47,3,2018-10-01
xgboost_roll,2019-02-01,6307.0,6073.65625,47,4,2018-10-01
xgboost_roll,2019-03-01,7067.0,6798.5703125,47,5,2018-10-01
xgboost_roll,2019-04-01,7108.0,6904.85205078125,47,6,2018-10-01
xgboost_roll,2018-12-01,7409.0,6821.06201171875,48,1,2018-11-01
xgboost_roll,2019-01-01,7117.0,6811.48876953125,48,2,2018-11-01
xgboost_roll,2019-02-01,6307.0,6147.400390625,48,3,2018-11-01
xgboost_roll,2019-03-01,7067.0,6792.94775390625,48,4,2018-11-01
xgboost_roll,2019-04-01,7108.0,6903.35791015625,48,5,2018-11-01
xgboost_roll,2019-05-01,7776.0,7544.412109375,48,6,2018-11-01
xgboost_roll,2019-01-01,7117.0,6946.60205078125,49,1,2018-12-01
xgboost_roll,2019-02-01,6307.0,6302.5380859375,49,2,2018-12-01
xgboost_roll,2019-03-01,7067.0,6778.58984375,49,3,2018-12-01
xgboost_roll,2019-04-01,7108.0,6884.0703125,49,4,2018-12-01
xgboost_roll,2019-05-01,7776.0,7380.392578125,49,5,2018-12-01
xgboost_roll,2019-06-01,8274.0,7959.47509765625,49,6,2018-12-01
xgboost_roll,2019-02-01,6307.0,6325.39306640625,50,1,2019-01-01
xgboost_roll,2019-03-01,7067.0,6835.34033203125,50,2,2019-01-01
xgboost_roll,2019-04-01,7108.0,6888.06298828125,50,3,2019-01-01
xgboost_roll,2019-05-01,7776.0,7441.2080078125,50,4,2019-01-01
xgboost_roll,2019-06-01,8274.0,8124.74267578125,50,5,2019-01-01
xgboost_roll,2019-07-01,8919.0,8329.58984375,50,6,2019-01-01
xgboost_roll,2019-03-01,7067.0,6862.34619140625,51,1,2019-02-01
xgboost_roll,2019-04-01,7108.0,6907.03857421875,51,2,2019-02-01
xgboost_roll,2019-05-01,7776.0,7446.23876953125,51,3,2019-02-01
xgboost_roll,2019-06-01,8274.0,8170.70166015625,51,4,2019-02-01
xgboost_roll,2019-07-01,8919.0,8343.3701171875,51,5,2019-02-01
xgboost_roll,2019-08-01,8180.0,8225.169921875,51,6,2019-02-01
xgboost_roll,2019-04-01,7108.0,6894.12890625,52,1,2019-03-01
xgboost_roll,2019-05-01,7776.0,7478.3828125,52,2,2019-03-01
xgboost_roll,2019-06-01,8274.0,8121.00146484375,52,3,2019-03-01
xgboost_roll,2019-07-01,8919.0,8262.6396484375,52,4,2019-03-01
xgboost_roll,2019-08-01,8180.0,8225.5322265625,52,5,2019-03-01
xgboost_roll,2019-09-01,7664.0,7388.6171875,52,6,2019-03-01
xgboost_roll,2019-05-01,7776.0,7505.56494140625,53,1,2019-04-01
xgboost_roll,2019-06-01,8274.0,8113.4501953125,53,2,2019-04-01
xgboost_roll,2019-07-01,8919.0,8290.3857421875,53,3,2019-04-01
xgboost_roll,2019-08-01,8180.0,8241.7841796875,53,4,2019-04-01
xgboost_roll,2019-09-01,7664.0,7393.95556640625,53,5,2019-04-01
xgboost_roll,2019-10-01,7254.0,7445.98046875,53,6,2019-04-01
xgboost_roll,2019-06-01,8274.0,8301.47265625,54,1,2019-05-01
xgboost_roll,2019-07-01,8919.0,8298.521484375,54,2,2019-05-01
xgboost_roll,2019-08-01,8180.0,8150.31884765625,54,3,2019-05-01
xgboost_roll,2019-09-01,7664.0,7417.77392578125,54,4,2019-05-01
xgboost_roll,2019-10-01,7254.0,7507.4580078125,54,5,2019-05-01
xgboost_roll,2019-11-01,6785.0,7219.40283203125,54,6,2019-05-01
xgboost_roll,2019-07-01,8919.0,8293.728515625,55,1,2019-06-01
xgboost_roll,2019-08-01,8180.0,8130.16064453125,55,2,2019-06-01
xgboost_roll,2019-09-01,7664.0,7452.671875,55,3,2019-06-01
xgboost_roll,2019-10-01,7254.0,7525.17041015625,55,4,2019-06-01
xgboost_roll,2019-11-01,6785.0,7214.53515625,55,5,2019-06-01
xgboost_roll,2019-12-01,6987.0,7462.42431640625,55,6,2019-06-01
xgboost_roll,2019-08-01,8180.0,8322.8681640625,56,1,2019-07-01
xgboost_roll,2019-09-01,7664.0,7630.53564453125,56,2,2019-07-01
xgboost_roll,2019-10-01,7254.0,7646.87548828125,56,3,2019-07-01
xgboost_roll,2019-11-01,6785.0,7478.669921875,56,4,2019-07-01
xgboost_roll,2019-12-01,6987.0,7710.1298828125,56,5,2019-07-01
xgboost_roll,2020-01-01,7194.0,7164.03369140625,56,6,2019-07-01
xgboost_roll,2019-09-01,7664.0,7623.88818359375,57,1,2019-08-01
xgboost_roll,2019-10-01,7254.0,7582.4482421875,57,2,2019-08-01
xgboost_roll,2019-11-01,6785.0,7396.85791015625,57,3,2019-08-01
xgboost_roll,2019-12-01,6987.0,7698.9794921875,57,4,2019-08-01
xgboost_roll,2020-01-01,7194.0,7097.2939453125,57,5,2019-08-01
xgboost_roll,2020-02-01,6848.0,6626.064453125,57,6,2019-08-01
xgboost_roll,2019-10-01,7254.0,7535.08544921875,58,1,2019-09-01
xgboost_roll,2019-11-01,6785.0,7336.91650390625,58,2,2019-09-01
xgboost_roll,2019-12-01,6987.0,7643.90576171875,58,3,2019-09-01
xgboost_roll,2020-01-01,7194.0,7054.73486328125,58,4,2019-09-01
xgboost_roll,2020-02-01,6848.0,6543.17236328125,58,5,2019-09-01
xgboost_roll,2020-03-01,7324.0,6984.17431640625,58,6,2019-09-01
xgboost_roll,2019-11-01,6785.0,7233.34716796875,59,1,2019-10-01
xgboost_roll,2019-12-01,6987.0,7529.4013671875,59,2,2019-10-01
xgboost_roll,2020-01-01,7194.0,7078.26220703125,59,3,2019-10-01
xgboost_roll,2020-02-01,6848.0,6479.58544921875,59,4,2019-10-01
xgboost_roll,2020-03-01,7324.0,6949.92724609375,59,5,2019-10-01
xgboost_roll,2020-04-01,5978.0,6994.23828125,59,6,2019-10-01
xgboost_roll,2019-12-01,6987.0,7370.71044921875,60,1,2019-11-01
xgboost_roll,2020-01-01,7194.0,6956.60888671875,60,2,2019-11-01
xgboost_roll,2020-02-01,6848.0,6475.3857421875,60,3,2019-11-01
xgboost_roll,2020-03-01,7324.0,6972.8037109375,60,4,2019-11-01
xgboost_roll,2020-04-01,5978.0,6883.85302734375,60,5,2019-11-01
xgboost_roll,2020-05-01,7062.0,7562.43408203125,60,6,2019-11-01
xgboost_roll,2020-01-01,7194.0,6829.98583984375,61,1,2019-12-01
xgboost_roll,2020-02-01,6848.0,6371.81494140625,61,2,2019-12-01
xgboost_roll,2020-03-01,7324.0,6874.806640625,61,3,2019-12-01
xgboost_roll,2020-04-01,5978.0,6841.2041015625,61,4,2019-12-01
xgboost_roll,2020-05-01,7062.0,7552.51806640625,61,5,2019-12-01
xgboost_roll,2020-06-01,6948.0,8152.412109375,61,6,2019-12-01
xgboost_roll,2020-02-01,6848.0,6490.85595703125,62,1,2020-01-01
xgboost_roll,2020-03-01,7324.0,6909.0,62,2,2020-01-01
xgboost_roll,2020-04-01,5978.0,6966.4013671875,62,3,2020-01-01
xgboost_roll,2020-05-01,7062.0,7694.6806640625,62,4,2020-01-01
xgboost_roll,2020-06-01,6948.0,8256.94140625,62,5,2020-01-01
xgboost_roll,2020-07-01,7392.0,8395.6513671875,62,6,2020-01-01
xgboost_roll,2020-03-01,7324.0,6950.16943359375,63,1,2020-02-01
xgboost_roll,2020-04-01,5978.0,6976.35595703125,63,2,2020-02-01
xgboost_roll,2020-05-01,7062.0,7689.26416015625,63,3,2020-02-01
xgboost_roll,2020-06-01,6948.0,8303.126953125,63,4,2020-02-01
xgboost_roll,2020-07-01,7392.0,8323.482421875,63,5,2020-02-01
xgboost_roll,2020-08-01,7678.0,8238.966796875,63,6,2020-02-01
xgboost_roll,2020-04-01,5978.0,7162.98876953125,64,1,2020-03-01
xgboost_roll,2020-05-01,7062.0,7755.8837890625,64,2,2020-03-01
xgboost_roll,2020-06-01,6948.0,8319.068359375,64,3,2020-03-01
xgboost_roll,2020-07-01,7392.0,8428.1787109375,64,4,2020-03-01
xgboost_roll,2020-08-01,7678.0,8247.806640625,64,5,2020-03-01
xgboost_roll,2020-09-01,7005.0,7599.37939453125,64,6,2020-03-01
xgboost_roll,2020-05-01,7062.0,7614.376953125,65,1,2020-04-01
xgboost_roll,2020-06-01,6948.0,7821.35498046875,65,2,2020-04-01
xgboost_roll,2020-07-01,7392.0,7958.60400390625,65,3,2020-04-01
xgboost_roll,2020-08-01,7678.0,8352.2451171875,65,4,2020-04-01
xgboost_roll,2020-09-01,7005.0,7702.84326171875,65,5,2020-04-01
xgboost_roll,2020-10-01,7385.0,7202.03076171875,65,6,2020-04-01
xgboost_roll,2020-06-01,6948.0,7698.6748046875,66,1,2020-05-01
xgboost_roll,2020-07-01,7392.0,7870.03564453125,66,2,2020-05-01
xgboost_roll,2020-08-01,7678.0,8430.2646484375,66,3,2020-05-01
xgboost_roll,2020-09-01,7005.0,7820.27197265625,66,4,2020-05-01
xgboost_roll,2020-10-01,7385.0,7309.455078125,66,5,2020-05-01
xgboost_roll,2020-11-01,6872.0,7194.91748046875,66,6,2020-05-01
xgboost_roll,2020-07-01,7392.0,7566.041015625,67,1,2020-06-01
xgboost_roll,2020-08-01,7678.0,8016.4169921875,67,2,2020-06-01
xgboost_roll,2020-09-01,7005.0,7862.34521484375,67,3,2020-06-01
xgboost_roll,2020-10-01,7385.0,7408.88427734375,67,4,2020-06-01
xgboost_roll,2020-11-01,6872.0,7023.27099609375,67,5,2020-06-01
xgboost_roll,2020-12-01,6781.0,7033.0380859375,67,6,2020-06-01
xgboost_roll,2020-08-01,7678.0,7893.96533203125,68,1,2020-07-01
xgboost_roll,2020-09-01,7005.0,8054.587890625,68,2,2020-07-01
xgboost_roll,2020-10-01,7385.0,7578.828125,68,3,2020-07-01
xgboost_roll,2020-11-01,6872.0,7074.78662109375,68,4,2020-07-01
xgboost_roll,2020-12-01,6781.0,6995.58056640625,68,5,2020-07-01
xgboost_roll,2021-01-01,6917.0,6936.93310546875,68,6,2020-07-01
xgboost_roll,2020-09-01,7005.0,7917.83984375,69,1,2020-08-01
xgboost_roll,2020-10-01,7385.0,7691.40771484375,69,2,2020-08-01
xgboost_roll,2020-11-01,6872.0,7080.8125,69,3,2020-08-01
xgboost_roll,2020-12-01,6781.0,6985.3251953125,69,4,2020-08-01
xgboost_roll,2021-01-01,6917.0,7005.9072265625,69,5,2020-08-01
xgboost_roll,2021-02-01,6217.0,7062.39501953125,69,6,2020-08-01
xgboost_roll,2020-10-01,7385.0,7144.17626953125,70,1,2020-09-01
xgboost_roll,2020-11-01,6872.0,6879.1845703125,70,2,2020-09-01
xgboost_roll,2020-12-01,6781.0,7051.693359375,70,3,2020-09-01
xgboost_roll,2021-01-01,6917.0,6919.9306640625,70,4,2020-09-01
xgboost_roll,2021-02-01,6217.0,6993.84521484375,70,5,2020-09-01
xgboost_roll,2021-03-01,7569.0,7057.9697265625,70,6,2020-09-01
xgboost_roll,2020-11-01,6872.0,6993.892578125,71,1,2020-10-01
xgboost_roll,2020-12-01,6781.0,7026.4140625,71,2,2020-10-01
xgboost_roll,2021-01-01,6917.0,7002.2119140625,71,3,2020-10-01
xgboost_roll,2021-02-01,6217.0,7025.96435546875,71,4,2020-10-01
xgboost_roll,2021-03-01,7569.0,7160.92724609375,71,5,2020-10-01
xgboost_roll,2021-04-01,6917.0,6451.44287109375,71,6,2020-10-01
xgboost_roll,2020-12-01,6781.0,7039.20458984375,72,1,2020-11-01
xgboost_roll,2021-01-01,6917.0,7016.07470703125,72,2,2020-11-01
xgboost_roll,2021-02-01,6217.0,6947.47314453125,72,3,2020-11-01
xgboost_roll,2021-03-01,7569.0,7102.12451171875,72,4,2020-11-01
xgboost_roll,2021-04-01,6917.0,6294.4189453125,72,5,2020-11-01
xgboost_roll,2021-05-01,8253.0,6985.794921875,72,6,2020-11-01
xgboost_roll,2021-01-01,6917.0,7005.5048828125,73,1,2020-12-01
xgboost_roll,2021-02-01,6217.0,6911.83203125,73,2,2020-12-01
xgboost_roll,2021-03-01,7569.0,7173.99169921875,73,3,2020-12-01
xgboost_roll,2021-04-01,6917.0,6471.0107421875,73,4,2020-12-01
xgboost_roll,2021-05-01,8253.0,6924.6396484375,73,5,2020-12-01
xgboost_roll,2021-06-01,8153.0,7040.5869140625,73,6,2020-12-01
xgboost_roll,2021-02-01,6217.0,6829.06103515625,74,1,2021-01-01
xgboost_roll,2021-03-01,7569.0,7113.0244140625,74,2,2021-01-01
xgboost_roll,2021-04-01,6917.0,6483.89306640625,74,3,2021-01-01
xgboost_roll,2021-05-01,8253.0,6840.49072265625,74,4,2021-01-01
xgboost_roll,2021-06-01,8153.0,6972.96533203125,74,5,2021-01-01
xgboost_roll,2021-07-01,9251.0,7510.541015625,74,6,2021-01-01
xgboost_roll,2021-03-01,7569.0,7160.998046875,75,1,2021-02-01
xgboost_roll,2021-04-01,6917.0,6674.51904296875,75,2,2021-02-01
xgboost_roll,2021-05-01,8253.0,6962.4990234375,75,3,2021-02-01
xgboost_roll,2021-06-01,8153.0,7128.0009765625,75,4,2021-02-01
xgboost_roll,2021-07-01,9251.0,7440.59912109375,75,5,2021-02-01
xgboost_roll,2021-08-01,8830.0,7690.5927734375,75,6,2021-02-01
xgboost_roll,2021-04-01,6917.0,6944.27197265625,76,1,2021-03-01
xgboost_roll,2021-05-01,8253.0,6958.64697265625,76,2,2021-03-01
xgboost_roll,2021-06-01,8153.0,7140.92626953125,76,3,2021-03-01
xgboost_roll,2021-07-01,9251.0,7328.47900390625,76,4,2021-03-01
xgboost_roll,2021-08-01,8830.0,7584.0205078125,76,5,2021-03-01
xgboost_roll,2021-09-01,7512.0,6925.14306640625,76,6,2021-03-01
xgboost_roll,2021-05-01,8253.0,6985.45703125,77,1,2021-04-01
xgboost_roll,2021-06-01,8153.0,7113.61474609375,77,2,2021-04-01
xgboost_roll,2021-07-01,9251.0,7309.89404296875,77,3,2021-04-01
xgboost_roll,2021-08-01,8830.0,7677.69921875,77,4,2021-04-01
xgboost_roll,2021-09-01,7512.0,6844.888671875,77,5,2021-04-01
xgboost_roll,2021-10-01,7656.0,7295.78759765625,77,6,2021-04-01
xgboost_roll,2021-06-01,8153.0,7673.24072265625,78,1,2021-05-01
xgboost_roll,2021-07-01,9251.0,7426.84130859375,78,2,2021-05-01
xgboost_roll,2021-08-01,8830.0,7601.6298828125,78,3,2021-05-01
xgboost_roll,2021-09-01,7512.0,6901.4306640625,78,4,2021-05-01
xgboost_roll,2021-10-01,7656.0,7290.5185546875,78,5,2021-05-01
xgboost_roll,2021-11-01,7603.0,6834.21728515625,78,6,2021-05-01
xgboost_roll,2021-07-01,9251.0,7860.04638671875,79,1,2021-06-01
xgboost_roll,2021-08-01,8830.0,7716.66064453125,79,2,2021-06-01
xgboost_roll,2021-09-01,7512.0,6983.33447265625,79,3,2021-06-01
xgboost_roll,2021-10-01,7656.0,7336.314453125,79,4,2021-06-01
xgboost_roll,2021-11-01,7603.0,6922.39990234375,79,5,2021-06-01
xgboost_roll,2021-12-01,8237.0,6804.58251953125,79,6,2021-06-01
xgboost_roll,2021-08-01,8830.0,7835.8212890625,80,1,2021-07-01
xgboost_roll,2021-09-01,7512.0,7638.3388671875,80,2,2021-07-01
xgboost_roll,2021-10-01,7656.0,7537.4169921875,80,3,2021-07-01
xgboost_roll,2021-11-01,7603.0,6999.77392578125,80,4,2021-07-01
xgboost_roll,2021-12-01,8237.0,6903.60888671875,80,5,2021-07-01
xgboost_roll,2022-01-01,9582.0,7002.1455078125,80,6,2021-07-01
xgboost_roll,2021-09-01,7512.0,7259.060546875,81,1,2021-08-01
xgboost_roll,2021-10-01,7656.0,7400.54833984375,81,2,2021-08-01
xgboost_roll,2021-11-01,7603.0,7231.63330078125,81,3,2021-08-01
xgboost_roll,2021-12-01,8237.0,6901.416015625,81,4,2021-08-01
xgboost_roll,2022-01-01,9582.0,6962.421875,81,5,2021-08-01
xgboost_roll,2022-02-01,7227.0,6301.52001953125,81,6,2021-08-01
xgboost_roll,2021-10-01,7656.0,7291.5732421875,82,1,2021-09-01
xgboost_roll,2021-11-01,7603.0,7357.63818359375,82,2,2021-09-01
xgboost_roll,2021-12-01,8237.0,6840.3369140625,82,3,2021-09-01
xgboost_roll,2022-01-01,9582.0,6910.2431640625,82,4,2021-09-01
xgboost_roll,2022-02-01,7227.0,6575.16552734375,82,5,2021-09-01
xgboost_roll,2022-03-01,7504.0,6967.49951171875,82,6,2021-09-01
xgboost_roll,2021-11-01,7603.0,7251.041015625,83,1,2021-10-01
xgboost_roll,2021-12-01,8237.0,6923.83837890625,83,2,2021-10-01
xgboost_roll,2022-01-01,9582.0,6881.88232421875,83,3,2021-10-01
xgboost_roll,2022-02-01,7227.0,6618.30078125,83,4,2021-10-01
xgboost_roll,2022-03-01,7504.0,7087.05517578125,83,5,2021-10-01
xgboost_roll,2022-04-01,7589.0,6476.2373046875,83,6,2021-10-01
xgboost_roll,2021-12-01,8237.0,6831.86279296875,84,1,2021-11-01
xgboost_roll,2022-01-01,9582.0,7102.12255859375,84,2,2021-11-01
xgboost_roll,2022-02-01,7227.0,6758.607421875,84,3,2021-11-01
xgboost_roll,2022-03-01,7504.0,7146.35693359375,84,4,2021-11-01
xgboost_roll,2022-04-01,7589.0,6537.53662109375,84,5,2021-11-01
xgboost_roll,2022-05-01,8846.0,6844.697265625,84,6,2021-11-01
xgboost_roll,2022-01-01,9582.0,7732.59423828125,85,1,2021-12-01
xgboost_roll,2022-02-01,7227.0,7563.55810546875,85,2,2021-12-01
xgboost_roll,2022-03-01,7504.0,7646.74072265625,85,3,2021-12-01
xgboost_roll,2022-04-01,7589.0,7134.857421875,85,4,2021-12-01
xgboost_roll,2022-05-01,8846.0,6972.39208984375,85,5,2021-12-01
xgboost_roll,2022-06-01,9057.0,7191.3974609375,85,6,2021-12-01
xgboost_roll,2022-02-01,7227.0,7876.49609375,86,1,2022-01-01
xgboost_roll,2022-03-01,7504.0,8144.1591796875,86,2,2022-01-01
xgboost_roll,2022-04-01,7589.0,8180.1474609375,86,3,2022-01-01
xgboost_roll,2022-05-01,8846.0,8441.470703125,86,4,2022-01-01
xgboost_roll,2022-06-01,9057.0,8644.552734375,86,5,2022-01-01
xgboost_roll,2022-07-01,8699.0,8783.4833984375,86,6,2022-01-01
xgboost_roll,2022-03-01,7504.0,7273.6376953125,87,1,2022-02-01
xgboost_roll,2022-04-01,7589.0,6824.888671875,87,2,2022-02-01
xgboost_roll,2022-05-01,8846.0,6980.7353515625,87,3,2022-02-01
xgboost_roll,2022-06-01,9057.0,7271.5712890625,87,4,2022-02-01
xgboost_roll,2022-07-01,8699.0,7434.8056640625,87,5,2022-02-01
xgboost_roll,2022-08-01,8834.0,7628.1533203125,87,6,2022-02-01
xgboost_roll,2022-04-01,7589.0,6752.91943359375,88,1,2022-03-01
xgboost_roll,2022-05-01,8846.0,6985.8369140625,88,2,2022-03-01
xgboost_roll,2022-06-01,9057.0,7259.55810546875,88,3,2022-03-01
xgboost_roll,2022-07-01,8699.0,7538.9228515625,88,4,2022-03-01
xgboost_roll,2022-08-01,8834.0,7896.060546875,88,5,2022-03-01
xgboost_roll,2022-09-01,8228.0,8149.83935546875,88,6,2022-03-01
xgboost_roll,2022-05-01,8846.0,7421.62353515625,89,1,2022-04-01
xgboost_roll,2022-06-01,9057.0,7622.447265625,89,2,2022-04-01
xgboost_roll,2022-07-01,8699.0,7777.50634765625,89,3,2022-04-01
xgboost_roll,2022-08-01,8834.0,8254.396484375,89,4,2022-04-01
xgboost_roll,2022-09-01,8228.0,9038.37890625,89,5,2022-04-01
xgboost_roll,2022-10-01,8388.0,8214.578125,89,6,2022-04-01
xgboost_roll,2022-06-01,9057.0,8813.85546875,90,1,2022-05-01
xgboost_roll,2022-07-01,8699.0,8604.19921875,90,2,2022-05-01
xgboost_roll,2022-08-01,8834.0,8283.619140625,90,3,2022-05-01
xgboost_roll,2022-09-01,8228.0,8407.5068359375,90,4,2022-05-01
xgboost_roll,2022-10-01,8388.0,8390.7275390625,90,5,2022-05-01
xgboost_roll,2022-11-01,7588.0,8489.8271484375,90,6,2022-05-01
xgboost_roll,2022-07-01,8699.0,8723.802734375,91,1,2022-06-01
xgboost_roll,2022-08-01,8834.0,8326.529296875,91,2,2022-06-01
xgboost_roll,2022-09-01,8228.0,8461.384765625,91,3,2022-06-01
xgboost_roll,2022-10-01,8388.0,8414.78515625,91,4,2022-06-01
xgboost_roll,2022-11-01,7588.0,8577.609375,91,5,2022-06-01
xgboost_roll,2022-12-01,7850.0,8676.322265625,91,6,2022-06-01
xgboost_roll,2022-08-01,8834.0,8316.5751953125,92,1,2022-07-01
xgboost_roll,2022-09-01,8228.0,8509.2568359375,92,2,2022-07-01
xgboost_roll,2022-10-01,8388.0,8516.5908203125,92,3,2022-07-01
xgboost_roll,2022-11-01,7588.0,8678.7587890625,92,4,2022-07-01
xgboost_roll,2022-12-01,7850.0,8641.1337890625,92,5,2022-07-01
xgboost_roll,2023-01-01,7563.0,8573.51171875,92,6,2022-07-01
xgboost_roll,2022-09-01,8228.0,8688.1298828125,93,1,2022-08-01
xgboost_roll,2022-10-01,8388.0,8824.1494140625,93,2,2022-08-01
xgboost_roll,2022-11-01,7588.0,8911.390625,93,3,2022-08-01
xgboost_roll,2022-12-01,7850.0,8892.63671875,93,4,2022-08-01
xgboost_roll,2023-01-01,7563.0,8859.0283203125,93,5,2022-08-01
xgboost_roll,2023-02-01,6551.0,8717.177734375,93,6,2022-08-01
xgboost_roll,2022-10-01,8388.0,8499.6943359375,94,1,2022-09-01
xgboost_roll,2022-11-01,7588.0,8755.126953125,94,2,2022-09-01
xgboost_roll,2022-12-01,7850.0,8716.490234375,94,3,2022-09-01
xgboost_roll,2023-01-01,7563.0,8621.4482421875,94,4,2022-09-01
xgboost_roll,2023-02-01,6551.0,8427.21875,94,5,2022-09-01
xgboost_roll,2023-03-01,7507.0,8507.595703125,94,6,2022-09-01
xgboost_roll,2022-11-01,7588.0,8564.453125,95,1,2022-10-01
xgboost_roll,2022-12-01,7850.0,8569.001953125,95,2,2022-10-01
xgboost_roll,2023-01-01,7563.0,8559.703125,95,3,2022-10-01
xgboost_roll,2023-02-01,6551.0,8314.3310546875,95,4,2022-10-01
xgboost_roll,2023-03-01,7507.0,8393.095703125,95,5,2022-10-01
xgboost_roll,2023-04-01,7745.0,8501.5595703125,95,6,2022-10-01
xgboost_roll,2022-12-01,7850.0,8241.2734375,96,1,2022-11-01
xgboost_roll,2023-01-01,7563.0,8440.068359375,96,2,2022-11-01
xgboost_roll,2023-02-01,6551.0,8304.75390625,96,3,2022-11-01
xgboost_roll,2023-03-01,7507.0,8490.3037109375,96,4,2022-11-01
xgboost_roll,2023-04-01,7745.0,8230.8798828125,96,5,2022-11-01
xgboost_roll,2023-05-01,8600.0,8520.841796875,96,6,2022-11-01
xgboost_roll,2023-01-01,7563.0,8439.921875,97,1,2022-12-01
xgboost_roll,2023-02-01,6551.0,8469.2216796875,97,2,2022-12-01
xgboost_roll,2023-03-01,7507.0,8486.265625,97,3,2022-12-01
xgboost_roll,2023-04-01,7745.0,8209.720703125,97,4,2022-12-01
xgboost_roll,2023-05-01,8600.0,8387.63671875,97,5,2022-12-01
xgboost_roll,2023-06-01,9151.0,8102.1015625,97,6,2022-12-01
xgboost_roll,2023-02-01,6551.0,7932.5244140625,98,1,2023-01-01
xgboost_roll,2023-03-01,7507.0,8328.9765625,98,2,2023-01-01
xgboost_roll,2023-04-01,7745.0,8325.1123046875,98,3,2023-01-01
xgboost_roll,2023-05-01,8600.0,8565.5830078125,98,4,2023-01-01
xgboost_roll,2023-06-01,9151.0,8381.720703125,98,5,2023-01-01
xgboost_roll,2023-07-01,9183.0,8456.3232421875,98,6,2023-01-01
xgboost_roll,2023-03-01,7507.0,7095.40673828125,99,1,2023-02-01
xgboost_roll,2023-04-01,7745.0,7268.32861328125,99,2,2023-02-01
xgboost_roll,2023-05-01,8600.0,7496.6845703125,99,3,2023-02-01
xgboost_roll,2023-06-01,9151.0,7817.39306640625,99,4,2023-02-01
xgboost_roll,2023-07-01,9183.0,8407.865234375,99,5,2023-02-01
xgboost_roll,2023-08-01,8297.0,8765.5498046875,99,6,2023-02-01
xgboost_roll,2023-04-01,7745.0,7408.404296875,100,1,2023-03-01
xgboost_roll,2023-05-01,8600.0,7628.7978515625,100,2,2023-03-01
xgboost_roll,2023-06-01,9151.0,8374.009765625,100,3,2023-03-01
xgboost_roll,2023-07-01,9183.0,9089.6943359375,100,4,2023-03-01
xgboost_roll,2023-08-01,8297.0,8709.2099609375,100,5,2023-03-01
xgboost_roll,2023-09-01,7823.0,8473.125,100,6,2023-03-01
xgboost_roll,2023-05-01,8600.0,8217.4091796875,101,1,2023-04-01
xgboost_roll,2023-06-01,9151.0,8895.7568359375,101,2,2023-04-01
xgboost_roll,2023-07-01,9183.0,8578.61328125,101,3,2023-04-01
xgboost_roll,2023-08-01,8297.0,8477.921875,101,4,2023-04-01
xgboost_roll,2023-09-01,7823.0,8231.3505859375,101,5,2023-04-01
xgboost_roll,2023-10-01,7507.0,8322.5419921875,101,6,2023-04-01
xgboost_roll,2023-06-01,9151.0,8860.5771484375,102,1,2023-05-01
xgboost_roll,2023-07-01,9183.0,8638.826171875,102,2,2023-05-01
xgboost_roll,2023-08-01,8297.0,8521.52734375,102,3,2023-05-01
xgboost_roll,2023-09-01,7823.0,8281.3837890625,102,4,2023-05-01
xgboost_roll,2023-10-01,7507.0,8352.8076171875,102,5,2023-05-01
xgboost_roll,2023-11-01,8107.0,8022.50341796875,102,6,2023-05-01
xgboost_roll,2023-07-01,9183.0,8573.8896484375,103,1,2023-06-01
xgboost_roll,2023-08-01,8297.0,8626.8857421875,103,2,2023-06-01
xgboost_roll,2023-09-01,7823.0,8354.1474609375,103,3,2023-06-01
xgboost_roll,2023-10-01,7507.0,8309.9638671875,103,4,2023-06-01
xgboost_roll,2023-11-01,8107.0,7949.15087890625,103,5,2023-06-01
xgboost_roll,2023-12-01,7504.0,7650.6875,103,6,2023-06-01
xgboost_cal,2015-01-01,7184.0,6177.8271484375,1,1,2014-12-01
xgboost_cal,2015-02-01,5958.0,6412.17041015625,1,2,2014-12-01
xgboost_cal,2015-03-01,6658.0,6230.4658203125,1,3,2014-12-01
xgboost_cal,2015-04-01,7069.0,6185.845703125,1,4,2014-12-01
xgboost_cal,2015-05-01,8099.0,7428.55859375,1,5,2014-12-01
xgboost_cal,2015-06-01,7868.0,7450.79443359375,1,6,2014-12-01
xgboost_cal,2015-02-01,5958.0,6703.5458984375,2,1,2015-01-01
xgboost_cal,2015-03-01,6658.0,6423.17626953125,2,2,2015-01-01
xgboost_cal,2015-04-01,7069.0,6312.1875,2,3,2015-01-01
xgboost_cal,2015-05-01,8099.0,7251.2041015625,2,4,2015-01-01
xgboost_cal,2015-06-01,7868.0,7509.24560546875,2,5,2015-01-01
xgboost_cal,2015-07-01,7986.0,7673.529296875,2,6,2015-01-01
xgboost_cal,2015-03-01,6658.0,6596.22705078125,3,1,2015-02-01
xgboost_cal,2015-04-01,7069.0,6325.7041015625,3,2,2015-02-01
xgboost_cal,2015-05-01,8099.0,7116.26513671875,3,3,2015-02-01
xgboost_cal,2015-06-01,7868.0,7439.962890625,3,4,2015-02-01
xgboost_cal,2015-07-01,7986.0,7823.3359375,3,5,2015-02-01
xgboost_cal,2015-08-01,7251.0,7493.7265625,3,6,2015-02-01
xgboost_cal,2015-04-01,7069.0,6367.82958984375,4,1,2015-03-01
xgboost_cal,2015-05-01,8099.0,7125.21923828125,4,2,2015-03-01
xgboost_cal,2015-06-01,7868.0,7449.380859375,4,3,2015-03-01
xgboost_cal,2015-07-01,7986.0,7837.76416015625,4,4,2015-03-01
xgboost_cal,2015-08-01,7251.0,7485.17041015625,4,5,2015-03-01
xgboost_cal,2015-09-01,7163.0,6844.31884765625,4,6,2015-03-01
xgboost_cal,2015-05-01,8099.0,7110.73876953125,5,1,2015-04-01
xgboost_cal,2015-06-01,7868.0,7489.701171875,5,2,2015-04-01
xgboost_cal,2015-07-01,7986.0,7714.81787109375,5,3,2015-04-01
xgboost_cal,2015-08-01,7251.0,7240.580078125,5,4,2015-04-01
xgboost_cal,2015-09-01,7163.0,6825.36572265625,5,5,2015-04-01
xgboost_cal,2015-10-01,6690.0,7323.64990234375,5,6,2015-04-01
xgboost_cal,2015-06-01,7868.0,7883.43359375,6,1,2015-05-01
xgboost_cal,2015-07-01,7986.0,7386.59130859375,6,2,2015-05-01
xgboost_cal,2015-08-01,7251.0,7568.64208984375,6,3,2015-05-01
xgboost_cal,2015-09-01,7163.0,6764.453125,6,4,2015-05-01
xgboost_cal,2015-10-01,6690.0,7454.36083984375,6,5,2015-05-01
xgboost_cal,2015-11-01,6392.0,6442.60791015625,6,6,2015-05-01
xgboost_cal,2015-07-01,7986.0,7420.310546875,7,1,2015-06-01
xgboost_cal,2015-08-01,7251.0,7597.56689453125,7,2,2015-06-01
xgboost_cal,2015-09-01,7163.0,6752.771484375,7,3,2015-06-01
xgboost_cal,2015-10-01,6690.0,7419.42919921875,7,4,2015-06-01
xgboost_cal,2015-11-01,6392.0,6465.77197265625,7,5,2015-06-01
xgboost_cal,2015-12-01,6753.0,6755.38720703125,7,6,2015-06-01
xgboost_cal,2015-08-01,7251.0,7637.6357421875,8,1,2015-07-01
xgboost_cal,2015-09-01,7163.0,6790.26513671875,8,2,2015-07-01
xgboost_cal,2015-10-01,6690.0,7537.9462890625,8,3,2015-07-01
xgboost_cal,2015-11-01,6392.0,6383.56298828125,8,4,2015-07-01
xgboost_cal,2015-12-01,6753.0,6788.55126953125,8,5,2015-07-01
xgboost_cal,2016-01-01,6753.0,7024.02880859375,8,6,2015-07-01
xgboost_cal,2015-09-01,7163.0,6865.37939453125,9,1,2015-08-01
xgboost_cal,2015-10-01,6690.0,7345.66552734375,9,2,2015-08-01
xgboost_cal,2015-11-01,6392.0,6452.9794921875,9,3,2015-08-01
xgboost_cal,2015-12-01,6753.0,6805.28515625,9,4,2015-08-01
xgboost_cal,2016-01-01,6753.0,6979.21728515625,9,5,2015-08-01
xgboost_cal,2016-02-01,6385.0,6395.38427734375,9,6,2015-08-01
xgboost_cal,2015-10-01,6690.0,7336.3203125,10,1,2015-09-01
xgboost_cal,2015-11-01,6392.0,6524.1298828125,10,2,2015-09-01
xgboost_cal,2015-12-01,6753.0,6896.189453125,10,3,2015-09-01
xgboost_cal,2016-01-01,6753.0,7006.81689453125,10,4,2015-09-01
xgboost_cal,2016-02-01,6385.0,6491.537109375,10,5,2015-09-01
xgboost_cal,2016-03-01,7164.0,6653.1376953125,10,6,2015-09-01
xgboost_cal,2015-11-01,6392.0,6466.6875,11,1,2015-10-01
xgboost_cal,2015-12-01,6753.0,6842.6494140625,11,2,2015-10-01
xgboost_cal,2016-01-01,6753.0,6978.7275390625,11,3,2015-10-01
xgboost_cal,2016-02-01,6385.0,6425.02880859375,11,4,2015-10-01
xgboost_cal,2016-03-01,7164.0,6708.23681640625,11,5,2015-10-01
xgboost_cal,2016-04-01,7192.0,7137.375,11,6,2015-10-01
xgboost_cal,2015-12-01,6753.0,6788.50634765625,12,1,2015-11-01
xgboost_cal,2016-01-01,6753.0,7010.275390625,12,2,2015-11-01
xgboost_cal,2016-02-01,6385.0,6427.63134765625,12,3,2015-11-01
xgboost_cal,2016-03-01,7164.0,6684.0849609375,12,4,2015-11-01
xgboost_cal,2016-04-01,7192.0,7116.6962890625,12,5,2015-11-01
xgboost_cal,2016-05-01,7743.0,7540.39697265625,12,6,2015-11-01
xgboost_cal,2016-01-01,6753.0,7028.173828125,13,1,2015-12-01
xgboost_cal,2016-02-01,6385.0,6400.32177734375,13,2,2015-12-01
xgboost_cal,2016-03-01,7164.0,6586.30908203125,13,3,2015-12-01
xgboost_cal,2016-04-01,7192.0,7057.75390625,13,4,2015-12-01
xgboost_cal,2016-05-01,7743.0,7470.34423828125,13,5,2015-12-01
xgboost_cal,2016-06-01,8767.0,7526.873046875,13,6,2015-12-01
xgboost_cal,2016-02-01,6385.0,6405.3447265625,14,1,2016-01-01
xgboost_cal,2016-03-01,7164.0,6539.10302734375,14,2,2016-01-01
xgboost_cal,2016-04-01,7192.0,7046.31689453125,14,3,2016-01-01
xgboost_cal,2016-05-01,7743.0,7429.18994140625,14,4,2016-01-01
xgboost_cal,2016-06-01,8767.0,7510.919921875,14,5,2016-01-01
xgboost_cal,2016-07-01,8479.0,7852.22119140625,14,6,2016-01-01
xgboost_cal,2016-03-01,7164.0,6552.091796875,15,1,2016-02-01
xgboost_cal,2016-04-01,7192.0,7048.8974609375,15,2,2016-02-01
xgboost_cal,2016-05-01,7743.0,7421.9169921875,15,3,2016-02-01
xgboost_cal,2016-06-01,8767.0,7524.21533203125,15,4,2016-02-01
xgboost_cal,2016-07-01,8479.0,7855.4072265625,15,5,2016-02-01
xgboost_cal,2016-08-01,7890.0,7168.8203125,15,6,2016-02-01
xgboost_cal,2016-04-01,7192.0,7236.7177734375,16,1,2016-03-01
xgboost_cal,2016-05-01,7743.0,7558.35693359375,16,2,2016-03-01
xgboost_cal,2016-06-01,8767.0,7529.19677734375,16,3,2016-03-01
xgboost_cal,2016-07-01,8479.0,7809.3203125,16,4,2016-03-01
xgboost_cal,2016-08-01,7890.0,7162.94873046875,16,5,2016-03-01
xgboost_cal,2016-09-01,7317.0,6780.8271484375,16,6,2016-03-01
xgboost_cal,2016-05-01,7743.0,7559.734375,17,1,2016-04-01
xgboost_cal,2016-06-01,8767.0,7526.955078125,17,2,2016-04-01
xgboost_cal,2016-07-01,8479.0,7800.9072265625,17,3,2016-04-01
xgboost_cal,2016-08-01,7890.0,7184.5029296875,17,4,2016-04-01
xgboost_cal,2016-09-01,7317.0,6809.9970703125,17,5,2016-04-01
xgboost_cal,2016-10-01,7426.0,6647.92236328125,17,6,2016-04-01
xgboost_cal,2016-06-01,8767.0,7581.31982421875,18,1,2016-05-01
xgboost_cal,2016-07-01,8479.0,7751.048828125,18,2,2016-05-01
xgboost_cal,2016-08-01,7890.0,7169.31689453125,18,3,2016-05-01
xgboost_cal,2016-09-01,7317.0,6791.43310546875,18,4,2016-05-01
xgboost_cal,2016-10-01,7426.0,6625.84326171875,18,5,2016-05-01
xgboost_cal,2016-11-01,6700.0,6494.18359375,18,6,2016-05-01
xgboost_cal,2016-07-01,8479.0,7764.615234375,19,1,2016-06-01
xgboost_cal,2016-08-01,7890.0,7363.58740234375,19,2,2016-06-01
xgboost_cal,2016-09-01,7317.0,6806.25244140625,19,3,2016-06-01
xgboost_cal,2016-10-01,7426.0,6620.833984375,19,4,2016-06-01
xgboost_cal,2016-11-01,6700.0,6531.1923828125,19,5,2016-06-01
xgboost_cal,2016-12-01,6994.0,6740.83740234375,19,6,2016-06-01
xgboost_cal,2016-08-01,7890.0,7224.99462890625,20,1,2016-07-01
xgboost_cal,2016-09-01,7317.0,6829.2392578125,20,2,2016-07-01
xgboost_cal,2016-10-01,7426.0,6567.134765625,20,3,2016-07-01
xgboost_cal,2016-11-01,6700.0,6560.701171875,20,4,2016-07-01
xgboost_cal,2016-12-01,6994.0,6769.69970703125,20,5,2016-07-01
xgboost_cal,2017-01-01,6788.0,6563.16845703125,20,6,2016-07-01
xgboost_cal,2016-09-01,7317.0,6939.2529296875,21,1,2016-08-01
xgboost_cal,2016-10-01,7426.0,6726.3740234375,21,2,2016-08-01
xgboost_cal,2016-11-01,6700.0,6537.67236328125,21,3,2016-08-01
xgboost_cal,2016-12-01,6994.0,6649.546875,21,4,2016-08-01
xgboost_cal,2017-01-01,6788.0,6756.6318359375,21,5,2016-08-01
xgboost_cal,2017-02-01,6271.0,6520.57421875,21,6,2016-08-01
xgboost_cal,2016-10-01,7426.0,6718.21484375,22,1,2016-09-01
xgboost_cal,2016-11-01,6700.0,6635.82666015625,22,2,2016-09-01
xgboost_cal,2016-12-01,6994.0,6698.91259765625,22,3,2016-09-01
xgboost_cal,2017-01-01,6788.0,6676.52978515625,22,4,2016-09-01
xgboost_cal,2017-02-01,6271.0,6574.2353515625,22,5,2016-09-01
xgboost_cal,2017-03-01,6794.0,7142.19580078125,22,6,2016-09-01
xgboost_cal,2016-11-01,6700.0,6873.3388671875,23,1,2016-10-01
xgboost_cal,2016-12-01,6994.0,6890.48486328125,23,2,2016-10-01
xgboost_cal,2017-01-01,6788.0,6819.84521484375,23,3,2016-10-01
xgboost_cal,2017-02-01,6271.0,6799.45751953125,23,4,2016-10-01
xgboost_cal,2017-03-01,6794.0,7296.697265625,23,5,2016-10-01
xgboost_cal,2017-04-01,6884.0,7680.49560546875,23,6,2016-10-01
xgboost_cal,2016-12-01,6994.0,6845.00439453125,24,1,2016-11-01
xgboost_cal,2017-01-01,6788.0,6801.83203125,24,2,2016-11-01
xgboost_cal,2017-02-01,6271.0,6716.7294921875,24,3,2016-11-01
xgboost_cal,2017-03-01,6794.0,7391.99267578125,24,4,2016-11-01
xgboost_cal,2017-04-01,6884.0,7662.13671875,24,5,2016-11-01
xgboost_cal,2017-05-01,7651.0,7778.1787109375,24,6,2016-11-01
xgboost_cal,2017-01-01,6788.0,6837.21826171875,25,1,2016-12-01
xgboost_cal,2017-02-01,6271.0,6759.98486328125,25,2,2016-12-01
xgboost_cal,2017-03-01,6794.0,7353.0751953125,25,3,2016-12-01
xgboost_cal,2017-04-01,6884.0,7624.10546875,25,4,2016-12-01
xgboost_cal,2017-05-01,7651.0,7841.1025390625,25,5,2016-12-01
xgboost_cal,2017-06-01,8009.0,8362.138671875,25,6,2016-12-01
xgboost_cal,2017-02-01,6271.0,6741.55615234375,26,1,2017-01-01
xgboost_cal,2017-03-01,6794.0,7378.966796875,26,2,2017-01-01
xgboost_cal,2017-04-01,6884.0,7679.99462890625,26,3,2017-01-01
xgboost_cal,2017-05-01,7651.0,7746.7724609375,26,4,2017-01-01
xgboost_cal,2017-06-01,8009.0,8408.572265625,26,5,2017-01-01
xgboost_cal,2017-07-01,8694.0,8432.4541015625,26,6,2017-01-01
xgboost_cal,2017-03-01,6794.0,7286.7265625,27,1,2017-02-01
xgboost_cal,2017-04-01,6884.0,7497.337890625,27,2,2017-02-01
xgboost_cal,2017-05-01,7651.0,7769.587890625,27,3,2017-02-01
xgboost_cal,2017-06-01,8009.0,8323.462890625,27,4,2017-02-01
xgboost_cal,2017-07-01,8694.0,8302.8427734375,27,5,2017-02-01
xgboost_cal,2017-08-01,8130.0,7925.1416015625,27,6,2017-02-01
xgboost_cal,2017-04-01,6884.0,7423.94677734375,28,1,2017-03-01
xgboost_cal,2017-05-01,7651.0,7726.68701171875,28,2,2017-03-01
xgboost_cal,2017-06-01,8009.0,7990.95068359375,28,3,2017-03-01
xgboost_cal,2017-07-01,8694.0,8330.2763671875,28,4,2017-03-01
xgboost_cal,2017-08-01,8130.0,7940.81640625,28,5,2017-03-01
xgboost_cal,2017-09-01,7446.0,7488.44189453125,28,6,2017-03-01
xgboost_cal,2017-05-01,7651.0,7786.275390625,29,1,2017-04-01
xgboost_cal,2017-06-01,8009.0,7994.36181640625,29,2,2017-04-01
xgboost_cal,2017-07-01,8694.0,8000.21826171875,29,3,2017-04-01
xgboost_cal,2017-08-01,8130.0,7788.55712890625,29,4,2017-04-01
xgboost_cal,2017-09-01,7446.0,7500.6201171875,29,5,2017-04-01
xgboost_cal,2017-10-01,7282.0,7528.9755859375,29,6,2017-04-01
xgboost_cal,2017-06-01,8009.0,7902.20361328125,30,1,2017-05-01
xgboost_cal,2017-07-01,8694.0,8058.693359375,30,2,2017-05-01
xgboost_cal,2017-08-01,8130.0,7821.013671875,30,3,2017-05-01
xgboost_cal,2017-09-01,7446.0,7553.912109375,30,4,2017-05-01
xgboost_cal,2017-10-01,7282.0,7459.73974609375,30,5,2017-05-01
xgboost_cal,2017-11-01,6830.0,6988.23193359375,30,6,2017-05-01
xgboost_cal,2017-07-01,8694.0,8013.50146484375,31,1,2017-06-01
xgboost_cal,2017-08-01,8130.0,7732.93017578125,31,2,2017-06-01
xgboost_cal,2017-09-01,7446.0,7599.248046875,31,3,2017-06-01
xgboost_cal,2017-10-01,7282.0,7511.8359375,31,4,2017-06-01
xgboost_cal,2017-11-01,6830.0,7006.60791015625,31,5,2017-06-01
xgboost_cal,2017-12-01,6946.0,6900.3984375,31,6,2017-06-01
xgboost_cal,2017-08-01,8130.0,7885.7265625,32,1,2017-07-01
xgboost_cal,2017-09-01,7446.0,7718.59326171875,32,2,2017-07-01
xgboost_cal,2017-10-01,7282.0,7581.0478515625,32,3,2017-07-01
xgboost_cal,2017-11-01,6830.0,7093.802734375,32,4,2017-07-01
xgboost_cal,2017-12-01,6946.0,6948.94970703125,32,5,2017-07-01
xgboost_cal,2018-01-01,6886.0,6808.15283203125,32,6,2017-07-01
xgboost_cal,2017-09-01,7446.0,7833.0,33,1,2017-08-01
xgboost_cal,2017-10-01,7282.0,7709.1005859375,33,2,2017-08-01
xgboost_cal,2017-11-01,6830.0,7211.19482421875,33,3,2017-08-01
xgboost_cal,2017-12-01,6946.0,6989.392578125,33,4,2017-08-01
xgboost_cal,2018-01-01,6886.0,6881.15185546875,33,5,2017-08-01
xgboost_cal,2018-02-01,5960.0,6640.90576171875,33,6,2017-08-01
xgboost_cal,2017-10-01,7282.0,7588.5927734375,34,1,2017-09-01
xgboost_cal,2017-11-01,6830.0,7161.5576171875,34,2,2017-09-01
xgboost_cal,2017-12-01,6946.0,6878.9775390625,34,3,2017-09-01
xgboost_cal,2018-01-01,6886.0,6803.86865234375,34,4,2017-09-01
xgboost_cal,2018-02-01,5960.0,6607.052734375,34,5,2017-09-01
xgboost_cal,2018-03-01,6930.0,6786.00048828125,34,6,2017-09-01
xgboost_cal,2017-11-01,6830.0,7116.35302734375,35,1,2017-10-01
xgboost_cal,2017-12-01,6946.0,6862.24658203125,35,2,2017-10-01
xgboost_cal,2018-01-01,6886.0,6782.54296875,35,3,2017-10-01
xgboost_cal,2018-02-01,5960.0,6676.25634765625,35,4,2017-10-01
xgboost_cal,2018-03-01,6930.0,6687.75341796875,35,5,2017-10-01
xgboost_cal,2018-04-01,6769.0,7008.4169921875,35,6,2017-10-01
xgboost_cal,2017-12-01,6946.0,6850.2939453125,36,1,2017-11-01
xgboost_cal,2018-01-01,6886.0,6800.82568359375,36,2,2017-11-01
xgboost_cal,2018-02-01,5960.0,6594.5986328125,36,3,2017-11-01
xgboost_cal,2018-03-01,6930.0,6734.74365234375,36,4,2017-11-01
xgboost_cal,2018-04-01,6769.0,6982.05908203125,36,5,2017-11-01
xgboost_cal,2018-05-01,7511.0,7746.13671875,36,6,2017-11-01
xgboost_cal,2018-01-01,6886.0,6776.5927734375,37,1,2017-12-01
xgboost_cal,2018-02-01,5960.0,6641.1572265625,37,2,2017-12-01
xgboost_cal,2018-03-01,6930.0,6766.23486328125,37,3,2017-12-01
xgboost_cal,2018-04-01,6769.0,6944.66552734375,37,4,2017-12-01
xgboost_cal,2018-05-01,7511.0,7680.4091796875,37,5,2017-12-01
xgboost_cal,2018-06-01,8057.0,8067.31787109375,37,6,2017-12-01
xgboost_cal,2018-02-01,5960.0,6640.3369140625,38,1,2018-01-01
xgboost_cal,2018-03-01,6930.0,6787.80029296875,38,2,2018-01-01
xgboost_cal,2018-04-01,6769.0,6933.90966796875,38,3,2018-01-01
xgboost_cal,2018-05-01,7511.0,7671.67822265625,38,4,2018-01-01
xgboost_cal,2018-06-01,8057.0,8026.9287109375,38,5,2018-01-01
xgboost_cal,2018-07-01,8175.0,8499.87109375,38,6,2018-01-01
xgboost_cal,2018-03-01,6930.0,6590.25830078125,39,1,2018-02-01
xgboost_cal,2018-04-01,6769.0,6961.0,39,2,2018-02-01
xgboost_cal,2018-05-01,7511.0,7610.0087890625,39,3,2018-02-01
xgboost_cal,2018-06-01,8057.0,7870.81591796875,39,4,2018-02-01
xgboost_cal,2018-07-01,8175.0,8476.2958984375,39,5,2018-02-01
xgboost_cal,2018-08-01,8328.0,8002.9658203125,39,6,2018-02-01
xgboost_cal,2018-04-01,6769.0,6928.3974609375,40,1,2018-03-01
xgboost_cal,2018-05-01,7511.0,7659.47509765625,40,2,2018-03-01
xgboost_cal,2018-06-01,8057.0,8066.5205078125,40,3,2018-03-01
xgboost_cal,2018-07-01,8175.0,8510.982421875,40,4,2018-03-01
xgboost_cal,2018-08-01,8328.0,8008.99267578125,40,5,2018-03-01
xgboost_cal,2018-09-01,7325.0,7434.73681640625,40,6,2018-03-01
xgboost_cal,2018-05-01,7511.0,7584.857421875,41,1,2018-04-01
xgboost_cal,2018-06-01,8057.0,8023.77392578125,41,2,2018-04-01
xgboost_cal,2018-07-01,8175.0,8360.2548828125,41,3,2018-04-01
xgboost_cal,2018-08-01,8328.0,8040.40966796875,41,4,2018-04-01
xgboost_cal,2018-09-01,7325.0,7470.2275390625,41,5,2018-04-01
xgboost_cal,2018-10-01,7202.0,7275.02294921875,41,6,2018-04-01
xgboost_cal,2018-06-01,8057.0,7969.296875,42,1,2018-05-01
xgboost_cal,2018-07-01,8175.0,8293.0185546875,42,2,2018-05-01
xgboost_cal,2018-08-01,8328.0,8055.57763671875,42,3,2018-05-01
xgboost_cal,2018-09-01,7325.0,7499.41357421875,42,4,2018-05-01
xgboost_cal,2018-10-01,7202.0,7256.74072265625,42,5,2018-05-01
xgboost_cal,2018-11-01,7161.0,6746.31982421875,42,6,2018-05-01
xgboost_cal,2018-07-01,8175.0,8336.0078125,43,1,2018-06-01
xgboost_cal,2018-08-01,8328.0,8073.28515625,43,2,2018-06-01
xgboost_cal,2018-09-01,7325.0,7468.8701171875,43,3,2018-06-01
xgboost_cal,2018-10-01,7202.0,7287.0625,43,4,2018-06-01
xgboost_cal,2018-11-01,7161.0,6852.0263671875,43,5,2018-06-01
xgboost_cal,2018-12-01,7409.0,6956.138671875,43,6,2018-06-01
xgboost_cal,2018-08-01,8328.0,8118.4755859375,44,1,2018-07-01
xgboost_cal,2018-09-01,7325.0,7467.13671875,44,2,2018-07-01
xgboost_cal,2018-10-01,7202.0,7300.57861328125,44,3,2018-07-01
xgboost_cal,2018-11-01,7161.0,6897.61767578125,44,4,2018-07-01
xgboost_cal,2018-12-01,7409.0,6939.16748046875,44,5,2018-07-01
xgboost_cal,2019-01-01,7117.0,6870.9658203125,44,6,2018-07-01
xgboost_cal,2018-09-01,7325.0,7436.9990234375,45,1,2018-08-01
xgboost_cal,2018-10-01,7202.0,7268.2314453125,45,2,2018-08-01
xgboost_cal,2018-11-01,7161.0,6891.44775390625,45,3,2018-08-01
xgboost_cal,2018-12-01,7409.0,6910.19287109375,45,4,2018-08-01
xgboost_cal,2019-01-01,7117.0,6874.8056640625,45,5,2018-08-01
xgboost_cal,2019-02-01,6307.0,6117.7919921875,45,6,2018-08-01
xgboost_cal,2018-10-01,7202.0,7299.64794921875,46,1,2018-09-01
xgboost_cal,2018-11-01,7161.0,6930.0849609375,46,2,2018-09-01
xgboost_cal,2018-12-01,7409.0,6950.0546875,46,3,2018-09-01
xgboost_cal,2019-01-01,7117.0,6856.13623046875,46,4,2018-09-01
xgboost_cal,2019-02-01,6307.0,6135.8974609375,46,5,2018-09-01
xgboost_cal,2019-03-01,7067.0,6731.82177734375,46,6,2018-09-01
xgboost_cal,2018-11-01,7161.0,6875.95166015625,47,1,2018-10-01
xgboost_cal,2018-12-01,7409.0,6905.84765625,47,2,2018-10-01
xgboost_cal,2019-01-01,7117.0,6852.35107421875,47,3,2018-10-01
xgboost_cal,2019-02-01,6307.0,6106.005859375,47,4,2018-10-01
xgboost_cal,2019-03-01,7067.0,6778.5390625,47,5,2018-10-01
xgboost_cal,2019-04-01,7108.0,6836.556640625,47,6,2018-10-01
xgboost_cal,2018-12-01,7409.0,6910.91259765625,48,1,2018-11-01
xgboost_cal,2019-01-01,7117.0,6885.52783203125,48,2,2018-11-01
xgboost_cal,2019-02-01,6307.0,6273.9482421875,48,3,2018-11-01
xgboost_cal,2019-03-01,7067.0,6704.783203125,48,4,2018-11-01
xgboost_cal,2019-04-01,7108.0,6845.88671875,48,5,2018-11-01
xgboost_cal,2019-05-01,7776.0,7574.6962890625,48,6,2018-11-01
xgboost_cal,2019-01-01,7117.0,7030.84130859375,49,1,2018-12-01
xgboost_cal,2019-02-01,6307.0,6441.8349609375,49,2,2018-12-01
xgboost_cal,2019-03-01,7067.0,6808.28271484375,49,3,2018-12-01
xgboost_cal,2019-04-01,7108.0,6835.748046875,49,4,2018-12-01
xgboost_cal,2019-05-01,7776.0,7569.228515625,49,5,2018-12-01
xgboost_cal,2019-06-01,8274.0,8027.51318359375,49,6,2018-12-01
xgboost_cal,2019-02-01,6307.0,6451.31787109375,50,1,2019-01-01
xgboost_cal,2019-03-01,7067.0,6862.70361328125,50,2,2019-01-01
xgboost_cal,2019-04-01,7108.0,6905.77392578125,50,3,2019-01-01
xgboost_cal,2019-05-01,7776.0,7672.46923828125,50,4,2019-01-01
xgboost_cal,2019-06-01,8274.0,8039.81201171875,50,5,2019-01-01
xgboost_cal,2019-07-01,8919.0,8432.1015625,50,6,2019-01-01
xgboost_cal,2019-03-01,7067.0,6806.32861328125,51,1,2019-02-01
xgboost_cal,2019-04-01,7108.0,6870.5859375,51,2,2019-02-01
xgboost_cal,2019-05-01,7776.0,7577.17529296875,51,3,2019-02-01
xgboost_cal,2019-06-01,8274.0,7999.392578125,51,4,2019-02-01
xgboost_cal,2019-07-01,8919.0,8344.1884765625,51,5,2019-02-01
xgboost_cal,2019-08-01,8180.0,8242.96484375,51,6,2019-02-01
xgboost_cal,2019-04-01,7108.0,6925.21337890625,52,1,2019-03-01
xgboost_cal,2019-05-01,7776.0,7694.09423828125,52,2,2019-03-01
xgboost_cal,2019-06-01,8274.0,8083.806640625,52,3,2019-03-01
xgboost_cal,2019-07-01,8919.0,8313.3720703125,52,4,2019-03-01
xgboost_cal,2019-08-01,8180.0,8270.0966796875,52,5,2019-03-01
xgboost_cal,2019-09-01,7664.0,7395.43994140625,52,6,2019-03-01
xgboost_cal,2019-05-01,7776.0,7707.65283203125,53,1,2019-04-01
xgboost_cal,2019-06-01,8274.0,8073.06787109375,53,2,2019-04-01
xgboost_cal,2019-07-01,8919.0,8374.615234375,53,3,2019-04-01
xgboost_cal,2019-08-01,8180.0,8275.3046875,53,4,2019-04-01
xgboost_cal,2019-09-01,7664.0,7409.74951171875,53,5,2019-04-01
xgboost_cal,2019-10-01,7254.0,7378.5693359375,53,6,2019-04-01
xgboost_cal,2019-06-01,8274.0,8185.4921875,54,1,2019-05-01
xgboost_cal,2019-07-01,8919.0,8346.5458984375,54,2,2019-05-01
xgboost_cal,2019-08-01,8180.0,8221.6318359375,54,3,2019-05-01
xgboost_cal,2019-09-01,7664.0,7453.16259765625,54,4,2019-05-01
xgboost_cal,2019-10-01,7254.0,7447.189453125,54,5,2019-05-01
xgboost_cal,2019-11-01,6785.0,7221.5341796875,54,6,2019-05-01
xgboost_cal,2019-07-01,8919.0,8309.751953125,55,1,2019-06-01
xgboost_cal,2019-08-01,8180.0,8204.3154296875,55,2,2019-06-01
xgboost_cal,2019-09-01,7664.0,7470.47119140625,55,3,2019-06-01
xgboost_cal,2019-10-01,7254.0,7332.6865234375,55,4,2019-06-01
xgboost_cal,2019-11-01,6785.0,7225.4423828125,55,5,2019-06-01
xgboost_cal,2019-12-01,6987.0,7479.9541015625,55,6,2019-06-01
xgboost_cal,2019-08-01,8180.0,8297.2763671875,56,1,2019-07-01
xgboost_cal,2019-09-01,7664.0,7461.00341796875,56,2,2019-07-01
xgboost_cal,2019-10-01,7254.0,7430.65625,56,3,2019-07-01
xgboost_cal,2019-11-01,6785.0,7197.912109375,56,4,2019-07-01
xgboost_cal,2019-12-01,6987.0,7563.5947265625,56,5,2019-07-01
xgboost_cal,2020-01-01,7194.0,7054.0126953125,56,6,2019-07-01
xgboost_cal,2019-09-01,7664.0,7453.02685546875,57,1,2019-08-01
xgboost_cal,2019-10-01,7254.0,7469.02392578125,57,2,2019-08-01
xgboost_cal,2019-11-01,6785.0,7261.7431640625,57,3,2019-08-01
xgboost_cal,2019-12-01,6987.0,7635.51025390625,57,4,2019-08-01
xgboost_cal,2020-01-01,7194.0,7077.12451171875,57,5,2019-08-01
xgboost_cal,2020-02-01,6848.0,6387.88134765625,57,6,2019-08-01
xgboost_cal,2019-10-01,7254.0,7466.984375,58,1,2019-09-01
xgboost_cal,2019-11-01,6785.0,7254.7880859375,58,2,2019-09-01
xgboost_cal,2019-12-01,6987.0,7588.29931640625,58,3,2019-09-01
xgboost_cal,2020-01-01,7194.0,7041.79296875,58,4,2019-09-01
xgboost_cal,2020-02-01,6848.0,6465.80859375,58,5,2019-09-01
xgboost_cal,2020-03-01,7324.0,6913.74072265625,58,6,2019-09-01
xgboost_cal,2019-11-01,6785.0,7310.515625,59,1,2019-10-01
xgboost_cal,2019-12-01,6987.0,7612.8359375,59,2,2019-10-01
xgboost_cal,2020-01-01,7194.0,7029.96484375,59,3,2019-10-01
xgboost_cal,2020-02-01,6848.0,6496.67138671875,59,4,2019-10-01
xgboost_cal,2020-03-01,7324.0,6968.0927734375,59,5,2019-10-01
xgboost_cal,2020-04-01,5978.0,7000.93994140625,59,6,2019-10-01
xgboost_cal,2019-12-01,6987.0,7362.09814453125,60,1,2019-11-01
xgboost_cal,2020-01-01,7194.0,6949.39404296875,60,2,2019-11-01
xgboost_cal,2020-02-01,6848.0,6405.44287109375,60,3,2019-11-01
xgboost_cal,2020-03-01,7324.0,6913.8720703125,60,4,2019-11-01
xgboost_cal,2020-04-01,5978.0,6897.21044921875,60,5,2019-11-01
xgboost_cal,2020-05-01,7062.0,7689.13720703125,60,6,2019-11-01
xgboost_cal,2020-01-01,7194.0,6865.36767578125,61,1,2019-12-01
xgboost_cal,2020-02-01,6848.0,6274.46923828125,61,2,2019-12-01
xgboost_cal,2020-03-01,7324.0,6838.44775390625,61,3,2019-12-01
xgboost_cal,2020-04-01,5978.0,6882.3173828125,61,4,2019-12-01
xgboost_cal,2020-05-01,7062.0,7619.23046875,61,5,2019-12-01
xgboost_cal,2020-06-01,6948.0,8092.1611328125,61,6,2019-12-01
xgboost_cal,2020-02-01,6848.0,6434.4775390625,62,1,2020-01-01
xgboost_cal,2020-03-01,7324.0,6922.5185546875,62,2,2020-01-01
xgboost_cal,2020-04-01,5978.0,6955.77392578125,62,3,2020-01-01
xgboost_cal,2020-05-01,7062.0,7764.08056640625,62,4,2020-01-01
xgboost_cal,2020-06-01,6948.0,8272.6767578125,62,5,2020-01-01
xgboost_cal,2020-07-01,7392.0,8487.0732421875,62,6,2020-01-01
xgboost_cal,2020-03-01,7324.0,6947.6533203125,63,1,2020-02-01
xgboost_cal,2020-04-01,5978.0,6974.62451171875,63,2,2020-02-01
xgboost_cal,2020-05-01,7062.0,7814.62060546875,63,3,2020-02-01
xgboost_cal,2020-06-01,6948.0,8321.251953125,63,4,2020-02-01
xgboost_cal,2020-07-01,7392.0,8418.8681640625,63,5,2020-02-01
xgboost_cal,2020-08-01,7678.0,8282.0078125,63,6,2020-02-01
xgboost_cal,2020-04-01,5978.0,7240.06640625,64,1,2020-03-01
xgboost_cal,2020-05-01,7062.0,7844.3740234375,64,2,2020-03-01
xgboost_cal,2020-06-01,6948.0,8415.2783203125,64,3,2020-03-01
xgboost_cal,2020-07-01,7392.0,8423.2373046875,64,4,2020-03-01
xgboost_cal,2020-08-01,7678.0,8294.162109375,64,5,2020-03-01
xgboost_cal,2020-09-01,7005.0,7721.06787109375,64,6,2020-03-01
xgboost_cal,2020-05-01,7062.0,7693.3359375,65,1,2020-04-01
xgboost_cal,2020-06-01,6948.0,8065.6376953125,65,2,2020-04-01
xgboost_cal,2020-07-01,7392.0,8052.83349609375,65,3,2020-04-01
xgboost_cal,2020-08-01,7678.0,8327.833984375,65,4,2020-04-01
xgboost_cal,2020-09-01,7005.0,7535.3701171875,65,5,2020-04-01
xgboost_cal,2020-10-01,7385.0,7266.376953125,65,6,2020-04-01
xgboost_cal,2020-06-01,6948.0,7832.4951171875,66,1,2020-05-01
xgboost_cal,2020-07-01,7392.0,8035.49755859375,66,2,2020-05-01
xgboost_cal,2020-08-01,7678.0,8304.1201171875,66,3,2020-05-01
xgboost_cal,2020-09-01,7005.0,7702.33349609375,66,4,2020-05-01
xgboost_cal,2020-10-01,7385.0,7212.82666015625,66,5,2020-05-01
xgboost_cal,2020-11-01,6872.0,7021.18359375,66,6,2020-05-01
xgboost_cal,2020-07-01,7392.0,7677.20263671875,67,1,2020-06-01
xgboost_cal,2020-08-01,7678.0,7940.45361328125,67,2,2020-06-01
xgboost_cal,2020-09-01,7005.0,7840.119140625,67,3,2020-06-01
xgboost_cal,2020-10-01,7385.0,7434.5615234375,67,4,2020-06-01
xgboost_cal,2020-11-01,6872.0,6953.23486328125,67,5,2020-06-01
xgboost_cal,2020-12-01,6781.0,6990.6279296875,67,6,2020-06-01
xgboost_cal,2020-08-01,7678.0,7723.4228515625,68,1,2020-07-01
xgboost_cal,2020-09-01,7005.0,7722.748046875,68,2,2020-07-01
xgboost_cal,2020-10-01,7385.0,7456.12451171875,68,3,2020-07-01
xgboost_cal,2020-11-01,6872.0,7004.41796875,68,4,2020-07-01
xgboost_cal,2020-12-01,6781.0,7016.06640625,68,5,2020-07-01
xgboost_cal,2021-01-01,6917.0,7014.46337890625,68,6,2020-07-01
xgboost_cal,2020-09-01,7005.0,7515.8544921875,69,1,2020-08-01
xgboost_cal,2020-10-01,7385.0,7412.87109375,69,2,2020-08-01
xgboost_cal,2020-11-01,6872.0,7063.66015625,69,3,2020-08-01
xgboost_cal,2020-12-01,6781.0,7017.2177734375,69,4,2020-08-01
xgboost_cal,2021-01-01,6917.0,7113.978515625,69,5,2020-08-01
xgboost_cal,2021-02-01,6217.0,7104.11962890625,69,6,2020-08-01
xgboost_cal,2020-10-01,7385.0,7199.33984375,70,1,2020-09-01
xgboost_cal,2020-11-01,6872.0,6981.50439453125,70,2,2020-09-01
xgboost_cal,2020-12-01,6781.0,7072.419921875,70,3,2020-09-01
xgboost_cal,2021-01-01,6917.0,6992.2451171875,70,4,2020-09-01
xgboost_cal,2021-02-01,6217.0,7006.17578125,70,5,2020-09-01
xgboost_cal,2021-03-01,7569.0,7235.4365234375,70,6,2020-09-01
xgboost_cal,2020-11-01,6872.0,7036.12255859375,71,1,2020-10-01
xgboost_cal,2020-12-01,6781.0,7086.13916015625,71,2,2020-10-01
xgboost_cal,2021-01-01,6917.0,7024.26220703125,71,3,2020-10-01
xgboost_cal,2021-02-01,6217.0,7032.47705078125,71,4,2020-10-01
xgboost_cal,2021-03-01,7569.0,7279.341796875,71,5,2020-10-01
xgboost_cal,2021-04-01,6917.0,6545.84326171875,71,6,2020-10-01
xgboost_cal,2020-12-01,6781.0,7010.48095703125,72,1,2020-11-01
xgboost_cal,2021-01-01,6917.0,6975.73046875,72,2,2020-11-01
xgboost_cal,2021-02-01,6217.0,6979.591796875,72,3,2020-11-01
xgboost_cal,2021-03-01,7569.0,7318.28564453125,72,4,2020-11-01
xgboost_cal,2021-04-01,6917.0,6480.7236328125,72,5,2020-11-01
xgboost_cal,2021-05-01,8253.0,7274.138671875,72,6,2020-11-01
xgboost_cal,2021-01-01,6917.0,6960.03857421875,73,1,2020-12-01
xgboost_cal,2021-02-01,6217.0,6894.5224609375,73,2,2020-12-01
xgboost_cal,2021-03-01,7569.0,7237.72119140625,73,3,2020-12-01
xgboost_cal,2021-04-01,6917.0,6374.626953125,73,4,2020-12-01
xgboost_cal,2021-05-01,8253.0,7279.2236328125,73,5,2020-12-01
xgboost_cal,2021-06-01,8153.0,7168.80419921875,73,6,2020-12-01
xgboost_cal,2021-02-01,6217.0,6866.8359375,74,1,2021-01-01
xgboost_cal,2021-03-01,7569.0,7174.39013671875,74,2,2021-01-01
xgboost_cal,2021-04-01,6917.0,6400.59423828125,74,3,2021-01-01
xgboost_cal,2021-05-01,8253.0,7192.41552734375,74,4,2021-01-01
xgboost_cal,2021-06-01,8153.0,7207.12451171875,74,5,2021-01-01
xgboost_cal,2021-07-01,9251.0,7604.3271484375,74,6,2021-01-01
xgboost_cal,2021-03-01,7569.0,7125.8662109375,75,1,2021-02-01
xgboost_cal,2021-04-01,6917.0,6570.7421875,75,2,2021-02-01
xgboost_cal,2021-05-01,8253.0,7212.29345703125,75,3,2021-02-01
xgboost_cal,2021-06-01,8153.0,7362.72216796875,75,4,2021-02-01
xgboost_cal,2021-07-01,9251.0,7607.81689453125,75,5,2021-02-01
xgboost_cal,2021-08-01,8830.0,7581.05615234375,75,6,2021-02-01
xgboost_cal,2021-04-01,6917.0,6560.07958984375,76,1,2021-03-01
xgboost_cal,2021-05-01,8253.0,7111.39501953125,76,2,2021-03-01
xgboost_cal,2021-06-01,8153.0,7294.86279296875,76,3,2021-03-01
xgboost_cal,2021-07-01,9251.0,7588.56591796875,76,4,2021-03-01
xgboost_cal,2021-08-01,8830.0,7618.54638671875,76,5,2021-03-01
xgboost_cal,2021-09-01,7512.0,6850.84619140625,76,6,2021-03-01
xgboost_cal,2021-05-01,8253.0,7230.39208984375,77,1,2021-04-01
xgboost_cal,2021-06-01,8153.0,7410.078125,77,2,2021-04-01
xgboost_cal,2021-07-01,9251.0,7554.39111328125,77,3,2021-04-01
xgboost_cal,2021-08-01,8830.0,7572.3994140625,77,4,2021-04-01
xgboost_cal,2021-09-01,7512.0,6930.248046875,77,5,2021-04-01
xgboost_cal,2021-10-01,7656.0,7310.087890625,77,6,2021-04-01
xgboost_cal,2021-06-01,8153.0,7736.15869140625,78,1,2021-05-01
xgboost_cal,2021-07-01,9251.0,7668.18896484375,78,2,2021-05-01
xgboost_cal,2021-08-01,8830.0,7590.69677734375,78,3,2021-05-01
xgboost_cal,2021-09-01,7512.0,6938.8818359375,78,4,2021-05-01
xgboost_cal,2021-10-01,7656.0,7292.2919921875,78,5,2021-05-01
xgboost_cal,2021-11-01,7603.0,6858.24365234375,78,6,2021-05-01
xgboost_cal,2021-07-01,9251.0,8108.96044921875,79,1,2021-06-01
xgboost_cal,2021-08-01,8830.0,7793.169921875,79,2,2021-06-01
xgboost_cal,2021-09-01,7512.0,7112.962890625,79,3,2021-06-01
xgboost_cal,2021-10-01,7656.0,7230.1826171875,79,4,2021-06-01
xgboost_cal,2021-11-01,7603.0,6918.29296875,79,5,2021-06-01
xgboost_cal,2021-12-01,8237.0,6942.36572265625,79,6,2021-06-01
xgboost_cal,2021-08-01,8830.0,7868.412109375,80,1,2021-07-01
xgboost_cal,2021-09-01,7512.0,7104.75,80,2,2021-07-01
xgboost_cal,2021-10-01,7656.0,7253.8662109375,80,3,2021-07-01
xgboost_cal,2021-11-01,7603.0,6955.720703125,80,4,2021-07-01
xgboost_cal,2021-12-01,8237.0,6968.50048828125,80,5,2021-07-01
xgboost_cal,2022-01-01,9582.0,7067.22216796875,80,6,2021-07-01
xgboost_cal,2021-09-01,7512.0,7286.6630859375,81,1,2021-08-01
xgboost_cal,2021-10-01,7656.0,7290.74267578125,81,2,2021-08-01
xgboost_cal,2021-11-01,7603.0,7125.4658203125,81,3,2021-08-01
xgboost_cal,2021-12-01,8237.0,7105.248046875,81,4,2021-08-01
xgboost_cal,2022-01-01,9582.0,7104.37353515625,81,5,2021-08-01
xgboost_cal,2022-02-01,7227.0,6619.98681640625,81,6,2021-08-01
xgboost_cal,2021-10-01,7656.0,7344.7978515625,82,1,2021-09-01
xgboost_cal,2021-11-01,7603.0,7046.4697265625,82,2,2021-09-01
xgboost_cal,2021-12-01,8237.0,6988.04052734375,82,3,2021-09-01
xgboost_cal,2022-01-01,9582.0,7087.73681640625,82,4,2021-09-01
xgboost_cal,2022-02-01,7227.0,6748.2900390625,82,5,2021-09-01
xgboost_cal,2022-03-01,7504.0,7151.44580078125,82,6,2021-09-01
xgboost_cal,2021-11-01,7603.0,7195.771484375,83,1,2021-10-01
xgboost_cal,2021-12-01,8237.0,7108.185546875,83,2,2021-10-01
xgboost_cal,2022-01-01,9582.0,7062.19580078125,83,3,2021-10-01
xgboost_cal,2022-02-01,7227.0,6802.62841796875,83,4,2021-10-01
xgboost_cal,2022-03-01,7504.0,7056.1982421875,83,5,2021-10-01
xgboost_cal,2022-04-01,7589.0,6365.9755859375,83,6,2021-10-01
xgboost_cal,2021-12-01,8237.0,7082.7255859375,84,1,2021-11-01
xgboost_cal,2022-01-01,9582.0,7060.03466796875,84,2,2021-11-01
xgboost_cal,2022-02-01,7227.0,6844.77880859375,84,3,2021-11-01
xgboost_cal,2022-03-01,7504.0,7145.95556640625,84,4,2021-11-01
xgboost_cal,2022-04-01,7589.0,6406.94677734375,84,5,2021-11-01
xgboost_cal,2022-05-01,8846.0,7121.17919921875,84,6,2021-11-01
xgboost_cal,2022-01-01,9582.0,7704.8369140625,85,1,2021-12-01
xgboost_cal,2022-02-01,7227.0,7236.69970703125,85,2,2021-12-01
xgboost_cal,2022-03-01,7504.0,7178.83935546875,85,3,2021-12-01
xgboost_cal,2022-04-01,7589.0,6620.11962890625,85,4,2021-12-01
xgboost_cal,2022-05-01,8846.0,6980.6162109375,85,5,2021-12-01
xgboost_cal,2022-06-01,9057.0,7171.0986328125,85,6,2021-12-01
xgboost_cal,2022-02-01,7227.0,7692.076171875,86,1,2022-01-01
xgboost_cal,2022-03-01,7504.0,7535.37646484375,86,2,2022-01-01
xgboost_cal,2022-04-01,7589.0,7178.8544921875,86,3,2022-01-01
xgboost_cal,2022-05-01,8846.0,7018.36279296875,86,4,2022-01-01
xgboost_cal,2022-06-01,9057.0,7240.73779296875,86,5,2022-01-01
xgboost_cal,2022-07-01,8699.0,7582.97607421875,86,6,2022-01-01
xgboost_cal,2022-03-01,7504.0,7153.31103515625,87,1,2022-02-01
xgboost_cal,2022-04-01,7589.0,6647.8134765625,87,2,2022-02-01
xgboost_cal,2022-05-01,8846.0,6822.25244140625,87,3,2022-02-01
xgboost_cal,2022-06-01,9057.0,7120.61083984375,87,4,2022-02-01
xgboost_cal,2022-07-01,8699.0,7623.11474609375,87,5,2022-02-01
xgboost_cal,2022-08-01,8834.0,7621.33251953125,87,6,2022-02-01
xgboost_cal,2022-04-01,7589.0,6752.5888671875,88,1,2022-03-01
xgboost_cal,2022-05-01,8846.0,6944.841796875,88,2,2022-03-01
xgboost_cal,2022-06-01,9057.0,7301.1533203125,88,3,2022-03-01
xgboost_cal,2022-07-01,8699.0,7655.95361328125,88,4,2022-03-01
xgboost_cal,2022-08-01,8834.0,7656.93212890625,88,5,2022-03-01
xgboost_cal,2022-09-01,8228.0,7402.26171875,88,6,2022-03-01
xgboost_cal,2022-05-01,8846.0,7847.7265625,89,1,2022-04-01
xgboost_cal,2022-06-01,9057.0,8673.814453125,89,2,2022-04-01
xgboost_cal,2022-07-01,8699.0,8953.32421875,89,3,2022-04-01
xgboost_cal,2022-08-01,8834.0,8357.197265625,89,4,2022-04-01
xgboost_cal,2022-09-01,8228.0,8303.37109375,89,5,2022-04-01
xgboost_cal,2022-10-01,8388.0,8251.7568359375,89,6,2022-04-01
xgboost_cal,2022-06-01,9057.0,9146.0078125,90,1,2022-05-01
xgboost_cal,2022-07-01,8699.0,8936.927734375,90,2,2022-05-01
xgboost_cal,2022-08-01,8834.0,8227.68359375,90,3,2022-05-01
xgboost_cal,2022-09-01,8228.0,8137.53271484375,90,4,2022-05-01
xgboost_cal,2022-10-01,8388.0,7891.95556640625,90,5,2022-05-01
xgboost_cal,2022-11-01,7588.0,8416.6982421875,90,6,2022-05-01
xgboost_cal,2022-07-01,8699.0,9018.201171875,91,1,2022-06-01
xgboost_cal,2022-08-01,8834.0,8201.158203125,91,2,2022-06-01
xgboost_cal,2022-09-01,8228.0,8117.82275390625,91,3,2022-06-01
xgboost_cal,2022-10-01,8388.0,7788.00634765625,91,4,2022-06-01
xgboost_cal,2022-11-01,7588.0,8299.296875,91,5,2022-06-01
xgboost_cal,2022-12-01,7850.0,8900.505859375,91,6,2022-06-01
xgboost_cal,2022-08-01,8834.0,8294.716796875,92,1,2022-07-01
xgboost_cal,2022-09-01,8228.0,8209.1064453125,92,2,2022-07-01
xgboost_cal,2022-10-01,8388.0,8198.19921875,92,3,2022-07-01
xgboost_cal,2022-11-01,7588.0,8827.05859375,92,4,2022-07-01
xgboost_cal,2022-12-01,7850.0,8947.1279296875,92,5,2022-07-01
xgboost_cal,2023-01-01,7563.0,8940.3427734375,92,6,2022-07-01
xgboost_cal,2022-09-01,8228.0,8344.96484375,93,1,2022-08-01
xgboost_cal,2022-10-01,8388.0,8601.2021484375,93,2,2022-08-01
xgboost_cal,2022-11-01,7588.0,8962.0537109375,93,3,2022-08-01
xgboost_cal,2022-12-01,7850.0,8983.5,93,4,2022-08-01
xgboost_cal,2023-01-01,7563.0,8961.3271484375,93,5,2022-08-01
xgboost_cal,2023-02-01,6551.0,8405.4140625,93,6,2022-08-01
xgboost_cal,2022-10-01,8388.0,8564.369140625,94,1,2022-09-01
xgboost_cal,2022-11-01,7588.0,8862.71875,94,2,2022-09-01
xgboost_cal,2022-12-01,7850.0,8936.71875,94,3,2022-09-01
xgboost_cal,2023-01-01,7563.0,8885.646484375,94,4,2022-09-01
xgboost_cal,2023-02-01,6551.0,8521.6826171875,94,5,2022-09-01
xgboost_cal,2023-03-01,7507.0,8436.51953125,94,6,2022-09-01
xgboost_cal,2022-11-01,7588.0,8863.6875,95,1,2022-10-01
xgboost_cal,2022-12-01,7850.0,8831.62109375,95,2,2022-10-01
xgboost_cal,2023-01-01,7563.0,8877.95703125,95,3,2022-10-01
xgboost_cal,2023-02-01,6551.0,8480.052734375,95,4,2022-10-01
xgboost_cal,2023-03-01,7507.0,8472.8974609375,95,5,2022-10-01
xgboost_cal,2023-04-01,7745.0,8636.521484375,95,6,2022-10-01
xgboost_cal,2022-12-01,7850.0,8221.783203125,96,1,2022-11-01
xgboost_cal,2023-01-01,7563.0,8539.564453125,96,2,2022-11-01
xgboost_cal,2023-02-01,6551.0,8384.2529296875,96,3,2022-11-01
xgboost_cal,2023-03-01,7507.0,8601.478515625,96,4,2022-11-01
xgboost_cal,2023-04-01,7745.0,8290.271484375,96,5,2022-11-01
xgboost_cal,2023-05-01,8600.0,8537.017578125,96,6,2022-11-01
xgboost_cal,2023-01-01,7563.0,8247.5205078125,97,1,2022-12-01
xgboost_cal,2023-02-01,6551.0,8331.365234375,97,2,2022-12-01
xgboost_cal,2023-03-01,7507.0,8537.6826171875,97,3,2022-12-01
xgboost_cal,2023-04-01,7745.0,8097.76220703125,97,4,2022-12-01
xgboost_cal,2023-05-01,8600.0,8330.7841796875,97,5,2022-12-01
xgboost_cal,2023-06-01,9151.0,8205.4921875,97,6,2022-12-01
xgboost_cal,2023-02-01,6551.0,7557.3935546875,98,1,2023-01-01
xgboost_cal,2023-03-01,7507.0,7601.46337890625,98,2,2023-01-01
xgboost_cal,2023-04-01,7745.0,7856.19189453125,98,3,2023-01-01
xgboost_cal,2023-05-01,8600.0,8607.8916015625,98,4,2023-01-01
xgboost_cal,2023-06-01,9151.0,8969.8447265625,98,5,2023-01-01
xgboost_cal,2023-07-01,9183.0,8571.525390625,98,6,2023-01-01
xgboost_cal,2023-03-01,7507.0,6917.93115234375,99,1,2023-02-01
xgboost_cal,2023-04-01,7745.0,7115.58642578125,99,2,2023-02-01
xgboost_cal,2023-05-01,8600.0,7459.02685546875,99,3,2023-02-01
xgboost_cal,2023-06-01,9151.0,7875.0419921875,99,4,2023-02-01
xgboost_cal,2023-07-01,9183.0,8486.6220703125,99,5,2023-02-01
xgboost_cal,2023-08-01,8297.0,8465.7216796875,99,6,2023-02-01
xgboost_cal,2023-04-01,7745.0,7365.95849609375,100,1,2023-03-01
xgboost_cal,2023-05-01,8600.0,7715.107421875,100,2,2023-03-01
xgboost_cal,2023-06-01,9151.0,8460.7578125,100,3,2023-03-01
xgboost_cal,2023-07-01,9183.0,8775.8505859375,100,4,2023-03-01
xgboost_cal,2023-08-01,8297.0,8601.4404296875,100,5,2023-03-01
xgboost_cal,2023-09-01,7823.0,8160.6181640625,100,6,2023-03-01
xgboost_cal,2023-05-01,8600.0,8465.3623046875,101,1,2023-04-01
xgboost_cal,2023-06-01,9151.0,8898.0771484375,101,2,2023-04-01
xgboost_cal,2023-07-01,9183.0,8431.2724609375,101,3,2023-04-01
xgboost_cal,2023-08-01,8297.0,8413.12109375,101,4,2023-04-01
xgboost_cal,2023-09-01,7823.0,8092.82861328125,101,5,2023-04-01
xgboost_cal,2023-10-01,7507.0,8148.935546875,101,6,2023-04-01
xgboost_cal,2023-06-01,9151.0,8819.283203125,102,1,2023-05-01
xgboost_cal,2023-07-01,9183.0,8511.0634765625,102,2,2023-05-01
xgboost_cal,2023-08-01,8297.0,8498.6044921875,102,3,2023-05-01
xgboost_cal,2023-09-01,7823.0,8165.6396484375,102,4,2023-05-01
xgboost_cal,2023-10-01,7507.0,8328.75390625,102,5,2023-05-01
xgboost_cal,2023-11-01,8107.0,7838.92431640625,102,6,2023-05-01
xgboost_cal,2023-07-01,9183.0,8379.685546875,103,1,2023-06-01
xgboost_cal,2023-08-01,8297.0,8462.251953125,103,2,2023-06-01
xgboost_cal,2023-09-01,7823.0,8075.17822265625,103,3,2023-06-01
xgboost_cal,2023-10-01,7507.0,8111.955078125,103,4,2023-06-01
xgboost_cal,2023-11-01,8107.0,7563.1591796875,103,5,2023-06-01
xgboost_cal,2023-12-01,7504.0,7473.66796875,103,6,2023-06-01
xgboost_diff12,2015-01-01,7184.0,6223.930206298828,1,1,2014-12-01
xgboost_diff12,2015-02-01,5958.0,6269.713592529297,1,2,2014-12-01
xgboost_diff12,2015-03-01,6658.0,6559.715576171875,1,3,2014-12-01
xgboost_diff12,2015-04-01,7069.0,6488.765655517578,1,4,2014-12-01
xgboost_diff12,2015-05-01,8099.0,7382.856491088867,1,5,2014-12-01
xgboost_diff12,2015-06-01,7868.0,7384.242809295654,1,6,2014-12-01
xgboost_diff12,2015-02-01,5958.0,6285.686584472656,2,1,2015-01-01
xgboost_diff12,2015-03-01,6658.0,6450.825775146484,2,2,2015-01-01
xgboost_diff12,2015-04-01,7069.0,6590.724060058594,2,3,2015-01-01
xgboost_diff12,2015-05-01,8099.0,7552.502182006836,2,4,2015-01-01
xgboost_diff12,2015-06-01,7868.0,7565.524063110352,2,5,2015-01-01
xgboost_diff12,2015-07-01,7986.0,7493.66389465332,2,6,2015-01-01
xgboost_diff12,2015-03-01,6658.0,6432.470642089844,3,1,2015-02-01
xgboost_diff12,2015-04-01,7069.0,6557.141036987305,3,2,2015-02-01
xgboost_diff12,2015-05-01,8099.0,7849.7572021484375,3,3,2015-02-01
xgboost_diff12,2015-06-01,7868.0,7614.626251220703,3,4,2015-02-01
xgboost_diff12,2015-07-01,7986.0,7455.171352386475,3,5,2015-02-01
xgboost_diff12,2015-08-01,7251.0,7718.684265136719,3,6,2015-02-01
xgboost_diff12,2015-04-01,7069.0,6602.847412109375,4,1,2015-03-01
xgboost_diff12,2015-05-01,8099.0,7604.936233520508,4,2,2015-03-01
xgboost_diff12,2015-06-01,7868.0,7530.759407043457,4,3,2015-03-01
xgboost_diff12,2015-07-01,7986.0,7241.691619873047,4,4,2015-03-01
xgboost_diff12,2015-08-01,7251.0,7880.065612792969,4,5,2015-03-01
xgboost_diff12,2015-09-01,7163.0,6879.329566955566,4,6,2015-03-01
xgboost_diff12,2015-05-01,8099.0,7652.924942016602,5,1,2015-04-01
xgboost_diff12,2015-06-01,7868.0,7486.9362716674805,5,2,2015-04-01
xgboost_diff12,2015-07-01,7986.0,7240.7010498046875,5,3,2015-04-01
xgboost_diff12,2015-08-01,7251.0,7909.059875488281,5,4,2015-04-01
xgboost_diff12,2015-09-01,7163.0,6993.828521728516,5,5,2015-04-01
xgboost_diff12,2015-10-01,6690.0,7099.5204038619995,5,6,2015-04-01
xgboost_diff12,2015-06-01,7868.0,7549.401107788086,6,1,2015-05-01
xgboost_diff12,2015-07-01,7986.0,7434.955774307251,6,2,2015-05-01
xgboost_diff12,2015-08-01,7251.0,7759.664978027344,6,3,2015-05-01
xgboost_diff12,2015-09-01,7163.0,6834.723735809326,6,4,2015-05-01
xgboost_diff12,2015-10-01,6690.0,7103.010160446167,6,5,2015-05-01
xgboost_diff12,2015-11-01,6392.0,6511.407623291016,6,6,2015-05-01
xgboost_diff12,2015-07-01,7986.0,7532.658294677734,7,1,2015-06-01
xgboost_diff12,2015-08-01,7251.0,7840.334777832031,7,2,2015-06-01
xgboost_diff12,2015-09-01,7163.0,6856.861282348633,7,3,2015-06-01
xgboost_diff12,2015-10-01,6690.0,7114.2429785728455,7,4,2015-06-01
xgboost_diff12,2015-11-01,6392.0,6518.883926391602,7,5,2015-06-01
xgboost_diff12,2015-12-01,6753.0,6767.318286895752,7,6,2015-06-01
xgboost_diff12,2015-08-01,7251.0,7997.845275878906,8,1,2015-07-01
xgboost_diff12,2015-09-01,7163.0,6926.91716003418,8,2,2015-07-01
xgboost_diff12,2015-10-01,6690.0,7355.516616821289,8,3,2015-07-01
xgboost_diff12,2015-11-01,6392.0,6578.989059448242,8,4,2015-07-01
xgboost_diff12,2015-12-01,6753.0,6762.9137172698975,8,5,2015-07-01
xgboost_diff12,2016-01-01,6753.0,6873.911590576172,8,6,2015-07-01
xgboost_diff12,2015-09-01,7163.0,6799.808673858643,9,1,2015-08-01
xgboost_diff12,2015-10-01,6690.0,7205.084785461426,9,2,2015-08-01
xgboost_diff12,2015-11-01,6392.0,6550.378845214844,9,3,2015-08-01
xgboost_diff12,2015-12-01,6753.0,6827.029273986816,9,4,2015-08-01
xgboost_diff12,2016-01-01,6753.0,6739.260589599609,9,5,2015-08-01
xgboost_diff12,2016-02-01,6385.0,6019.290576934814,9,6,2015-08-01
xgboost_diff12,2015-10-01,6690.0,7287.305160522461,10,1,2015-09-01
xgboost_diff12,2015-11-01,6392.0,6454.403114318848,10,2,2015-09-01
xgboost_diff12,2015-12-01,6753.0,6785.0359535217285,10,3,2015-09-01
xgboost_diff12,2016-01-01,6753.0,6723.327850341797,10,4,2015-09-01
xgboost_diff12,2016-02-01,6385.0,6144.775680541992,10,5,2015-09-01
xgboost_diff12,2016-03-01,7164.0,6568.104263305664,10,6,2015-09-01
xgboost_diff12,2015-11-01,6392.0,6451.5582275390625,11,1,2015-10-01
xgboost_diff12,2015-12-01,6753.0,6696.401508331299,11,2,2015-10-01
xgboost_diff12,2016-01-01,6753.0,6631.776672363281,11,3,2015-10-01
xgboost_diff12,2016-02-01,6385.0,5985.716697692871,11,4,2015-10-01
xgboost_diff12,2016-03-01,7164.0,6243.653411865234,11,5,2015-10-01
xgboost_diff12,2016-04-01,7192.0,6845.759613037109,11,6,2015-10-01
xgboost_diff12,2015-12-01,6753.0,6716.795612335205,12,1,2015-11-01
xgboost_diff12,2016-01-01,6753.0,6612.628234863281,12,2,2015-11-01
xgboost_diff12,2016-02-01,6385.0,6045.135612487793,12,3,2015-11-01
xgboost_diff12,2016-03-01,7164.0,6248.264343261719,12,4,2015-11-01
xgboost_diff12,2016-04-01,7192.0,6845.815948486328,12,5,2015-11-01
xgboost_diff12,2016-05-01,7743.0,7995.047019958496,12,6,2015-11-01
xgboost_diff12,2016-01-01,6753.0,6639.345520019531,13,1,2015-12-01
xgboost_diff12,2016-02-01,6385.0,6014.702980041504,13,2,2015-12-01
xgboost_diff12,2016-03-01,7164.0,6262.496185302734,13,3,2015-12-01
xgboost_diff12,2016-04-01,7192.0,6818.359771728516,13,4,2015-12-01
xgboost_diff12,2016-05-01,7743.0,8004.993270874023,13,5,2015-12-01
xgboost_diff12,2016-06-01,8767.0,7773.20768737793,13,6,2015-12-01
xgboost_diff12,2016-02-01,6385.0,6029.958633422852,14,1,2016-01-01
xgboost_diff12,2016-03-01,7164.0,6273.771270751953,14,2,2016-01-01
xgboost_diff12,2016-04-01,7192.0,6780.2611083984375,14,3,2016-01-01
xgboost_diff12,2016-05-01,7743.0,7959.790252685547,14,4,2016-01-01
xgboost_diff12,2016-06-01,8767.0,7822.1974449157715,14,5,2016-01-01
xgboost_diff12,2016-07-01,8479.0,7990.794793605804,14,6,2016-01-01
xgboost_diff12,2016-03-01,7164.0,6228.8837890625,15,1,2016-02-01
xgboost_diff12,2016-04-01,7192.0,6850.754730224609,15,2,2016-02-01
xgboost_diff12,2016-05-01,7743.0,8068.437343597412,15,3,2016-02-01
xgboost_diff12,2016-06-01,8767.0,7908.560710906982,15,4,2016-02-01
xgboost_diff12,2016-07-01,8479.0,7924.572662353516,15,5,2016-02-01
xgboost_diff12,2016-08-01,7890.0,7272.833469390869,15,6,2016-02-01
xgboost_diff12,2016-04-01,7192.0,6798.569061279297,16,1,2016-03-01
xgboost_diff12,2016-05-01,7743.0,7984.724426269531,16,2,2016-03-01
xgboost_diff12,2016-06-01,8767.0,8038.684585571289,16,3,2016-03-01
xgboost_diff12,2016-07-01,8479.0,7753.957992553711,16,4,2016-03-01
xgboost_diff12,2016-08-01,7890.0,7320.214210510254,16,5,2016-03-01
xgboost_diff12,2016-09-01,7317.0,6885.929962158203,16,6,2016-03-01
xgboost_diff12,2016-05-01,7743.0,8014.115127563477,17,1,2016-04-01
xgboost_diff12,2016-06-01,8767.0,7960.963806152344,17,2,2016-04-01
xgboost_diff12,2016-07-01,8479.0,8070.318054199219,17,3,2016-04-01
xgboost_diff12,2016-08-01,7890.0,7231.96014213562,17,4,2016-04-01
xgboost_diff12,2016-09-01,7317.0,6962.1173095703125,17,5,2016-04-01
xgboost_diff12,2016-10-01,7426.0,6799.763984680176,17,6,2016-04-01
xgboost_diff12,2016-06-01,8767.0,7898.906627655029,18,1,2016-05-01
xgboost_diff12,2016-07-01,8479.0,8021.705615997314,18,2,2016-05-01
xgboost_diff12,2016-08-01,7890.0,7380.680358886719,18,3,2016-05-01
xgboost_diff12,2016-09-01,7317.0,7053.124717712402,18,4,2016-05-01
xgboost_diff12,2016-10-01,7426.0,6568.091148376465,18,5,2016-05-01
xgboost_diff12,2016-11-01,6700.0,6700.635437011719,18,6,2016-05-01
xgboost_diff12,2016-07-01,8479.0,7997.914863586426,19,1,2016-06-01
xgboost_diff12,2016-08-01,7890.0,7221.222330093384,19,2,2016-06-01
xgboost_diff12,2016-09-01,7317.0,7234.692985534668,19,3,2016-06-01
xgboost_diff12,2016-10-01,7426.0,6566.156280517578,19,4,2016-06-01
xgboost_diff12,2016-11-01,6700.0,6620.783233642578,19,5,2016-06-01
xgboost_diff12,2016-12-01,6994.0,6956.374557495117,19,6,2016-06-01
xgboost_diff12,2016-08-01,7890.0,7391.288665771484,20,1,2016-07-01
xgboost_diff12,2016-09-01,7317.0,7244.126991271973,20,2,2016-07-01
xgboost_diff12,2016-10-01,7426.0,6535.561813354492,20,3,2016-07-01
xgboost_diff12,2016-11-01,6700.0,6868.276428222656,20,4,2016-07-01
xgboost_diff12,2016-12-01,6994.0,6973.668060302734,20,5,2016-07-01
xgboost_diff12,2017-01-01,6788.0,6832.415267944336,20,6,2016-07-01
xgboost_diff12,2016-09-01,7317.0,7114.991981506348,21,1,2016-08-01
xgboost_diff12,2016-10-01,7426.0,6628.186180114746,21,2,2016-08-01
xgboost_diff12,2016-11-01,6700.0,6828.764434814453,21,3,2016-08-01
xgboost_diff12,2016-12-01,6994.0,6914.508239746094,21,4,2016-08-01
xgboost_diff12,2017-01-01,6788.0,6846.55436706543,21,5,2016-08-01
xgboost_diff12,2017-02-01,6271.0,6509.147682189941,21,6,2016-08-01
xgboost_diff12,2016-10-01,7426.0,6681.0673360824585,22,1,2016-09-01
xgboost_diff12,2016-11-01,6700.0,6722.862579345703,22,2,2016-09-01
xgboost_diff12,2016-12-01,6994.0,7015.159576416016,22,3,2016-09-01
xgboost_diff12,2017-01-01,6788.0,6845.21272277832,22,4,2016-09-01
xgboost_diff12,2017-02-01,6271.0,6482.66056060791,22,5,2016-09-01
xgboost_diff12,2017-03-01,6794.0,6971.0703125,22,6,2016-09-01
xgboost_diff12,2016-11-01,6700.0,6576.604446411133,23,1,2016-10-01
xgboost_diff12,2016-12-01,6994.0,7111.639862060547,23,2,2016-10-01
xgboost_diff12,2017-01-01,6788.0,6898.846405029297,23,3,2016-10-01
xgboost_diff12,2017-02-01,6271.0,6775.007354736328,23,4,2016-10-01
xgboost_diff12,2017-03-01,6794.0,7104.146564483643,23,5,2016-10-01
xgboost_diff12,2017-04-01,6884.0,7416.357192993164,23,6,2016-10-01
xgboost_diff12,2016-12-01,6994.0,7109.190216064453,24,1,2016-11-01
xgboost_diff12,2017-01-01,6788.0,6883.537078857422,24,2,2016-11-01
xgboost_diff12,2017-02-01,6271.0,6792.186340332031,24,3,2016-11-01
xgboost_diff12,2017-03-01,6794.0,7048.7421875,24,4,2016-11-01
xgboost_diff12,2017-04-01,6884.0,7418.18342590332,24,5,2016-11-01
xgboost_diff12,2017-05-01,7651.0,7607.257125854492,24,6,2016-11-01
xgboost_diff12,2017-01-01,6788.0,6916.976287841797,25,1,2016-12-01
xgboost_diff12,2017-02-01,6271.0,6832.898223876953,25,2,2016-12-01
xgboost_diff12,2017-03-01,6794.0,7085.586051940918,25,3,2016-12-01
xgboost_diff12,2017-04-01,6884.0,7394.313949584961,25,4,2016-12-01
xgboost_diff12,2017-05-01,7651.0,7617.332855224609,25,5,2016-12-01
xgboost_diff12,2017-06-01,8009.0,8490.302337646484,25,6,2016-12-01
xgboost_diff12,2017-02-01,6271.0,6751.907897949219,26,1,2017-01-01
xgboost_diff12,2017-03-01,6794.0,7111.948112487793,26,2,2017-01-01
xgboost_diff12,2017-04-01,6884.0,7415.4984130859375,26,3,2017-01-01
xgboost_diff12,2017-05-01,7651.0,7542.760604858398,26,4,2017-01-01
xgboost_diff12,2017-06-01,8009.0,8431.506866455078,26,5,2017-01-01
xgboost_diff12,2017-07-01,8694.0,8326.648300170898,26,6,2017-01-01
xgboost_diff12,2017-03-01,6794.0,7109.692413330078,27,1,2017-02-01
xgboost_diff12,2017-04-01,6884.0,7461.595306396484,27,2,2017-02-01
xgboost_diff12,2017-05-01,7651.0,7540.647186279297,27,3,2017-02-01
xgboost_diff12,2017-06-01,8009.0,8451.381744384766,27,4,2017-02-01
xgboost_diff12,2017-07-01,8694.0,8286.492233276367,27,5,2017-02-01
xgboost_diff12,2017-08-01,8130.0,7648.014266967773,27,6,2017-02-01
xgboost_diff12,2017-04-01,6884.0,7440.23323059082,28,1,2017-03-01
xgboost_diff12,2017-05-01,7651.0,7472.202880859375,28,2,2017-03-01
xgboost_diff12,2017-06-01,8009.0,8392.287689208984,28,3,2017-03-01
xgboost_diff12,2017-07-01,8694.0,8325.171020507812,28,4,2017-03-01
xgboost_diff12,2017-08-01,8130.0,7638.483154296875,28,5,2017-03-01
xgboost_diff12,2017-09-01,7446.0,7432.7070388793945,28,6,2017-03-01
xgboost_diff12,2017-05-01,7651.0,7520.169540405273,29,1,2017-04-01
xgboost_diff12,2017-06-01,8009.0,8381.60498046875,29,2,2017-04-01
xgboost_diff12,2017-07-01,8694.0,8163.532867431641,29,3,2017-04-01
xgboost_diff12,2017-08-01,8130.0,7649.036392211914,29,4,2017-04-01
xgboost_diff12,2017-09-01,7446.0,7388.800842285156,29,5,2017-04-01
xgboost_diff12,2017-10-01,7282.0,7069.3121337890625,29,6,2017-04-01
xgboost_diff12,2017-06-01,8009.0,8384.132141113281,30,1,2017-05-01
xgboost_diff12,2017-07-01,8694.0,8192.960571289062,30,2,2017-05-01
xgboost_diff12,2017-08-01,8130.0,7655.694931030273,30,3,2017-05-01
xgboost_diff12,2017-09-01,7446.0,7451.816299438477,30,4,2017-05-01
xgboost_diff12,2017-10-01,7282.0,7091.2081298828125,30,5,2017-05-01
xgboost_diff12,2017-11-01,6830.0,6834.233383178711,30,6,2017-05-01
xgboost_diff12,2017-07-01,8694.0,8214.822143554688,31,1,2017-06-01
xgboost_diff12,2017-08-01,8130.0,7580.914947509766,31,2,2017-06-01
xgboost_diff12,2017-09-01,7446.0,7459.958221435547,31,3,2017-06-01
xgboost_diff12,2017-10-01,7282.0,6929.639190673828,31,4,2017-06-01
xgboost_diff12,2017-11-01,6830.0,6834.488220214844,31,5,2017-06-01
xgboost_diff12,2017-12-01,6946.0,7445.003143310547,31,6,2017-06-01
xgboost_diff12,2017-08-01,8130.0,7514.845489501953,32,1,2017-07-01
xgboost_diff12,2017-09-01,7446.0,7331.0699100494385,32,2,2017-07-01
xgboost_diff12,2017-10-01,7282.0,7089.073272705078,32,3,2017-07-01
xgboost_diff12,2017-11-01,6830.0,6994.584259033203,32,4,2017-07-01
xgboost_diff12,2017-12-01,6946.0,7460.446105957031,32,5,2017-07-01
xgboost_diff12,2018-01-01,6886.0,6894.067932128906,32,6,2017-07-01
xgboost_diff12,2017-09-01,7446.0,7402.5463943481445,33,1,2017-08-01
xgboost_diff12,2017-10-01,7282.0,7108.7078857421875,33,2,2017-08-01
xgboost_diff12,2017-11-01,6830.0,7043.9957275390625,33,3,2017-08-01
xgboost_diff12,2017-12-01,6946.0,7467.209625244141,33,4,2017-08-01
xgboost_diff12,2018-01-01,6886.0,6995.637359619141,33,5,2017-08-01
xgboost_diff12,2018-02-01,5960.0,6375.123161315918,33,6,2017-08-01
xgboost_diff12,2017-10-01,7282.0,7142.964294433594,34,1,2017-09-01
xgboost_diff12,2017-11-01,6830.0,6965.36376953125,34,2,2017-09-01
xgboost_diff12,2017-12-01,6946.0,7483.528533935547,34,3,2017-09-01
xgboost_diff12,2018-01-01,6886.0,6978.194580078125,34,4,2017-09-01
xgboost_diff12,2018-02-01,5960.0,6380.198150634766,34,5,2017-09-01
xgboost_diff12,2018-03-01,6930.0,6930.92529296875,34,6,2017-09-01
xgboost_diff12,2017-11-01,6830.0,6953.298034667969,35,1,2017-10-01
xgboost_diff12,2017-12-01,6946.0,7453.7078857421875,35,2,2017-10-01
xgboost_diff12,2018-01-01,6886.0,7003.81022644043,35,3,2017-10-01
xgboost_diff12,2018-02-01,5960.0,6336.432823181152,35,4,2017-10-01
xgboost_diff12,2018-03-01,6930.0,6907.607200622559,35,5,2017-10-01
xgboost_diff12,2018-04-01,6769.0,7188.853302001953,35,6,2017-10-01
xgboost_diff12,2017-12-01,6946.0,7449.687438964844,36,1,2017-11-01
xgboost_diff12,2018-01-01,6886.0,6928.651794433594,36,2,2017-11-01
xgboost_diff12,2018-02-01,5960.0,6351.90544128418,36,3,2017-11-01
xgboost_diff12,2018-03-01,6930.0,6893.119445800781,36,4,2017-11-01
xgboost_diff12,2018-04-01,6769.0,7197.935699462891,36,5,2017-11-01
xgboost_diff12,2018-05-01,7511.0,7768.748916625977,36,6,2017-11-01
xgboost_diff12,2018-01-01,6886.0,6803.7112464904785,37,1,2017-12-01
xgboost_diff12,2018-02-01,5960.0,6331.287433624268,37,2,2017-12-01
xgboost_diff12,2018-03-01,6930.0,6888.260940551758,37,3,2017-12-01
xgboost_diff12,2018-04-01,6769.0,7075.918350219727,37,4,2017-12-01
xgboost_diff12,2018-05-01,7511.0,7701.069000244141,37,5,2017-12-01
xgboost_diff12,2018-06-01,8057.0,8171.010482788086,37,6,2017-12-01
xgboost_diff12,2018-02-01,5960.0,6341.718505859375,38,1,2018-01-01
xgboost_diff12,2018-03-01,6930.0,6836.744083404541,38,2,2018-01-01
xgboost_diff12,2018-04-01,6769.0,7103.157073974609,38,3,2018-01-01
xgboost_diff12,2018-05-01,7511.0,7679.546922683716,38,4,2018-01-01
xgboost_diff12,2018-06-01,8057.0,8208.972274780273,38,5,2018-01-01
xgboost_diff12,2018-07-01,8175.0,9098.799987792969,38,6,2018-01-01
xgboost_diff12,2018-03-01,6930.0,6899.327751159668,39,1,2018-02-01
xgboost_diff12,2018-04-01,6769.0,6940.833694458008,39,2,2018-02-01
xgboost_diff12,2018-05-01,7511.0,7540.897491455078,39,3,2018-02-01
xgboost_diff12,2018-06-01,8057.0,8325.036163330078,39,4,2018-02-01
xgboost_diff12,2018-07-01,8175.0,8969.576049804688,39,5,2018-02-01
xgboost_diff12,2018-08-01,8328.0,8433.958282470703,39,6,2018-02-01
xgboost_diff12,2018-04-01,6769.0,6950.381423950195,40,1,2018-03-01
xgboost_diff12,2018-05-01,7511.0,7551.808990478516,40,2,2018-03-01
xgboost_diff12,2018-06-01,8057.0,8328.262573242188,40,3,2018-03-01
xgboost_diff12,2018-07-01,8175.0,9049.15902709961,40,4,2018-03-01
xgboost_diff12,2018-08-01,8328.0,8479.574920654297,40,5,2018-03-01
xgboost_diff12,2018-09-01,7325.0,7533.707733154297,40,6,2018-03-01
xgboost_diff12,2018-05-01,7511.0,7600.859371185303,41,1,2018-04-01
xgboost_diff12,2018-06-01,8057.0,8231.888427734375,41,2,2018-04-01
xgboost_diff12,2018-07-01,8175.0,9022.879699707031,41,3,2018-04-01
xgboost_diff12,2018-08-01,8328.0,8379.736511230469,41,4,2018-04-01
xgboost_diff12,2018-09-01,7325.0,7467.008403778076,41,5,2018-04-01
xgboost_diff12,2018-10-01,7202.0,7574.888854980469,41,6,2018-04-01
xgboost_diff12,2018-06-01,8057.0,8254.478271484375,42,1,2018-05-01
xgboost_diff12,2018-07-01,8175.0,8924.851974487305,42,2,2018-05-01
xgboost_diff12,2018-08-01,8328.0,8315.089309692383,42,3,2018-05-01
xgboost_diff12,2018-09-01,7325.0,7414.959520339966,42,4,2018-05-01
xgboost_diff12,2018-10-01,7202.0,7582.478454589844,42,5,2018-05-01
xgboost_diff12,2018-11-01,7161.0,7068.900726318359,42,6,2018-05-01
xgboost_diff12,2018-07-01,8175.0,8889.20053100586,43,1,2018-06-01
xgboost_diff12,2018-08-01,8328.0,8392.323455810547,43,2,2018-06-01
xgboost_diff12,2018-09-01,7325.0,7412.955551147461,43,3,2018-06-01
xgboost_diff12,2018-10-01,7202.0,7587.460845947266,43,4,2018-06-01
xgboost_diff12,2018-11-01,7161.0,7062.107849121094,43,5,2018-06-01
xgboost_diff12,2018-12-01,7409.0,7136.16911315918,43,6,2018-06-01
xgboost_diff12,2018-08-01,8328.0,8417.133392333984,44,1,2018-07-01
xgboost_diff12,2018-09-01,7325.0,7382.638717651367,44,2,2018-07-01
xgboost_diff12,2018-10-01,7202.0,7450.481185913086,44,3,2018-07-01
xgboost_diff12,2018-11-01,7161.0,7098.5562744140625,44,4,2018-07-01
xgboost_diff12,2018-12-01,7409.0,7143.022109985352,44,5,2018-07-01
xgboost_diff12,2019-01-01,7117.0,7079.45768737793,44,6,2018-07-01
xgboost_diff12,2018-09-01,7325.0,7304.724136352539,45,1,2018-08-01
xgboost_diff12,2018-10-01,7202.0,7417.661514282227,45,2,2018-08-01
xgboost_diff12,2018-11-01,7161.0,7045.914627075195,45,3,2018-08-01
xgboost_diff12,2018-12-01,7409.0,7071.421630859375,45,4,2018-08-01
xgboost_diff12,2019-01-01,7117.0,6903.934185028076,45,5,2018-08-01
xgboost_diff12,2019-02-01,6307.0,6178.675216674805,45,6,2018-08-01
xgboost_diff12,2018-10-01,7202.0,7383.156311035156,46,1,2018-09-01
xgboost_diff12,2018-11-01,7161.0,6941.203399658203,46,2,2018-09-01
xgboost_diff12,2018-12-01,7409.0,6924.022718429565,46,3,2018-09-01
xgboost_diff12,2019-01-01,7117.0,6908.584379196167,46,4,2018-09-01
xgboost_diff12,2019-02-01,6307.0,6136.427947998047,46,5,2018-09-01
xgboost_diff12,2019-03-01,7067.0,6899.970851898193,46,6,2018-09-01
xgboost_diff12,2018-11-01,7161.0,6976.292297363281,47,1,2018-10-01
xgboost_diff12,2018-12-01,7409.0,7096.06120300293,47,2,2018-10-01
xgboost_diff12,2019-01-01,7117.0,6947.997161865234,47,3,2018-10-01
xgboost_diff12,2019-02-01,6307.0,6035.223831176758,47,4,2018-10-01
xgboost_diff12,2019-03-01,7067.0,6933.723852157593,47,5,2018-10-01
xgboost_diff12,2019-04-01,7108.0,6835.1314697265625,47,6,2018-10-01
xgboost_diff12,2018-12-01,7409.0,7103.926559448242,48,1,2018-11-01
xgboost_diff12,2019-01-01,7117.0,6966.820091247559,48,2,2018-11-01
xgboost_diff12,2019-02-01,6307.0,6010.260925292969,48,3,2018-11-01
xgboost_diff12,2019-03-01,7067.0,6994.265205383301,48,4,2018-11-01
xgboost_diff12,2019-04-01,7108.0,6827.365802764893,48,5,2018-11-01
xgboost_diff12,2019-05-01,7776.0,7412.503677368164,48,6,2018-11-01
xgboost_diff12,2019-01-01,7117.0,7026.397766113281,49,1,2018-12-01
xgboost_diff12,2019-02-01,6307.0,6146.254730224609,49,2,2018-12-01
xgboost_diff12,2019-03-01,7067.0,7020.490310668945,49,3,2018-12-01
xgboost_diff12,2019-04-01,7108.0,7011.644577026367,49,4,2018-12-01
xgboost_diff12,2019-05-01,7776.0,7807.284637451172,49,5,2018-12-01
xgboost_diff12,2019-06-01,8274.0,7993.216815948486,49,6,2018-12-01
xgboost_diff12,2019-02-01,6307.0,6193.402923583984,50,1,2019-01-01
xgboost_diff12,2019-03-01,7067.0,7064.872100830078,50,2,2019-01-01
xgboost_diff12,2019-04-01,7108.0,7217.230926513672,50,3,2019-01-01
xgboost_diff12,2019-05-01,7776.0,7836.978851318359,50,4,2019-01-01
xgboost_diff12,2019-06-01,8274.0,8080.468088150024,50,5,2019-01-01
xgboost_diff12,2019-07-01,8919.0,8278.658874511719,50,6,2019-01-01
xgboost_diff12,2019-03-01,7067.0,7078.497055053711,51,1,2019-02-01
xgboost_diff12,2019-04-01,7108.0,7227.589752197266,51,2,2019-02-01
xgboost_diff12,2019-05-01,7776.0,7789.4132080078125,51,3,2019-02-01
xgboost_diff12,2019-06-01,8274.0,8086.123123168945,51,4,2019-02-01
xgboost_diff12,2019-07-01,8919.0,8310.394241333008,51,5,2019-02-01
xgboost_diff12,2019-08-01,8180.0,8344.076299667358,51,6,2019-02-01
xgboost_diff12,2019-04-01,7108.0,7195.195404052734,52,1,2019-03-01
xgboost_diff12,2019-05-01,7776.0,7747.588592529297,52,2,2019-03-01
xgboost_diff12,2019-06-01,8274.0,8097.788444519043,52,3,2019-03-01
xgboost_diff12,2019-07-01,8919.0,8282.29222869873,52,4,2019-03-01
xgboost_diff12,2019-08-01,8180.0,8298.934902191162,52,5,2019-03-01
xgboost_diff12,2019-09-01,7664.0,7234.686500549316,52,6,2019-03-01
xgboost_diff12,2019-05-01,7776.0,7784.748474121094,53,1,2019-04-01
xgboost_diff12,2019-06-01,8274.0,8180.790069580078,53,2,2019-04-01
xgboost_diff12,2019-07-01,8919.0,8274.39859008789,53,3,2019-04-01
xgboost_diff12,2019-08-01,8180.0,8206.179214477539,53,4,2019-04-01
xgboost_diff12,2019-09-01,7664.0,7233.737403869629,53,5,2019-04-01
xgboost_diff12,2019-10-01,7254.0,7241.565746307373,53,6,2019-04-01
xgboost_diff12,2019-06-01,8274.0,8154.818618774414,54,1,2019-05-01
xgboost_diff12,2019-07-01,8919.0,8257.044082641602,54,2,2019-05-01
xgboost_diff12,2019-08-01,8180.0,8217.15699005127,54,3,2019-05-01
xgboost_diff12,2019-09-01,7664.0,7221.151092529297,54,4,2019-05-01
xgboost_diff12,2019-10-01,7254.0,7207.363140583038,54,5,2019-05-01
xgboost_diff12,2019-11-01,6785.0,7181.227727890015,54,6,2019-05-01
xgboost_diff12,2019-07-01,8919.0,8459.578582763672,55,1,2019-06-01
xgboost_diff12,2019-08-01,8180.0,8452.228797912598,55,2,2019-06-01
xgboost_diff12,2019-09-01,7664.0,7323.0630267858505,55,3,2019-06-01
xgboost_diff12,2019-10-01,7254.0,7386.076507568359,55,4,2019-06-01
xgboost_diff12,2019-11-01,6785.0,7378.639251708984,55,5,2019-06-01
xgboost_diff12,2019-12-01,6987.0,7451.216232299805,55,6,2019-06-01
xgboost_diff12,2019-08-01,8180.0,8464.326797485352,56,1,2019-07-01
xgboost_diff12,2019-09-01,7664.0,7447.201675415039,56,2,2019-07-01
xgboost_diff12,2019-10-01,7254.0,7310.167098999023,56,3,2019-07-01
xgboost_diff12,2019-11-01,6785.0,7156.910928726196,56,4,2019-07-01
xgboost_diff12,2019-12-01,6987.0,7363.940147399902,56,5,2019-07-01
xgboost_diff12,2020-01-01,7194.0,7226.866264343262,56,6,2019-07-01
xgboost_diff12,2019-09-01,7664.0,7433.894325256348,57,1,2019-08-01
xgboost_diff12,2019-10-01,7254.0,7263.013328552246,57,2,2019-08-01
xgboost_diff12,2019-11-01,6785.0,7057.8762283325195,57,3,2019-08-01
xgboost_diff12,2019-12-01,6987.0,7321.319023132324,57,4,2019-08-01
xgboost_diff12,2020-01-01,7194.0,7099.073076248169,57,5,2019-08-01
xgboost_diff12,2020-02-01,6848.0,6315.74450969696,57,6,2019-08-01
xgboost_diff12,2019-10-01,7254.0,7506.705596923828,58,1,2019-09-01
xgboost_diff12,2019-11-01,6785.0,7287.3891525268555,58,2,2019-09-01
xgboost_diff12,2019-12-01,6987.0,7420.850312232971,58,3,2019-09-01
xgboost_diff12,2020-01-01,7194.0,7121.040267944336,58,4,2019-09-01
xgboost_diff12,2020-02-01,6848.0,6325.448406219482,58,5,2019-09-01
xgboost_diff12,2020-03-01,7324.0,7123.398391723633,58,6,2019-09-01
xgboost_diff12,2019-11-01,6785.0,7172.658443450928,59,1,2019-10-01
xgboost_diff12,2019-12-01,6987.0,7463.144702911377,59,2,2019-10-01
xgboost_diff12,2020-01-01,7194.0,7126.561613082886,59,3,2019-10-01
xgboost_diff12,2020-02-01,6848.0,6265.138286590576,59,4,2019-10-01
xgboost_diff12,2020-03-01,7324.0,7096.300569534302,59,5,2019-10-01
xgboost_diff12,2020-04-01,5978.0,7267.332611083984,59,6,2019-10-01
xgboost_diff12,2019-12-01,6987.0,7571.653366088867,60,1,2019-11-01
xgboost_diff12,2020-01-01,7194.0,6972.978164672852,60,2,2019-11-01
xgboost_diff12,2020-02-01,6848.0,6246.129505157471,60,3,2019-11-01
xgboost_diff12,2020-03-01,7324.0,7073.10985994339,60,4,2019-11-01
xgboost_diff12,2020-04-01,5978.0,7207.770309448242,60,5,2019-11-01
xgboost_diff12,2020-05-01,7062.0,7941.139923095703,60,6,2019-11-01
xgboost_diff12,2020-01-01,7194.0,7002.69539642334,61,1,2019-12-01
xgboost_diff12,2020-02-01,6848.0,6185.257987976074,61,2,2019-12-01
xgboost_diff12,2020-03-01,7324.0,6991.05615234375,61,3,2019-12-01
xgboost_diff12,2020-04-01,5978.0,7112.59125995636,61,4,2019-12-01
xgboost_diff12,2020-05-01,7062.0,7983.740188598633,61,5,2019-12-01
xgboost_diff12,2020-06-01,6948.0,8536.548248291016,61,6,2019-12-01
xgboost_diff12,2020-02-01,6848.0,6161.241073608398,62,1,2020-01-01
xgboost_diff12,2020-03-01,7324.0,6895.61735534668,62,2,2020-01-01
xgboost_diff12,2020-04-01,5978.0,7221.527374267578,62,3,2020-01-01
xgboost_diff12,2020-05-01,7062.0,7771.624274730682,62,4,2020-01-01
xgboost_diff12,2020-06-01,6948.0,8381.379867553711,62,5,2020-01-01
xgboost_diff12,2020-07-01,7392.0,8507.612670898438,62,6,2020-01-01
xgboost_diff12,2020-03-01,7324.0,7139.538734436035,63,1,2020-02-01
xgboost_diff12,2020-04-01,5978.0,7231.600509643555,63,2,2020-02-01
xgboost_diff12,2020-05-01,7062.0,8041.346405029297,63,3,2020-02-01
xgboost_diff12,2020-06-01,6948.0,8522.313888549805,63,4,2020-02-01
xgboost_diff12,2020-07-01,7392.0,8655.47055053711,63,5,2020-02-01
xgboost_diff12,2020-08-01,7678.0,8507.062683105469,63,6,2020-02-01
xgboost_diff12,2020-04-01,5978.0,7383.055389404297,64,1,2020-03-01
xgboost_diff12,2020-05-01,7062.0,8067.353668212891,64,2,2020-03-01
xgboost_diff12,2020-06-01,6948.0,8559.489227294922,64,3,2020-03-01
xgboost_diff12,2020-07-01,7392.0,8663.603729248047,64,4,2020-03-01
xgboost_diff12,2020-08-01,7678.0,8513.265167236328,64,5,2020-03-01
xgboost_diff12,2020-09-01,7005.0,7838.811935424805,64,6,2020-03-01
xgboost_diff12,2020-05-01,7062.0,8058.4710693359375,65,1,2020-04-01
xgboost_diff12,2020-06-01,6948.0,8505.738784790039,65,2,2020-04-01
xgboost_diff12,2020-07-01,7392.0,8633.547332763672,65,3,2020-04-01
xgboost_diff12,2020-08-01,7678.0,8429.575225830078,65,4,2020-04-01
xgboost_diff12,2020-09-01,7005.0,7668.696291923523,65,5,2020-04-01
xgboost_diff12,2020-10-01,7385.0,7319.186164855957,65,6,2020-04-01
xgboost_diff12,2020-06-01,6948.0,8656.694427490234,66,1,2020-05-01
xgboost_diff12,2020-07-01,7392.0,8927.904896736145,66,2,2020-05-01
xgboost_diff12,2020-08-01,7678.0,8303.420608520508,66,3,2020-05-01
xgboost_diff12,2020-09-01,7005.0,7518.829574584961,66,4,2020-05-01
xgboost_diff12,2020-10-01,7385.0,7417.5233154296875,66,5,2020-05-01
xgboost_diff12,2020-11-01,6872.0,6897.759880065918,66,6,2020-05-01
xgboost_diff12,2020-07-01,7392.0,8493.28158569336,67,1,2020-06-01
xgboost_diff12,2020-08-01,7678.0,7812.891571044922,67,2,2020-06-01
xgboost_diff12,2020-09-01,7005.0,7551.697402954102,67,3,2020-06-01
xgboost_diff12,2020-10-01,7385.0,7221.673011779785,67,4,2020-06-01
xgboost_diff12,2020-11-01,6872.0,6912.509246826172,67,5,2020-06-01
xgboost_diff12,2020-12-01,6781.0,7298.335479736328,67,6,2020-06-01
xgboost_diff12,2020-08-01,7678.0,7905.605682373047,68,1,2020-07-01
xgboost_diff12,2020-09-01,7005.0,7564.449844360352,68,2,2020-07-01
xgboost_diff12,2020-10-01,7385.0,7251.594952583313,68,3,2020-07-01
xgboost_diff12,2020-11-01,6872.0,6856.272842407227,68,4,2020-07-01
xgboost_diff12,2020-12-01,6781.0,7313.03466796875,68,5,2020-07-01
xgboost_diff12,2021-01-01,6917.0,7417.053741455078,68,6,2020-07-01
xgboost_diff12,2020-09-01,7005.0,7531.434219360352,69,1,2020-08-01
xgboost_diff12,2020-10-01,7385.0,7277.623373031616,69,2,2020-08-01
xgboost_diff12,2020-11-01,6872.0,6855.848762512207,69,3,2020-08-01
xgboost_diff12,2020-12-01,6781.0,7226.949935913086,69,4,2020-08-01
xgboost_diff12,2021-01-01,6917.0,7439.618469238281,69,5,2020-08-01
xgboost_diff12,2021-02-01,6217.0,6820.198808670044,69,6,2020-08-01
xgboost_diff12,2020-10-01,7385.0,7154.759414672852,70,1,2020-09-01
xgboost_diff12,2020-11-01,6872.0,6645.066360473633,70,2,2020-09-01
xgboost_diff12,2020-12-01,6781.0,7193.207733154297,70,3,2020-09-01
xgboost_diff12,2021-01-01,6917.0,7495.978118896484,70,4,2020-09-01
xgboost_diff12,2021-02-01,6217.0,6766.066665649414,70,5,2020-09-01
xgboost_diff12,2021-03-01,7569.0,7361.493858337402,70,6,2020-09-01
xgboost_diff12,2020-11-01,6872.0,6702.832054138184,71,1,2020-10-01
xgboost_diff12,2020-12-01,6781.0,7174.959426879883,71,2,2020-10-01
xgboost_diff12,2021-01-01,6917.0,7616.667510986328,71,3,2020-10-01
xgboost_diff12,2021-02-01,6217.0,6613.25959777832,71,4,2020-10-01
xgboost_diff12,2021-03-01,7569.0,7370.718780517578,71,5,2020-10-01
xgboost_diff12,2021-04-01,6917.0,6152.444961547852,71,6,2020-10-01
xgboost_diff12,2020-12-01,6781.0,7191.846115112305,72,1,2020-11-01
xgboost_diff12,2021-01-01,6917.0,7509.1171875,72,2,2020-11-01
xgboost_diff12,2021-02-01,6217.0,6775.934700012207,72,3,2020-11-01
xgboost_diff12,2021-03-01,7569.0,7375.1901779174805,72,4,2020-11-01
xgboost_diff12,2021-04-01,6917.0,6139.384475708008,72,5,2020-11-01
xgboost_diff12,2021-05-01,8253.0,7174.291549682617,72,6,2020-11-01
xgboost_diff12,2021-01-01,6917.0,7365.640640258789,73,1,2020-12-01
xgboost_diff12,2021-02-01,6217.0,6493.7178955078125,73,2,2020-12-01
xgboost_diff12,2021-03-01,7569.0,7116.324798583984,73,3,2020-12-01
xgboost_diff12,2021-04-01,6917.0,5981.191314458847,73,4,2020-12-01
xgboost_diff12,2021-05-01,8253.0,6978.820205688477,73,5,2020-12-01
xgboost_diff12,2021-06-01,8153.0,7183.499267578125,73,6,2020-12-01
xgboost_diff12,2021-02-01,6217.0,6486.964935302734,74,1,2021-01-01
xgboost_diff12,2021-03-01,7569.0,7094.144882202148,74,2,2021-01-01
xgboost_diff12,2021-04-01,6917.0,5907.522033691406,74,3,2021-01-01
xgboost_diff12,2021-05-01,8253.0,6865.690414428711,74,4,2021-01-01
xgboost_diff12,2021-06-01,8153.0,7090.877853393555,74,5,2021-01-01
xgboost_diff12,2021-07-01,9251.0,7364.413330078125,74,6,2021-01-01
xgboost_diff12,2021-03-01,7569.0,6987.573303222656,75,1,2021-02-01
xgboost_diff12,2021-04-01,6917.0,5763.1463623046875,75,2,2021-02-01
xgboost_diff12,2021-05-01,8253.0,6861.783447265625,75,3,2021-02-01
xgboost_diff12,2021-06-01,8153.0,6983.143123626709,75,4,2021-02-01
xgboost_diff12,2021-07-01,9251.0,7344.534496307373,75,5,2021-02-01
xgboost_diff12,2021-08-01,8830.0,7696.0386600494385,75,6,2021-02-01
xgboost_diff12,2021-04-01,6917.0,5965.391605377197,76,1,2021-03-01
xgboost_diff12,2021-05-01,8253.0,7008.418525695801,76,2,2021-03-01
xgboost_diff12,2021-06-01,8153.0,7215.1387939453125,76,3,2021-03-01
xgboost_diff12,2021-07-01,9251.0,7549.6256103515625,76,4,2021-03-01
xgboost_diff12,2021-08-01,8830.0,7802.560737609863,76,5,2021-03-01
xgboost_diff12,2021-09-01,7512.0,7136.675842285156,76,6,2021-03-01
xgboost_diff12,2021-05-01,8253.0,7693.818359375,77,1,2021-04-01
xgboost_diff12,2021-06-01,8153.0,7552.825866699219,77,2,2021-04-01
xgboost_diff12,2021-07-01,9251.0,7760.029937744141,77,3,2021-04-01
xgboost_diff12,2021-08-01,8830.0,8021.754364013672,77,4,2021-04-01
xgboost_diff12,2021-09-01,7512.0,7570.003967285156,77,5,2021-04-01
xgboost_diff12,2021-10-01,7656.0,7719.494110107422,77,6,2021-04-01
xgboost_diff12,2021-06-01,8153.0,7656.34375,78,1,2021-05-01
xgboost_diff12,2021-07-01,9251.0,7874.263916015625,78,2,2021-05-01
xgboost_diff12,2021-08-01,8830.0,8013.489013671875,78,3,2021-05-01
xgboost_diff12,2021-09-01,7512.0,7498.335205078125,78,4,2021-05-01
xgboost_diff12,2021-10-01,7656.0,7690.966796875,78,5,2021-05-01
xgboost_diff12,2021-11-01,7603.0,7098.05549621582,78,6,2021-05-01
xgboost_diff12,2021-07-01,9251.0,8127.541748046875,79,1,2021-06-01
xgboost_diff12,2021-08-01,8830.0,8141.0343017578125,79,2,2021-06-01
xgboost_diff12,2021-09-01,7512.0,7601.4163818359375,79,3,2021-06-01
xgboost_diff12,2021-10-01,7656.0,7614.986862182617,79,4,2021-06-01
xgboost_diff12,2021-11-01,7603.0,7122.641632080078,79,5,2021-06-01
xgboost_diff12,2021-12-01,8237.0,6910.867370605469,79,6,2021-06-01
xgboost_diff12,2021-08-01,8830.0,8909.451049804688,80,1,2021-07-01
xgboost_diff12,2021-09-01,7512.0,8012.312805175781,80,2,2021-07-01
xgboost_diff12,2021-10-01,7656.0,7919.193176269531,80,3,2021-07-01
xgboost_diff12,2021-11-01,7603.0,7074.945159912109,80,4,2021-07-01
xgboost_diff12,2021-12-01,8237.0,6879.389533996582,80,5,2021-07-01
xgboost_diff12,2022-01-01,9582.0,6574.089904785156,80,6,2021-07-01
xgboost_diff12,2021-09-01,7512.0,7967.113586425781,81,1,2021-08-01
xgboost_diff12,2021-10-01,7656.0,7984.848083496094,81,2,2021-08-01
xgboost_diff12,2021-11-01,7603.0,7121.428848266602,81,3,2021-08-01
xgboost_diff12,2021-12-01,8237.0,6797.816904067993,81,4,2021-08-01
xgboost_diff12,2022-01-01,9582.0,6647.9093017578125,81,5,2021-08-01
xgboost_diff12,2022-02-01,7227.0,6373.471527099609,81,6,2021-08-01
xgboost_diff12,2021-10-01,7656.0,7613.194763183594,82,1,2021-09-01
xgboost_diff12,2021-11-01,7603.0,6955.334541320801,82,2,2021-09-01
xgboost_diff12,2021-12-01,8237.0,6777.037279129028,82,3,2021-09-01
xgboost_diff12,2022-01-01,9582.0,6734.935043334961,82,4,2021-09-01
xgboost_diff12,2022-02-01,7227.0,6278.0600509643555,82,5,2021-09-01
xgboost_diff12,2022-03-01,7504.0,7219.321105957031,82,6,2021-09-01
xgboost_diff12,2021-11-01,7603.0,6934.097602844238,83,1,2021-10-01
xgboost_diff12,2021-12-01,8237.0,6794.927768707275,83,2,2021-10-01
xgboost_diff12,2022-01-01,9582.0,6759.9671630859375,83,3,2021-10-01
xgboost_diff12,2022-02-01,7227.0,6277.245697021484,83,4,2021-10-01
xgboost_diff12,2022-03-01,7504.0,7161.919952392578,83,5,2021-10-01
xgboost_diff12,2022-04-01,7589.0,6475.3714599609375,83,6,2021-10-01
xgboost_diff12,2021-12-01,8237.0,7080.889678955078,84,1,2021-11-01
xgboost_diff12,2022-01-01,9582.0,6795.42081451416,84,2,2021-11-01
xgboost_diff12,2022-02-01,7227.0,6293.456878662109,84,3,2021-11-01
xgboost_diff12,2022-03-01,7504.0,7178.145904541016,84,4,2021-11-01
xgboost_diff12,2022-04-01,7589.0,6473.855804443359,84,5,2021-11-01
xgboost_diff12,2022-05-01,8846.0,7782.094696044922,84,6,2021-11-01
xgboost_diff12,2022-01-01,9582.0,7483.251892089844,85,1,2021-12-01
xgboost_diff12,2022-02-01,7227.0,6406.413070678711,85,2,2021-12-01
xgboost_diff12,2022-03-01,7504.0,7256.855529785156,85,3,2021-12-01
xgboost_diff12,2022-04-01,7589.0,6434.849639892578,85,4,2021-12-01
xgboost_diff12,2022-05-01,8846.0,7871.344299316406,85,5,2021-12-01
xgboost_diff12,2022-06-01,9057.0,7961.521987915039,85,6,2021-12-01
xgboost_diff12,2022-02-01,7227.0,7754.6920166015625,86,1,2022-01-01
xgboost_diff12,2022-03-01,7504.0,8342.501159667969,86,2,2022-01-01
xgboost_diff12,2022-04-01,7589.0,6745.333297729492,86,3,2022-01-01
xgboost_diff12,2022-05-01,8846.0,7964.425537109375,86,4,2022-01-01
xgboost_diff12,2022-06-01,9057.0,8234.320236206055,86,5,2022-01-01
xgboost_diff12,2022-07-01,8699.0,9444.691162109375,86,6,2022-01-01
xgboost_diff12,2022-03-01,7504.0,7921.691314697266,87,1,2022-02-01
xgboost_diff12,2022-04-01,7589.0,6607.122406005859,87,2,2022-02-01
xgboost_diff12,2022-05-01,8846.0,8070.92658996582,87,3,2022-02-01
xgboost_diff12,2022-06-01,9057.0,8449.777069091797,87,4,2022-02-01
xgboost_diff12,2022-07-01,8699.0,9589.010620117188,87,5,2022-02-01
xgboost_diff12,2022-08-01,8834.0,8917.76148223877,87,6,2022-02-01
xgboost_diff12,2022-04-01,7589.0,6541.971588134766,88,1,2022-03-01
xgboost_diff12,2022-05-01,8846.0,8010.888946533203,88,2,2022-03-01
xgboost_diff12,2022-06-01,9057.0,8634.898895263672,88,3,2022-03-01
xgboost_diff12,2022-07-01,8699.0,9803.943969726562,88,4,2022-03-01
xgboost_diff12,2022-08-01,8834.0,8915.60848236084,88,5,2022-03-01
xgboost_diff12,2022-09-01,8228.0,7224.6903076171875,88,6,2022-03-01
xgboost_diff12,2022-05-01,8846.0,8530.69692993164,89,1,2022-04-01
xgboost_diff12,2022-06-01,9057.0,8825.432434082031,89,2,2022-04-01
xgboost_diff12,2022-07-01,8699.0,9639.332763671875,89,3,2022-04-01
xgboost_diff12,2022-08-01,8834.0,8976.423889160156,89,4,2022-04-01
xgboost_diff12,2022-09-01,8228.0,7635.308647155762,89,5,2022-04-01
xgboost_diff12,2022-10-01,8388.0,7806.105361938477,89,6,2022-04-01
xgboost_diff12,2022-06-01,9057.0,9054.779846191406,90,1,2022-05-01
xgboost_diff12,2022-07-01,8699.0,9915.40478515625,90,2,2022-05-01
xgboost_diff12,2022-08-01,8834.0,8803.593898773193,90,3,2022-05-01
xgboost_diff12,2022-09-01,8228.0,7693.686080932617,90,4,2022-05-01
xgboost_diff12,2022-10-01,8388.0,8055.366851806641,90,5,2022-05-01
xgboost_diff12,2022-11-01,7588.0,7746.737762451172,90,6,2022-05-01
xgboost_diff12,2022-07-01,8699.0,10047.059997558594,91,1,2022-06-01
xgboost_diff12,2022-08-01,8834.0,8823.710273742676,91,2,2022-06-01
xgboost_diff12,2022-09-01,8228.0,7614.840660095215,91,3,2022-06-01
xgboost_diff12,2022-10-01,8388.0,8069.301971435547,91,4,2022-06-01
xgboost_diff12,2022-11-01,7588.0,7735.771469116211,91,5,2022-06-01
xgboost_diff12,2022-12-01,7850.0,8262.285217285156,91,6,2022-06-01
xgboost_diff12,2022-08-01,8834.0,8857.68258857727,92,1,2022-07-01
xgboost_diff12,2022-09-01,8228.0,7773.963531494141,92,2,2022-07-01
xgboost_diff12,2022-10-01,8388.0,8083.7960205078125,92,3,2022-07-01
xgboost_diff12,2022-11-01,7588.0,7438.752822875977,92,4,2022-07-01
xgboost_diff12,2022-12-01,7850.0,7916.2232666015625,92,5,2022-07-01
xgboost_diff12,2023-01-01,7563.0,9494.847999572754,92,6,2022-07-01
xgboost_diff12,2022-09-01,8228.0,7716.4949951171875,93,1,2022-08-01
xgboost_diff12,2022-10-01,8388.0,8087.17529296875,93,2,2022-08-01
xgboost_diff12,2022-11-01,7588.0,7454.831237792969,93,3,2022-08-01
xgboost_diff12,2022-12-01,7850.0,7788.549072265625,93,4,2022-08-01
xgboost_diff12,2023-01-01,7563.0,9495.884155273438,93,5,2022-08-01
xgboost_diff12,2023-02-01,6551.0,7064.767593383789,93,6,2022-08-01
xgboost_diff12,2022-10-01,8388.0,8177.602966308594,94,1,2022-09-01
xgboost_diff12,2022-11-01,7588.0,7525.091842651367,94,2,2022-09-01
xgboost_diff12,2022-12-01,7850.0,7876.819030761719,94,3,2022-09-01
xgboost_diff12,2023-01-01,7563.0,9782.912536621094,94,4,2022-09-01
xgboost_diff12,2023-02-01,6551.0,7202.307077407837,94,5,2022-09-01
xgboost_diff12,2023-03-01,7507.0,7375.312316894531,94,6,2022-09-01
xgboost_diff12,2022-11-01,7588.0,7613.14661026001,95,1,2022-10-01
xgboost_diff12,2022-12-01,7850.0,7980.513732910156,95,2,2022-10-01
xgboost_diff12,2023-01-01,7563.0,9679.567497253418,95,3,2022-10-01
xgboost_diff12,2023-02-01,6551.0,7143.715034484863,95,4,2022-10-01
xgboost_diff12,2023-03-01,7507.0,7434.159729003906,95,5,2022-10-01
xgboost_diff12,2023-04-01,7745.0,7525.712718963623,95,6,2022-10-01
xgboost_diff12,2022-12-01,7850.0,7968.664093017578,96,1,2022-11-01
xgboost_diff12,2023-01-01,7563.0,9796.699172973633,96,2,2022-11-01
xgboost_diff12,2023-02-01,6551.0,7058.5181884765625,96,3,2022-11-01
xgboost_diff12,2023-03-01,7507.0,7423.958290100098,96,4,2022-11-01
xgboost_diff12,2023-04-01,7745.0,7361.19026184082,96,5,2022-11-01
xgboost_diff12,2023-05-01,8600.0,8670.064849853516,96,6,2022-11-01
xgboost_diff12,2023-01-01,7563.0,9773.014709472656,97,1,2022-12-01
xgboost_diff12,2023-02-01,6551.0,7197.296058654785,97,2,2022-12-01
xgboost_diff12,2023-03-01,7507.0,7357.527923583984,97,3,2022-12-01
xgboost_diff12,2023-04-01,7745.0,7584.949964523315,97,4,2022-12-01
xgboost_diff12,2023-05-01,8600.0,8532.40267944336,97,5,2022-12-01
xgboost_diff12,2023-06-01,9151.0,9114.720470428467,97,6,2022-12-01
xgboost_diff12,2023-02-01,6551.0,6480.921691894531,98,1,2023-01-01
xgboost_diff12,2023-03-01,7507.0,6800.599792480469,98,2,2023-01-01
xgboost_diff12,2023-04-01,7745.0,7034.335388183594,98,3,2023-01-01
xgboost_diff12,2023-05-01,8600.0,8016.562316894531,98,4,2023-01-01
xgboost_diff12,2023-06-01,9151.0,8561.555206298828,98,5,2023-01-01
xgboost_diff12,2023-07-01,9183.0,8454.815536499023,98,6,2023-01-01
xgboost_diff12,2023-03-01,7507.0,6807.58837890625,99,1,2023-02-01
xgboost_diff12,2023-04-01,7745.0,6998.601013183594,99,2,2023-02-01
xgboost_diff12,2023-05-01,8600.0,8021.185852050781,99,3,2023-02-01
xgboost_diff12,2023-06-01,9151.0,8633.469512939453,99,4,2023-02-01
xgboost_diff12,2023-07-01,9183.0,8458.947158813477,99,5,2023-02-01
xgboost_diff12,2023-08-01,8297.0,8747.195816040039,99,6,2023-02-01
xgboost_diff12,2023-04-01,7745.0,7410.683502197266,100,1,2023-03-01
xgboost_diff12,2023-05-01,8600.0,8409.307495117188,100,2,2023-03-01
xgboost_diff12,2023-06-01,9151.0,8864.806045532227,100,3,2023-03-01
xgboost_diff12,2023-07-01,9183.0,8750.74267578125,100,4,2023-03-01
xgboost_diff12,2023-08-01,8297.0,8852.864833831787,100,5,2023-03-01
xgboost_diff12,2023-09-01,7823.0,7828.807556152344,100,6,2023-03-01
xgboost_diff12,2023-05-01,8600.0,8594.281219482422,101,1,2023-04-01
xgboost_diff12,2023-06-01,9151.0,8845.781356811523,101,2,2023-04-01
xgboost_diff12,2023-07-01,9183.0,8712.621138572693,101,3,2023-04-01
xgboost_diff12,2023-08-01,8297.0,8771.13394165039,101,4,2023-04-01
xgboost_diff12,2023-09-01,7823.0,7937.660125732422,101,5,2023-04-01
xgboost_diff12,2023-10-01,7507.0,8082.146026611328,101,6,2023-04-01
xgboost_diff12,2023-06-01,9151.0,8752.491088867188,102,1,2023-05-01
xgboost_diff12,2023-07-01,9183.0,8735.2297706604,102,2,2023-05-01
xgboost_diff12,2023-08-01,8297.0,8816.071849822998,102,3,2023-05-01
xgboost_diff12,2023-09-01,7823.0,7906.810333251953,102,4,2023-05-01
xgboost_diff12,2023-10-01,7507.0,8079.911560058594,102,5,2023-05-01
xgboost_diff12,2023-11-01,8107.0,7661.885055541992,102,6,2023-05-01
xgboost_diff12,2023-07-01,9183.0,8784.485252380371,103,1,2023-06-01
xgboost_diff12,2023-08-01,8297.0,8859.35816001892,103,2,2023-06-01
xgboost_diff12,2023-09-01,7823.0,7792.015960693359,103,3,2023-06-01
xgboost_diff12,2023-10-01,7507.0,8077.381927490234,103,4,2023-06-01
xgboost_diff12,2023-11-01,8107.0,7883.428039550781,103,5,2023-06-01
xgboost_diff12,2023-12-01,7504.0,8480.750427246094,103,6,2023-06-01
xgboost_full,2015-01-01,7184.0,6205.196990966797,1,1,2014-12-01
xgboost_full,2015-02-01,5958.0,6228.590423583984,1,2,2014-12-01
xgboost_full,2015-03-01,6658.0,6447.427001953125,1,3,2014-12-01
xgboost_full,2015-04-01,7069.0,6470.587921142578,1,4,2014-12-01
xgboost_full,2015-05-01,8099.0,7406.161560058594,1,5,2014-12-01
xgboost_full,2015-06-01,7868.0,7437.796249389648,1,6,2014-12-01
xgboost_full,2015-02-01,5958.0,6193.252960205078,2,1,2015-01-01
xgboost_full,2015-03-01,6658.0,6452.009490966797,2,2,2015-01-01
xgboost_full,2015-04-01,7069.0,6470.457275390625,2,3,2015-01-01
xgboost_full,2015-05-01,8099.0,7480.1326332092285,2,4,2015-01-01
xgboost_full,2015-06-01,7868.0,7707.91357421875,2,5,2015-01-01
xgboost_full,2015-07-01,7986.0,7682.185791015625,2,6,2015-01-01
xgboost_full,2015-03-01,6658.0,6459.643051147461,3,1,2015-02-01
xgboost_full,2015-04-01,7069.0,6442.783981323242,3,2,2015-02-01
xgboost_full,2015-05-01,8099.0,7539.320751190186,3,3,2015-02-01
xgboost_full,2015-06-01,7868.0,7700.808807373047,3,4,2015-02-01
xgboost_full,2015-07-01,7986.0,7651.250015258789,3,5,2015-02-01
xgboost_full,2015-08-01,7251.0,7787.911285400391,3,6,2015-02-01
xgboost_full,2015-04-01,7069.0,6456.233108520508,4,1,2015-03-01
xgboost_full,2015-05-01,8099.0,7587.288154602051,4,2,2015-03-01
xgboost_full,2015-06-01,7868.0,7556.503372192383,4,3,2015-03-01
xgboost_full,2015-07-01,7986.0,7614.90234375,4,4,2015-03-01
xgboost_full,2015-08-01,7251.0,7971.114929199219,4,5,2015-03-01
xgboost_full,2015-09-01,7163.0,7000.389511108398,4,6,2015-03-01
xgboost_full,2015-05-01,8099.0,7788.4375,5,1,2015-04-01
xgboost_full,2015-06-01,7868.0,7582.551025390625,5,2,2015-04-01
xgboost_full,2015-07-01,7986.0,7358.780921936035,5,3,2015-04-01
xgboost_full,2015-08-01,7251.0,7828.030792236328,5,4,2015-04-01
xgboost_full,2015-09-01,7163.0,7128.692352294922,5,5,2015-04-01
xgboost_full,2015-10-01,6690.0,7137.257549285889,5,6,2015-04-01
xgboost_full,2015-06-01,7868.0,7576.092834472656,6,1,2015-05-01
xgboost_full,2015-07-01,7986.0,7408.8110094070435,6,2,2015-05-01
xgboost_full,2015-08-01,7251.0,7756.848403930664,6,3,2015-05-01
xgboost_full,2015-09-01,7163.0,7215.2037353515625,6,4,2015-05-01
xgboost_full,2015-10-01,6690.0,7182.51961517334,6,5,2015-05-01
xgboost_full,2015-11-01,6392.0,6271.980144500732,6,6,2015-05-01
xgboost_full,2015-07-01,7986.0,7593.057662963867,7,1,2015-06-01
xgboost_full,2015-08-01,7251.0,7833.954528808594,7,2,2015-06-01
xgboost_full,2015-09-01,7163.0,6749.4904861450195,7,3,2015-06-01
xgboost_full,2015-10-01,6690.0,7102.8260045051575,7,4,2015-06-01
xgboost_full,2015-11-01,6392.0,6609.9117431640625,7,5,2015-06-01
xgboost_full,2015-12-01,6753.0,6768.635925292969,7,6,2015-06-01
xgboost_full,2015-08-01,7251.0,7876.321838378906,8,1,2015-07-01
xgboost_full,2015-09-01,7163.0,6871.282135009766,8,2,2015-07-01
xgboost_full,2015-10-01,6690.0,7066.587482452393,8,3,2015-07-01
xgboost_full,2015-11-01,6392.0,6513.131576538086,8,4,2015-07-01
xgboost_full,2015-12-01,6753.0,6911.460800170898,8,5,2015-07-01
xgboost_full,2016-01-01,6753.0,6848.7596435546875,8,6,2015-07-01
xgboost_full,2015-09-01,7163.0,6505.093322753906,9,1,2015-08-01
xgboost_full,2015-10-01,6690.0,6908.480407714844,9,2,2015-08-01
xgboost_full,2015-11-01,6392.0,6775.066436767578,9,3,2015-08-01
xgboost_full,2015-12-01,6753.0,6466.4422607421875,9,4,2015-08-01
xgboost_full,2016-01-01,6753.0,6818.655426025391,9,5,2015-08-01
xgboost_full,2016-02-01,6385.0,5850.38419342041,9,6,2015-08-01
xgboost_full,2015-10-01,6690.0,7198.523704528809,10,1,2015-09-01
xgboost_full,2015-11-01,6392.0,6378.637393951416,10,2,2015-09-01
xgboost_full,2015-12-01,6753.0,6823.501693725586,10,3,2015-09-01
xgboost_full,2016-01-01,6753.0,6606.623352050781,10,4,2015-09-01
xgboost_full,2016-02-01,6385.0,6119.866973876953,10,5,2015-09-01
xgboost_full,2016-03-01,7164.0,6350.5032958984375,10,6,2015-09-01
xgboost_full,2015-11-01,6392.0,6285.042388916016,11,1,2015-10-01
xgboost_full,2015-12-01,6753.0,6620.850944519043,11,2,2015-10-01
xgboost_full,2016-01-01,6753.0,6596.0032958984375,11,3,2015-10-01
xgboost_full,2016-02-01,6385.0,6126.7147216796875,11,4,2015-10-01
xgboost_full,2016-03-01,7164.0,6226.7210693359375,11,5,2015-10-01
xgboost_full,2016-04-01,7192.0,6865.343414306641,11,6,2015-10-01
xgboost_full,2015-12-01,6753.0,6621.399322509766,12,1,2015-11-01
xgboost_full,2016-01-01,6753.0,6604.418395996094,12,2,2015-11-01
xgboost_full,2016-02-01,6385.0,6083.5446701049805,12,3,2015-11-01
xgboost_full,2016-03-01,7164.0,6236.416351318359,12,4,2015-11-01
xgboost_full,2016-04-01,7192.0,6863.008361816406,12,5,2015-11-01
xgboost_full,2016-05-01,7743.0,8065.413917541504,12,6,2015-11-01
xgboost_full,2016-01-01,6753.0,6591.4881591796875,13,1,2015-12-01
xgboost_full,2016-02-01,6385.0,6089.096038818359,13,2,2015-12-01
xgboost_full,2016-03-01,7164.0,6267.521392822266,13,3,2015-12-01
xgboost_full,2016-04-01,7192.0,6789.116180419922,13,4,2015-12-01
xgboost_full,2016-05-01,7743.0,8128.314979553223,13,5,2015-12-01
xgboost_full,2016-06-01,8767.0,7723.9056396484375,13,6,2015-12-01
xgboost_full,2016-02-01,6385.0,6098.037170410156,14,1,2016-01-01
xgboost_full,2016-03-01,7164.0,6242.726806640625,14,2,2016-01-01
xgboost_full,2016-04-01,7192.0,6807.379364013672,14,3,2016-01-01
xgboost_full,2016-05-01,7743.0,8068.0133228302,14,4,2016-01-01
xgboost_full,2016-06-01,8767.0,7734.139511108398,14,5,2016-01-01
xgboost_full,2016-07-01,8479.0,7932.017093658447,14,6,2016-01-01
xgboost_full,2016-03-01,7164.0,6206.466766357422,15,1,2016-02-01
xgboost_full,2016-04-01,7192.0,6960.611885070801,15,2,2016-02-01
xgboost_full,2016-05-01,7743.0,8098.653135120869,15,3,2016-02-01
xgboost_full,2016-06-01,8767.0,7750.648223876953,15,4,2016-02-01
xgboost_full,2016-07-01,8479.0,8030.026893615723,15,5,2016-02-01
xgboost_full,2016-08-01,7890.0,7429.691741943359,15,6,2016-02-01
xgboost_full,2016-04-01,7192.0,6810.712127685547,16,1,2016-03-01
xgboost_full,2016-05-01,7743.0,7974.114669799805,16,2,2016-03-01
xgboost_full,2016-06-01,8767.0,7785.812629699707,16,3,2016-03-01
xgboost_full,2016-07-01,8479.0,7749.954406738281,16,4,2016-03-01
xgboost_full,2016-08-01,7890.0,7602.527435302734,16,5,2016-03-01
xgboost_full,2016-09-01,7317.0,6933.799789428711,16,6,2016-03-01
xgboost_full,2016-05-01,7743.0,7989.209899902344,17,1,2016-04-01
xgboost_full,2016-06-01,8767.0,7815.315299987793,17,2,2016-04-01
xgboost_full,2016-07-01,8479.0,8077.226737976074,17,3,2016-04-01
xgboost_full,2016-08-01,7890.0,7529.792236328125,17,4,2016-04-01
xgboost_full,2016-09-01,7317.0,7088.154396057129,17,5,2016-04-01
xgboost_full,2016-10-01,7426.0,6787.927337646484,17,6,2016-04-01
xgboost_full,2016-06-01,8767.0,7838.01568031311,18,1,2016-05-01
xgboost_full,2016-07-01,8479.0,7959.055150985718,18,2,2016-05-01
xgboost_full,2016-08-01,7890.0,7474.3382568359375,18,3,2016-05-01
xgboost_full,2016-09-01,7317.0,7152.350657463074,18,4,2016-05-01
xgboost_full,2016-10-01,7426.0,6787.877815246582,18,5,2016-05-01
xgboost_full,2016-11-01,6700.0,6728.23046875,18,6,2016-05-01
xgboost_full,2016-07-01,8479.0,8001.01577091217,19,1,2016-06-01
xgboost_full,2016-08-01,7890.0,7559.329895019531,19,2,2016-06-01
xgboost_full,2016-09-01,7317.0,7322.848861694336,19,3,2016-06-01
xgboost_full,2016-10-01,7426.0,6839.969177246094,19,4,2016-06-01
xgboost_full,2016-11-01,6700.0,6559.6080322265625,19,5,2016-06-01
xgboost_full,2016-12-01,6994.0,6938.27180480957,19,6,2016-06-01
xgboost_full,2016-08-01,7890.0,7509.172790527344,20,1,2016-07-01
xgboost_full,2016-09-01,7317.0,7368.619598388672,20,2,2016-07-01
xgboost_full,2016-10-01,7426.0,6656.402774810791,20,3,2016-07-01
xgboost_full,2016-11-01,6700.0,6689.489593505859,20,4,2016-07-01
xgboost_full,2016-12-01,6994.0,6766.84717464447,20,5,2016-07-01
xgboost_full,2017-01-01,6788.0,6833.564079284668,20,6,2016-07-01
xgboost_full,2016-09-01,7317.0,7156.144452571869,21,1,2016-08-01
xgboost_full,2016-10-01,7426.0,6562.932464599609,21,2,2016-08-01
xgboost_full,2016-11-01,6700.0,6697.873504638672,21,3,2016-08-01
xgboost_full,2016-12-01,6994.0,6865.776382446289,21,4,2016-08-01
xgboost_full,2017-01-01,6788.0,6891.799224853516,21,5,2016-08-01
xgboost_full,2017-02-01,6271.0,6619.558670043945,21,6,2016-08-01
xgboost_full,2016-10-01,7426.0,6703.644513130188,22,1,2016-09-01
xgboost_full,2016-11-01,6700.0,6360.548955917358,22,2,2016-09-01
xgboost_full,2016-12-01,6994.0,6824.851577758789,22,3,2016-09-01
xgboost_full,2017-01-01,6788.0,7031.586669921875,22,4,2016-09-01
xgboost_full,2017-02-01,6271.0,6572.862762451172,22,5,2016-09-01
xgboost_full,2017-03-01,6794.0,6979.758041381836,22,6,2016-09-01
xgboost_full,2016-11-01,6700.0,6367.939414978027,23,1,2016-10-01
xgboost_full,2016-12-01,6994.0,6782.978101730347,23,2,2016-10-01
xgboost_full,2017-01-01,6788.0,6767.929187774658,23,3,2016-10-01
xgboost_full,2017-02-01,6271.0,6578.126266479492,23,4,2016-10-01
xgboost_full,2017-03-01,6794.0,6994.72492980957,23,5,2016-10-01
xgboost_full,2017-04-01,6884.0,7188.489399909973,23,6,2016-10-01
xgboost_full,2016-12-01,6994.0,6857.310531616211,24,1,2016-11-01
xgboost_full,2017-01-01,6788.0,6813.117286682129,24,2,2016-11-01
xgboost_full,2017-02-01,6271.0,6710.396514892578,24,3,2016-11-01
xgboost_full,2017-03-01,6794.0,7024.0352783203125,24,4,2016-11-01
xgboost_full,2017-04-01,6884.0,7300.625335693359,24,5,2016-11-01
xgboost_full,2017-05-01,7651.0,7533.179168701172,24,6,2016-11-01
xgboost_full,2017-01-01,6788.0,6890.445098876953,25,1,2016-12-01
xgboost_full,2017-02-01,6271.0,6606.027786254883,25,2,2016-12-01
xgboost_full,2017-03-01,6794.0,6972.092330932617,25,3,2016-12-01
xgboost_full,2017-04-01,6884.0,7313.42366027832,25,4,2016-12-01
xgboost_full,2017-05-01,7651.0,7501.610626220703,25,5,2016-12-01
xgboost_full,2017-06-01,8009.0,8504.478057861328,25,6,2016-12-01
xgboost_full,2017-02-01,6271.0,6637.575881958008,26,1,2017-01-01
xgboost_full,2017-03-01,6794.0,7063.121772766113,26,2,2017-01-01
xgboost_full,2017-04-01,6884.0,7269.449844360352,26,3,2017-01-01
xgboost_full,2017-05-01,7651.0,7517.693374633789,26,4,2017-01-01
xgboost_full,2017-06-01,8009.0,8444.731170654297,26,5,2017-01-01
xgboost_full,2017-07-01,8694.0,8254.586730957031,26,6,2017-01-01
xgboost_full,2017-03-01,6794.0,7052.969947814941,27,1,2017-02-01
xgboost_full,2017-04-01,6884.0,7316.652885437012,27,2,2017-02-01
xgboost_full,2017-05-01,7651.0,7437.495758056641,27,3,2017-02-01
xgboost_full,2017-06-01,8009.0,8445.247863769531,27,4,2017-02-01
xgboost_full,2017-07-01,8694.0,8219.778045654297,27,5,2017-02-01
xgboost_full,2017-08-01,8130.0,7547.922790527344,27,6,2017-02-01
xgboost_full,2017-04-01,6884.0,7259.791107177734,28,1,2017-03-01
xgboost_full,2017-05-01,7651.0,7410.568450927734,28,2,2017-03-01
xgboost_full,2017-06-01,8009.0,8465.669219970703,28,3,2017-03-01
xgboost_full,2017-07-01,8694.0,8234.223281860352,28,4,2017-03-01
xgboost_full,2017-08-01,8130.0,7504.890869140625,28,5,2017-03-01
xgboost_full,2017-09-01,7446.0,7539.258041381836,28,6,2017-03-01
xgboost_full,2017-05-01,7651.0,7353.483917236328,29,1,2017-04-01
xgboost_full,2017-06-01,8009.0,8378.504821777344,29,2,2017-04-01
xgboost_full,2017-07-01,8694.0,8109.08154296875,29,3,2017-04-01
xgboost_full,2017-08-01,8130.0,7442.130187988281,29,4,2017-04-01
xgboost_full,2017-09-01,7446.0,7532.822479248047,29,5,2017-04-01
xgboost_full,2017-10-01,7282.0,6980.53125,29,6,2017-04-01
xgboost_full,2017-06-01,8009.0,8441.424102783203,30,1,2017-05-01
xgboost_full,2017-07-01,8694.0,8142.290679931641,30,2,2017-05-01
xgboost_full,2017-08-01,8130.0,7401.894256591797,30,3,2017-05-01
xgboost_full,2017-09-01,7446.0,7457.585311889648,30,4,2017-05-01
xgboost_full,2017-10-01,7282.0,7035.334777832031,30,5,2017-05-01
xgboost_full,2017-11-01,6830.0,6704.244032382965,30,6,2017-05-01
xgboost_full,2017-07-01,8694.0,8138.706726074219,31,1,2017-06-01
xgboost_full,2017-08-01,8130.0,7449.382965087891,31,2,2017-06-01
xgboost_full,2017-09-01,7446.0,7516.236312866211,31,3,2017-06-01
xgboost_full,2017-10-01,7282.0,6930.660980224609,31,4,2017-06-01
xgboost_full,2017-11-01,6830.0,6815.340858459473,31,5,2017-06-01
xgboost_full,2017-12-01,6946.0,7305.121032714844,31,6,2017-06-01
xgboost_full,2017-08-01,8130.0,7462.939666748047,32,1,2017-07-01
xgboost_full,2017-09-01,7446.0,7472.113037109375,32,2,2017-07-01
xgboost_full,2017-10-01,7282.0,7142.703033447266,32,3,2017-07-01
xgboost_full,2017-11-01,6830.0,6783.571388244629,32,4,2017-07-01
xgboost_full,2017-12-01,6946.0,7340.782623291016,32,5,2017-07-01
xgboost_full,2018-01-01,6886.0,6678.755668640137,32,6,2017-07-01
xgboost_full,2017-09-01,7446.0,7438.95671081543,33,1,2017-08-01
xgboost_full,2017-10-01,7282.0,7243.502960205078,33,2,2017-08-01
xgboost_full,2017-11-01,6830.0,7101.973937988281,33,3,2017-08-01
xgboost_full,2017-12-01,6946.0,7443.875152587891,33,4,2017-08-01
xgboost_full,2018-01-01,6886.0,6932.685394287109,33,5,2017-08-01
xgboost_full,2018-02-01,5960.0,6405.226852416992,33,6,2017-08-01
xgboost_full,2017-10-01,7282.0,7238.20719909668,34,1,2017-09-01
xgboost_full,2017-11-01,6830.0,7035.739715576172,34,2,2017-09-01
xgboost_full,2017-12-01,6946.0,7430.3909912109375,34,3,2017-09-01
xgboost_full,2018-01-01,6886.0,6949.567108154297,34,4,2017-09-01
xgboost_full,2018-02-01,5960.0,6401.36669921875,34,5,2017-09-01
xgboost_full,2018-03-01,6930.0,6980.857528686523,34,6,2017-09-01
xgboost_full,2017-11-01,6830.0,6993.935882568359,35,1,2017-10-01
xgboost_full,2017-12-01,6946.0,7421.259857177734,35,2,2017-10-01
xgboost_full,2018-01-01,6886.0,7003.834045410156,35,3,2017-10-01
xgboost_full,2018-02-01,5960.0,6427.378829956055,35,4,2017-10-01
xgboost_full,2018-03-01,6930.0,6963.608825683594,35,5,2017-10-01
xgboost_full,2018-04-01,6769.0,7232.344055175781,35,6,2017-10-01
xgboost_full,2017-12-01,6946.0,7327.101898193359,36,1,2017-11-01
xgboost_full,2018-01-01,6886.0,6923.642547607422,36,2,2017-11-01
xgboost_full,2018-02-01,5960.0,6388.821495056152,36,3,2017-11-01
xgboost_full,2018-03-01,6930.0,6925.911544799805,36,4,2017-11-01
xgboost_full,2018-04-01,6769.0,7229.6751708984375,36,5,2017-11-01
xgboost_full,2018-05-01,7511.0,7790.627197265625,36,6,2017-11-01
xgboost_full,2018-01-01,6886.0,6831.463680267334,37,1,2017-12-01
xgboost_full,2018-02-01,5960.0,6419.129455566406,37,2,2017-12-01
xgboost_full,2018-03-01,6930.0,6892.297286987305,37,3,2017-12-01
xgboost_full,2018-04-01,6769.0,7075.114044189453,37,4,2017-12-01
xgboost_full,2018-05-01,7511.0,7835.272521972656,37,5,2017-12-01
xgboost_full,2018-06-01,8057.0,8272.427490234375,37,6,2017-12-01
xgboost_full,2018-02-01,5960.0,6538.012756347656,38,1,2018-01-01
xgboost_full,2018-03-01,6930.0,7009.732360839844,38,2,2018-01-01
xgboost_full,2018-04-01,6769.0,7122.947570800781,38,3,2018-01-01
xgboost_full,2018-05-01,7511.0,7751.556694030762,38,4,2018-01-01
xgboost_full,2018-06-01,8057.0,8281.103790283203,38,5,2018-01-01
xgboost_full,2018-07-01,8175.0,9047.417602539062,38,6,2018-01-01
xgboost_full,2018-03-01,6930.0,6880.749198913574,39,1,2018-02-01
xgboost_full,2018-04-01,6769.0,6909.586860656738,39,2,2018-02-01
xgboost_full,2018-05-01,7511.0,7648.908590078354,39,3,2018-02-01
xgboost_full,2018-06-01,8057.0,8317.955780029297,39,4,2018-02-01
xgboost_full,2018-07-01,8175.0,9032.459533691406,39,5,2018-02-01
xgboost_full,2018-08-01,8328.0,8338.422821044922,39,6,2018-02-01
xgboost_full,2018-04-01,6769.0,6906.277387619019,40,1,2018-03-01
xgboost_full,2018-05-01,7511.0,7625.002124786377,40,2,2018-03-01
xgboost_full,2018-06-01,8057.0,8255.969589233398,40,3,2018-03-01
xgboost_full,2018-07-01,8175.0,8951.2666015625,40,4,2018-03-01
xgboost_full,2018-08-01,8328.0,8439.481872558594,40,5,2018-03-01
xgboost_full,2018-09-01,7325.0,7509.018337249756,40,6,2018-03-01
xgboost_full,2018-05-01,7511.0,7643.874627590179,41,1,2018-04-01
xgboost_full,2018-06-01,8057.0,8253.318008422852,41,2,2018-04-01
xgboost_full,2018-07-01,8175.0,8951.019348144531,41,3,2018-04-01
xgboost_full,2018-08-01,8328.0,8401.272705078125,41,4,2018-04-01
xgboost_full,2018-09-01,7325.0,7433.697976112366,41,5,2018-04-01
xgboost_full,2018-10-01,7202.0,7579.950439453125,41,6,2018-04-01
xgboost_full,2018-06-01,8057.0,8192.425857543945,42,1,2018-05-01
xgboost_full,2018-07-01,8175.0,8871.23812866211,42,2,2018-05-01
xgboost_full,2018-08-01,8328.0,8309.347473144531,42,3,2018-05-01
xgboost_full,2018-09-01,7325.0,7445.926262706518,42,4,2018-05-01
xgboost_full,2018-10-01,7202.0,7618.357086181641,42,5,2018-05-01
xgboost_full,2018-11-01,7161.0,7068.539077758789,42,6,2018-05-01
xgboost_full,2018-07-01,8175.0,8787.410995483398,43,1,2018-06-01
xgboost_full,2018-08-01,8328.0,8293.4267578125,43,2,2018-06-01
xgboost_full,2018-09-01,7325.0,7429.5900955200195,43,3,2018-06-01
xgboost_full,2018-10-01,7202.0,7477.632354736328,43,4,2018-06-01
xgboost_full,2018-11-01,7161.0,7062.580551147461,43,5,2018-06-01
xgboost_full,2018-12-01,7409.0,7233.847351074219,43,6,2018-06-01
xgboost_full,2018-08-01,8328.0,8189.862308502197,44,1,2018-07-01
xgboost_full,2018-09-01,7325.0,7285.816482543945,44,2,2018-07-01
xgboost_full,2018-10-01,7202.0,7410.926940917969,44,3,2018-07-01
xgboost_full,2018-11-01,7161.0,6902.631088256836,44,4,2018-07-01
xgboost_full,2018-12-01,7409.0,6892.184841156006,44,5,2018-07-01
xgboost_full,2019-01-01,7117.0,6857.25520324707,44,6,2018-07-01
xgboost_full,2018-09-01,7325.0,7304.651596069336,45,1,2018-08-01
xgboost_full,2018-10-01,7202.0,7389.791923522949,45,2,2018-08-01
xgboost_full,2018-11-01,7161.0,6949.785659790039,45,3,2018-08-01
xgboost_full,2018-12-01,7409.0,6921.76403427124,45,4,2018-08-01
xgboost_full,2019-01-01,7117.0,6855.768407821655,45,5,2018-08-01
xgboost_full,2019-02-01,6307.0,6025.511741638184,45,6,2018-08-01
xgboost_full,2018-10-01,7202.0,7365.579124450684,46,1,2018-09-01
xgboost_full,2018-11-01,7161.0,6956.572074890137,46,2,2018-09-01
xgboost_full,2018-12-01,7409.0,6996.111675262451,46,3,2018-09-01
xgboost_full,2019-01-01,7117.0,6911.619258880615,46,4,2018-09-01
xgboost_full,2019-02-01,6307.0,6086.115516662598,46,5,2018-09-01
xgboost_full,2019-03-01,7067.0,6850.002464294434,46,6,2018-09-01
xgboost_full,2018-11-01,7161.0,6921.489692687988,47,1,2018-10-01
xgboost_full,2018-12-01,7409.0,6864.51823425293,47,2,2018-10-01
xgboost_full,2019-01-01,7117.0,6856.863376617432,47,3,2018-10-01
xgboost_full,2019-02-01,6307.0,6015.942394256592,47,4,2018-10-01
xgboost_full,2019-03-01,7067.0,6852.04598236084,47,5,2018-10-01
xgboost_full,2019-04-01,7108.0,6857.484100341797,47,6,2018-10-01
xgboost_full,2018-12-01,7409.0,7077.166351318359,48,1,2018-11-01
xgboost_full,2019-01-01,7117.0,7012.858337402344,48,2,2018-11-01
xgboost_full,2019-02-01,6307.0,6160.410507202148,48,3,2018-11-01
xgboost_full,2019-03-01,7067.0,6902.428350448608,48,4,2018-11-01
xgboost_full,2019-04-01,7108.0,7005.171157836914,48,5,2018-11-01
xgboost_full,2019-05-01,7776.0,7768.50244140625,48,6,2018-11-01
xgboost_full,2019-01-01,7117.0,6981.136627197266,49,1,2018-12-01
xgboost_full,2019-02-01,6307.0,6172.558258056641,49,2,2018-12-01
xgboost_full,2019-03-01,7067.0,7081.692337036133,49,3,2018-12-01
xgboost_full,2019-04-01,7108.0,7116.617706298828,49,4,2018-12-01
xgboost_full,2019-05-01,7776.0,7547.016300201416,49,5,2018-12-01
xgboost_full,2019-06-01,8274.0,8149.842124938965,49,6,2018-12-01
xgboost_full,2019-02-01,6307.0,6214.143218994141,50,1,2019-01-01
xgboost_full,2019-03-01,7067.0,7002.549263000488,50,2,2019-01-01
xgboost_full,2019-04-01,7108.0,7067.031188964844,50,3,2019-01-01
xgboost_full,2019-05-01,7776.0,7705.16276550293,50,4,2019-01-01
xgboost_full,2019-06-01,8274.0,8011.894130706787,50,5,2019-01-01
xgboost_full,2019-07-01,8919.0,8258.848648071289,50,6,2019-01-01
xgboost_full,2019-03-01,7067.0,7100.259872436523,51,1,2019-02-01
xgboost_full,2019-04-01,7108.0,7109.668609619141,51,2,2019-02-01
xgboost_full,2019-05-01,7776.0,7642.67448425293,51,3,2019-02-01
xgboost_full,2019-06-01,8274.0,8110.399951934814,51,4,2019-02-01
xgboost_full,2019-07-01,8919.0,8308.80110168457,51,5,2019-02-01
xgboost_full,2019-08-01,8180.0,8283.191368103027,51,6,2019-02-01
xgboost_full,2019-04-01,7108.0,7128.416320800781,52,1,2019-03-01
xgboost_full,2019-05-01,7776.0,7778.716827392578,52,2,2019-03-01
xgboost_full,2019-06-01,8274.0,8149.652740478516,52,3,2019-03-01
xgboost_full,2019-07-01,8919.0,8363.198638916016,52,4,2019-03-01
xgboost_full,2019-08-01,8180.0,8115.836853027344,52,5,2019-03-01
xgboost_full,2019-09-01,7664.0,7391.9494552612305,52,6,2019-03-01
xgboost_full,2019-05-01,7776.0,7819.053649902344,53,1,2019-04-01
xgboost_full,2019-06-01,8274.0,8242.113784790039,53,2,2019-04-01
xgboost_full,2019-07-01,8919.0,8266.42162322998,53,3,2019-04-01
xgboost_full,2019-08-01,8180.0,8270.963138580322,53,4,2019-04-01
xgboost_full,2019-09-01,7664.0,7430.762519836426,53,5,2019-04-01
xgboost_full,2019-10-01,7254.0,7231.857976913452,53,6,2019-04-01
xgboost_full,2019-06-01,8274.0,8102.891822814941,54,1,2019-05-01
xgboost_full,2019-07-01,8919.0,8335.756896972656,54,2,2019-05-01
xgboost_full,2019-08-01,8180.0,8240.856544494629,54,3,2019-05-01
xgboost_full,2019-09-01,7664.0,7392.844818115234,54,4,2019-05-01
xgboost_full,2019-10-01,7254.0,7521.4669189453125,54,5,2019-05-01
xgboost_full,2019-11-01,6785.0,7159.791988492012,54,6,2019-05-01
xgboost_full,2019-07-01,8919.0,8287.148880004883,55,1,2019-06-01
xgboost_full,2019-08-01,8180.0,8041.514862060547,55,2,2019-06-01
xgboost_full,2019-09-01,7664.0,7395.298622131348,55,3,2019-06-01
xgboost_full,2019-10-01,7254.0,7330.633148193359,55,4,2019-06-01
xgboost_full,2019-11-01,6785.0,7119.258083343506,55,5,2019-06-01
xgboost_full,2019-12-01,6987.0,7287.546089172363,55,6,2019-06-01
xgboost_full,2019-08-01,8180.0,8312.495584487915,56,1,2019-07-01
xgboost_full,2019-09-01,7664.0,7374.428802490234,56,2,2019-07-01
xgboost_full,2019-10-01,7254.0,7318.113304138184,56,3,2019-07-01
xgboost_full,2019-11-01,6785.0,7163.464091539383,56,4,2019-07-01
xgboost_full,2019-12-01,6987.0,7355.170989990234,56,5,2019-07-01
xgboost_full,2020-01-01,7194.0,7023.296363830566,56,6,2019-07-01
xgboost_full,2019-09-01,7664.0,7342.287189483643,57,1,2019-08-01
xgboost_full,2019-10-01,7254.0,7267.427764892578,57,2,2019-08-01
xgboost_full,2019-11-01,6785.0,7017.741180419922,57,3,2019-08-01
xgboost_full,2019-12-01,6987.0,7330.897010803223,57,4,2019-08-01
xgboost_full,2020-01-01,7194.0,7102.587161064148,57,5,2019-08-01
xgboost_full,2020-02-01,6848.0,6356.059024810791,57,6,2019-08-01
xgboost_full,2019-10-01,7254.0,7398.461074829102,58,1,2019-09-01
xgboost_full,2019-11-01,6785.0,7168.3214383125305,58,2,2019-09-01
xgboost_full,2019-12-01,6987.0,7342.735771179199,58,3,2019-09-01
xgboost_full,2020-01-01,7194.0,7017.065055847168,58,4,2019-09-01
xgboost_full,2020-02-01,6848.0,6460.782257080078,58,5,2019-09-01
xgboost_full,2020-03-01,7324.0,7253.338317871094,58,6,2019-09-01
xgboost_full,2019-11-01,6785.0,7111.154300689697,59,1,2019-10-01
xgboost_full,2019-12-01,6987.0,7355.336009979248,59,2,2019-10-01
xgboost_full,2020-01-01,7194.0,7185.996604919434,59,3,2019-10-01
xgboost_full,2020-02-01,6848.0,6506.3116455078125,59,4,2019-10-01
xgboost_full,2020-03-01,7324.0,7290.91194152832,59,5,2019-10-01
xgboost_full,2020-04-01,5978.0,7180.488868713379,59,6,2019-10-01
xgboost_full,2019-12-01,6987.0,7348.959888458252,60,1,2019-11-01
xgboost_full,2020-01-01,7194.0,7115.063073158264,60,2,2019-11-01
xgboost_full,2020-02-01,6848.0,6281.983222961426,60,3,2019-11-01
xgboost_full,2020-03-01,7324.0,7339.1363525390625,60,4,2019-11-01
xgboost_full,2020-04-01,5978.0,7454.8135986328125,60,5,2019-11-01
xgboost_full,2020-05-01,7062.0,7998.882705688477,60,6,2019-11-01
xgboost_full,2020-01-01,7194.0,7186.677093505859,61,1,2019-12-01
xgboost_full,2020-02-01,6848.0,6279.770473480225,61,2,2019-12-01
xgboost_full,2020-03-01,7324.0,7122.073650360107,61,3,2019-12-01
xgboost_full,2020-04-01,5978.0,7416.084930419922,61,4,2019-12-01
xgboost_full,2020-05-01,7062.0,8196.13980102539,61,5,2019-12-01
xgboost_full,2020-06-01,6948.0,8430.422073364258,61,6,2019-12-01
xgboost_full,2020-02-01,6848.0,6250.415134429932,62,1,2020-01-01
xgboost_full,2020-03-01,7324.0,7104.938068389893,62,2,2020-01-01
xgboost_full,2020-04-01,5978.0,7439.250946044922,62,3,2020-01-01
xgboost_full,2020-05-01,7062.0,8111.925994873047,62,4,2020-01-01
xgboost_full,2020-06-01,6948.0,8523.091094970703,62,5,2020-01-01
xgboost_full,2020-07-01,7392.0,8641.828186035156,62,6,2020-01-01
xgboost_full,2020-03-01,7324.0,7346.623687744141,63,1,2020-02-01
xgboost_full,2020-04-01,5978.0,7538.776916503906,63,2,2020-02-01
xgboost_full,2020-05-01,7062.0,8284.648040771484,63,3,2020-02-01
xgboost_full,2020-06-01,6948.0,8713.953674316406,63,4,2020-02-01
xgboost_full,2020-07-01,7392.0,8654.480346679688,63,5,2020-02-01
xgboost_full,2020-08-01,7678.0,8742.9306640625,63,6,2020-02-01
xgboost_full,2020-04-01,5978.0,7460.163177490234,64,1,2020-03-01
xgboost_full,2020-05-01,7062.0,8245.559204101562,64,2,2020-03-01
xgboost_full,2020-06-01,6948.0,8648.947845458984,64,3,2020-03-01
xgboost_full,2020-07-01,7392.0,8733.40707397461,64,4,2020-03-01
xgboost_full,2020-08-01,7678.0,8696.534973144531,64,5,2020-03-01
xgboost_full,2020-09-01,7005.0,7848.129791259766,64,6,2020-03-01
xgboost_full,2020-05-01,7062.0,8091.6961669921875,65,1,2020-04-01
xgboost_full,2020-06-01,6948.0,8724.9384765625,65,2,2020-04-01
xgboost_full,2020-07-01,7392.0,9056.090774536133,65,3,2020-04-01
xgboost_full,2020-08-01,7678.0,8556.53646850586,65,4,2020-04-01
xgboost_full,2020-09-01,7005.0,7665.893083691597,65,5,2020-04-01
xgboost_full,2020-10-01,7385.0,7453.830078125,65,6,2020-04-01
xgboost_full,2020-06-01,6948.0,8432.512680053711,66,1,2020-05-01
xgboost_full,2020-07-01,7392.0,8992.925422668457,66,2,2020-05-01
xgboost_full,2020-08-01,7678.0,8217.791915893555,66,3,2020-05-01
xgboost_full,2020-09-01,7005.0,7609.703720092773,66,4,2020-05-01
xgboost_full,2020-10-01,7385.0,7430.981033325195,66,5,2020-05-01
xgboost_full,2020-11-01,6872.0,6908.3889236450195,66,6,2020-05-01
xgboost_full,2020-07-01,7392.0,8701.523025512695,67,1,2020-06-01
xgboost_full,2020-08-01,7678.0,8129.463436126709,67,2,2020-06-01
xgboost_full,2020-09-01,7005.0,7636.823993682861,67,3,2020-06-01
xgboost_full,2020-10-01,7385.0,7279.266044616699,67,4,2020-06-01
xgboost_full,2020-11-01,6872.0,6917.362228393555,67,5,2020-06-01
xgboost_full,2020-12-01,6781.0,6966.441287994385,67,6,2020-06-01
xgboost_full,2020-08-01,7678.0,7157.312316894531,68,1,2020-07-01
xgboost_full,2020-09-01,7005.0,6607.9505615234375,68,2,2020-07-01
xgboost_full,2020-10-01,7385.0,6339.30810546875,68,3,2020-07-01
xgboost_full,2020-11-01,6872.0,5830.676696777344,68,4,2020-07-01
xgboost_full,2020-12-01,6781.0,6013.495910644531,68,5,2020-07-01
xgboost_full,2021-01-01,6917.0,6330.3812255859375,68,6,2020-07-01
xgboost_full,2020-09-01,7005.0,7008.608215332031,69,1,2020-08-01
xgboost_full,2020-10-01,7385.0,6654.2816162109375,69,2,2020-08-01
xgboost_full,2020-11-01,6872.0,6524.2081298828125,69,3,2020-08-01
xgboost_full,2020-12-01,6781.0,6880.240982055664,69,4,2020-08-01
xgboost_full,2021-01-01,6917.0,7409.346588134766,69,5,2020-08-01
xgboost_full,2021-02-01,6217.0,6762.131286621094,69,6,2020-08-01
xgboost_full,2020-10-01,7385.0,6555.163269042969,70,1,2020-09-01
xgboost_full,2020-11-01,6872.0,6550.621276855469,70,2,2020-09-01
xgboost_full,2020-12-01,6781.0,6848.896087646484,70,3,2020-09-01
xgboost_full,2021-01-01,6917.0,7314.50594329834,70,4,2020-09-01
xgboost_full,2021-02-01,6217.0,6676.386871337891,70,5,2020-09-01
xgboost_full,2021-03-01,7569.0,7279.777156829834,70,6,2020-09-01
xgboost_full,2020-11-01,6872.0,6809.790264129639,71,1,2020-10-01
xgboost_full,2020-12-01,6781.0,7032.6128005981445,71,2,2020-10-01
xgboost_full,2021-01-01,6917.0,7455.508209228516,71,3,2020-10-01
xgboost_full,2021-02-01,6217.0,6695.659164428711,71,4,2020-10-01
xgboost_full,2021-03-01,7569.0,7328.522324085236,71,5,2020-10-01
xgboost_full,2021-04-01,6917.0,6077.0310134887695,71,6,2020-10-01
xgboost_full,2020-12-01,6781.0,7126.651031494141,72,1,2020-11-01
xgboost_full,2021-01-01,6917.0,7489.795227050781,72,2,2020-11-01
xgboost_full,2021-02-01,6217.0,6577.6009521484375,72,3,2020-11-01
xgboost_full,2021-03-01,7569.0,7289.2962646484375,72,4,2020-11-01
xgboost_full,2021-04-01,6917.0,6067.493186950684,72,5,2020-11-01
xgboost_full,2021-05-01,8253.0,6995.609596252441,72,6,2020-11-01
xgboost_full,2021-01-01,6917.0,7294.926048278809,73,1,2020-12-01
xgboost_full,2021-02-01,6217.0,6515.113983154297,73,2,2020-12-01
xgboost_full,2021-03-01,7569.0,7193.32453918457,73,3,2020-12-01
xgboost_full,2021-04-01,6917.0,5920.790382385254,73,4,2020-12-01
xgboost_full,2021-05-01,8253.0,6990.568305969238,73,5,2020-12-01
xgboost_full,2021-06-01,8153.0,7160.953140258789,73,6,2020-12-01
xgboost_full,2021-02-01,6217.0,6505.0087890625,74,1,2021-01-01
xgboost_full,2021-03-01,7569.0,7244.238967895508,74,2,2021-01-01
xgboost_full,2021-04-01,6917.0,5875.532249450684,74,3,2021-01-01
xgboost_full,2021-05-01,8253.0,6926.764892578125,74,4,2021-01-01
xgboost_full,2021-06-01,8153.0,7186.891952514648,74,5,2021-01-01
xgboost_full,2021-07-01,9251.0,7286.235404968262,74,6,2021-01-01
xgboost_full,2021-03-01,7569.0,7056.138641357422,75,1,2021-02-01
xgboost_full,2021-04-01,6917.0,5738.792831420898,75,2,2021-02-01
xgboost_full,2021-05-01,8253.0,6936.190010070801,75,3,2021-02-01
xgboost_full,2021-06-01,8153.0,6979.08882522583,75,4,2021-02-01
xgboost_full,2021-07-01,9251.0,7349.26810836792,75,5,2021-02-01
xgboost_full,2021-08-01,8830.0,7634.506252288818,75,6,2021-02-01
xgboost_full,2021-04-01,6917.0,5950.773614883423,76,1,2021-03-01
xgboost_full,2021-05-01,8253.0,7114.4185218811035,76,2,2021-03-01
xgboost_full,2021-06-01,8153.0,7283.5762939453125,76,3,2021-03-01
xgboost_full,2021-07-01,9251.0,7581.138580322266,76,4,2021-03-01
xgboost_full,2021-08-01,8830.0,7714.16247177124,76,5,2021-03-01
xgboost_full,2021-09-01,7512.0,7266.05908203125,76,6,2021-03-01
xgboost_full,2021-05-01,8253.0,7657.658264160156,77,1,2021-04-01
xgboost_full,2021-06-01,8153.0,7453.964019775391,77,2,2021-04-01
xgboost_full,2021-07-01,9251.0,7803.1575927734375,77,3,2021-04-01
xgboost_full,2021-08-01,8830.0,7998.592956542969,77,4,2021-04-01
xgboost_full,2021-09-01,7512.0,7595.633239746094,77,5,2021-04-01
xgboost_full,2021-10-01,7656.0,7430.551036834717,77,6,2021-04-01
xgboost_full,2021-06-01,8153.0,7660.816833496094,78,1,2021-05-01
xgboost_full,2021-07-01,9251.0,7872.2786865234375,78,2,2021-05-01
xgboost_full,2021-08-01,8830.0,8118.261779785156,78,3,2021-05-01
xgboost_full,2021-09-01,7512.0,7538.9910888671875,78,4,2021-05-01
xgboost_full,2021-10-01,7656.0,7518.239486694336,78,5,2021-05-01
xgboost_full,2021-11-01,7603.0,6960.54963684082,78,6,2021-05-01
xgboost_full,2021-07-01,9251.0,8131.7080078125,79,1,2021-06-01
xgboost_full,2021-08-01,8830.0,8137.8175048828125,79,2,2021-06-01
xgboost_full,2021-09-01,7512.0,7436.608367919922,79,3,2021-06-01
xgboost_full,2021-10-01,7656.0,7498.5754318237305,79,4,2021-06-01
xgboost_full,2021-11-01,7603.0,6932.579448699951,79,5,2021-06-01
xgboost_full,2021-12-01,8237.0,6869.113441467285,79,6,2021-06-01
xgboost_full,2021-08-01,8830.0,8642.6767578125,80,1,2021-07-01
xgboost_full,2021-09-01,7512.0,7858.276428222656,80,2,2021-07-01
xgboost_full,2021-10-01,7656.0,7786.6475830078125,80,3,2021-07-01
xgboost_full,2021-11-01,7603.0,7171.337371826172,80,4,2021-07-01
xgboost_full,2021-12-01,8237.0,6910.319107055664,80,5,2021-07-01
xgboost_full,2022-01-01,9582.0,6561.157531738281,80,6,2021-07-01
xgboost_full,2021-09-01,7512.0,8001.202209472656,81,1,2021-08-01
xgboost_full,2021-10-01,7656.0,8052.534423828125,81,2,2021-08-01
xgboost_full,2021-11-01,7603.0,7234.792022705078,81,3,2021-08-01
xgboost_full,2021-12-01,8237.0,7044.787017822266,81,4,2021-08-01
xgboost_full,2022-01-01,9582.0,6628.242584228516,81,5,2021-08-01
xgboost_full,2022-02-01,7227.0,6249.078971862793,81,6,2021-08-01
xgboost_full,2021-10-01,7656.0,7681.039459228516,82,1,2021-09-01
xgboost_full,2021-11-01,7603.0,7087.78254699707,82,2,2021-09-01
xgboost_full,2021-12-01,8237.0,6919.725921630859,82,3,2021-09-01
xgboost_full,2022-01-01,9582.0,6605.5089111328125,82,4,2021-09-01
xgboost_full,2022-02-01,7227.0,6232.82110118866,82,5,2021-09-01
xgboost_full,2022-03-01,7504.0,7318.675308227539,82,6,2021-09-01
xgboost_full,2021-11-01,7603.0,7052.244491577148,83,1,2021-10-01
xgboost_full,2021-12-01,8237.0,6859.2185134887695,83,2,2021-10-01
xgboost_full,2022-01-01,9582.0,6666.334457397461,83,3,2021-10-01
xgboost_full,2022-02-01,7227.0,6169.051040649414,83,4,2021-10-01
xgboost_full,2022-03-01,7504.0,7247.983917236328,83,5,2021-10-01
xgboost_full,2022-04-01,7589.0,6320.326232910156,83,6,2021-10-01
xgboost_full,2021-12-01,8237.0,7000.925964355469,84,1,2021-11-01
xgboost_full,2022-01-01,9582.0,6792.437561035156,84,2,2021-11-01
xgboost_full,2022-02-01,7227.0,6269.945175170898,84,3,2021-11-01
xgboost_full,2022-03-01,7504.0,7193.852600097656,84,4,2021-11-01
xgboost_full,2022-04-01,7589.0,6366.504699707031,84,5,2021-11-01
xgboost_full,2022-05-01,8846.0,7792.778656005859,84,6,2021-11-01
xgboost_full,2022-01-01,9582.0,7577.775817871094,85,1,2021-12-01
xgboost_full,2022-02-01,7227.0,6518.706970214844,85,2,2021-12-01
xgboost_full,2022-03-01,7504.0,7545.683664321899,85,3,2021-12-01
xgboost_full,2022-04-01,7589.0,6490.924041748047,85,4,2021-12-01
xgboost_full,2022-05-01,8846.0,7983.671081542969,85,5,2021-12-01
xgboost_full,2022-06-01,9057.0,7859.080993652344,85,6,2021-12-01
xgboost_full,2022-02-01,7227.0,7523.1241455078125,86,1,2022-01-01
xgboost_full,2022-03-01,7504.0,8251.067138671875,86,2,2022-01-01
xgboost_full,2022-04-01,7589.0,6951.361625671387,86,3,2022-01-01
xgboost_full,2022-05-01,8846.0,8363.692581176758,86,4,2022-01-01
xgboost_full,2022-06-01,9057.0,8475.993896484375,86,5,2022-01-01
xgboost_full,2022-07-01,8699.0,9566.24136352539,86,6,2022-01-01
xgboost_full,2022-03-01,7504.0,8019.1546630859375,87,1,2022-02-01
xgboost_full,2022-04-01,7589.0,7041.487983703613,87,2,2022-02-01
xgboost_full,2022-05-01,8846.0,8241.165459632874,87,3,2022-02-01
xgboost_full,2022-06-01,9057.0,8375.780838012695,87,4,2022-02-01
xgboost_full,2022-07-01,8699.0,9509.279022216797,87,5,2022-02-01
xgboost_full,2022-08-01,8834.0,8521.481323242188,87,6,2022-02-01
xgboost_full,2022-04-01,7589.0,6770.012222290039,88,1,2022-03-01
xgboost_full,2022-05-01,8846.0,8261.994996070862,88,2,2022-03-01
xgboost_full,2022-06-01,9057.0,8148.1113114356995,88,3,2022-03-01
xgboost_full,2022-07-01,8699.0,9420.70703125,88,4,2022-03-01
xgboost_full,2022-08-01,8834.0,8533.341522216797,88,5,2022-03-01
xgboost_full,2022-09-01,8228.0,7136.285095214844,88,6,2022-03-01
xgboost_full,2022-05-01,8846.0,8685.861206054688,89,1,2022-04-01
xgboost_full,2022-06-01,9057.0,8752.32568359375,89,2,2022-04-01
xgboost_full,2022-07-01,8699.0,9897.967407226562,89,3,2022-04-01
xgboost_full,2022-08-01,8834.0,8756.855560302734,89,4,2022-04-01
xgboost_full,2022-09-01,8228.0,7514.553580284119,89,5,2022-04-01
xgboost_full,2022-10-01,8388.0,7677.96466255188,89,6,2022-04-01
xgboost_full,2022-06-01,9057.0,8828.723327636719,90,1,2022-05-01
xgboost_full,2022-07-01,8699.0,9756.81869506836,90,2,2022-05-01
xgboost_full,2022-08-01,8834.0,8612.19270324707,90,3,2022-05-01
xgboost_full,2022-09-01,8228.0,7672.855712890625,90,4,2022-05-01
xgboost_full,2022-10-01,8388.0,7542.767524719238,90,5,2022-05-01
xgboost_full,2022-11-01,7588.0,7230.54736328125,90,6,2022-05-01
xgboost_full,2022-07-01,8699.0,10082.271789550781,91,1,2022-06-01
xgboost_full,2022-08-01,8834.0,8874.245906829834,91,2,2022-06-01
xgboost_full,2022-09-01,8228.0,7732.366394042969,91,3,2022-06-01
xgboost_full,2022-10-01,8388.0,7923.907470703125,91,4,2022-06-01
xgboost_full,2022-11-01,7588.0,7359.405242919922,91,5,2022-06-01
xgboost_full,2022-12-01,7850.0,8234.054558753967,91,6,2022-06-01
xgboost_full,2022-08-01,8834.0,8887.516395568848,92,1,2022-07-01
xgboost_full,2022-09-01,8228.0,7718.772979736328,92,2,2022-07-01
xgboost_full,2022-10-01,8388.0,7856.678482055664,92,3,2022-07-01
xgboost_full,2022-11-01,7588.0,7009.159729003906,92,4,2022-07-01
xgboost_full,2022-12-01,7850.0,8132.066635131836,92,5,2022-07-01
xgboost_full,2023-01-01,7563.0,9327.080001831055,92,6,2022-07-01
xgboost_full,2022-09-01,8228.0,7676.98616027832,93,1,2022-08-01
xgboost_full,2022-10-01,8388.0,7713.349670410156,93,2,2022-08-01
xgboost_full,2022-11-01,7588.0,7012.689208984375,93,3,2022-08-01
xgboost_full,2022-12-01,7850.0,8088.433181762695,93,4,2022-08-01
xgboost_full,2023-01-01,7563.0,9210.814727783203,93,5,2022-08-01
xgboost_full,2023-02-01,6551.0,7009.926116943359,93,6,2022-08-01
xgboost_full,2022-10-01,8388.0,8096.999908447266,94,1,2022-09-01
xgboost_full,2022-11-01,7588.0,7396.845031738281,94,2,2022-09-01
xgboost_full,2022-12-01,7850.0,8107.971099853516,94,3,2022-09-01
xgboost_full,2023-01-01,7563.0,9434.239501953125,94,4,2022-09-01
xgboost_full,2023-02-01,6551.0,7008.446044921875,94,5,2022-09-01
xgboost_full,2023-03-01,7507.0,7520.6005210876465,94,6,2022-09-01
xgboost_full,2022-11-01,7588.0,7587.488164901733,95,1,2022-10-01
xgboost_full,2022-12-01,7850.0,8193.16662979126,95,2,2022-10-01
xgboost_full,2023-01-01,7563.0,9658.71036529541,95,3,2022-10-01
xgboost_full,2023-02-01,6551.0,7142.022789001465,95,4,2022-10-01
xgboost_full,2023-03-01,7507.0,7245.709655761719,95,5,2022-10-01
xgboost_full,2023-04-01,7745.0,7042.902099609375,95,6,2022-10-01
xgboost_full,2022-12-01,7850.0,8075.313491821289,96,1,2022-11-01
xgboost_full,2023-01-01,7563.0,9895.960754394531,96,2,2022-11-01
xgboost_full,2023-02-01,6551.0,7031.298767089844,96,3,2022-11-01
xgboost_full,2023-03-01,7507.0,7316.079788208008,96,4,2022-11-01
xgboost_full,2023-04-01,7745.0,7123.1336669921875,96,5,2022-11-01
xgboost_full,2023-05-01,8600.0,8663.970825195312,96,6,2022-11-01
xgboost_full,2023-01-01,7563.0,9870.427062988281,97,1,2022-12-01
xgboost_full,2023-02-01,6551.0,7072.054885864258,97,2,2022-12-01
xgboost_full,2023-03-01,7507.0,7377.21549987793,97,3,2022-12-01
xgboost_full,2023-04-01,7745.0,7202.482940673828,97,4,2022-12-01
xgboost_full,2023-05-01,8600.0,8485.286315917969,97,5,2022-12-01
xgboost_full,2023-06-01,9151.0,8955.721221923828,97,6,2022-12-01
xgboost_full,2023-02-01,6551.0,6368.1846923828125,98,1,2023-01-01
xgboost_full,2023-03-01,7507.0,6761.4197998046875,98,2,2023-01-01
xgboost_full,2023-04-01,7745.0,6847.5400390625,98,3,2023-01-01
xgboost_full,2023-05-01,8600.0,8111.241149902344,98,4,2023-01-01
xgboost_full,2023-06-01,9151.0,8677.316864013672,98,5,2023-01-01
xgboost_full,2023-07-01,9183.0,8514.38232421875,98,6,2023-01-01
xgboost_full,2023-03-01,7507.0,6873.747863769531,99,1,2023-02-01
xgboost_full,2023-04-01,7745.0,7055.081604003906,99,2,2023-02-01
xgboost_full,2023-05-01,8600.0,8333.132934570312,99,3,2023-02-01
xgboost_full,2023-06-01,9151.0,8838.608688354492,99,4,2023-02-01
xgboost_full,2023-07-01,9183.0,8633.00114440918,99,5,2023-02-01
xgboost_full,2023-08-01,8297.0,8882.087409973145,99,6,2023-02-01
xgboost_full,2023-04-01,7745.0,7222.521301269531,100,1,2023-03-01
xgboost_full,2023-05-01,8600.0,8393.143096923828,100,2,2023-03-01
xgboost_full,2023-06-01,9151.0,8720.862579345703,100,3,2023-03-01
xgboost_full,2023-07-01,9183.0,8798.673904418945,100,4,2023-03-01
xgboost_full,2023-08-01,8297.0,8956.539764404297,100,5,2023-03-01
xgboost_full,2023-09-01,7823.0,7663.774169921875,100,6,2023-03-01
xgboost_full,2023-05-01,8600.0,8566.479187011719,101,1,2023-04-01
xgboost_full,2023-06-01,9151.0,8645.271667480469,101,2,2023-04-01
xgboost_full,2023-07-01,9183.0,8602.949546813965,101,3,2023-04-01
xgboost_full,2023-08-01,8297.0,8882.03104019165,101,4,2023-04-01
xgboost_full,2023-09-01,7823.0,7781.85546875,101,5,2023-04-01
xgboost_full,2023-10-01,7507.0,8018.282073974609,101,6,2023-04-01
xgboost_full,2023-06-01,9151.0,8688.040496826172,102,1,2023-05-01
xgboost_full,2023-07-01,9183.0,8600.023414611816,102,2,2023-05-01
xgboost_full,2023-08-01,8297.0,8893.836170196533,102,3,2023-05-01
xgboost_full,2023-09-01,7823.0,7701.223571777344,102,4,2023-05-01
xgboost_full,2023-10-01,7507.0,8165.125503540039,102,5,2023-05-01
xgboost_full,2023-11-01,8107.0,7755.7991943359375,102,6,2023-05-01
xgboost_full,2023-07-01,9183.0,8666.877834320068,103,1,2023-06-01
xgboost_full,2023-08-01,8297.0,8797.284420013428,103,2,2023-06-01
xgboost_full,2023-09-01,7823.0,7663.142578125,103,3,2023-06-01
xgboost_full,2023-10-01,7507.0,7983.408996582031,103,4,2023-06-01
xgboost_full,2023-11-01,8107.0,7914.204803466797,103,5,2023-06-01
xgboost_full,2023-12-01,7504.0,8430.943176269531,103,6,2023-06-01
xgboost_direct,2015-01-01,7184.0,6243.450775146484,1,1,2014-12-01
xgboost_direct,2015-02-01,5958.0,6426.625244140625,1,2,2014-12-01
xgboost_direct,2015-03-01,6658.0,6414.27604675293,1,3,2014-12-01
xgboost_direct,2015-04-01,7069.0,6527.028030395508,1,4,2014-12-01
xgboost_direct,2015-05-01,8099.0,7409.945098876953,1,5,2014-12-01
xgboost_direct,2015-06-01,7868.0,7387.3442459106445,1,6,2014-12-01
xgboost_direct,2015-02-01,5958.0,6211.255676269531,2,1,2015-01-01
xgboost_direct,2015-03-01,6658.0,6468.018966674805,2,2,2015-01-01
xgboost_direct,2015-04-01,7069.0,6579.923858642578,2,3,2015-01-01
xgboost_direct,2015-05-01,8099.0,7462.963756561279,2,4,2015-01-01
xgboost_direct,2015-06-01,7868.0,7505.03303527832,2,5,2015-01-01
xgboost_direct,2015-07-01,7986.0,7460.977375030518,2,6,2015-01-01
xgboost_direct,2015-03-01,6658.0,6484.166076660156,3,1,2015-02-01
xgboost_direct,2015-04-01,7069.0,6459.820358276367,3,2,2015-02-01
xgboost_direct,2015-05-01,8099.0,7558.008068084717,3,3,2015-02-01
xgboost_direct,2015-06-01,7868.0,7498.674674987793,3,4,2015-02-01
xgboost_direct,2015-07-01,7986.0,7425.760887145996,3,5,2015-02-01
xgboost_direct,2015-08-01,7251.0,7781.595199584961,3,6,2015-02-01
xgboost_direct,2015-04-01,7069.0,6667.909698486328,4,1,2015-03-01
xgboost_direct,2015-05-01,8099.0,7587.966842651367,4,2,2015-03-01
xgboost_direct,2015-06-01,7868.0,7601.556686401367,4,3,2015-03-01
xgboost_direct,2015-07-01,7986.0,7476.064994812012,4,4,2015-03-01
xgboost_direct,2015-08-01,7251.0,7837.887069702148,4,5,2015-03-01
xgboost_direct,2015-09-01,7163.0,6919.780059814453,4,6,2015-03-01
xgboost_direct,2015-05-01,8099.0,7516.3111691474915,5,1,2015-04-01
xgboost_direct,2015-06-01,7868.0,7490.465667724609,5,2,2015-04-01
xgboost_direct,2015-07-01,7986.0,7511.395767211914,5,3,2015-04-01
xgboost_direct,2015-08-01,7251.0,7846.973892211914,5,4,2015-04-01
xgboost_direct,2015-09-01,7163.0,6766.888092041016,5,5,2015-04-01
xgboost_direct,2015-10-01,6690.0,7158.123344421387,5,6,2015-04-01
xgboost_direct,2015-06-01,7868.0,7468.7951583862305,6,1,2015-05-01
xgboost_direct,2015-07-01,7986.0,7577.448379516602,6,2,2015-05-01
xgboost_direct,2015-08-01,7251.0,7865.985321044922,6,3,2015-05-01
xgboost_direct,2015-09-01,7163.0,7015.634384155273,6,4,2015-05-01
xgboost_direct,2015-10-01,6690.0,7181.696426391602,6,5,2015-05-01
xgboost_direct,2015-11-01,6392.0,6502.608169555664,6,6,2015-05-01
xgboost_direct,2015-07-01,7986.0,7445.328195571899,7,1,2015-06-01
xgboost_direct,2015-08-01,7251.0,7824.780944824219,7,2,2015-06-01
xgboost_direct,2015-09-01,7163.0,6873.647804260254,7,3,2015-06-01
xgboost_direct,2015-10-01,6690.0,7124.34659576416,7,4,2015-06-01
xgboost_direct,2015-11-01,6392.0,6482.910217285156,7,5,2015-06-01
xgboost_direct,2015-12-01,6753.0,6718.230634689331,7,6,2015-06-01
xgboost_direct,2015-08-01,7251.0,7867.175933837891,8,1,2015-07-01
xgboost_direct,2015-09-01,7163.0,6686.779113769531,8,2,2015-07-01
xgboost_direct,2015-10-01,6690.0,7141.817939758301,8,3,2015-07-01
xgboost_direct,2015-11-01,6392.0,6688.233489990234,8,4,2015-07-01
xgboost_direct,2015-12-01,6753.0,6638.182563781738,8,5,2015-07-01
xgboost_direct,2016-01-01,6753.0,6973.509689331055,8,6,2015-07-01
xgboost_direct,2015-09-01,7163.0,6802.097709655762,9,1,2015-08-01
xgboost_direct,2015-10-01,6690.0,7190.147010803223,9,2,2015-08-01
xgboost_direct,2015-11-01,6392.0,6565.636428833008,9,3,2015-08-01
xgboost_direct,2015-12-01,6753.0,6735.739941477776,9,4,2015-08-01
xgboost_direct,2016-01-01,6753.0,6988.8350830078125,9,5,2015-08-01
xgboost_direct,2016-02-01,6385.0,6251.9937744140625,9,6,2015-08-01
xgboost_direct,2015-10-01,6690.0,7363.483413696289,10,1,2015-09-01
xgboost_direct,2015-11-01,6392.0,6474.388916015625,10,2,2015-09-01
xgboost_direct,2015-12-01,6753.0,6671.165180206299,10,3,2015-09-01
xgboost_direct,2016-01-01,6753.0,6975.595993041992,10,4,2015-09-01
xgboost_direct,2016-02-01,6385.0,6146.093521118164,10,5,2015-09-01
xgboost_direct,2016-03-01,7164.0,6495.63493347168,10,6,2015-09-01
xgboost_direct,2015-11-01,6392.0,6419.032028198242,11,1,2015-10-01
xgboost_direct,2015-12-01,6753.0,6782.41512298584,11,2,2015-10-01
xgboost_direct,2016-01-01,6753.0,6991.527130126953,11,3,2015-10-01
xgboost_direct,2016-02-01,6385.0,6125.828262329102,11,4,2015-10-01
xgboost_direct,2016-03-01,7164.0,6444.2607421875,11,5,2015-10-01
xgboost_direct,2016-04-01,7192.0,7005.161434173584,11,6,2015-10-01
xgboost_direct,2015-12-01,6753.0,6793.485401153564,12,1,2015-11-01
xgboost_direct,2016-01-01,6753.0,6890.940856933594,12,2,2015-11-01
xgboost_direct,2016-02-01,6385.0,6088.931716918945,12,3,2015-11-01
xgboost_direct,2016-03-01,7164.0,6202.205780029297,12,4,2015-11-01
xgboost_direct,2016-04-01,7192.0,7053.159691810608,12,5,2015-11-01
xgboost_direct,2016-05-01,7743.0,8056.273941040039,12,6,2015-11-01
xgboost_direct,2016-01-01,6753.0,6634.728454589844,13,1,2015-12-01
xgboost_direct,2016-02-01,6385.0,6098.937973022461,13,2,2015-12-01
xgboost_direct,2016-03-01,7164.0,6251.04443359375,13,3,2015-12-01
xgboost_direct,2016-04-01,7192.0,6950.785720825195,13,4,2015-12-01
xgboost_direct,2016-05-01,7743.0,8051.062519073486,13,5,2015-12-01
xgboost_direct,2016-06-01,8767.0,7939.1214599609375,13,6,2015-12-01
xgboost_direct,2016-02-01,6385.0,6012.203842163086,14,1,2016-01-01
xgboost_direct,2016-03-01,7164.0,6255.879577636719,14,2,2016-01-01
xgboost_direct,2016-04-01,7192.0,6868.820877075195,14,3,2016-01-01
xgboost_direct,2016-05-01,7743.0,8206.005363464355,14,4,2016-01-01
xgboost_direct,2016-06-01,8767.0,7815.6702308654785,14,5,2016-01-01
xgboost_direct,2016-07-01,8479.0,7991.7812576293945,14,6,2016-01-01
xgboost_direct,2016-03-01,7164.0,6417.575134277344,15,1,2016-02-01
xgboost_direct,2016-04-01,7192.0,6896.142868041992,15,2,2016-02-01
xgboost_direct,2016-05-01,7743.0,8334.132095336914,15,3,2016-02-01
xgboost_direct,2016-06-01,8767.0,8013.0714111328125,15,4,2016-02-01
xgboost_direct,2016-07-01,8479.0,8005.549880981445,15,5,2016-02-01
xgboost_direct,2016-08-01,7890.0,7534.734069824219,15,6,2016-02-01
xgboost_direct,2016-04-01,7192.0,6780.434326171875,16,1,2016-03-01
xgboost_direct,2016-05-01,7743.0,8122.831489562988,16,2,2016-03-01
xgboost_direct,2016-06-01,8767.0,7892.447891235352,16,3,2016-03-01
xgboost_direct,2016-07-01,8479.0,7955.812793731689,16,4,2016-03-01
xgboost_direct,2016-08-01,7890.0,7592.704071044922,16,5,2016-03-01
xgboost_direct,2016-09-01,7317.0,7362.956329345703,16,6,2016-03-01
xgboost_direct,2016-05-01,7743.0,8025.348320007324,17,1,2016-04-01
xgboost_direct,2016-06-01,8767.0,7956.948310852051,17,2,2016-04-01
xgboost_direct,2016-07-01,8479.0,7896.144737243652,17,3,2016-04-01
xgboost_direct,2016-08-01,7890.0,7620.586364746094,17,4,2016-04-01
xgboost_direct,2016-09-01,7317.0,7228.765731811523,17,5,2016-04-01
xgboost_direct,2016-10-01,7426.0,7058.38623046875,17,6,2016-04-01
xgboost_direct,2016-06-01,8767.0,7914.30318069458,18,1,2016-05-01
xgboost_direct,2016-07-01,8479.0,7897.534149169922,18,2,2016-05-01
xgboost_direct,2016-08-01,7890.0,7465.307647705078,18,3,2016-05-01
xgboost_direct,2016-09-01,7317.0,7134.463607788086,18,4,2016-05-01
xgboost_direct,2016-10-01,7426.0,6987.930419921875,18,5,2016-05-01
xgboost_direct,2016-11-01,6700.0,6570.763397216797,18,6,2016-05-01
xgboost_direct,2016-07-01,8479.0,7889.297431945801,19,1,2016-06-01
xgboost_direct,2016-08-01,7890.0,7390.962051391602,19,2,2016-06-01
xgboost_direct,2016-09-01,7317.0,7162.691517591476,19,3,2016-06-01
xgboost_direct,2016-10-01,7426.0,6972.193634033203,19,4,2016-06-01
xgboost_direct,2016-11-01,6700.0,6520.02116394043,19,5,2016-06-01
xgboost_direct,2016-12-01,6994.0,6926.526718139648,19,6,2016-06-01
xgboost_direct,2016-08-01,7890.0,7371.0402908325195,20,1,2016-07-01
xgboost_direct,2016-09-01,7317.0,7147.38818359375,20,2,2016-07-01
xgboost_direct,2016-10-01,7426.0,6826.558502197266,20,3,2016-07-01
xgboost_direct,2016-11-01,6700.0,6484.438919067383,20,4,2016-07-01
xgboost_direct,2016-12-01,6994.0,7001.5897216796875,20,5,2016-07-01
xgboost_direct,2017-01-01,6788.0,7003.9324951171875,20,6,2016-07-01
xgboost_direct,2016-09-01,7317.0,7173.749886512756,21,1,2016-08-01
xgboost_direct,2016-10-01,7426.0,6713.581954956055,21,2,2016-08-01
xgboost_direct,2016-11-01,6700.0,6515.399124145508,21,3,2016-08-01
xgboost_direct,2016-12-01,6994.0,7051.180480957031,21,4,2016-08-01
xgboost_direct,2017-01-01,6788.0,7025.955047607422,21,5,2016-08-01
xgboost_direct,2017-02-01,6271.0,6371.401324272156,21,6,2016-08-01
xgboost_direct,2016-10-01,7426.0,6798.69450378418,22,1,2016-09-01
xgboost_direct,2016-11-01,6700.0,6556.673385620117,22,2,2016-09-01
xgboost_direct,2016-12-01,6994.0,7020.874603271484,22,3,2016-09-01
xgboost_direct,2017-01-01,6788.0,6856.4684982299805,22,4,2016-09-01
xgboost_direct,2017-02-01,6271.0,6449.309501647949,22,5,2016-09-01
xgboost_direct,2017-03-01,6794.0,7383.977569580078,22,6,2016-09-01
xgboost_direct,2016-11-01,6700.0,6600.989990234375,23,1,2016-10-01
xgboost_direct,2016-12-01,6994.0,6997.2916259765625,23,2,2016-10-01
xgboost_direct,2017-01-01,6788.0,6938.888870239258,23,3,2016-10-01
xgboost_direct,2017-02-01,6271.0,6417.468048095703,23,4,2016-10-01
xgboost_direct,2017-03-01,6794.0,7380.414123535156,23,5,2016-10-01
xgboost_direct,2017-04-01,6884.0,7509.107727050781,23,6,2016-10-01
xgboost_direct,2016-12-01,6994.0,7030.575225830078,24,1,2016-11-01
xgboost_direct,2017-01-01,6788.0,7089.851806640625,24,2,2016-11-01
xgboost_direct,2017-02-01,6271.0,6666.952117919922,24,3,2016-11-01
xgboost_direct,2017-03-01,6794.0,7305.960433959961,24,4,2016-11-01
xgboost_direct,2017-04-01,6884.0,7489.140869140625,24,5,2016-11-01
xgboost_direct,2017-05-01,7651.0,7630.523094177246,24,6,2016-11-01
xgboost_direct,2017-01-01,6788.0,7103.2354736328125,25,1,2016-12-01
xgboost_direct,2017-02-01,6271.0,6702.085266113281,25,2,2016-12-01
xgboost_direct,2017-03-01,6794.0,7072.9151611328125,25,3,2016-12-01
xgboost_direct,2017-04-01,6884.0,7472.991058349609,25,4,2016-12-01
xgboost_direct,2017-05-01,7651.0,7531.342254638672,25,5,2016-12-01
xgboost_direct,2017-06-01,8009.0,8578.323822021484,25,6,2016-12-01
xgboost_direct,2017-02-01,6271.0,6682.4998779296875,26,1,2017-01-01
xgboost_direct,2017-03-01,6794.0,6943.066314697266,26,2,2017-01-01
xgboost_direct,2017-04-01,6884.0,7436.382095336914,26,3,2017-01-01
xgboost_direct,2017-05-01,7651.0,7581.68977355957,26,4,2017-01-01
xgboost_direct,2017-06-01,8009.0,8587.420684814453,26,5,2017-01-01
xgboost_direct,2017-07-01,8694.0,8743.054931640625,26,6,2017-01-01
xgboost_direct,2017-03-01,6794.0,7066.270606994629,27,1,2017-02-01
xgboost_direct,2017-04-01,6884.0,7386.45881652832,27,2,2017-02-01
xgboost_direct,2017-05-01,7651.0,7731.129609107971,27,3,2017-02-01
xgboost_direct,2017-06-01,8009.0,8537.558135986328,27,4,2017-02-01
xgboost_direct,2017-07-01,8694.0,8673.10188293457,27,5,2017-02-01
xgboost_direct,2017-08-01,8130.0,7823.709976196289,27,6,2017-02-01
xgboost_direct,2017-04-01,6884.0,7413.485794067383,28,1,2017-03-01
xgboost_direct,2017-05-01,7651.0,7672.130836486816,28,2,2017-03-01
xgboost_direct,2017-06-01,8009.0,8478.692749023438,28,3,2017-03-01
xgboost_direct,2017-07-01,8694.0,8515.819438934326,28,4,2017-03-01
xgboost_direct,2017-08-01,8130.0,7862.377094268799,28,5,2017-03-01
xgboost_direct,2017-09-01,7446.0,7480.364654541016,28,6,2017-03-01
xgboost_direct,2017-05-01,7651.0,7452.553649902344,29,1,2017-04-01
xgboost_direct,2017-06-01,8009.0,8472.2900390625,29,2,2017-04-01
xgboost_direct,2017-07-01,8694.0,8218.921020507812,29,3,2017-04-01
xgboost_direct,2017-08-01,8130.0,7886.252744436264,29,4,2017-04-01
xgboost_direct,2017-09-01,7446.0,7579.941497802734,29,5,2017-04-01
xgboost_direct,2017-10-01,7282.0,7444.066888809204,29,6,2017-04-01
xgboost_direct,2017-06-01,8009.0,8400.566101074219,30,1,2017-05-01
xgboost_direct,2017-07-01,8694.0,8253.556671142578,30,2,2017-05-01
xgboost_direct,2017-08-01,8130.0,7833.517429351807,30,3,2017-05-01
xgboost_direct,2017-09-01,7446.0,7518.420608520508,30,4,2017-05-01
xgboost_direct,2017-10-01,7282.0,7397.16156578064,30,5,2017-05-01
xgboost_direct,2017-11-01,6830.0,7208.250183105469,30,6,2017-05-01
xgboost_direct,2017-07-01,8694.0,8236.871673583984,31,1,2017-06-01
xgboost_direct,2017-08-01,8130.0,7724.443054199219,31,2,2017-06-01
xgboost_direct,2017-09-01,7446.0,7459.847198486328,31,3,2017-06-01
xgboost_direct,2017-10-01,7282.0,7358.785888671875,31,4,2017-06-01
xgboost_direct,2017-11-01,6830.0,7025.5123291015625,31,5,2017-06-01
xgboost_direct,2017-12-01,6946.0,7583.8590087890625,31,6,2017-06-01
xgboost_direct,2017-08-01,8130.0,7526.765411376953,32,1,2017-07-01
xgboost_direct,2017-09-01,7446.0,7378.348728179932,32,2,2017-07-01
xgboost_direct,2017-10-01,7282.0,7317.904525756836,32,3,2017-07-01
xgboost_direct,2017-11-01,6830.0,7088.766693115234,32,4,2017-07-01
xgboost_direct,2017-12-01,6946.0,7488.256011962891,32,5,2017-07-01
xgboost_direct,2018-01-01,6886.0,7022.971786499023,32,6,2017-07-01
xgboost_direct,2017-09-01,7446.0,7400.343490600586,33,1,2017-08-01
xgboost_direct,2017-10-01,7282.0,7235.99967956543,33,2,2017-08-01
xgboost_direct,2017-11-01,6830.0,7001.167816162109,33,3,2017-08-01
xgboost_direct,2017-12-01,6946.0,7608.0594482421875,33,4,2017-08-01
xgboost_direct,2018-01-01,6886.0,7122.922576904297,33,5,2017-08-01
xgboost_direct,2018-02-01,5960.0,6472.189208984375,33,6,2017-08-01
xgboost_direct,2017-10-01,7282.0,7177.572158813477,34,1,2017-09-01
xgboost_direct,2017-11-01,6830.0,7010.413543701172,34,2,2017-09-01
xgboost_direct,2017-12-01,6946.0,7579.309265136719,34,3,2017-09-01
xgboost_direct,2018-01-01,6886.0,7060.6944580078125,34,4,2017-09-01
xgboost_direct,2018-02-01,5960.0,6634.147491455078,34,5,2017-09-01
xgboost_direct,2018-03-01,6930.0,7032.23095703125,34,6,2017-09-01
xgboost_direct,2017-11-01,6830.0,7033.335601806641,35,1,2017-10-01
xgboost_direct,2017-12-01,6946.0,7589.970153808594,35,2,2017-10-01
xgboost_direct,2018-01-01,6886.0,7007.384704589844,35,3,2017-10-01
xgboost_direct,2018-02-01,5960.0,6554.1353759765625,35,4,2017-10-01
xgboost_direct,2018-03-01,6930.0,7039.029220581055,35,5,2017-10-01
xgboost_direct,2018-04-01,6769.0,7101.907730102539,35,6,2017-10-01
xgboost_direct,2017-12-01,6946.0,7489.398681640625,36,1,2017-11-01
xgboost_direct,2018-01-01,6886.0,6953.713073730469,36,2,2017-11-01
xgboost_direct,2018-02-01,5960.0,6529.125946044922,36,3,2017-11-01
xgboost_direct,2018-03-01,6930.0,6981.996643066406,36,4,2017-11-01
xgboost_direct,2018-04-01,6769.0,7095.423431396484,36,5,2017-11-01
xgboost_direct,2018-05-01,7511.0,7730.721862792969,36,6,2017-11-01
xgboost_direct,2018-01-01,6886.0,6865.788902282715,37,1,2017-12-01
xgboost_direct,2018-02-01,5960.0,6452.725769042969,37,2,2017-12-01
xgboost_direct,2018-03-01,6930.0,6873.589134216309,37,3,2017-12-01
xgboost_direct,2018-04-01,6769.0,6938.387523651123,37,4,2017-12-01
xgboost_direct,2018-05-01,7511.0,7699.289100646973,37,5,2017-12-01
xgboost_direct,2018-06-01,8057.0,8285.479431152344,37,6,2017-12-01
xgboost_direct,2018-02-01,5960.0,6300.0442752838135,38,1,2018-01-01
xgboost_direct,2018-03-01,6930.0,6966.827926635742,38,2,2018-01-01
xgboost_direct,2018-04-01,6769.0,7016.028427124023,38,3,2018-01-01
xgboost_direct,2018-05-01,7511.0,7676.637935638428,38,4,2018-01-01
xgboost_direct,2018-06-01,8057.0,8138.35791015625,38,5,2018-01-01
xgboost_direct,2018-07-01,8175.0,8764.800369262695,38,6,2018-01-01
xgboost_direct,2018-03-01,6930.0,6893.37393951416,39,1,2018-02-01
xgboost_direct,2018-04-01,6769.0,7048.780090332031,39,2,2018-02-01
xgboost_direct,2018-05-01,7511.0,7546.4622802734375,39,3,2018-02-01
xgboost_direct,2018-06-01,8057.0,8086.239219665527,39,4,2018-02-01
xgboost_direct,2018-07-01,8175.0,8656.926448822021,39,5,2018-02-01
xgboost_direct,2018-08-01,8328.0,8516.614837646484,39,6,2018-02-01
xgboost_direct,2018-04-01,6769.0,7068.931884765625,40,1,2018-03-01
xgboost_direct,2018-05-01,7511.0,7498.151214599609,40,2,2018-03-01
xgboost_direct,2018-06-01,8057.0,8185.579818725586,40,3,2018-03-01
xgboost_direct,2018-07-01,8175.0,8735.344333648682,40,4,2018-03-01
xgboost_direct,2018-08-01,8328.0,8447.860534667969,40,5,2018-03-01
xgboost_direct,2018-09-01,7325.0,7579.841262817383,40,6,2018-03-01
xgboost_direct,2018-05-01,7511.0,7612.9168128967285,41,1,2018-04-01
xgboost_direct,2018-06-01,8057.0,8202.182098388672,41,2,2018-04-01
xgboost_direct,2018-07-01,8175.0,8793.871231079102,41,3,2018-04-01
xgboost_direct,2018-08-01,8328.0,8451.817687988281,41,4,2018-04-01
xgboost_direct,2018-09-01,7325.0,7408.394626617432,41,5,2018-04-01
xgboost_direct,2018-10-01,7202.0,7716.181488037109,41,6,2018-04-01
xgboost_direct,2018-06-01,8057.0,8254.95199584961,42,1,2018-05-01
xgboost_direct,2018-07-01,8175.0,8861.80583190918,42,2,2018-05-01
xgboost_direct,2018-08-01,8328.0,8532.89859008789,42,3,2018-05-01
xgboost_direct,2018-09-01,7325.0,7477.12495803833,42,4,2018-05-01
xgboost_direct,2018-10-01,7202.0,7703.054656982422,42,5,2018-05-01
xgboost_direct,2018-11-01,7161.0,6941.500274658203,42,6,2018-05-01
xgboost_direct,2018-07-01,8175.0,8820.157836914062,43,1,2018-06-01
xgboost_direct,2018-08-01,8328.0,8498.690490722656,43,2,2018-06-01
xgboost_direct,2018-09-01,7325.0,7549.737754821777,43,3,2018-06-01
xgboost_direct,2018-10-01,7202.0,7738.272766113281,43,4,2018-06-01
xgboost_direct,2018-11-01,7161.0,6934.821800231934,43,5,2018-06-01
xgboost_direct,2018-12-01,7409.0,7071.826187133789,43,6,2018-06-01
xgboost_direct,2018-08-01,8328.0,8545.41244506836,44,1,2018-07-01
xgboost_direct,2018-09-01,7325.0,7357.701148986816,44,2,2018-07-01
xgboost_direct,2018-10-01,7202.0,7669.142883300781,44,3,2018-07-01
xgboost_direct,2018-11-01,7161.0,6949.386528015137,44,4,2018-07-01
xgboost_direct,2018-12-01,7409.0,7090.932098388672,44,5,2018-07-01
xgboost_direct,2019-01-01,7117.0,6897.825416564941,44,6,2018-07-01
xgboost_direct,2018-09-01,7325.0,7378.173774719238,45,1,2018-08-01
xgboost_direct,2018-10-01,7202.0,7616.790069580078,45,2,2018-08-01
xgboost_direct,2018-11-01,7161.0,6973.768081665039,45,3,2018-08-01
xgboost_direct,2018-12-01,7409.0,7104.533462524414,45,4,2018-08-01
xgboost_direct,2019-01-01,7117.0,6940.365516662598,45,5,2018-08-01
xgboost_direct,2019-02-01,6307.0,6107.243499755859,45,6,2018-08-01
xgboost_direct,2018-10-01,7202.0,7604.728302001953,46,1,2018-09-01
xgboost_direct,2018-11-01,7161.0,6956.654243469238,46,2,2018-09-01
xgboost_direct,2018-12-01,7409.0,7082.520263671875,46,3,2018-09-01
xgboost_direct,2019-01-01,7117.0,7031.759429931641,46,4,2018-09-01
xgboost_direct,2019-02-01,6307.0,6139.466751098633,46,5,2018-09-01
xgboost_direct,2019-03-01,7067.0,6959.1113929748535,46,6,2018-09-01
xgboost_direct,2018-11-01,7161.0,6930.3737869262695,47,1,2018-10-01
xgboost_direct,2018-12-01,7409.0,7112.439010620117,47,2,2018-10-01
xgboost_direct,2019-01-01,7117.0,6914.5265102386475,47,3,2018-10-01
xgboost_direct,2019-02-01,6307.0,6058.877220153809,47,4,2018-10-01
xgboost_direct,2019-03-01,7067.0,6886.443828582764,47,5,2018-10-01
xgboost_direct,2019-04-01,7108.0,6928.8387451171875,47,6,2018-10-01
xgboost_direct,2018-12-01,7409.0,7125.241500854492,48,1,2018-11-01
xgboost_direct,2019-01-01,7117.0,6946.585399627686,48,2,2018-11-01
xgboost_direct,2019-02-01,6307.0,6142.863815307617,48,3,2018-11-01
xgboost_direct,2019-03-01,7067.0,6963.833251953125,48,4,2018-11-01
xgboost_direct,2019-04-01,7108.0,6907.574401855469,48,5,2018-11-01
xgboost_direct,2019-05-01,7776.0,7637.764488220215,48,6,2018-11-01
xgboost_direct,2019-01-01,7117.0,7001.040252685547,49,1,2018-12-01
xgboost_direct,2019-02-01,6307.0,6193.713577270508,49,2,2018-12-01
xgboost_direct,2019-03-01,7067.0,6968.271179199219,49,3,2018-12-01
xgboost_direct,2019-04-01,7108.0,7060.226379394531,49,4,2018-12-01
xgboost_direct,2019-05-01,7776.0,7616.927444458008,49,5,2018-12-01
xgboost_direct,2019-06-01,8274.0,7954.630111694336,49,6,2018-12-01
xgboost_direct,2019-02-01,6307.0,6249.293640136719,50,1,2019-01-01
xgboost_direct,2019-03-01,7067.0,7140.431213378906,50,2,2019-01-01
xgboost_direct,2019-04-01,7108.0,7076.494445800781,50,3,2019-01-01
xgboost_direct,2019-05-01,7776.0,7696.399627685547,50,4,2019-01-01
xgboost_direct,2019-06-01,8274.0,7984.4995040893555,50,5,2019-01-01
xgboost_direct,2019-07-01,8919.0,8135.837169647217,50,6,2019-01-01
xgboost_direct,2019-03-01,7067.0,7097.017150878906,51,1,2019-02-01
xgboost_direct,2019-04-01,7108.0,7213.536926269531,51,2,2019-02-01
xgboost_direct,2019-05-01,7776.0,7765.009521484375,51,3,2019-02-01
xgboost_direct,2019-06-01,8274.0,7993.100048065186,51,4,2019-02-01
xgboost_direct,2019-07-01,8919.0,8152.858194351196,51,5,2019-02-01
xgboost_direct,2019-08-01,8180.0,8118.936492919922,51,6,2019-02-01
xgboost_direct,2019-04-01,7108.0,7084.430603027344,52,1,2019-03-01
xgboost_direct,2019-05-01,7776.0,7743.142379760742,52,2,2019-03-01
xgboost_direct,2019-06-01,8274.0,8012.330253601074,52,3,2019-03-01
xgboost_direct,2019-07-01,8919.0,8321.977111816406,52,4,2019-03-01
xgboost_direct,2019-08-01,8180.0,8141.150054931641,52,5,2019-03-01
xgboost_direct,2019-09-01,7664.0,7437.518180847168,52,6,2019-03-01
xgboost_direct,2019-05-01,7776.0,7741.017013549805,53,1,2019-04-01
xgboost_direct,2019-06-01,8274.0,7991.203987121582,53,2,2019-04-01
xgboost_direct,2019-07-01,8919.0,8300.566734313965,53,3,2019-04-01
xgboost_direct,2019-08-01,8180.0,8100.31706237793,53,4,2019-04-01
xgboost_direct,2019-09-01,7664.0,7420.445449829102,53,5,2019-04-01
xgboost_direct,2019-10-01,7254.0,7260.478610992432,53,6,2019-04-01
xgboost_direct,2019-06-01,8274.0,8111.423686981201,54,1,2019-05-01
xgboost_direct,2019-07-01,8919.0,8253.856094360352,54,2,2019-05-01
xgboost_direct,2019-08-01,8180.0,8114.8555908203125,54,3,2019-05-01
xgboost_direct,2019-09-01,7664.0,7299.258934020996,54,4,2019-05-01
xgboost_direct,2019-10-01,7254.0,7240.869003295898,54,5,2019-05-01
xgboost_direct,2019-11-01,6785.0,6970.963592529297,54,6,2019-05-01
xgboost_direct,2019-07-01,8919.0,8339.79541015625,55,1,2019-06-01
xgboost_direct,2019-08-01,8180.0,8198.218765258789,55,2,2019-06-01
xgboost_direct,2019-09-01,7664.0,7482.993545532227,55,3,2019-06-01
xgboost_direct,2019-10-01,7254.0,7365.656829833984,55,4,2019-06-01
xgboost_direct,2019-11-01,6785.0,6899.900634765625,55,5,2019-06-01
xgboost_direct,2019-12-01,6987.0,7430.235353469849,55,6,2019-06-01
xgboost_direct,2019-08-01,8180.0,8255.308692932129,56,1,2019-07-01
xgboost_direct,2019-09-01,7664.0,7525.233093261719,56,2,2019-07-01
xgboost_direct,2019-10-01,7254.0,7438.167434692383,56,3,2019-07-01
xgboost_direct,2019-11-01,6785.0,7027.294677734375,56,4,2019-07-01
xgboost_direct,2019-12-01,6987.0,7388.965950012207,56,5,2019-07-01
xgboost_direct,2020-01-01,7194.0,7256.780685424805,56,6,2019-07-01
xgboost_direct,2019-09-01,7664.0,7397.560386657715,57,1,2019-08-01
xgboost_direct,2019-10-01,7254.0,7334.952728271484,57,2,2019-08-01
xgboost_direct,2019-11-01,6785.0,7070.285270690918,57,3,2019-08-01
xgboost_direct,2019-12-01,6987.0,7390.1008224487305,57,4,2019-08-01
xgboost_direct,2020-01-01,7194.0,7289.493148803711,57,5,2019-08-01
xgboost_direct,2020-02-01,6848.0,6408.3499755859375,57,6,2019-08-01
xgboost_direct,2019-10-01,7254.0,7487.110565185547,58,1,2019-09-01
xgboost_direct,2019-11-01,6785.0,7195.437187194824,58,2,2019-09-01
xgboost_direct,2019-12-01,6987.0,7501.299591064453,58,3,2019-09-01
xgboost_direct,2020-01-01,7194.0,7336.76286315918,58,4,2019-09-01
xgboost_direct,2020-02-01,6848.0,6461.2242431640625,58,5,2019-09-01
xgboost_direct,2020-03-01,7324.0,7322.539932250977,58,6,2019-09-01
xgboost_direct,2019-11-01,6785.0,7211.1889572143555,59,1,2019-10-01
xgboost_direct,2019-12-01,6987.0,7561.280029296875,59,2,2019-10-01
xgboost_direct,2020-01-01,7194.0,7275.216720581055,59,3,2019-10-01
xgboost_direct,2020-02-01,6848.0,6389.65438079834,59,4,2019-10-01
xgboost_direct,2020-03-01,7324.0,7323.963470458984,59,5,2019-10-01
xgboost_direct,2020-04-01,5978.0,7354.9066162109375,59,6,2019-10-01
xgboost_direct,2019-12-01,6987.0,7474.189292907715,60,1,2019-11-01
xgboost_direct,2020-01-01,7194.0,7179.578456878662,60,2,2019-11-01
xgboost_direct,2020-02-01,6848.0,6386.507911682129,60,3,2019-11-01
xgboost_direct,2020-03-01,7324.0,7192.275421142578,60,4,2019-11-01
xgboost_direct,2020-04-01,5978.0,7382.2161865234375,60,5,2019-11-01
xgboost_direct,2020-05-01,7062.0,7960.445693969727,60,6,2019-11-01
xgboost_direct,2020-01-01,7194.0,7136.863754272461,61,1,2019-12-01
xgboost_direct,2020-02-01,6848.0,6324.691223144531,61,2,2019-12-01
xgboost_direct,2020-03-01,7324.0,7062.358714580536,61,3,2019-12-01
xgboost_direct,2020-04-01,5978.0,7276.818298339844,61,4,2019-12-01
xgboost_direct,2020-05-01,7062.0,8124.388427734375,61,5,2019-12-01
xgboost_direct,2020-06-01,6948.0,8518.644927978516,61,6,2019-12-01
xgboost_direct,2020-02-01,6848.0,6141.061431884766,62,1,2020-01-01
xgboost_direct,2020-03-01,7324.0,7061.778569698334,62,2,2020-01-01
xgboost_direct,2020-04-01,5978.0,7244.906204223633,62,3,2020-01-01
xgboost_direct,2020-05-01,7062.0,7983.397247314453,62,4,2020-01-01
xgboost_direct,2020-06-01,6948.0,8552.38916015625,62,5,2020-01-01
xgboost_direct,2020-07-01,7392.0,8692.274871826172,62,6,2020-01-01
xgboost_direct,2020-03-01,7324.0,7181.368637084961,63,1,2020-02-01
xgboost_direct,2020-04-01,5978.0,7269.438720703125,63,2,2020-02-01
xgboost_direct,2020-05-01,7062.0,8090.104522705078,63,3,2020-02-01
xgboost_direct,2020-06-01,6948.0,8606.187957763672,63,4,2020-02-01
xgboost_direct,2020-07-01,7392.0,8746.298965454102,63,5,2020-02-01
xgboost_direct,2020-08-01,7678.0,8610.600494384766,63,6,2020-02-01
xgboost_direct,2020-04-01,5978.0,7435.384338378906,64,1,2020-03-01
xgboost_direct,2020-05-01,7062.0,8231.085083007812,64,2,2020-03-01
xgboost_direct,2020-06-01,6948.0,8650.980712890625,64,3,2020-03-01
xgboost_direct,2020-07-01,7392.0,8799.431144714355,64,4,2020-03-01
xgboost_direct,2020-08-01,7678.0,8724.885925292969,64,5,2020-03-01
xgboost_direct,2020-09-01,7005.0,7974.23193359375,64,6,2020-03-01
xgboost_direct,2020-05-01,7062.0,8096.943176269531,65,1,2020-04-01
xgboost_direct,2020-06-01,6948.0,8685.4189453125,65,2,2020-04-01
xgboost_direct,2020-07-01,7392.0,8763.761749267578,65,3,2020-04-01
xgboost_direct,2020-08-01,7678.0,8500.121032714844,65,4,2020-04-01
xgboost_direct,2020-09-01,7005.0,8080.852081298828,65,5,2020-04-01
xgboost_direct,2020-10-01,7385.0,7375.751930236816,65,6,2020-04-01
xgboost_direct,2020-06-01,6948.0,8767.530944824219,66,1,2020-05-01
xgboost_direct,2020-07-01,7392.0,8826.619979858398,66,2,2020-05-01
xgboost_direct,2020-08-01,7678.0,8489.099822998047,66,3,2020-05-01
xgboost_direct,2020-09-01,7005.0,7990.608642578125,66,4,2020-05-01
xgboost_direct,2020-10-01,7385.0,7422.945236206055,66,5,2020-05-01
xgboost_direct,2020-11-01,6872.0,6992.419479370117,66,6,2020-05-01
xgboost_direct,2020-07-01,7392.0,8887.212593078613,67,1,2020-06-01
xgboost_direct,2020-08-01,7678.0,8367.442092895508,67,2,2020-06-01
xgboost_direct,2020-09-01,7005.0,7859.450592041016,67,3,2020-06-01
xgboost_direct,2020-10-01,7385.0,7420.474258422852,67,4,2020-06-01
xgboost_direct,2020-11-01,6872.0,6897.190505981445,67,5,2020-06-01
xgboost_direct,2020-12-01,6781.0,7091.8298416137695,67,6,2020-06-01
xgboost_direct,2020-08-01,7678.0,8238.408260345459,68,1,2020-07-01
xgboost_direct,2020-09-01,7005.0,7778.8281326293945,68,2,2020-07-01
xgboost_direct,2020-10-01,7385.0,7347.105178833008,68,3,2020-07-01
xgboost_direct,2020-11-01,6872.0,6891.169044494629,68,4,2020-07-01
xgboost_direct,2020-12-01,6781.0,7032.2404136657715,68,5,2020-07-01
xgboost_direct,2021-01-01,6917.0,7165.329265594482,68,6,2020-07-01
xgboost_direct,2020-09-01,7005.0,7650.031057357788,69,1,2020-08-01
xgboost_direct,2020-10-01,7385.0,7281.097007751465,69,2,2020-08-01
xgboost_direct,2020-11-01,6872.0,6788.694313049316,69,3,2020-08-01
xgboost_direct,2020-12-01,6781.0,6998.286256790161,69,4,2020-08-01
xgboost_direct,2021-01-01,6917.0,7193.50934061408,69,5,2020-08-01
xgboost_direct,2021-02-01,6217.0,6379.50390625,69,6,2020-08-01
xgboost_direct,2020-10-01,7385.0,7160.749290466309,70,1,2020-09-01
xgboost_direct,2020-11-01,6872.0,6767.560434341431,70,2,2020-09-01
xgboost_direct,2020-12-01,6781.0,6845.289581298828,70,3,2020-09-01
xgboost_direct,2021-01-01,6917.0,7317.693374633789,70,4,2020-09-01
xgboost_direct,2021-02-01,6217.0,6619.848419189453,70,5,2020-09-01
xgboost_direct,2021-03-01,7569.0,7000.993225097656,70,6,2020-09-01
xgboost_direct,2020-11-01,6872.0,6839.016983032227,71,1,2020-10-01
xgboost_direct,2020-12-01,6781.0,6985.239802956581,71,2,2020-10-01
xgboost_direct,2021-01-01,6917.0,7224.629880905151,71,3,2020-10-01
xgboost_direct,2021-02-01,6217.0,6528.021453857422,71,4,2020-10-01
xgboost_direct,2021-03-01,7569.0,6782.1636962890625,71,5,2020-10-01
xgboost_direct,2021-04-01,6917.0,6131.036209106445,71,6,2020-10-01
xgboost_direct,2020-12-01,6781.0,7107.794036865234,72,1,2020-11-01
xgboost_direct,2021-01-01,6917.0,7259.523895263672,72,2,2020-11-01
xgboost_direct,2021-02-01,6217.0,6542.888519287109,72,3,2020-11-01
xgboost_direct,2021-03-01,7569.0,6943.313659667969,72,4,2020-11-01
xgboost_direct,2021-04-01,6917.0,5756.449203491211,72,5,2020-11-01
xgboost_direct,2021-05-01,8253.0,7125.871734619141,72,6,2020-11-01
xgboost_direct,2021-01-01,6917.0,7418.48698425293,73,1,2020-12-01
xgboost_direct,2021-02-01,6217.0,6439.781707763672,73,2,2020-12-01
xgboost_direct,2021-03-01,7569.0,7115.164031982422,73,3,2020-12-01
xgboost_direct,2021-04-01,6917.0,5833.83283996582,73,4,2020-12-01
xgboost_direct,2021-05-01,8253.0,6953.928253173828,73,5,2020-12-01
xgboost_direct,2021-06-01,8153.0,7267.624542236328,73,6,2020-12-01
xgboost_direct,2021-02-01,6217.0,6720.271522521973,74,1,2021-01-01
xgboost_direct,2021-03-01,7569.0,7166.236953735352,74,2,2021-01-01
xgboost_direct,2021-04-01,6917.0,5834.323593139648,74,3,2021-01-01
xgboost_direct,2021-05-01,8253.0,6952.748725891113,74,4,2021-01-01
xgboost_direct,2021-06-01,8153.0,7245.553924560547,74,5,2021-01-01
xgboost_direct,2021-07-01,9251.0,7563.531585693359,74,6,2021-01-01
xgboost_direct,2021-03-01,7569.0,7189.446380615234,75,1,2021-02-01
xgboost_direct,2021-04-01,6917.0,5554.332702636719,75,2,2021-02-01
xgboost_direct,2021-05-01,8253.0,6918.694290161133,75,3,2021-02-01
xgboost_direct,2021-06-01,8153.0,6977.250635147095,75,4,2021-02-01
xgboost_direct,2021-07-01,9251.0,7542.080154418945,75,5,2021-02-01
xgboost_direct,2021-08-01,8830.0,7732.696346282959,75,6,2021-02-01
xgboost_direct,2021-04-01,6917.0,5898.087661743164,76,1,2021-03-01
xgboost_direct,2021-05-01,8253.0,7001.819976806641,76,2,2021-03-01
xgboost_direct,2021-06-01,8153.0,7101.123565673828,76,3,2021-03-01
xgboost_direct,2021-07-01,9251.0,7526.121520996094,76,4,2021-03-01
xgboost_direct,2021-08-01,8830.0,7818.894454956055,76,5,2021-03-01
xgboost_direct,2021-09-01,7512.0,7124.57283782959,76,6,2021-03-01
xgboost_direct,2021-05-01,8253.0,7121.353126525879,77,1,2021-04-01
xgboost_direct,2021-06-01,8153.0,7164.735610961914,77,2,2021-04-01
xgboost_direct,2021-07-01,9251.0,7670.031524658203,77,3,2021-04-01
xgboost_direct,2021-08-01,8830.0,7833.899383544922,77,4,2021-04-01
xgboost_direct,2021-09-01,7512.0,7290.584442138672,77,5,2021-04-01
xgboost_direct,2021-10-01,7656.0,7496.875183105469,77,6,2021-04-01
xgboost_direct,2021-06-01,8153.0,7284.424713134766,78,1,2021-05-01
xgboost_direct,2021-07-01,9251.0,7611.613830566406,78,2,2021-05-01
xgboost_direct,2021-08-01,8830.0,7901.760330200195,78,3,2021-05-01
xgboost_direct,2021-09-01,7512.0,7424.018402099609,78,4,2021-05-01
xgboost_direct,2021-10-01,7656.0,7578.941360473633,78,5,2021-05-01
xgboost_direct,2021-11-01,7603.0,7221.228851318359,78,6,2021-05-01
xgboost_direct,2021-07-01,9251.0,7822.914459228516,79,1,2021-06-01
xgboost_direct,2021-08-01,8830.0,7848.322235107422,79,2,2021-06-01
xgboost_direct,2021-09-01,7512.0,7333.600982666016,79,3,2021-06-01
xgboost_direct,2021-10-01,7656.0,7531.377487182617,79,4,2021-06-01
xgboost_direct,2021-11-01,7603.0,7066.489166259766,79,5,2021-06-01
xgboost_direct,2021-12-01,8237.0,7092.862396240234,79,6,2021-06-01
xgboost_direct,2021-08-01,8830.0,8056.566162109375,80,1,2021-07-01
xgboost_direct,2021-09-01,7512.0,7409.283508300781,80,2,2021-07-01
xgboost_direct,2021-10-01,7656.0,7679.318389892578,80,3,2021-07-01
xgboost_direct,2021-11-01,7603.0,7058.129730224609,80,4,2021-07-01
xgboost_direct,2021-12-01,8237.0,6973.9295654296875,80,5,2021-07-01
xgboost_direct,2022-01-01,9582.0,6939.132947921753,80,6,2021-07-01
xgboost_direct,2021-09-01,7512.0,7592.104187011719,81,1,2021-08-01
xgboost_direct,2021-10-01,7656.0,7527.957611083984,81,2,2021-08-01
xgboost_direct,2021-11-01,7603.0,7240.130584716797,81,3,2021-08-01
xgboost_direct,2021-12-01,8237.0,7011.0997314453125,81,4,2021-08-01
xgboost_direct,2022-01-01,9582.0,7019.801528930664,81,5,2021-08-01
xgboost_direct,2022-02-01,7227.0,6448.502212524414,81,6,2021-08-01
xgboost_direct,2021-10-01,7656.0,7632.042739868164,82,1,2021-09-01
xgboost_direct,2021-11-01,7603.0,7023.3175048828125,82,2,2021-09-01
xgboost_direct,2021-12-01,8237.0,6838.891754150391,82,3,2021-09-01
xgboost_direct,2022-01-01,9582.0,6966.2951583862305,82,4,2021-09-01
xgboost_direct,2022-02-01,7227.0,6478.811920166016,82,5,2021-09-01
xgboost_direct,2022-03-01,7504.0,7257.124603271484,82,6,2021-09-01
xgboost_direct,2021-11-01,7603.0,6914.540637969971,83,1,2021-10-01
xgboost_direct,2021-12-01,8237.0,6889.972564697266,83,2,2021-10-01
xgboost_direct,2022-01-01,9582.0,6894.673011779785,83,3,2021-10-01
xgboost_direct,2022-02-01,7227.0,6534.500030517578,83,4,2021-10-01
xgboost_direct,2022-03-01,7504.0,7230.254364013672,83,5,2021-10-01
xgboost_direct,2022-04-01,7589.0,6494.040069580078,83,6,2021-10-01
xgboost_direct,2021-12-01,8237.0,6856.40665435791,84,1,2021-11-01
xgboost_direct,2022-01-01,9582.0,6764.687438964844,84,2,2021-11-01
xgboost_direct,2022-02-01,7227.0,6409.2418212890625,84,3,2021-11-01
xgboost_direct,2022-03-01,7504.0,7224.650238037109,84,4,2021-11-01
xgboost_direct,2022-04-01,7589.0,6744.233428955078,84,5,2021-11-01
xgboost_direct,2022-05-01,8846.0,7702.956726074219,84,6,2021-11-01
xgboost_direct,2022-01-01,9582.0,7322.777374267578,85,1,2021-12-01
xgboost_direct,2022-02-01,7227.0,6432.672073364258,85,2,2021-12-01
xgboost_direct,2022-03-01,7504.0,7180.0208740234375,85,3,2021-12-01
xgboost_direct,2022-04-01,7589.0,6636.495330810547,85,4,2021-12-01
xgboost_direct,2022-05-01,8846.0,7772.4189453125,85,5,2021-12-01
xgboost_direct,2022-06-01,9057.0,8324.237228393555,85,6,2021-12-01
xgboost_direct,2022-02-01,7227.0,7006.949645996094,86,1,2022-01-01
xgboost_direct,2022-03-01,7504.0,7303.490173339844,86,2,2022-01-01
xgboost_direct,2022-04-01,7589.0,6624.436737060547,86,3,2022-01-01
xgboost_direct,2022-05-01,8846.0,7768.041320800781,86,4,2022-01-01
xgboost_direct,2022-06-01,9057.0,8265.42440032959,86,5,2022-01-01
xgboost_direct,2022-07-01,8699.0,10455.606079101562,86,6,2022-01-01
xgboost_direct,2022-03-01,7504.0,7707.936370849609,87,1,2022-02-01
xgboost_direct,2022-04-01,7589.0,6462.227630615234,87,2,2022-02-01
xgboost_direct,2022-05-01,8846.0,7804.740509033203,87,3,2022-02-01
xgboost_direct,2022-06-01,9057.0,8350.739013671875,87,4,2022-02-01
xgboost_direct,2022-07-01,8699.0,10549.392333984375,87,5,2022-02-01
xgboost_direct,2022-08-01,8834.0,9129.274627685547,87,6,2022-02-01
xgboost_direct,2022-04-01,7589.0,6535.962371826172,88,1,2022-03-01
xgboost_direct,2022-05-01,8846.0,8136.734153747559,88,2,2022-03-01
xgboost_direct,2022-06-01,9057.0,8477.88882446289,88,3,2022-03-01
xgboost_direct,2022-07-01,8699.0,10909.271118164062,88,4,2022-03-01
xgboost_direct,2022-08-01,8834.0,9240.391387939453,88,5,2022-03-01
xgboost_direct,2022-09-01,8228.0,7940.972381591797,88,6,2022-03-01
xgboost_direct,2022-05-01,8846.0,8135.395584106445,89,1,2022-04-01
xgboost_direct,2022-06-01,9057.0,8116.623134613037,89,2,2022-04-01
xgboost_direct,2022-07-01,8699.0,10573.955932617188,89,3,2022-04-01
xgboost_direct,2022-08-01,8834.0,9348.066772460938,89,4,2022-04-01
xgboost_direct,2022-09-01,8228.0,7704.018112182617,89,5,2022-04-01
xgboost_direct,2022-10-01,8388.0,8213.929443359375,89,6,2022-04-01
xgboost_direct,2022-06-01,9057.0,8093.63472366333,90,1,2022-05-01
xgboost_direct,2022-07-01,8699.0,9971.911682128906,90,2,2022-05-01
xgboost_direct,2022-08-01,8834.0,9380.719177246094,90,3,2022-05-01
xgboost_direct,2022-09-01,8228.0,7887.675842285156,90,4,2022-05-01
xgboost_direct,2022-10-01,8388.0,7968.070098876953,90,5,2022-05-01
xgboost_direct,2022-11-01,7588.0,7990.3057861328125,90,6,2022-05-01
xgboost_direct,2022-07-01,8699.0,10262.501098632812,91,1,2022-06-01
xgboost_direct,2022-08-01,8834.0,8974.522079467773,91,2,2022-06-01
xgboost_direct,2022-09-01,8228.0,7738.20866394043,91,3,2022-06-01
xgboost_direct,2022-10-01,8388.0,8037.664886474609,91,4,2022-06-01
xgboost_direct,2022-11-01,7588.0,7896.506195068359,91,5,2022-06-01
xgboost_direct,2022-12-01,7850.0,8718.2392578125,91,6,2022-06-01
xgboost_direct,2022-08-01,8834.0,8697.409942626953,92,1,2022-07-01
xgboost_direct,2022-09-01,8228.0,7554.888580322266,92,2,2022-07-01
xgboost_direct,2022-10-01,8388.0,8021.524261474609,92,3,2022-07-01
xgboost_direct,2022-11-01,7588.0,7726.820976257324,92,4,2022-07-01
xgboost_direct,2022-12-01,7850.0,8525.10806274414,92,5,2022-07-01
xgboost_direct,2023-01-01,7563.0,9832.309356689453,92,6,2022-07-01
xgboost_direct,2022-09-01,8228.0,7401.44197845459,93,1,2022-08-01
xgboost_direct,2022-10-01,8388.0,7995.730285644531,93,2,2022-08-01
xgboost_direct,2022-11-01,7588.0,7728.451560974121,93,3,2022-08-01
xgboost_direct,2022-12-01,7850.0,8508.105407714844,93,4,2022-08-01
xgboost_direct,2023-01-01,7563.0,9742.046646118164,93,5,2022-08-01
xgboost_direct,2023-02-01,6551.0,7141.147575378418,93,6,2022-08-01
xgboost_direct,2022-10-01,8388.0,7929.227966308594,94,1,2022-09-01
xgboost_direct,2022-11-01,7588.0,7686.860725402832,94,2,2022-09-01
xgboost_direct,2022-12-01,7850.0,8469.247360229492,94,3,2022-09-01
xgboost_direct,2023-01-01,7563.0,9796.886901855469,94,4,2022-09-01
xgboost_direct,2023-02-01,6551.0,7153.871971130371,94,5,2022-09-01
xgboost_direct,2023-03-01,7507.0,7612.123992919922,94,6,2022-09-01
xgboost_direct,2022-11-01,7588.0,7694.065185546875,95,1,2022-10-01
xgboost_direct,2022-12-01,7850.0,8417.25569152832,95,2,2022-10-01
xgboost_direct,2023-01-01,7563.0,9667.84780883789,95,3,2022-10-01
xgboost_direct,2023-02-01,6551.0,6940.21630859375,95,4,2022-10-01
xgboost_direct,2023-03-01,7507.0,7671.405426025391,95,5,2022-10-01
xgboost_direct,2023-04-01,7745.0,7780.494415283203,95,6,2022-10-01
xgboost_direct,2022-12-01,7850.0,8394.370681762695,96,1,2022-11-01
xgboost_direct,2023-01-01,7563.0,9938.68716430664,96,2,2022-11-01
xgboost_direct,2023-02-01,6551.0,7097.29914855957,96,3,2022-11-01
xgboost_direct,2023-03-01,7507.0,7756.507568359375,96,4,2022-11-01
xgboost_direct,2023-04-01,7745.0,7638.782188415527,96,5,2022-11-01
xgboost_direct,2023-05-01,8600.0,8851.842358112335,96,6,2022-11-01
xgboost_direct,2023-01-01,7563.0,9735.265258789062,97,1,2022-12-01
xgboost_direct,2023-02-01,6551.0,7294.495475769043,97,2,2022-12-01
xgboost_direct,2023-03-01,7507.0,7754.355804443359,97,3,2022-12-01
xgboost_direct,2023-04-01,7745.0,7536.832099914551,97,4,2022-12-01
xgboost_direct,2023-05-01,8600.0,8712.323608398438,97,5,2022-12-01
xgboost_direct,2023-06-01,9151.0,9489.268127441406,97,6,2022-12-01
xgboost_direct,2023-02-01,6551.0,6785.463104248047,98,1,2023-01-01
xgboost_direct,2023-03-01,7507.0,7308.369903564453,98,2,2023-01-01
xgboost_direct,2023-04-01,7745.0,7137.238677978516,98,3,2023-01-01
xgboost_direct,2023-05-01,8600.0,8507.871063232422,98,4,2023-01-01
xgboost_direct,2023-06-01,9151.0,9214.737350463867,98,5,2023-01-01
xgboost_direct,2023-07-01,9183.0,8770.705093383789,98,6,2023-01-01
xgboost_direct,2023-03-01,7507.0,6632.037414550781,99,1,2023-02-01
xgboost_direct,2023-04-01,7745.0,7320.021423339844,99,2,2023-02-01
xgboost_direct,2023-05-01,8600.0,8538.539794921875,99,3,2023-02-01
xgboost_direct,2023-06-01,9151.0,9052.353917598724,99,4,2023-02-01
xgboost_direct,2023-07-01,9183.0,8864.349884033203,99,5,2023-02-01
xgboost_direct,2023-08-01,8297.0,8620.64582824707,99,6,2023-02-01
xgboost_direct,2023-04-01,7745.0,7341.699554443359,100,1,2023-03-01
xgboost_direct,2023-05-01,8600.0,8778.193634033203,100,2,2023-03-01
xgboost_direct,2023-06-01,9151.0,9140.601089477539,100,3,2023-03-01
xgboost_direct,2023-07-01,9183.0,8687.94537448883,100,4,2023-03-01
xgboost_direct,2023-08-01,8297.0,8572.677734375,100,5,2023-03-01
xgboost_direct,2023-09-01,7823.0,7709.618957519531,100,6,2023-03-01
xgboost_direct,2023-05-01,8600.0,8559.354370117188,101,1,2023-04-01
xgboost_direct,2023-06-01,9151.0,8947.159538269043,101,2,2023-04-01
xgboost_direct,2023-07-01,9183.0,8780.919700622559,101,3,2023-04-01
xgboost_direct,2023-08-01,8297.0,8729.266944885254,101,4,2023-04-01
xgboost_direct,2023-09-01,7823.0,7906.277374267578,101,5,2023-04-01
xgboost_direct,2023-10-01,7507.0,8228.070358276367,101,6,2023-04-01
xgboost_direct,2023-06-01,9151.0,8931.460586547852,102,1,2023-05-01
xgboost_direct,2023-07-01,9183.0,8595.159378051758,102,2,2023-05-01
xgboost_direct,2023-08-01,8297.0,8767.00724029541,102,3,2023-05-01
xgboost_direct,2023-09-01,7823.0,7976.940231323242,102,4,2023-05-01
xgboost_direct,2023-10-01,7507.0,8285.1410446167,102,5,2023-05-01
xgboost_direct,2023-11-01,8107.0,7888.2529296875,102,6,2023-05-01
xgboost_direct,2023-07-01,9183.0,8768.390151977539,103,1,2023-06-01
xgboost_direct,2023-08-01,8297.0,8647.563583374023,103,2,2023-06-01
xgboost_direct,2023-09-01,7823.0,7838.201232910156,103,3,2023-06-01
xgboost_direct,2023-10-01,7507.0,8259.656463623047,103,4,2023-06-01
xgboost_direct,2023-11-01,8107.0,7869.730926513672,103,5,2023-06-01
xgboost_direct,2023-12-01,7504.0,8708.928405761719,103,6,2023-06-01
catboost_base,2015-01-01,7184.0,6223.566036922057,1,1,2014-12-01
catboost_base,2015-02-01,5958.0,6246.839558541285,1,2,2014-12-01
catboost_base,2015-03-01,6658.0,6311.685455813439,1,3,2014-12-01
catboost_base,2015-04-01,7069.0,6324.795742965047,1,4,2014-12-01
catboost_base,2015-05-01,8099.0,7308.428575636532,1,5,2014-12-01
catboost_base,2015-06-01,7868.0,7295.564216593946,1,6,2014-12-01
catboost_base,2015-02-01,5958.0,6486.213049002809,2,1,2015-01-01
catboost_base,2015-03-01,6658.0,6480.7843983067005,2,2,2015-01-01
catboost_base,2015-04-01,7069.0,6560.28987563024,2,3,2015-01-01
catboost_base,2015-05-01,8099.0,7241.715925995693,2,4,2015-01-01
catboost_base,2015-06-01,7868.0,7437.962644575212,2,5,2015-01-01
catboost_base,2015-07-01,7986.0,7332.944211990515,2,6,2015-01-01
catboost_base,2015-03-01,6658.0,6456.058071380369,3,1,2015-02-01
catboost_base,2015-04-01,7069.0,6422.20482626775,3,2,2015-02-01
catboost_base,2015-05-01,8099.0,7213.728457768846,3,3,2015-02-01
catboost_base,2015-06-01,7868.0,7401.453999458099,3,4,2015-02-01
catboost_base,2015-07-01,7986.0,7651.529888374226,3,5,2015-02-01
catboost_base,2015-08-01,7251.0,7410.911858576537,3,6,2015-02-01
catboost_base,2015-04-01,7069.0,6445.7642053208265,4,1,2015-03-01
catboost_base,2015-05-01,8099.0,7173.409616518624,4,2,2015-03-01
catboost_base,2015-06-01,7868.0,7408.416611533627,4,3,2015-03-01
catboost_base,2015-07-01,7986.0,7610.708988196977,4,4,2015-03-01
catboost_base,2015-08-01,7251.0,7393.142189097867,4,5,2015-03-01
catboost_base,2015-09-01,7163.0,6871.949093870918,4,6,2015-03-01
catboost_base,2015-05-01,8099.0,7191.528455777493,5,1,2015-04-01
catboost_base,2015-06-01,7868.0,7485.3075304844915,5,2,2015-04-01
catboost_base,2015-07-01,7986.0,7525.638252490201,5,3,2015-04-01
catboost_base,2015-08-01,7251.0,7358.698593809236,5,4,2015-04-01
catboost_base,2015-09-01,7163.0,6872.5044949438725,5,5,2015-04-01
catboost_base,2015-10-01,6690.0,6995.954349116588,5,6,2015-04-01
catboost_base,2015-06-01,7868.0,7616.723938204887,6,1,2015-05-01
catboost_base,2015-07-01,7986.0,7609.655000369906,6,2,2015-05-01
catboost_base,2015-08-01,7251.0,7467.063676557949,6,3,2015-05-01
catboost_base,2015-09-01,7163.0,6843.45888022475,6,4,2015-05-01
catboost_base,2015-10-01,6690.0,6996.007982169765,6,5,2015-05-01
catboost_base,2015-11-01,6392.0,6654.181373096466,6,6,2015-05-01
catboost_base,2015-07-01,7986.0,7609.730825491362,7,1,2015-06-01
catboost_base,2015-08-01,7251.0,7506.860944424409,7,2,2015-06-01
catboost_base,2015-09-01,7163.0,6935.424557471913,7,3,2015-06-01
catboost_base,2015-10-01,6690.0,7004.8600466228745,7,4,2015-06-01
catboost_base,2015-11-01,6392.0,6631.210015313463,7,5,2015-06-01
catboost_base,2015-12-01,6753.0,6646.400676894781,7,6,2015-06-01
catboost_base,2015-08-01,7251.0,7428.203556214502,8,1,2015-07-01
catboost_base,2015-09-01,7163.0,6912.818505364083,8,2,2015-07-01
catboost_base,2015-10-01,6690.0,7052.786688146492,8,3,2015-07-01
catboost_base,2015-11-01,6392.0,6503.9779408356135,8,4,2015-07-01
catboost_base,2015-12-01,6753.0,6739.681791803598,8,5,2015-07-01
catboost_base,2016-01-01,6753.0,6920.74670688579,8,6,2015-07-01
catboost_base,2015-09-01,7163.0,6843.762304862589,9,1,2015-08-01
catboost_base,2015-10-01,6690.0,7002.784143712733,9,2,2015-08-01
catboost_base,2015-11-01,6392.0,6442.703487236006,9,3,2015-08-01
catboost_base,2015-12-01,6753.0,6806.622105417913,9,4,2015-08-01
catboost_base,2016-01-01,6753.0,6937.811193785351,9,5,2015-08-01
catboost_base,2016-02-01,6385.0,6413.084677397802,9,6,2015-08-01
catboost_base,2015-10-01,6690.0,7059.434185489712,10,1,2015-09-01
catboost_base,2015-11-01,6392.0,6500.1365970678,10,2,2015-09-01
catboost_base,2015-12-01,6753.0,6804.903524941459,10,3,2015-09-01
catboost_base,2016-01-01,6753.0,6831.580867383867,10,4,2015-09-01
catboost_base,2016-02-01,6385.0,6488.488466834001,10,5,2015-09-01
catboost_base,2016-03-01,7164.0,6772.2772402445025,10,6,2015-09-01
catboost_base,2015-11-01,6392.0,6470.485798391912,11,1,2015-10-01
catboost_base,2015-12-01,6753.0,6813.140320328713,11,2,2015-10-01
catboost_base,2016-01-01,6753.0,6725.113117127953,11,3,2015-10-01
catboost_base,2016-02-01,6385.0,6356.512253106912,11,4,2015-10-01
catboost_base,2016-03-01,7164.0,6621.1494110786725,11,5,2015-10-01
catboost_base,2016-04-01,7192.0,7241.29718034716,11,6,2015-10-01
catboost_base,2015-12-01,6753.0,6703.829508930484,12,1,2015-11-01
catboost_base,2016-01-01,6753.0,6666.205087974375,12,2,2015-11-01
catboost_base,2016-02-01,6385.0,6443.062611767759,12,3,2015-11-01
catboost_base,2016-03-01,7164.0,6673.52437281507,12,4,2015-11-01
catboost_base,2016-04-01,7192.0,7272.849468060245,12,5,2015-11-01
catboost_base,2016-05-01,7743.0,7645.851554592231,12,6,2015-11-01
catboost_base,2016-01-01,6753.0,6732.91345836287,13,1,2015-12-01
catboost_base,2016-02-01,6385.0,6437.200253106485,13,2,2015-12-01
catboost_base,2016-03-01,7164.0,6682.224068852438,13,3,2015-12-01
catboost_base,2016-04-01,7192.0,7274.852017173958,13,4,2015-12-01
catboost_base,2016-05-01,7743.0,7636.824460411636,13,5,2015-12-01
catboost_base,2016-06-01,8767.0,7670.84948875786,13,6,2015-12-01
catboost_base,2016-02-01,6385.0,6462.991518517257,14,1,2016-01-01
catboost_base,2016-03-01,7164.0,6733.820820993863,14,2,2016-01-01
catboost_base,2016-04-01,7192.0,7207.0446643805135,14,3,2016-01-01
catboost_base,2016-05-01,7743.0,7645.404075467973,14,4,2016-01-01
catboost_base,2016-06-01,8767.0,7678.449661971095,14,5,2016-01-01
catboost_base,2016-07-01,8479.0,7606.883671046767,14,6,2016-01-01
catboost_base,2016-03-01,7164.0,6715.24618379125,15,1,2016-02-01
catboost_base,2016-04-01,7192.0,7295.960976436508,15,2,2016-02-01
catboost_base,2016-05-01,7743.0,7711.429131793249,15,3,2016-02-01
catboost_base,2016-06-01,8767.0,7709.365781491258,15,4,2016-02-01
catboost_base,2016-07-01,8479.0,7653.96410428452,15,5,2016-02-01
catboost_base,2016-08-01,7890.0,7455.258696368155,15,6,2016-02-01
catboost_base,2016-04-01,7192.0,7428.155540363698,16,1,2016-03-01
catboost_base,2016-05-01,7743.0,7653.981668369287,16,2,2016-03-01
catboost_base,2016-06-01,8767.0,7621.507279835865,16,3,2016-03-01
catboost_base,2016-07-01,8479.0,7595.687517465407,16,4,2016-03-01
catboost_base,2016-08-01,7890.0,7406.418093418473,16,5,2016-03-01
catboost_base,2016-09-01,7317.0,6850.70039408645,16,6,2016-03-01
catboost_base,2016-05-01,7743.0,7751.335731793742,17,1,2016-04-01
catboost_base,2016-06-01,8767.0,7607.985698177398,17,2,2016-04-01
catboost_base,2016-07-01,8479.0,7524.970333157588,17,3,2016-04-01
catboost_base,2016-08-01,7890.0,7467.437774568412,17,4,2016-04-01
catboost_base,2016-09-01,7317.0,6873.058947370699,17,5,2016-04-01
catboost_base,2016-10-01,7426.0,6691.454129347036,17,6,2016-04-01
catboost_base,2016-06-01,8767.0,7697.344585453052,18,1,2016-05-01
catboost_base,2016-07-01,8479.0,7545.361029165906,18,2,2016-05-01
catboost_base,2016-08-01,7890.0,7502.197460126654,18,3,2016-05-01
catboost_base,2016-09-01,7317.0,6964.848702508173,18,4,2016-05-01
catboost_base,2016-10-01,7426.0,6715.763420702759,18,5,2016-05-01
catboost_base,2016-11-01,6700.0,6604.9086213845485,18,6,2016-05-01
catboost_base,2016-07-01,8479.0,7771.1897281795655,19,1,2016-06-01
catboost_base,2016-08-01,7890.0,7633.587871417591,19,2,2016-06-01
catboost_base,2016-09-01,7317.0,7098.095987937422,19,3,2016-06-01
catboost_base,2016-10-01,7426.0,6561.450778703367,19,4,2016-06-01
catboost_base,2016-11-01,6700.0,6631.965538969595,19,5,2016-06-01
catboost_base,2016-12-01,6994.0,6578.037448068805,19,6,2016-06-01
catboost_base,2016-08-01,7890.0,7745.8700068645485,20,1,2016-07-01
catboost_base,2016-09-01,7317.0,7052.945347778219,20,2,2016-07-01
catboost_base,2016-10-01,7426.0,6542.208122215018,20,3,2016-07-01
catboost_base,2016-11-01,6700.0,6435.953680591689,20,4,2016-07-01
catboost_base,2016-12-01,6994.0,6566.771849997626,20,5,2016-07-01
catboost_base,2017-01-01,6788.0,6459.121866803603,20,6,2016-07-01
catboost_base,2016-09-01,7317.0,7089.718755635475,21,1,2016-08-01
catboost_base,2016-10-01,7426.0,6589.977648859617,21,2,2016-08-01
catboost_base,2016-11-01,6700.0,6456.566707072772,21,3,2016-08-01
catboost_base,2016-12-01,6994.0,6602.255356681854,21,4,2016-08-01
catboost_base,2017-01-01,6788.0,6515.485542699075,21,5,2016-08-01
catboost_base,2017-02-01,6271.0,6671.705802628318,21,6,2016-08-01
catboost_base,2016-10-01,7426.0,6733.71832817704,22,1,2016-09-01
catboost_base,2016-11-01,6700.0,6489.255916491622,22,2,2016-09-01
catboost_base,2016-12-01,6994.0,6493.019973822358,22,3,2016-09-01
catboost_base,2017-01-01,6788.0,6571.914686668171,22,4,2016-09-01
catboost_base,2017-02-01,6271.0,6629.493953515274,22,5,2016-09-01
catboost_base,2017-03-01,6794.0,7134.48924668451,22,6,2016-09-01
catboost_base,2016-11-01,6700.0,7021.444060537231,23,1,2016-10-01
catboost_base,2016-12-01,6994.0,6692.377520258665,23,2,2016-10-01
catboost_base,2017-01-01,6788.0,6702.231741390221,23,3,2016-10-01
catboost_base,2017-02-01,6271.0,6946.993710549511,23,4,2016-10-01
catboost_base,2017-03-01,6794.0,7302.038793063915,23,5,2016-10-01
catboost_base,2017-04-01,6884.0,7646.991465140799,23,6,2016-10-01
catboost_base,2016-12-01,6994.0,6699.9745482688,24,1,2016-11-01
catboost_base,2017-01-01,6788.0,6570.836106181613,24,2,2016-11-01
catboost_base,2017-02-01,6271.0,6811.703410607826,24,3,2016-11-01
catboost_base,2017-03-01,6794.0,7117.771494587936,24,4,2016-11-01
catboost_base,2017-04-01,6884.0,7409.226252167505,24,5,2016-11-01
catboost_base,2017-05-01,7651.0,7847.148787334461,24,6,2016-11-01
catboost_base,2017-01-01,6788.0,6691.99467763222,25,1,2016-12-01
catboost_base,2017-02-01,6271.0,6916.8857976182735,25,2,2016-12-01
catboost_base,2017-03-01,6794.0,7361.869101402581,25,3,2016-12-01
catboost_base,2017-04-01,6884.0,7629.944119563818,25,4,2016-12-01
catboost_base,2017-05-01,7651.0,7963.975757891856,25,5,2016-12-01
catboost_base,2017-06-01,8009.0,8061.50704404142,25,6,2016-12-01
catboost_base,2017-02-01,6271.0,6910.811067150145,26,1,2017-01-01
catboost_base,2017-03-01,6794.0,7305.8425073203225,26,2,2017-01-01
catboost_base,2017-04-01,6884.0,7593.826887030362,26,3,2017-01-01
catboost_base,2017-05-01,7651.0,7913.205309237815,26,4,2017-01-01
catboost_base,2017-06-01,8009.0,8152.5120308244595,26,5,2017-01-01
catboost_base,2017-07-01,8694.0,8192.658402126057,26,6,2017-01-01
catboost_base,2017-03-01,6794.0,7152.77386123624,27,1,2017-02-01
catboost_base,2017-04-01,6884.0,7417.018335375594,27,2,2017-02-01
catboost_base,2017-05-01,7651.0,7733.54785310453,27,3,2017-02-01
catboost_base,2017-06-01,8009.0,8209.191336395525,27,4,2017-02-01
catboost_base,2017-07-01,8694.0,8100.270750571848,27,5,2017-02-01
catboost_base,2017-08-01,8130.0,7791.7671002939205,27,6,2017-02-01
catboost_base,2017-04-01,6884.0,7383.522527328334,28,1,2017-03-01
catboost_base,2017-05-01,7651.0,7667.103460029827,28,2,2017-03-01
catboost_base,2017-06-01,8009.0,7956.084970260062,28,3,2017-03-01
catboost_base,2017-07-01,8694.0,8145.897916809901,28,4,2017-03-01
catboost_base,2017-08-01,8130.0,7973.142906512037,28,5,2017-03-01
catboost_base,2017-09-01,7446.0,7730.494218013451,28,6,2017-03-01
catboost_base,2017-05-01,7651.0,7582.469622910014,29,1,2017-04-01
catboost_base,2017-06-01,8009.0,7818.542148493768,29,2,2017-04-01
catboost_base,2017-07-01,8694.0,7914.845503478875,29,3,2017-04-01
catboost_base,2017-08-01,8130.0,7962.765188812655,29,4,2017-04-01
catboost_base,2017-09-01,7446.0,7866.589520058097,29,5,2017-04-01
catboost_base,2017-10-01,7282.0,7437.577056966827,29,6,2017-04-01
catboost_base,2017-06-01,8009.0,7855.373271209854,30,1,2017-05-01
catboost_base,2017-07-01,8694.0,7981.061311637633,30,2,2017-05-01
catboost_base,2017-08-01,8130.0,7920.6640245604085,30,3,2017-05-01
catboost_base,2017-09-01,7446.0,7875.666014218003,30,4,2017-05-01
catboost_base,2017-10-01,7282.0,7441.208605208314,30,5,2017-05-01
catboost_base,2017-11-01,6830.0,6999.907636725857,30,6,2017-05-01
catboost_base,2017-07-01,8694.0,7999.7760733044215,31,1,2017-06-01
catboost_base,2017-08-01,8130.0,7971.213239719594,31,2,2017-06-01
catboost_base,2017-09-01,7446.0,7806.704948534825,31,3,2017-06-01
catboost_base,2017-10-01,7282.0,7403.3180622950595,31,4,2017-06-01
catboost_base,2017-11-01,6830.0,6990.359464124926,31,5,2017-06-01
catboost_base,2017-12-01,6946.0,6940.882808360552,31,6,2017-06-01
catboost_base,2017-08-01,8130.0,8120.894003393945,32,1,2017-07-01
catboost_base,2017-09-01,7446.0,7864.709659397484,32,2,2017-07-01
catboost_base,2017-10-01,7282.0,7554.130150178638,32,3,2017-07-01
catboost_base,2017-11-01,6830.0,7125.139958111945,32,4,2017-07-01
catboost_base,2017-12-01,6946.0,6980.582961203044,32,5,2017-07-01
catboost_base,2018-01-01,6886.0,6770.439277976424,32,6,2017-07-01
catboost_base,2017-09-01,7446.0,7885.310896868858,33,1,2017-08-01
catboost_base,2017-10-01,7282.0,7549.276678716942,33,2,2017-08-01
catboost_base,2017-11-01,6830.0,7185.794338262721,33,3,2017-08-01
catboost_base,2017-12-01,6946.0,7040.522210526498,33,4,2017-08-01
catboost_base,2018-01-01,6886.0,6790.07613744877,33,5,2017-08-01
catboost_base,2018-02-01,5960.0,6491.515048435867,33,6,2017-08-01
catboost_base,2017-10-01,7282.0,7554.258880928665,34,1,2017-09-01
catboost_base,2017-11-01,6830.0,6997.77443888266,34,2,2017-09-01
catboost_base,2017-12-01,6946.0,6998.454373357473,34,3,2017-09-01
catboost_base,2018-01-01,6886.0,6741.725944781662,34,4,2017-09-01
catboost_base,2018-02-01,5960.0,6453.938072683695,34,5,2017-09-01
catboost_base,2018-03-01,6930.0,6639.46190855181,34,6,2017-09-01
catboost_base,2017-11-01,6830.0,7138.026725723116,35,1,2017-10-01
catboost_base,2017-12-01,6946.0,6893.490284893004,35,2,2017-10-01
catboost_base,2018-01-01,6886.0,6809.5856998228155,35,3,2017-10-01
catboost_base,2018-02-01,5960.0,6562.412501472582,35,4,2017-10-01
catboost_base,2018-03-01,6930.0,6671.682994347079,35,5,2017-10-01
catboost_base,2018-04-01,6769.0,6963.289478423806,35,6,2017-10-01
catboost_base,2017-12-01,6946.0,6941.59291155844,36,1,2017-11-01
catboost_base,2018-01-01,6886.0,6709.092120987191,36,2,2017-11-01
catboost_base,2018-02-01,5960.0,6490.827788131229,36,3,2017-11-01
catboost_base,2018-03-01,6930.0,6605.491961111956,36,4,2017-11-01
catboost_base,2018-04-01,6769.0,6925.984845936552,36,5,2017-11-01
catboost_base,2018-05-01,7511.0,7331.03242132845,36,6,2017-11-01
catboost_base,2018-01-01,6886.0,6700.884718032856,37,1,2017-12-01
catboost_base,2018-02-01,5960.0,6416.180055534149,37,2,2017-12-01
catboost_base,2018-03-01,6930.0,6562.712644910122,37,3,2017-12-01
catboost_base,2018-04-01,6769.0,6885.988399119299,37,4,2017-12-01
catboost_base,2018-05-01,7511.0,7331.181767741597,37,5,2017-12-01
catboost_base,2018-06-01,8057.0,8000.409538319616,37,6,2017-12-01
catboost_base,2018-02-01,5960.0,6478.49313606571,38,1,2018-01-01
catboost_base,2018-03-01,6930.0,6652.020482685349,38,2,2018-01-01
catboost_base,2018-04-01,6769.0,6991.753334938427,38,3,2018-01-01
catboost_base,2018-05-01,7511.0,7557.027800466542,38,4,2018-01-01
catboost_base,2018-06-01,8057.0,8023.185986428972,38,5,2018-01-01
catboost_base,2018-07-01,8175.0,8408.354441606423,38,6,2018-01-01
catboost_base,2018-03-01,6930.0,6538.065845561163,39,1,2018-02-01
catboost_base,2018-04-01,6769.0,6913.854134922613,39,2,2018-02-01
catboost_base,2018-05-01,7511.0,7494.54375880894,39,3,2018-02-01
catboost_base,2018-06-01,8057.0,7901.588734377775,39,4,2018-02-01
catboost_base,2018-07-01,8175.0,8357.761010029979,39,5,2018-02-01
catboost_base,2018-08-01,8328.0,7986.738606717912,39,6,2018-02-01
catboost_base,2018-04-01,6769.0,6910.3828863607,40,1,2018-03-01
catboost_base,2018-05-01,7511.0,7542.24130958052,40,2,2018-03-01
catboost_base,2018-06-01,8057.0,8025.018730657952,40,3,2018-03-01
catboost_base,2018-07-01,8175.0,8362.39449787739,40,4,2018-03-01
catboost_base,2018-08-01,8328.0,8028.785502788513,40,5,2018-03-01
catboost_base,2018-09-01,7325.0,7705.13065793652,40,6,2018-03-01
catboost_base,2018-05-01,7511.0,7475.074043175839,41,1,2018-04-01
catboost_base,2018-06-01,8057.0,7943.109583227258,41,2,2018-04-01
catboost_base,2018-07-01,8175.0,8333.442905122529,41,3,2018-04-01
catboost_base,2018-08-01,8328.0,8062.718868889798,41,4,2018-04-01
catboost_base,2018-09-01,7325.0,7683.4352359125005,41,5,2018-04-01
catboost_base,2018-10-01,7202.0,7394.233763292152,41,6,2018-04-01
catboost_base,2018-06-01,8057.0,7945.82911557346,42,1,2018-05-01
catboost_base,2018-07-01,8175.0,8286.95039979101,42,2,2018-05-01
catboost_base,2018-08-01,8328.0,8081.711404662277,42,3,2018-05-01
catboost_base,2018-09-01,7325.0,7679.6328091627365,42,4,2018-05-01
catboost_base,2018-10-01,7202.0,7382.450907446336,42,5,2018-05-01
catboost_base,2018-11-01,7161.0,7038.257932452209,42,6,2018-05-01
catboost_base,2018-07-01,8175.0,8336.99345865264,43,1,2018-06-01
catboost_base,2018-08-01,8328.0,8054.156919025834,43,2,2018-06-01
catboost_base,2018-09-01,7325.0,7627.078389742849,43,3,2018-06-01
catboost_base,2018-10-01,7202.0,7383.27434036556,43,4,2018-06-01
catboost_base,2018-11-01,7161.0,7052.042709519148,43,5,2018-06-01
catboost_base,2018-12-01,7409.0,7004.1286024312785,43,6,2018-06-01
catboost_base,2018-08-01,8328.0,8040.868143808685,44,1,2018-07-01
catboost_base,2018-09-01,7325.0,7599.406448977557,44,2,2018-07-01
catboost_base,2018-10-01,7202.0,7386.090235807773,44,3,2018-07-01
catboost_base,2018-11-01,7161.0,7002.800070245675,44,4,2018-07-01
catboost_base,2018-12-01,7409.0,6977.551027421421,44,5,2018-07-01
catboost_base,2019-01-01,7117.0,6875.695992212295,44,6,2018-07-01
catboost_base,2018-09-01,7325.0,7661.994586127905,45,1,2018-08-01
catboost_base,2018-10-01,7202.0,7380.215364104989,45,2,2018-08-01
catboost_base,2018-11-01,7161.0,6995.369523075427,45,3,2018-08-01
catboost_base,2018-12-01,7409.0,6956.064219364332,45,4,2018-08-01
catboost_base,2019-01-01,7117.0,6875.764767974111,45,5,2018-08-01
catboost_base,2019-02-01,6307.0,6300.931810815835,45,6,2018-08-01
catboost_base,2018-10-01,7202.0,7354.412943910762,46,1,2018-09-01
catboost_base,2018-11-01,7161.0,6948.202513565927,46,2,2018-09-01
catboost_base,2018-12-01,7409.0,7016.339315233005,46,3,2018-09-01
catboost_base,2019-01-01,7117.0,6833.208033054566,46,4,2018-09-01
catboost_base,2019-02-01,6307.0,6273.680523405185,46,5,2018-09-01
catboost_base,2019-03-01,7067.0,6669.754341433958,46,6,2018-09-01
catboost_base,2018-11-01,7161.0,6836.9326548727495,47,1,2018-10-01
catboost_base,2018-12-01,7409.0,6969.4985178035895,47,2,2018-10-01
catboost_base,2019-01-01,7117.0,6833.352690472346,47,3,2018-10-01
catboost_base,2019-02-01,6307.0,6257.50321412184,47,4,2018-10-01
catboost_base,2019-03-01,7067.0,6706.025440273498,47,5,2018-10-01
catboost_base,2019-04-01,7108.0,6822.043214569527,47,6,2018-10-01
catboost_base,2018-12-01,7409.0,7007.6014086579635,48,1,2018-11-01
catboost_base,2019-01-01,7117.0,6908.634558817823,48,2,2018-11-01
catboost_base,2019-02-01,6307.0,6402.53159148453,48,3,2018-11-01
catboost_base,2019-03-01,7067.0,6730.864151607187,48,4,2018-11-01
catboost_base,2019-04-01,7108.0,6909.319932915081,48,5,2018-11-01
catboost_base,2019-05-01,7776.0,7564.198454181702,48,6,2018-11-01
catboost_base,2019-01-01,7117.0,7034.89546398663,49,1,2018-12-01
catboost_base,2019-02-01,6307.0,6508.546778418861,49,2,2018-12-01
catboost_base,2019-03-01,7067.0,6823.584159228543,49,3,2018-12-01
catboost_base,2019-04-01,7108.0,6921.48983160518,49,4,2018-12-01
catboost_base,2019-05-01,7776.0,7510.634697664511,49,5,2018-12-01
catboost_base,2019-06-01,8274.0,8009.460881456391,49,6,2018-12-01
catboost_base,2019-02-01,6307.0,6448.31171492911,50,1,2019-01-01
catboost_base,2019-03-01,7067.0,6877.338976580868,50,2,2019-01-01
catboost_base,2019-04-01,7108.0,6901.180824391735,50,3,2019-01-01
catboost_base,2019-05-01,7776.0,7537.4893698546875,50,4,2019-01-01
catboost_base,2019-06-01,8274.0,7984.156385595459,50,5,2019-01-01
catboost_base,2019-07-01,8919.0,8093.374053102869,50,6,2019-01-01
catboost_base,2019-03-01,7067.0,6846.118895033666,51,1,2019-02-01
catboost_base,2019-04-01,7108.0,6916.3985165575,51,2,2019-02-01
catboost_base,2019-05-01,7776.0,7506.675513152526,51,3,2019-02-01
catboost_base,2019-06-01,8274.0,7951.543004274485,51,4,2019-02-01
catboost_base,2019-07-01,8919.0,8141.001086725022,51,5,2019-02-01
catboost_base,2019-08-01,8180.0,8073.3903502434005,51,6,2019-02-01
catboost_base,2019-04-01,7108.0,7054.539199447702,52,1,2019-03-01
catboost_base,2019-05-01,7776.0,7462.416208829449,52,2,2019-03-01
catboost_base,2019-06-01,8274.0,8028.957582664151,52,3,2019-03-01
catboost_base,2019-07-01,8919.0,8160.468052658266,52,4,2019-03-01
catboost_base,2019-08-01,8180.0,8008.909954808902,52,5,2019-03-01
catboost_base,2019-09-01,7664.0,7580.5301417083665,52,6,2019-03-01
catboost_base,2019-05-01,7776.0,7493.144061206238,53,1,2019-04-01
catboost_base,2019-06-01,8274.0,8066.437189593199,53,2,2019-04-01
catboost_base,2019-07-01,8919.0,8308.004840197023,53,3,2019-04-01
catboost_base,2019-08-01,8180.0,8124.782513426304,53,4,2019-04-01
catboost_base,2019-09-01,7664.0,7541.370527711822,53,5,2019-04-01
catboost_base,2019-10-01,7254.0,7573.290704803039,53,6,2019-04-01
catboost_base,2019-06-01,8274.0,8115.788940740247,54,1,2019-05-01
catboost_base,2019-07-01,8919.0,8304.408777690569,54,2,2019-05-01
catboost_base,2019-08-01,8180.0,8162.336026770543,54,3,2019-05-01
catboost_base,2019-09-01,7664.0,7507.804130318126,54,4,2019-05-01
catboost_base,2019-10-01,7254.0,7526.886909572244,54,5,2019-05-01
catboost_base,2019-11-01,6785.0,7303.784473239977,54,6,2019-05-01
catboost_base,2019-07-01,8919.0,8306.162248130408,55,1,2019-06-01
catboost_base,2019-08-01,8180.0,8205.353456197196,55,2,2019-06-01
catboost_base,2019-09-01,7664.0,7560.264022233674,55,3,2019-06-01
catboost_base,2019-10-01,7254.0,7612.565178007268,55,4,2019-06-01
catboost_base,2019-11-01,6785.0,7308.6081379223815,55,5,2019-06-01
catboost_base,2019-12-01,6987.0,7482.963830165761,55,6,2019-06-01
catboost_base,2019-08-01,8180.0,8251.078649679079,56,1,2019-07-01
catboost_base,2019-09-01,7664.0,7654.827928047676,56,2,2019-07-01
catboost_base,2019-10-01,7254.0,7571.931898670834,56,3,2019-07-01
catboost_base,2019-11-01,6785.0,7489.249869787066,56,4,2019-07-01
catboost_base,2019-12-01,6987.0,7501.010635150696,56,5,2019-07-01
catboost_base,2020-01-01,7194.0,7105.654601028631,56,6,2019-07-01
catboost_base,2019-09-01,7664.0,7604.771828370178,57,1,2019-08-01
catboost_base,2019-10-01,7254.0,7533.123952189177,57,2,2019-08-01
catboost_base,2019-11-01,6785.0,7447.446979464642,57,3,2019-08-01
catboost_base,2019-12-01,6987.0,7495.907727343788,57,4,2019-08-01
catboost_base,2020-01-01,7194.0,7077.216958197706,57,5,2019-08-01
catboost_base,2020-02-01,6848.0,6499.7508106465175,57,6,2019-08-01
catboost_base,2019-10-01,7254.0,7617.609124325358,58,1,2019-09-01
catboost_base,2019-11-01,6785.0,7515.496164452619,58,2,2019-09-01
catboost_base,2019-12-01,6987.0,7531.2640655765035,58,3,2019-09-01
catboost_base,2020-01-01,7194.0,7049.169941154218,58,4,2019-09-01
catboost_base,2020-02-01,6848.0,6536.968713895789,58,5,2019-09-01
catboost_base,2020-03-01,7324.0,6938.206780587427,58,6,2019-09-01
catboost_base,2019-11-01,6785.0,7347.821806171758,59,1,2019-10-01
catboost_base,2019-12-01,6987.0,7423.178449200492,59,2,2019-10-01
catboost_base,2020-01-01,7194.0,7118.014591603584,59,3,2019-10-01
catboost_base,2020-02-01,6848.0,6486.0000859482825,59,4,2019-10-01
catboost_base,2020-03-01,7324.0,6997.673435905659,59,5,2019-10-01
catboost_base,2020-04-01,5978.0,7053.898920989234,59,6,2019-10-01
catboost_base,2019-12-01,6987.0,7321.674325695855,60,1,2019-11-01
catboost_base,2020-01-01,7194.0,7018.607737878223,60,2,2019-11-01
catboost_base,2020-02-01,6848.0,6329.55711512613,60,3,2019-11-01
catboost_base,2020-03-01,7324.0,7045.092491543671,60,4,2019-11-01
catboost_base,2020-04-01,5978.0,6958.446550679877,60,5,2019-11-01
catboost_base,2020-05-01,7062.0,7662.437340855058,60,6,2019-11-01
catboost_base,2020-01-01,7194.0,6837.738647401574,61,1,2019-12-01
catboost_base,2020-02-01,6848.0,6292.851502341163,61,2,2019-12-01
catboost_base,2020-03-01,7324.0,6902.279087319928,61,3,2019-12-01
catboost_base,2020-04-01,5978.0,6916.967678764431,61,4,2019-12-01
catboost_base,2020-05-01,7062.0,7635.817122976094,61,5,2019-12-01
catboost_base,2020-06-01,6948.0,8169.640301465753,61,6,2019-12-01
catboost_base,2020-02-01,6848.0,6261.09475018209,62,1,2020-01-01
catboost_base,2020-03-01,7324.0,6927.905282327683,62,2,2020-01-01
catboost_base,2020-04-01,5978.0,7074.982859099077,62,3,2020-01-01
catboost_base,2020-05-01,7062.0,7706.508398655309,62,4,2020-01-01
catboost_base,2020-06-01,6948.0,8242.22272535924,62,5,2020-01-01
catboost_base,2020-07-01,7392.0,8517.132986004943,62,6,2020-01-01
catboost_base,2020-03-01,7324.0,6964.538275800925,63,1,2020-02-01
catboost_base,2020-04-01,5978.0,7165.004161038471,63,2,2020-02-01
catboost_base,2020-05-01,7062.0,7867.794824986919,63,3,2020-02-01
catboost_base,2020-06-01,6948.0,8325.092537922796,63,4,2020-02-01
catboost_base,2020-07-01,7392.0,8476.915684729891,63,5,2020-02-01
catboost_base,2020-08-01,7678.0,8336.517313948152,63,6,2020-02-01
catboost_base,2020-04-01,5978.0,7286.680185224384,64,1,2020-03-01
catboost_base,2020-05-01,7062.0,7961.408055237029,64,2,2020-03-01
catboost_base,2020-06-01,6948.0,8354.74601524048,64,3,2020-03-01
catboost_base,2020-07-01,7392.0,8355.108476231795,64,4,2020-03-01
catboost_base,2020-08-01,7678.0,8106.557242806399,64,5,2020-03-01
catboost_base,2020-09-01,7005.0,7709.554424946705,64,6,2020-03-01
catboost_base,2020-05-01,7062.0,7848.099785266586,65,1,2020-04-01
catboost_base,2020-06-01,6948.0,8119.665598602828,65,2,2020-04-01
catboost_base,2020-07-01,7392.0,8027.464181950545,65,3,2020-04-01
catboost_base,2020-08-01,7678.0,8106.5979610874665,65,4,2020-04-01
catboost_base,2020-09-01,7005.0,7656.629692564902,65,5,2020-04-01
catboost_base,2020-10-01,7385.0,7238.920326884249,65,6,2020-04-01
catboost_base,2020-06-01,6948.0,7787.083031955624,66,1,2020-05-01
catboost_base,2020-07-01,7392.0,8129.666042041406,66,2,2020-05-01
catboost_base,2020-08-01,7678.0,8288.73220326928,66,3,2020-05-01
catboost_base,2020-09-01,7005.0,7949.010895264199,66,4,2020-05-01
catboost_base,2020-10-01,7385.0,7270.156448633991,66,5,2020-05-01
catboost_base,2020-11-01,6872.0,7102.463234397661,66,6,2020-05-01
catboost_base,2020-07-01,7392.0,7642.698365919933,67,1,2020-06-01
catboost_base,2020-08-01,7678.0,8078.523835017678,67,2,2020-06-01
catboost_base,2020-09-01,7005.0,8043.471708763761,67,3,2020-06-01
catboost_base,2020-10-01,7385.0,7358.307334996476,67,4,2020-06-01
catboost_base,2020-11-01,6872.0,7075.3673891368735,67,5,2020-06-01
catboost_base,2020-12-01,6781.0,6960.7548151260735,67,6,2020-06-01
catboost_base,2020-08-01,7678.0,7894.376253625102,68,1,2020-07-01
catboost_base,2020-09-01,7005.0,8058.0531944368995,68,2,2020-07-01
catboost_base,2020-10-01,7385.0,7429.018775912558,68,3,2020-07-01
catboost_base,2020-11-01,6872.0,6990.722964355985,68,4,2020-07-01
catboost_base,2020-12-01,6781.0,6979.436083250249,68,5,2020-07-01
catboost_base,2021-01-01,6917.0,6925.779072316486,68,6,2020-07-01
catboost_base,2020-09-01,7005.0,7959.307885263168,69,1,2020-08-01
catboost_base,2020-10-01,7385.0,7433.002656671606,69,2,2020-08-01
catboost_base,2020-11-01,6872.0,7031.05750010605,69,3,2020-08-01
catboost_base,2020-12-01,6781.0,6946.839976961902,69,4,2020-08-01
catboost_base,2021-01-01,6917.0,6963.969595282767,69,5,2020-08-01
catboost_base,2021-02-01,6217.0,6919.656558439001,69,6,2020-08-01
catboost_base,2020-10-01,7385.0,7208.43263727326,70,1,2020-09-01
catboost_base,2020-11-01,6872.0,6875.075142268091,70,2,2020-09-01
catboost_base,2020-12-01,6781.0,7011.256682263257,70,3,2020-09-01
catboost_base,2021-01-01,6917.0,7079.673903581586,70,4,2020-09-01
catboost_base,2021-02-01,6217.0,6765.921470158538,70,5,2020-09-01
catboost_base,2021-03-01,7569.0,7206.832582618914,70,6,2020-09-01
catboost_base,2020-11-01,6872.0,6926.095948702347,71,1,2020-10-01
catboost_base,2020-12-01,6781.0,7056.38663822163,71,2,2020-10-01
catboost_base,2021-01-01,6917.0,7110.842681628824,71,3,2020-10-01
catboost_base,2021-02-01,6217.0,6785.113213854581,71,4,2020-10-01
catboost_base,2021-03-01,7569.0,7266.538912435039,71,5,2020-10-01
catboost_base,2021-04-01,6917.0,6480.778390360992,71,6,2020-10-01
catboost_base,2020-12-01,6781.0,6978.9068520588535,72,1,2020-11-01
catboost_base,2021-01-01,6917.0,6962.291387660321,72,2,2020-11-01
catboost_base,2021-02-01,6217.0,6792.923849545099,72,3,2020-11-01
catboost_base,2021-03-01,7569.0,7176.199902794768,72,4,2020-11-01
catboost_base,2021-04-01,6917.0,6375.553381189144,72,5,2020-11-01
catboost_base,2021-05-01,8253.0,7101.131988958143,72,6,2020-11-01
catboost_base,2021-01-01,6917.0,6997.595097445379,73,1,2020-12-01
catboost_base,2021-02-01,6217.0,6874.171761910785,73,2,2020-12-01
catboost_base,2021-03-01,7569.0,7238.466181177644,73,3,2020-12-01
catboost_base,2021-04-01,6917.0,6419.694782414766,73,4,2020-12-01
catboost_base,2021-05-01,8253.0,7110.28011920158,73,5,2020-12-01
catboost_base,2021-06-01,8153.0,7096.348171250036,73,6,2020-12-01
catboost_base,2021-02-01,6217.0,6763.712077515528,74,1,2021-01-01
catboost_base,2021-03-01,7569.0,7231.809674220901,74,2,2021-01-01
catboost_base,2021-04-01,6917.0,6398.108823657404,74,3,2021-01-01
catboost_base,2021-05-01,8253.0,7032.4545417697855,74,4,2021-01-01
catboost_base,2021-06-01,8153.0,7139.809769808141,74,5,2021-01-01
catboost_base,2021-07-01,9251.0,7391.033381427402,74,6,2021-01-01
catboost_base,2021-03-01,7569.0,7146.158847442328,75,1,2021-02-01
catboost_base,2021-04-01,6917.0,6306.546076140794,75,2,2021-02-01
catboost_base,2021-05-01,8253.0,7024.1927021748315,75,3,2021-02-01
catboost_base,2021-06-01,8153.0,7246.128486570142,75,4,2021-02-01
catboost_base,2021-07-01,9251.0,7507.799513960402,75,5,2021-02-01
catboost_base,2021-08-01,8830.0,7742.802970979025,75,6,2021-02-01
catboost_base,2021-04-01,6917.0,6411.549795487243,76,1,2021-03-01
catboost_base,2021-05-01,8253.0,7098.104344510611,76,2,2021-03-01
catboost_base,2021-06-01,8153.0,7267.578938302647,76,3,2021-03-01
catboost_base,2021-07-01,9251.0,7448.567395780983,76,4,2021-03-01
catboost_base,2021-08-01,8830.0,7838.838815911097,76,5,2021-03-01
catboost_base,2021-09-01,7512.0,7239.884645045208,76,6,2021-03-01
catboost_base,2021-05-01,8253.0,7064.572232134058,77,1,2021-04-01
catboost_base,2021-06-01,8153.0,7186.32104403434,77,2,2021-04-01
catboost_base,2021-07-01,9251.0,7350.056240383898,77,3,2021-04-01
catboost_base,2021-08-01,8830.0,7668.993107201495,77,4,2021-04-01
catboost_base,2021-09-01,7512.0,7061.256634756264,77,5,2021-04-01
catboost_base,2021-10-01,7656.0,7407.326208937418,77,6,2021-04-01
catboost_base,2021-06-01,8153.0,7474.542570051761,78,1,2021-05-01
catboost_base,2021-07-01,9251.0,7614.401756303393,78,2,2021-05-01
catboost_base,2021-08-01,8830.0,7627.08603220141,78,3,2021-05-01
catboost_base,2021-09-01,7512.0,7166.582388134348,78,4,2021-05-01
catboost_base,2021-10-01,7656.0,7455.023230523919,78,5,2021-05-01
catboost_base,2021-11-01,7603.0,6938.549206186962,78,6,2021-05-01
catboost_base,2021-07-01,9251.0,7890.425328144074,79,1,2021-06-01
catboost_base,2021-08-01,8830.0,7742.123216442294,79,2,2021-06-01
catboost_base,2021-09-01,7512.0,7149.635903908171,79,3,2021-06-01
catboost_base,2021-10-01,7656.0,7434.428282689742,79,4,2021-06-01
catboost_base,2021-11-01,7603.0,6954.282768109695,79,5,2021-06-01
catboost_base,2021-12-01,8237.0,6922.759588073834,79,6,2021-06-01
catboost_base,2021-08-01,8830.0,7832.0603548293975,80,1,2021-07-01
catboost_base,2021-09-01,7512.0,7186.878588199129,80,2,2021-07-01
catboost_base,2021-10-01,7656.0,7390.19622238447,80,3,2021-07-01
catboost_base,2021-11-01,7603.0,6942.912295858113,80,4,2021-07-01
catboost_base,2021-12-01,8237.0,6869.388492397722,80,5,2021-07-01
catboost_base,2022-01-01,9582.0,7066.6070133530975,80,6,2021-07-01
catboost_base,2021-09-01,7512.0,7234.003329662172,81,1,2021-08-01
catboost_base,2021-10-01,7656.0,7325.223340656654,81,2,2021-08-01
catboost_base,2021-11-01,7603.0,6968.403496568442,81,3,2021-08-01
catboost_base,2021-12-01,8237.0,7012.190079481724,81,4,2021-08-01
catboost_base,2022-01-01,9582.0,7131.646906369903,81,5,2021-08-01
catboost_base,2022-02-01,7227.0,6417.568819152235,81,6,2021-08-01
catboost_base,2021-10-01,7656.0,7367.598939843532,82,1,2021-09-01
catboost_base,2021-11-01,7603.0,7037.0037063776335,82,2,2021-09-01
catboost_base,2021-12-01,8237.0,6907.064858399456,82,3,2021-09-01
catboost_base,2022-01-01,9582.0,7163.578109194119,82,4,2021-09-01
catboost_base,2022-02-01,7227.0,6619.358010194139,82,5,2021-09-01
catboost_base,2022-03-01,7504.0,7242.269867890383,82,6,2021-09-01
catboost_base,2021-11-01,7603.0,7051.520275610844,83,1,2021-10-01
catboost_base,2021-12-01,8237.0,6986.498993727229,83,2,2021-10-01
catboost_base,2022-01-01,9582.0,7072.682199000324,83,3,2021-10-01
catboost_base,2022-02-01,7227.0,6644.7997125542515,83,4,2021-10-01
catboost_base,2022-03-01,7504.0,7242.134876718314,83,5,2021-10-01
catboost_base,2022-04-01,7589.0,6402.586726416278,83,6,2021-10-01
catboost_base,2021-12-01,8237.0,7253.6184912496565,84,1,2021-11-01
catboost_base,2022-01-01,9582.0,7262.633008955467,84,2,2021-11-01
catboost_base,2022-02-01,7227.0,6726.186013432394,84,3,2021-11-01
catboost_base,2022-03-01,7504.0,7224.1623881158785,84,4,2021-11-01
catboost_base,2022-04-01,7589.0,6527.743639088252,84,5,2021-11-01
catboost_base,2022-05-01,8846.0,7073.6163081794775,84,6,2021-11-01
catboost_base,2022-01-01,9582.0,7796.91391774089,85,1,2021-12-01
catboost_base,2022-02-01,7227.0,7250.097780593097,85,2,2021-12-01
catboost_base,2022-03-01,7504.0,7426.421396580305,85,3,2021-12-01
catboost_base,2022-04-01,7589.0,6814.1589403415555,85,4,2021-12-01
catboost_base,2022-05-01,8846.0,7103.371554892862,85,5,2021-12-01
catboost_base,2022-06-01,9057.0,7110.609299153133,85,6,2021-12-01
catboost_base,2022-02-01,7227.0,7854.507808527725,86,1,2022-01-01
catboost_base,2022-03-01,7504.0,7855.661831749201,86,2,2022-01-01
catboost_base,2022-04-01,7589.0,7310.594189170872,86,3,2022-01-01
catboost_base,2022-05-01,8846.0,7285.214272418733,86,4,2022-01-01
catboost_base,2022-06-01,9057.0,7422.490307117531,86,5,2022-01-01
catboost_base,2022-07-01,8699.0,7805.805824756376,86,6,2022-01-01
catboost_base,2022-03-01,7504.0,7580.362485273393,87,1,2022-02-01
catboost_base,2022-04-01,7589.0,6915.618704999919,87,2,2022-02-01
catboost_base,2022-05-01,8846.0,7256.709069469916,87,3,2022-02-01
catboost_base,2022-06-01,9057.0,7391.171851649485,87,4,2022-02-01
catboost_base,2022-07-01,8699.0,7631.366953920882,87,5,2022-02-01
catboost_base,2022-08-01,8834.0,7935.786778206999,87,6,2022-02-01
catboost_base,2022-04-01,7589.0,6868.989517467338,88,1,2022-03-01
catboost_base,2022-05-01,8846.0,7138.994013559718,88,2,2022-03-01
catboost_base,2022-06-01,9057.0,7158.550768891749,88,3,2022-03-01
catboost_base,2022-07-01,8699.0,7634.924753509339,88,4,2022-03-01
catboost_base,2022-08-01,8834.0,7864.5006602627045,88,5,2022-03-01
catboost_base,2022-09-01,8228.0,7957.551794017672,88,6,2022-03-01
catboost_base,2022-05-01,8846.0,7561.148311019514,89,1,2022-04-01
catboost_base,2022-06-01,9057.0,7816.544316101304,89,2,2022-04-01
catboost_base,2022-07-01,8699.0,8181.7525987787285,89,3,2022-04-01
catboost_base,2022-08-01,8834.0,8425.685267339742,89,4,2022-04-01
catboost_base,2022-09-01,8228.0,8301.303761037276,89,5,2022-04-01
catboost_base,2022-10-01,8388.0,7873.501738817117,89,6,2022-04-01
catboost_base,2022-06-01,9057.0,8693.522027581595,90,1,2022-05-01
catboost_base,2022-07-01,8699.0,8605.851772165672,90,2,2022-05-01
catboost_base,2022-08-01,8834.0,8309.720440639303,90,3,2022-05-01
catboost_base,2022-09-01,8228.0,8306.124588803315,90,4,2022-05-01
catboost_base,2022-10-01,8388.0,8407.94806271668,90,5,2022-05-01
catboost_base,2022-11-01,7588.0,8727.107889230592,90,6,2022-05-01
catboost_base,2022-07-01,8699.0,8806.640057495883,91,1,2022-06-01
catboost_base,2022-08-01,8834.0,8308.354865687292,91,2,2022-06-01
catboost_base,2022-09-01,8228.0,8346.806407524035,91,3,2022-06-01
catboost_base,2022-10-01,8388.0,8478.55458836904,91,4,2022-06-01
catboost_base,2022-11-01,7588.0,8841.482045165427,91,5,2022-06-01
catboost_base,2022-12-01,7850.0,8610.618614759887,91,6,2022-06-01
catboost_base,2022-08-01,8834.0,8474.752205394027,92,1,2022-07-01
catboost_base,2022-09-01,8228.0,8417.104703800458,92,2,2022-07-01
catboost_base,2022-10-01,8388.0,8486.902204732864,92,3,2022-07-01
catboost_base,2022-11-01,7588.0,8776.451738831627,92,4,2022-07-01
catboost_base,2022-12-01,7850.0,8671.803114593842,92,5,2022-07-01
catboost_base,2023-01-01,7563.0,8678.30132178318,92,6,2022-07-01
catboost_base,2022-09-01,8228.0,8569.743649247508,93,1,2022-08-01
catboost_base,2022-10-01,8388.0,8658.17618156743,93,2,2022-08-01
catboost_base,2022-11-01,7588.0,8868.30519481037,93,3,2022-08-01
catboost_base,2022-12-01,7850.0,8763.271304389873,93,4,2022-08-01
catboost_base,2023-01-01,7563.0,8815.507354219462,93,5,2022-08-01
catboost_base,2023-02-01,6551.0,8651.921242713786,93,6,2022-08-01
catboost_base,2022-10-01,8388.0,8421.346582952167,94,1,2022-09-01
catboost_base,2022-11-01,7588.0,8827.39737118617,94,2,2022-09-01
catboost_base,2022-12-01,7850.0,8583.628320986572,94,3,2022-09-01
catboost_base,2023-01-01,7563.0,8759.79531286001,94,4,2022-09-01
catboost_base,2023-02-01,6551.0,8499.759982064908,94,5,2022-09-01
catboost_base,2023-03-01,7507.0,8407.332439609021,94,6,2022-09-01
catboost_base,2022-11-01,7588.0,8675.239175139257,95,1,2022-10-01
catboost_base,2022-12-01,7850.0,8521.213540558323,95,2,2022-10-01
catboost_base,2023-01-01,7563.0,8622.43060291695,95,3,2022-10-01
catboost_base,2023-02-01,6551.0,8375.487050785017,95,4,2022-10-01
catboost_base,2023-03-01,7507.0,8401.745374552267,95,5,2022-10-01
catboost_base,2023-04-01,7745.0,8620.331929255317,95,6,2022-10-01
catboost_base,2022-12-01,7850.0,8289.590262276615,96,1,2022-11-01
catboost_base,2023-01-01,7563.0,8595.823021379732,96,2,2022-11-01
catboost_base,2023-02-01,6551.0,8338.143286691573,96,3,2022-11-01
catboost_base,2023-03-01,7507.0,8321.305395306263,96,4,2022-11-01
catboost_base,2023-04-01,7745.0,8278.263766184647,96,5,2022-11-01
catboost_base,2023-05-01,8600.0,8506.111065324309,96,6,2022-11-01
catboost_base,2023-01-01,7563.0,8282.160583197843,97,1,2022-12-01
catboost_base,2023-02-01,6551.0,8495.81839861599,97,2,2022-12-01
catboost_base,2023-03-01,7507.0,8386.209370919987,97,3,2022-12-01
catboost_base,2023-04-01,7745.0,8283.211970275619,97,4,2022-12-01
catboost_base,2023-05-01,8600.0,8516.21215153306,97,5,2022-12-01
catboost_base,2023-06-01,9151.0,8441.323791312314,97,6,2022-12-01
catboost_base,2023-02-01,6551.0,7824.99639571879,98,1,2023-01-01
catboost_base,2023-03-01,7507.0,7883.671780532947,98,2,2023-01-01
catboost_base,2023-04-01,7745.0,7985.778287192781,98,3,2023-01-01
catboost_base,2023-05-01,8600.0,8228.33664275939,98,4,2023-01-01
catboost_base,2023-06-01,9151.0,8369.893307391336,98,5,2023-01-01
catboost_base,2023-07-01,9183.0,8433.305669264131,98,6,2023-01-01
catboost_base,2023-03-01,7507.0,6994.063867763535,99,1,2023-02-01
catboost_base,2023-04-01,7745.0,7210.796665746501,99,2,2023-02-01
catboost_base,2023-05-01,8600.0,7514.235595531184,99,3,2023-02-01
catboost_base,2023-06-01,9151.0,7842.035502690725,99,4,2023-02-01
catboost_base,2023-07-01,9183.0,7976.986077907393,99,5,2023-02-01
catboost_base,2023-08-01,8297.0,8092.649835159157,99,6,2023-02-01
catboost_base,2023-04-01,7745.0,7330.7452112932815,100,1,2023-03-01
catboost_base,2023-05-01,8600.0,7691.2901312741,100,2,2023-03-01
catboost_base,2023-06-01,9151.0,8156.832878620708,100,3,2023-03-01
catboost_base,2023-07-01,9183.0,8551.23120115563,100,4,2023-03-01
catboost_base,2023-08-01,8297.0,8561.203384537452,100,5,2023-03-01
catboost_base,2023-09-01,7823.0,8288.8459190503,100,6,2023-03-01
catboost_base,2023-05-01,8600.0,8175.642154846515,101,1,2023-04-01
catboost_base,2023-06-01,9151.0,8720.009577817214,101,2,2023-04-01
catboost_base,2023-07-01,9183.0,8433.69216132795,101,3,2023-04-01
catboost_base,2023-08-01,8297.0,8410.892199009988,101,4,2023-04-01
catboost_base,2023-09-01,7823.0,8340.534984960987,101,5,2023-04-01
catboost_base,2023-10-01,7507.0,8440.573612499156,101,6,2023-04-01
catboost_base,2023-06-01,9151.0,8827.430673292216,102,1,2023-05-01
catboost_base,2023-07-01,9183.0,8525.167523669197,102,2,2023-05-01
catboost_base,2023-08-01,8297.0,8422.214709340738,102,3,2023-05-01
catboost_base,2023-09-01,7823.0,8272.142168293254,102,4,2023-05-01
catboost_base,2023-10-01,7507.0,8558.307061126341,102,5,2023-05-01
catboost_base,2023-11-01,8107.0,8140.987816554816,102,6,2023-05-01
catboost_base,2023-07-01,9183.0,8557.249853633264,103,1,2023-06-01
catboost_base,2023-08-01,8297.0,8555.540866102578,103,2,2023-06-01
catboost_base,2023-09-01,7823.0,8371.948243429739,103,3,2023-06-01
catboost_base,2023-10-01,7507.0,8537.031258513858,103,4,2023-06-01
catboost_base,2023-11-01,8107.0,8104.198367387976,103,5,2023-06-01
catboost_base,2023-12-01,7504.0,7710.680844645007,103,6,2023-06-01
catboost_roll,2015-01-01,7184.0,6264.728491715618,1,1,2014-12-01
catboost_roll,2015-02-01,5958.0,6203.876650857675,1,2,2014-12-01
catboost_roll,2015-03-01,6658.0,6278.284546054691,1,3,2014-12-01
catboost_roll,2015-04-01,7069.0,6357.550471983405,1,4,2014-12-01
catboost_roll,2015-05-01,8099.0,7319.427279878239,1,5,2014-12-01
catboost_roll,2015-06-01,7868.0,7329.597816427822,1,6,2014-12-01
catboost_roll,2015-02-01,5958.0,6684.483522332729,2,1,2015-01-01
catboost_roll,2015-03-01,6658.0,6565.747002138586,2,2,2015-01-01
catboost_roll,2015-04-01,7069.0,6654.977594068524,2,3,2015-01-01
catboost_roll,2015-05-01,8099.0,7145.173760084753,2,4,2015-01-01
catboost_roll,2015-06-01,7868.0,7283.722916155717,2,5,2015-01-01
catboost_roll,2015-07-01,7986.0,7386.456370542052,2,6,2015-01-01
catboost_roll,2015-03-01,6658.0,6482.888943749288,3,1,2015-02-01
catboost_roll,2015-04-01,7069.0,6510.152889877461,3,2,2015-02-01
catboost_roll,2015-05-01,8099.0,7172.132072391126,3,3,2015-02-01
catboost_roll,2015-06-01,7868.0,7347.542024990653,3,4,2015-02-01
catboost_roll,2015-07-01,7986.0,7687.2351971253065,3,5,2015-02-01
catboost_roll,2015-08-01,7251.0,7392.893458724831,3,6,2015-02-01
catboost_roll,2015-04-01,7069.0,6535.226592564881,4,1,2015-03-01
catboost_roll,2015-05-01,8099.0,7168.152684497682,4,2,2015-03-01
catboost_roll,2015-06-01,7868.0,7348.537239968317,4,3,2015-03-01
catboost_roll,2015-07-01,7986.0,7648.2893593812205,4,4,2015-03-01
catboost_roll,2015-08-01,7251.0,7371.310069235122,4,5,2015-03-01
catboost_roll,2015-09-01,7163.0,6784.521493826982,4,6,2015-03-01
catboost_roll,2015-05-01,8099.0,7098.789566108084,5,1,2015-04-01
catboost_roll,2015-06-01,7868.0,7334.351541051712,5,2,2015-04-01
catboost_roll,2015-07-01,7986.0,7482.59033180666,5,3,2015-04-01
catboost_roll,2015-08-01,7251.0,7051.521635666061,5,4,2015-04-01
catboost_roll,2015-09-01,7163.0,6756.13158327425,5,5,2015-04-01
catboost_roll,2015-10-01,6690.0,7017.768961492925,5,6,2015-04-01
catboost_roll,2015-06-01,7868.0,7546.16585094459,6,1,2015-05-01
catboost_roll,2015-07-01,7986.0,7553.980232591249,6,2,2015-05-01
catboost_roll,2015-08-01,7251.0,7386.038815241101,6,3,2015-05-01
catboost_roll,2015-09-01,7163.0,6793.947208342612,6,4,2015-05-01
catboost_roll,2015-10-01,6690.0,7111.9772106656665,6,5,2015-05-01
catboost_roll,2015-11-01,6392.0,6547.133984275927,6,6,2015-05-01
catboost_roll,2015-07-01,7986.0,7521.6554318713015,7,1,2015-06-01
catboost_roll,2015-08-01,7251.0,7328.165022805488,7,2,2015-06-01
catboost_roll,2015-09-01,7163.0,6844.060267059754,7,3,2015-06-01
catboost_roll,2015-10-01,6690.0,7092.118799792921,7,4,2015-06-01
catboost_roll,2015-11-01,6392.0,6566.358723206809,7,5,2015-06-01
catboost_roll,2015-12-01,6753.0,6807.618522751465,7,6,2015-06-01
catboost_roll,2015-08-01,7251.0,7424.796748989742,8,1,2015-07-01
catboost_roll,2015-09-01,7163.0,6974.56111130359,8,2,2015-07-01
catboost_roll,2015-10-01,6690.0,7232.362506806374,8,3,2015-07-01
catboost_roll,2015-11-01,6392.0,6557.089671788224,8,4,2015-07-01
catboost_roll,2015-12-01,6753.0,6825.67478984044,8,5,2015-07-01
catboost_roll,2016-01-01,6753.0,7084.312613875309,8,6,2015-07-01
catboost_roll,2015-09-01,7163.0,6986.81629817948,9,1,2015-08-01
catboost_roll,2015-10-01,6690.0,7117.585780109643,9,2,2015-08-01
catboost_roll,2015-11-01,6392.0,6520.501308258617,9,3,2015-08-01
catboost_roll,2015-12-01,6753.0,6841.1332657438625,9,4,2015-08-01
catboost_roll,2016-01-01,6753.0,7004.103968886214,9,5,2015-08-01
catboost_roll,2016-02-01,6385.0,6458.859115740088,9,6,2015-08-01
catboost_roll,2015-10-01,6690.0,7187.092030054843,10,1,2015-09-01
catboost_roll,2015-11-01,6392.0,6510.3969625080435,10,2,2015-09-01
catboost_roll,2015-12-01,6753.0,6974.349371067927,10,3,2015-09-01
catboost_roll,2016-01-01,6753.0,7042.571098583163,10,4,2015-09-01
catboost_roll,2016-02-01,6385.0,6529.273272262045,10,5,2015-09-01
catboost_roll,2016-03-01,7164.0,6850.48696782468,10,6,2015-09-01
catboost_roll,2015-11-01,6392.0,6425.625954537746,11,1,2015-10-01
catboost_roll,2015-12-01,6753.0,6951.873969586324,11,2,2015-10-01
catboost_roll,2016-01-01,6753.0,6917.282747296148,11,3,2015-10-01
catboost_roll,2016-02-01,6385.0,6463.0318003191,11,4,2015-10-01
catboost_roll,2016-03-01,7164.0,6879.52994945909,11,5,2015-10-01
catboost_roll,2016-04-01,7192.0,7434.645786391139,11,6,2015-10-01
catboost_roll,2015-12-01,6753.0,6857.434945375039,12,1,2015-11-01
catboost_roll,2016-01-01,6753.0,6817.29086936019,12,2,2015-11-01
catboost_roll,2016-02-01,6385.0,6322.099359235158,12,3,2015-11-01
catboost_roll,2016-03-01,7164.0,6781.694439606928,12,4,2015-11-01
catboost_roll,2016-04-01,7192.0,7325.8645956548735,12,5,2015-11-01
catboost_roll,2016-05-01,7743.0,7562.794128317798,12,6,2015-11-01
catboost_roll,2016-01-01,6753.0,6919.882853622337,13,1,2015-12-01
catboost_roll,2016-02-01,6385.0,6390.277317850613,13,2,2015-12-01
catboost_roll,2016-03-01,7164.0,6763.947991514977,13,3,2015-12-01
catboost_roll,2016-04-01,7192.0,7470.269612465977,13,4,2015-12-01
catboost_roll,2016-05-01,7743.0,7545.845312834055,13,5,2015-12-01
catboost_roll,2016-06-01,8767.0,7633.470580808022,13,6,2015-12-01
catboost_roll,2016-02-01,6385.0,6315.791973967248,14,1,2016-01-01
catboost_roll,2016-03-01,7164.0,6557.572133342777,14,2,2016-01-01
catboost_roll,2016-04-01,7192.0,7166.98671628529,14,3,2016-01-01
catboost_roll,2016-05-01,7743.0,7543.196323428873,14,4,2016-01-01
catboost_roll,2016-06-01,8767.0,7666.955359759261,14,5,2016-01-01
catboost_roll,2016-07-01,8479.0,7456.713909986812,14,6,2016-01-01
catboost_roll,2016-03-01,7164.0,6528.814382949639,15,1,2016-02-01
catboost_roll,2016-04-01,7192.0,7149.059249693829,15,2,2016-02-01
catboost_roll,2016-05-01,7743.0,7624.533502970759,15,3,2016-02-01
catboost_roll,2016-06-01,8767.0,7698.892115566338,15,4,2016-02-01
catboost_roll,2016-07-01,8479.0,7570.463222927872,15,5,2016-02-01
catboost_roll,2016-08-01,7890.0,7297.829015967348,15,6,2016-02-01
catboost_roll,2016-04-01,7192.0,7421.347366967264,16,1,2016-03-01
catboost_roll,2016-05-01,7743.0,7563.258744921868,16,2,2016-03-01
catboost_roll,2016-06-01,8767.0,7554.229172983182,16,3,2016-03-01
catboost_roll,2016-07-01,8479.0,7407.030794192113,16,4,2016-03-01
catboost_roll,2016-08-01,7890.0,7328.576537616899,16,5,2016-03-01
catboost_roll,2016-09-01,7317.0,6823.365951820539,16,6,2016-03-01
catboost_roll,2016-05-01,7743.0,7526.071514842093,17,1,2016-04-01
catboost_roll,2016-06-01,8767.0,7570.668412831473,17,2,2016-04-01
catboost_roll,2016-07-01,8479.0,7471.267100192195,17,3,2016-04-01
catboost_roll,2016-08-01,7890.0,7357.2034871836295,17,4,2016-04-01
catboost_roll,2016-09-01,7317.0,6835.5303473901495,17,5,2016-04-01
catboost_roll,2016-10-01,7426.0,6580.335796573177,17,6,2016-04-01
catboost_roll,2016-06-01,8767.0,7528.675439706986,18,1,2016-05-01
catboost_roll,2016-07-01,8479.0,7412.780082564803,18,2,2016-05-01
catboost_roll,2016-08-01,7890.0,7387.1301186386745,18,3,2016-05-01
catboost_roll,2016-09-01,7317.0,6745.106126985874,18,4,2016-05-01
catboost_roll,2016-10-01,7426.0,6548.453975571318,18,5,2016-05-01
catboost_roll,2016-11-01,6700.0,6607.594097996259,18,6,2016-05-01
catboost_roll,2016-07-01,8479.0,7687.210266495589,19,1,2016-06-01
catboost_roll,2016-08-01,7890.0,7533.320169444927,19,2,2016-06-01
catboost_roll,2016-09-01,7317.0,7031.967388309934,19,3,2016-06-01
catboost_roll,2016-10-01,7426.0,6603.31069371007,19,4,2016-06-01
catboost_roll,2016-11-01,6700.0,6645.935948967118,19,5,2016-06-01
catboost_roll,2016-12-01,6994.0,6578.123432364959,19,6,2016-06-01
catboost_roll,2016-08-01,7890.0,7717.774374927856,20,1,2016-07-01
catboost_roll,2016-09-01,7317.0,6981.085723334112,20,2,2016-07-01
catboost_roll,2016-10-01,7426.0,6734.413444923045,20,3,2016-07-01
catboost_roll,2016-11-01,6700.0,6605.265921941276,20,4,2016-07-01
catboost_roll,2016-12-01,6994.0,6538.426171745746,20,5,2016-07-01
catboost_roll,2017-01-01,6788.0,6570.236296477281,20,6,2016-07-01
catboost_roll,2016-09-01,7317.0,7020.0122324154845,21,1,2016-08-01
catboost_roll,2016-10-01,7426.0,6737.678247443606,21,2,2016-08-01
catboost_roll,2016-11-01,6700.0,6628.182654259844,21,3,2016-08-01
catboost_roll,2016-12-01,6994.0,6548.531427831114,21,4,2016-08-01
catboost_roll,2017-01-01,6788.0,6548.0271999860715,21,5,2016-08-01
catboost_roll,2017-02-01,6271.0,6851.9421283329075,21,6,2016-08-01
catboost_roll,2016-10-01,7426.0,6734.6645172128065,22,1,2016-09-01
catboost_roll,2016-11-01,6700.0,6620.378104553917,22,2,2016-09-01
catboost_roll,2016-12-01,6994.0,6614.62912171424,22,3,2016-09-01
catboost_roll,2017-01-01,6788.0,6558.429258184543,22,4,2016-09-01
catboost_roll,2017-02-01,6271.0,6835.088704748346,22,5,2016-09-01
catboost_roll,2017-03-01,6794.0,7268.08745767102,22,6,2016-09-01
catboost_roll,2016-11-01,6700.0,6947.5130179499465,23,1,2016-10-01
catboost_roll,2016-12-01,6994.0,6783.698741246064,23,2,2016-10-01
catboost_roll,2017-01-01,6788.0,6774.859335093353,23,3,2016-10-01
catboost_roll,2017-02-01,6271.0,6931.941382442565,23,4,2016-10-01
catboost_roll,2017-03-01,6794.0,7265.84520072137,23,5,2016-10-01
catboost_roll,2017-04-01,6884.0,7563.670173978424,23,6,2016-10-01
catboost_roll,2016-12-01,6994.0,6763.428144549594,24,1,2016-11-01
catboost_roll,2017-01-01,6788.0,6693.467908708428,24,2,2016-11-01
catboost_roll,2017-02-01,6271.0,6834.879070128476,24,3,2016-11-01
catboost_roll,2017-03-01,6794.0,7067.961013510727,24,4,2016-11-01
catboost_roll,2017-04-01,6884.0,7451.060816514409,24,5,2016-11-01
catboost_roll,2017-05-01,7651.0,7745.0002022352655,24,6,2016-11-01
catboost_roll,2017-01-01,6788.0,6701.25349138914,25,1,2016-12-01
catboost_roll,2017-02-01,6271.0,6915.180584198153,25,2,2016-12-01
catboost_roll,2017-03-01,6794.0,7147.187873524677,25,3,2016-12-01
catboost_roll,2017-04-01,6884.0,7434.640772809925,25,4,2016-12-01
catboost_roll,2017-05-01,7651.0,7834.676320543854,25,5,2016-12-01
catboost_roll,2017-06-01,8009.0,8094.625269249551,25,6,2016-12-01
catboost_roll,2017-02-01,6271.0,6943.561966801323,26,1,2017-01-01
catboost_roll,2017-03-01,6794.0,7145.80468094603,26,2,2017-01-01
catboost_roll,2017-04-01,6884.0,7466.253325072049,26,3,2017-01-01
catboost_roll,2017-05-01,7651.0,7857.521861519362,26,4,2017-01-01
catboost_roll,2017-06-01,8009.0,8010.502064629229,26,5,2017-01-01
catboost_roll,2017-07-01,8694.0,8030.580847637643,26,6,2017-01-01
catboost_roll,2017-03-01,6794.0,7270.886915208487,27,1,2017-02-01
catboost_roll,2017-04-01,6884.0,7393.062776119279,27,2,2017-02-01
catboost_roll,2017-05-01,7651.0,7717.628778754617,27,3,2017-02-01
catboost_roll,2017-06-01,8009.0,8150.587764914075,27,4,2017-02-01
catboost_roll,2017-07-01,8694.0,8137.985876080722,27,5,2017-02-01
catboost_roll,2017-08-01,8130.0,7843.278154394006,27,6,2017-02-01
catboost_roll,2017-04-01,6884.0,7296.029648934154,28,1,2017-03-01
catboost_roll,2017-05-01,7651.0,7709.790936002416,28,2,2017-03-01
catboost_roll,2017-06-01,8009.0,8017.8344152903555,28,3,2017-03-01
catboost_roll,2017-07-01,8694.0,8121.836238421217,28,4,2017-03-01
catboost_roll,2017-08-01,8130.0,7896.831975340642,28,5,2017-03-01
catboost_roll,2017-09-01,7446.0,7721.83489602896,28,6,2017-03-01
catboost_roll,2017-05-01,7651.0,7517.651784286492,29,1,2017-04-01
catboost_roll,2017-06-01,8009.0,7854.104749856118,29,2,2017-04-01
catboost_roll,2017-07-01,8694.0,8041.789802154591,29,3,2017-04-01
catboost_roll,2017-08-01,8130.0,7968.984495086843,29,4,2017-04-01
catboost_roll,2017-09-01,7446.0,7724.08242330861,29,5,2017-04-01
catboost_roll,2017-10-01,7282.0,7425.389999184464,29,6,2017-04-01
catboost_roll,2017-06-01,8009.0,7851.1853887094085,30,1,2017-05-01
catboost_roll,2017-07-01,8694.0,7847.065644316162,30,2,2017-05-01
catboost_roll,2017-08-01,8130.0,7891.742122033113,30,3,2017-05-01
catboost_roll,2017-09-01,7446.0,7736.172227913045,30,4,2017-05-01
catboost_roll,2017-10-01,7282.0,7439.078939406698,30,5,2017-05-01
catboost_roll,2017-11-01,6830.0,6943.0482219748865,30,6,2017-05-01
catboost_roll,2017-07-01,8694.0,8015.20417111869,31,1,2017-06-01
catboost_roll,2017-08-01,8130.0,7862.3865003808005,31,2,2017-06-01
catboost_roll,2017-09-01,7446.0,7690.163583594139,31,3,2017-06-01
catboost_roll,2017-10-01,7282.0,7361.075330004341,31,4,2017-06-01
catboost_roll,2017-11-01,6830.0,6892.569796305998,31,5,2017-06-01
catboost_roll,2017-12-01,6946.0,6918.601395828382,31,6,2017-06-01
catboost_roll,2017-08-01,8130.0,8181.8078311034715,32,1,2017-07-01
catboost_roll,2017-09-01,7446.0,7855.8921468844665,32,2,2017-07-01
catboost_roll,2017-10-01,7282.0,7658.3120198448,32,3,2017-07-01
catboost_roll,2017-11-01,6830.0,7057.005302481504,32,4,2017-07-01
catboost_roll,2017-12-01,6946.0,6968.919977914426,32,5,2017-07-01
catboost_roll,2018-01-01,6886.0,6768.945052173386,32,6,2017-07-01
catboost_roll,2017-09-01,7446.0,7911.384478908557,33,1,2017-08-01
catboost_roll,2017-10-01,7282.0,7635.47214213263,33,2,2017-08-01
catboost_roll,2017-11-01,6830.0,7022.093068877218,33,3,2017-08-01
catboost_roll,2017-12-01,6946.0,6967.2101695032225,33,4,2017-08-01
catboost_roll,2018-01-01,6886.0,6750.411649648914,33,5,2017-08-01
catboost_roll,2018-02-01,5960.0,6386.467931209323,33,6,2017-08-01
catboost_roll,2017-10-01,7282.0,7576.544203644293,34,1,2017-09-01
catboost_roll,2017-11-01,6830.0,7104.251829749474,34,2,2017-09-01
catboost_roll,2017-12-01,6946.0,6890.190335365777,34,3,2017-09-01
catboost_roll,2018-01-01,6886.0,6774.531866389502,34,4,2017-09-01
catboost_roll,2018-02-01,5960.0,6443.414952352033,34,5,2017-09-01
catboost_roll,2018-03-01,6930.0,6576.551272126148,34,6,2017-09-01
catboost_roll,2017-11-01,6830.0,7186.85718562847,35,1,2017-10-01
catboost_roll,2017-12-01,6946.0,6862.447425618871,35,2,2017-10-01
catboost_roll,2018-01-01,6886.0,6778.289727422555,35,3,2017-10-01
catboost_roll,2018-02-01,5960.0,6509.8543246428135,35,4,2017-10-01
catboost_roll,2018-03-01,6930.0,6546.145226513618,35,5,2017-10-01
catboost_roll,2018-04-01,6769.0,6894.1986762436245,35,6,2017-10-01
catboost_roll,2017-12-01,6946.0,6866.644396224671,36,1,2017-11-01
catboost_roll,2018-01-01,6886.0,6687.576001924326,36,2,2017-11-01
catboost_roll,2018-02-01,5960.0,6441.8983149257965,36,3,2017-11-01
catboost_roll,2018-03-01,6930.0,6510.096822008053,36,4,2017-11-01
catboost_roll,2018-04-01,6769.0,6818.470917039351,36,5,2017-11-01
catboost_roll,2018-05-01,7511.0,7363.156650689326,36,6,2017-11-01
catboost_roll,2018-01-01,6886.0,6703.42683160008,37,1,2017-12-01
catboost_roll,2018-02-01,5960.0,6399.232883503239,37,2,2017-12-01
catboost_roll,2018-03-01,6930.0,6540.657951167875,37,3,2017-12-01
catboost_roll,2018-04-01,6769.0,6844.403270616789,37,4,2017-12-01
catboost_roll,2018-05-01,7511.0,7354.923540529098,37,5,2017-12-01
catboost_roll,2018-06-01,8057.0,7926.66747346579,37,6,2017-12-01
catboost_roll,2018-02-01,5960.0,6409.011574088182,38,1,2018-01-01
catboost_roll,2018-03-01,6930.0,6535.020657660678,38,2,2018-01-01
catboost_roll,2018-04-01,6769.0,6883.520737308087,38,3,2018-01-01
catboost_roll,2018-05-01,7511.0,7375.194056950438,38,4,2018-01-01
catboost_roll,2018-06-01,8057.0,7936.519928892865,38,5,2018-01-01
catboost_roll,2018-07-01,8175.0,8360.088394125865,38,6,2018-01-01
catboost_roll,2018-03-01,6930.0,6690.789010356785,39,1,2018-02-01
catboost_roll,2018-04-01,6769.0,6938.425680826651,39,2,2018-02-01
catboost_roll,2018-05-01,7511.0,7514.451853899613,39,3,2018-02-01
catboost_roll,2018-06-01,8057.0,7954.46198327015,39,4,2018-02-01
catboost_roll,2018-07-01,8175.0,8404.02435994695,39,5,2018-02-01
catboost_roll,2018-08-01,8328.0,8064.770848899387,39,6,2018-02-01
catboost_roll,2018-04-01,6769.0,6986.5011949745885,40,1,2018-03-01
catboost_roll,2018-05-01,7511.0,7689.860703190202,40,2,2018-03-01
catboost_roll,2018-06-01,8057.0,8069.645171958147,40,3,2018-03-01
catboost_roll,2018-07-01,8175.0,8407.832837484548,40,4,2018-03-01
catboost_roll,2018-08-01,8328.0,7999.129708934035,40,5,2018-03-01
catboost_roll,2018-09-01,7325.0,7519.555502277843,40,6,2018-03-01
catboost_roll,2018-05-01,7511.0,7563.611936224566,41,1,2018-04-01
catboost_roll,2018-06-01,8057.0,8016.462995385729,41,2,2018-04-01
catboost_roll,2018-07-01,8175.0,8276.233906942318,41,3,2018-04-01
catboost_roll,2018-08-01,8328.0,8113.516129096512,41,4,2018-04-01
catboost_roll,2018-09-01,7325.0,7546.2538433889695,41,5,2018-04-01
catboost_roll,2018-10-01,7202.0,7349.140382681823,41,6,2018-04-01
catboost_roll,2018-06-01,8057.0,7912.511908880557,42,1,2018-05-01
catboost_roll,2018-07-01,8175.0,8302.446096468882,42,2,2018-05-01
catboost_roll,2018-08-01,8328.0,8104.405822785332,42,3,2018-05-01
catboost_roll,2018-09-01,7325.0,7625.312533338514,42,4,2018-05-01
catboost_roll,2018-10-01,7202.0,7298.340701088123,42,5,2018-05-01
catboost_roll,2018-11-01,7161.0,7034.6329384191295,42,6,2018-05-01
catboost_roll,2018-07-01,8175.0,8310.450390568269,43,1,2018-06-01
catboost_roll,2018-08-01,8328.0,8129.990216307516,43,2,2018-06-01
catboost_roll,2018-09-01,7325.0,7564.510889713855,43,3,2018-06-01
catboost_roll,2018-10-01,7202.0,7370.096324727896,43,4,2018-06-01
catboost_roll,2018-11-01,7161.0,7023.921575772019,43,5,2018-06-01
catboost_roll,2018-12-01,7409.0,6919.01487900622,43,6,2018-06-01
catboost_roll,2018-08-01,8328.0,8116.561309448707,44,1,2018-07-01
catboost_roll,2018-09-01,7325.0,7473.387702506339,44,2,2018-07-01
catboost_roll,2018-10-01,7202.0,7353.415267169269,44,3,2018-07-01
catboost_roll,2018-11-01,7161.0,7069.99988325443,44,4,2018-07-01
catboost_roll,2018-12-01,7409.0,6935.285576094315,44,5,2018-07-01
catboost_roll,2019-01-01,7117.0,6814.311678277831,44,6,2018-07-01
catboost_roll,2018-09-01,7325.0,7498.878898575566,45,1,2018-08-01
catboost_roll,2018-10-01,7202.0,7353.0721323246025,45,2,2018-08-01
catboost_roll,2018-11-01,7161.0,7053.218898246142,45,3,2018-08-01
catboost_roll,2018-12-01,7409.0,6954.504848783564,45,4,2018-08-01
catboost_roll,2019-01-01,7117.0,6822.649306695281,45,5,2018-08-01
catboost_roll,2019-02-01,6307.0,6255.687966215271,45,6,2018-08-01
catboost_roll,2018-10-01,7202.0,7322.442198107985,46,1,2018-09-01
catboost_roll,2018-11-01,7161.0,7046.417960449389,46,2,2018-09-01
catboost_roll,2018-12-01,7409.0,6807.117224415255,46,3,2018-09-01
catboost_roll,2019-01-01,7117.0,6804.995081377554,46,4,2018-09-01
catboost_roll,2019-02-01,6307.0,6221.800603680185,46,5,2018-09-01
catboost_roll,2019-03-01,7067.0,6738.218338470875,46,6,2018-09-01
catboost_roll,2018-11-01,7161.0,6922.205604062428,47,1,2018-10-01
catboost_roll,2018-12-01,7409.0,6856.444462723383,47,2,2018-10-01
catboost_roll,2019-01-01,7117.0,6694.998442417858,47,3,2018-10-01
catboost_roll,2019-02-01,6307.0,6287.1650444225925,47,4,2018-10-01
catboost_roll,2019-03-01,7067.0,6651.511936096183,47,5,2018-10-01
catboost_roll,2019-04-01,7108.0,6814.121473703766,47,6,2018-10-01
catboost_roll,2018-12-01,7409.0,6717.2520583314745,48,1,2018-11-01
catboost_roll,2019-01-01,7117.0,6758.228870940806,48,2,2018-11-01
catboost_roll,2019-02-01,6307.0,6317.565442093988,48,3,2018-11-01
catboost_roll,2019-03-01,7067.0,6602.674740849524,48,4,2018-11-01
catboost_roll,2019-04-01,7108.0,6889.63135053403,48,5,2018-11-01
catboost_roll,2019-05-01,7776.0,7389.091187420407,48,6,2018-11-01
catboost_roll,2019-01-01,7117.0,6918.168080502778,49,1,2018-12-01
catboost_roll,2019-02-01,6307.0,6397.90490839316,49,2,2018-12-01
catboost_roll,2019-03-01,7067.0,6710.717042284932,49,3,2018-12-01
catboost_roll,2019-04-01,7108.0,6736.37697120521,49,4,2018-12-01
catboost_roll,2019-05-01,7776.0,7246.6211905171085,49,5,2018-12-01
catboost_roll,2019-06-01,8274.0,7769.622559644437,49,6,2018-12-01
catboost_roll,2019-02-01,6307.0,6511.5052662373955,50,1,2019-01-01
catboost_roll,2019-03-01,7067.0,6770.188036412252,50,2,2019-01-01
catboost_roll,2019-04-01,7108.0,6837.464351693886,50,3,2019-01-01
catboost_roll,2019-05-01,7776.0,7284.440268607668,50,4,2019-01-01
catboost_roll,2019-06-01,8274.0,7848.352260691698,50,5,2019-01-01
catboost_roll,2019-07-01,8919.0,8130.268372533101,50,6,2019-01-01
catboost_roll,2019-03-01,7067.0,6830.145043643508,51,1,2019-02-01
catboost_roll,2019-04-01,7108.0,6908.912425887862,51,2,2019-02-01
catboost_roll,2019-05-01,7776.0,7341.174060389901,51,3,2019-02-01
catboost_roll,2019-06-01,8274.0,7939.957265832477,51,4,2019-02-01
catboost_roll,2019-07-01,8919.0,8213.705694261404,51,5,2019-02-01
catboost_roll,2019-08-01,8180.0,8243.76076395369,51,6,2019-02-01
catboost_roll,2019-04-01,7108.0,7027.33419478151,52,1,2019-03-01
catboost_roll,2019-05-01,7776.0,7418.7958123293665,52,2,2019-03-01
catboost_roll,2019-06-01,8274.0,7998.787388753849,52,3,2019-03-01
catboost_roll,2019-07-01,8919.0,8168.030163941421,52,4,2019-03-01
catboost_roll,2019-08-01,8180.0,8108.750992742359,52,5,2019-03-01
catboost_roll,2019-09-01,7664.0,7411.73131178481,52,6,2019-03-01
catboost_roll,2019-05-01,7776.0,7452.106621467477,53,1,2019-04-01
catboost_roll,2019-06-01,8274.0,7856.808744249786,53,2,2019-04-01
catboost_roll,2019-07-01,8919.0,8221.153870126733,53,3,2019-04-01
catboost_roll,2019-08-01,8180.0,8025.252235821439,53,4,2019-04-01
catboost_roll,2019-09-01,7664.0,7380.37809827955,53,5,2019-04-01
catboost_roll,2019-10-01,7254.0,7544.47986169462,53,6,2019-04-01
catboost_roll,2019-06-01,8274.0,8061.419910908419,54,1,2019-05-01
catboost_roll,2019-07-01,8919.0,8249.632024485507,54,2,2019-05-01
catboost_roll,2019-08-01,8180.0,7953.059469032991,54,3,2019-05-01
catboost_roll,2019-09-01,7664.0,7387.123294912509,54,4,2019-05-01
catboost_roll,2019-10-01,7254.0,7570.416864601473,54,5,2019-05-01
catboost_roll,2019-11-01,6785.0,7273.447328364577,54,6,2019-05-01
catboost_roll,2019-07-01,8919.0,8325.806340450843,55,1,2019-06-01
catboost_roll,2019-08-01,8180.0,7978.371577536154,55,2,2019-06-01
catboost_roll,2019-09-01,7664.0,7416.001331675312,55,3,2019-06-01
catboost_roll,2019-10-01,7254.0,7536.70101194517,55,4,2019-06-01
catboost_roll,2019-11-01,6785.0,7247.320155217387,55,5,2019-06-01
catboost_roll,2019-12-01,6987.0,7310.570708885878,55,6,2019-06-01
catboost_roll,2019-08-01,8180.0,8303.290008919657,56,1,2019-07-01
catboost_roll,2019-09-01,7664.0,7721.115260568723,56,2,2019-07-01
catboost_roll,2019-10-01,7254.0,7751.7084275877305,56,3,2019-07-01
catboost_roll,2019-11-01,6785.0,7538.992503223508,56,4,2019-07-01
catboost_roll,2019-12-01,6987.0,7501.517235205581,56,5,2019-07-01
catboost_roll,2020-01-01,7194.0,7112.0878056065985,56,6,2019-07-01
catboost_roll,2019-09-01,7664.0,7663.231546410894,57,1,2019-08-01
catboost_roll,2019-10-01,7254.0,7663.10287571036,57,2,2019-08-01
catboost_roll,2019-11-01,6785.0,7485.054835460416,57,3,2019-08-01
catboost_roll,2019-12-01,6987.0,7495.866782611887,57,4,2019-08-01
catboost_roll,2020-01-01,7194.0,7190.213403550653,57,5,2019-08-01
catboost_roll,2020-02-01,6848.0,6653.8935540356315,57,6,2019-08-01
catboost_roll,2019-10-01,7254.0,7722.013800308618,58,1,2019-09-01
catboost_roll,2019-11-01,6785.0,7440.1673289281025,58,2,2019-09-01
catboost_roll,2019-12-01,6987.0,7516.046352863502,58,3,2019-09-01
catboost_roll,2020-01-01,7194.0,7133.633162385613,58,4,2019-09-01
catboost_roll,2020-02-01,6848.0,6633.344327267974,58,5,2019-09-01
catboost_roll,2020-03-01,7324.0,7142.055380781393,58,6,2019-09-01
catboost_roll,2019-11-01,6785.0,7380.222072334767,59,1,2019-10-01
catboost_roll,2019-12-01,6987.0,7404.346364167497,59,2,2019-10-01
catboost_roll,2020-01-01,7194.0,7016.405998403071,59,3,2019-10-01
catboost_roll,2020-02-01,6848.0,6508.636436544949,59,4,2019-10-01
catboost_roll,2020-03-01,7324.0,7037.342668315415,59,5,2019-10-01
catboost_roll,2020-04-01,5978.0,7001.901514426893,59,6,2019-10-01
catboost_roll,2019-12-01,6987.0,7323.123083026634,60,1,2019-11-01
catboost_roll,2020-01-01,7194.0,6894.02012718969,60,2,2019-11-01
catboost_roll,2020-02-01,6848.0,6395.954974827121,60,3,2019-11-01
catboost_roll,2020-03-01,7324.0,7057.976698483628,60,4,2019-11-01
catboost_roll,2020-04-01,5978.0,7049.588101034959,60,5,2019-11-01
catboost_roll,2020-05-01,7062.0,7717.891074302219,60,6,2019-11-01
catboost_roll,2020-01-01,7194.0,6856.968048996203,61,1,2019-12-01
catboost_roll,2020-02-01,6848.0,6243.788454469705,61,2,2019-12-01
catboost_roll,2020-03-01,7324.0,6893.967894128172,61,3,2019-12-01
catboost_roll,2020-04-01,5978.0,6984.525480319797,61,4,2019-12-01
catboost_roll,2020-05-01,7062.0,7655.012384854652,61,5,2019-12-01
catboost_roll,2020-06-01,6948.0,8183.330950973009,61,6,2019-12-01
catboost_roll,2020-02-01,6848.0,6447.687363315945,62,1,2020-01-01
catboost_roll,2020-03-01,7324.0,6988.391558711792,62,2,2020-01-01
catboost_roll,2020-04-01,5978.0,7225.8236224134125,62,3,2020-01-01
catboost_roll,2020-05-01,7062.0,7803.718825717588,62,4,2020-01-01
catboost_roll,2020-06-01,6948.0,8327.825149046233,62,5,2020-01-01
catboost_roll,2020-07-01,7392.0,8579.561932967998,62,6,2020-01-01
catboost_roll,2020-03-01,7324.0,6907.3548786336005,63,1,2020-02-01
catboost_roll,2020-04-01,5978.0,7051.194151825302,63,2,2020-02-01
catboost_roll,2020-05-01,7062.0,7621.328607020781,63,3,2020-02-01
catboost_roll,2020-06-01,6948.0,8151.6106377713095,63,4,2020-02-01
catboost_roll,2020-07-01,7392.0,8445.807488940607,63,5,2020-02-01
catboost_roll,2020-08-01,7678.0,8264.64955957482,63,6,2020-02-01
catboost_roll,2020-04-01,5978.0,7285.146022567718,64,1,2020-03-01
catboost_roll,2020-05-01,7062.0,7865.03413952423,64,2,2020-03-01
catboost_roll,2020-06-01,6948.0,8326.118010624366,64,3,2020-03-01
catboost_roll,2020-07-01,7392.0,8367.523104470694,64,4,2020-03-01
catboost_roll,2020-08-01,7678.0,7942.978697645183,64,5,2020-03-01
catboost_roll,2020-09-01,7005.0,7509.458187197919,64,6,2020-03-01
catboost_roll,2020-05-01,7062.0,7652.5000161795215,65,1,2020-04-01
catboost_roll,2020-06-01,6948.0,8078.614718067998,65,2,2020-04-01
catboost_roll,2020-07-01,7392.0,8067.836233667872,65,3,2020-04-01
catboost_roll,2020-08-01,7678.0,8051.415949921223,65,4,2020-04-01
catboost_roll,2020-09-01,7005.0,7467.460243520154,65,5,2020-04-01
catboost_roll,2020-10-01,7385.0,7212.216107463185,65,6,2020-04-01
catboost_roll,2020-06-01,6948.0,7732.7704582189,66,1,2020-05-01
catboost_roll,2020-07-01,7392.0,8044.427244590057,66,2,2020-05-01
catboost_roll,2020-08-01,7678.0,8346.40794998319,66,3,2020-05-01
catboost_roll,2020-09-01,7005.0,7854.8462060673555,66,4,2020-05-01
catboost_roll,2020-10-01,7385.0,7258.985684760654,66,5,2020-05-01
catboost_roll,2020-11-01,6872.0,7150.766980040895,66,6,2020-05-01
catboost_roll,2020-07-01,7392.0,7759.234162040631,67,1,2020-06-01
catboost_roll,2020-08-01,7678.0,8221.017365319438,67,2,2020-06-01
catboost_roll,2020-09-01,7005.0,8128.1714433921,67,3,2020-06-01
catboost_roll,2020-10-01,7385.0,7514.164225812505,67,4,2020-06-01
catboost_roll,2020-11-01,6872.0,7243.481421196885,67,5,2020-06-01
catboost_roll,2020-12-01,6781.0,7158.52621611774,67,6,2020-06-01
catboost_roll,2020-08-01,7678.0,7828.602648787117,68,1,2020-07-01
catboost_roll,2020-09-01,7005.0,7963.964079153875,68,2,2020-07-01
catboost_roll,2020-10-01,7385.0,7561.472948784521,68,3,2020-07-01
catboost_roll,2020-11-01,6872.0,7092.378682764859,68,4,2020-07-01
catboost_roll,2020-12-01,6781.0,7110.406599730516,68,5,2020-07-01
catboost_roll,2021-01-01,6917.0,7005.869187315442,68,6,2020-07-01
catboost_roll,2020-09-01,7005.0,7901.367866520275,69,1,2020-08-01
catboost_roll,2020-10-01,7385.0,7524.135015039285,69,2,2020-08-01
catboost_roll,2020-11-01,6872.0,7081.838163886683,69,3,2020-08-01
catboost_roll,2020-12-01,6781.0,7164.105330438952,69,4,2020-08-01
catboost_roll,2021-01-01,6917.0,7034.273857926368,69,5,2020-08-01
catboost_roll,2021-02-01,6217.0,6906.829287396927,69,6,2020-08-01
catboost_roll,2020-10-01,7385.0,7240.889984722,70,1,2020-09-01
catboost_roll,2020-11-01,6872.0,6921.080187775356,70,2,2020-09-01
catboost_roll,2020-12-01,6781.0,6954.67057632386,70,3,2020-09-01
catboost_roll,2021-01-01,6917.0,7049.930129475178,70,4,2020-09-01
catboost_roll,2021-02-01,6217.0,6706.488373370533,70,5,2020-09-01
catboost_roll,2021-03-01,7569.0,7085.613362249768,70,6,2020-09-01
catboost_roll,2020-11-01,6872.0,6954.395325592279,71,1,2020-10-01
catboost_roll,2020-12-01,6781.0,7044.924854473274,71,2,2020-10-01
catboost_roll,2021-01-01,6917.0,6983.254942070513,71,3,2020-10-01
catboost_roll,2021-02-01,6217.0,6688.064616218243,71,4,2020-10-01
catboost_roll,2021-03-01,7569.0,7143.914815955635,71,5,2020-10-01
catboost_roll,2021-04-01,6917.0,6431.492171070811,71,6,2020-10-01
catboost_roll,2020-12-01,6781.0,6979.802734754715,72,1,2020-11-01
catboost_roll,2021-01-01,6917.0,7013.602010167642,72,2,2020-11-01
catboost_roll,2021-02-01,6217.0,6800.938239588372,72,3,2020-11-01
catboost_roll,2021-03-01,7569.0,7125.886910035888,72,4,2020-11-01
catboost_roll,2021-04-01,6917.0,6345.285784760747,72,5,2020-11-01
catboost_roll,2021-05-01,8253.0,6993.614429977184,72,6,2020-11-01
catboost_roll,2021-01-01,6917.0,7121.665465795653,73,1,2020-12-01
catboost_roll,2021-02-01,6217.0,6754.452615140863,73,2,2020-12-01
catboost_roll,2021-03-01,7569.0,7119.888224839564,73,3,2020-12-01
catboost_roll,2021-04-01,6917.0,6468.744400911617,73,4,2020-12-01
catboost_roll,2021-05-01,8253.0,6999.433672116544,73,5,2020-12-01
catboost_roll,2021-06-01,8153.0,7196.576385612425,73,6,2020-12-01
catboost_roll,2021-02-01,6217.0,6597.625120610883,74,1,2021-01-01
catboost_roll,2021-03-01,7569.0,7097.996149927179,74,2,2021-01-01
catboost_roll,2021-04-01,6917.0,6459.747806440494,74,3,2021-01-01
catboost_roll,2021-05-01,8253.0,6960.97012138925,74,4,2021-01-01
catboost_roll,2021-06-01,8153.0,7108.621447362532,74,5,2021-01-01
catboost_roll,2021-07-01,9251.0,7345.030506705683,74,6,2021-01-01
catboost_roll,2021-03-01,7569.0,7148.832894686234,75,1,2021-02-01
catboost_roll,2021-04-01,6917.0,6572.716333618774,75,2,2021-02-01
catboost_roll,2021-05-01,8253.0,7004.106321070123,75,3,2021-02-01
catboost_roll,2021-06-01,8153.0,7069.670888001725,75,4,2021-02-01
catboost_roll,2021-07-01,9251.0,7251.432377798244,75,5,2021-02-01
catboost_roll,2021-08-01,8830.0,7504.083441764832,75,6,2021-02-01
catboost_roll,2021-04-01,6917.0,6691.799056226857,76,1,2021-03-01
catboost_roll,2021-05-01,8253.0,7021.375985665649,76,2,2021-03-01
catboost_roll,2021-06-01,8153.0,7211.867098562152,76,3,2021-03-01
catboost_roll,2021-07-01,9251.0,7175.264464363799,76,4,2021-03-01
catboost_roll,2021-08-01,8830.0,7460.896064579505,76,5,2021-03-01
catboost_roll,2021-09-01,7512.0,6980.391897547779,76,6,2021-03-01
catboost_roll,2021-05-01,8253.0,7131.539473796294,77,1,2021-04-01
catboost_roll,2021-06-01,8153.0,7167.189051684548,77,2,2021-04-01
catboost_roll,2021-07-01,9251.0,7128.288794522811,77,3,2021-04-01
catboost_roll,2021-08-01,8830.0,7421.802920700036,77,4,2021-04-01
catboost_roll,2021-09-01,7512.0,6952.686403608291,77,5,2021-04-01
catboost_roll,2021-10-01,7656.0,7126.055994628116,77,6,2021-04-01
catboost_roll,2021-06-01,8153.0,7647.494858916144,78,1,2021-05-01
catboost_roll,2021-07-01,9251.0,7657.668946257368,78,2,2021-05-01
catboost_roll,2021-08-01,8830.0,7701.385903029943,78,3,2021-05-01
catboost_roll,2021-09-01,7512.0,6968.719972168028,78,4,2021-05-01
catboost_roll,2021-10-01,7656.0,7309.873291816454,78,5,2021-05-01
catboost_roll,2021-11-01,7603.0,6916.49265902517,78,6,2021-05-01
catboost_roll,2021-07-01,9251.0,7823.156177905441,79,1,2021-06-01
catboost_roll,2021-08-01,8830.0,7715.15888905921,79,2,2021-06-01
catboost_roll,2021-09-01,7512.0,7131.696535585487,79,3,2021-06-01
catboost_roll,2021-10-01,7656.0,7276.124739805449,79,4,2021-06-01
catboost_roll,2021-11-01,7603.0,6815.5929714790345,79,5,2021-06-01
catboost_roll,2021-12-01,8237.0,6795.682330781237,79,6,2021-06-01
catboost_roll,2021-08-01,8830.0,7756.795590862363,80,1,2021-07-01
catboost_roll,2021-09-01,7512.0,7596.381197812844,80,2,2021-07-01
catboost_roll,2021-10-01,7656.0,7726.879168830137,80,3,2021-07-01
catboost_roll,2021-11-01,7603.0,7019.760829556341,80,4,2021-07-01
catboost_roll,2021-12-01,8237.0,6866.305914706898,80,5,2021-07-01
catboost_roll,2022-01-01,9582.0,6940.35726769393,80,6,2021-07-01
catboost_roll,2021-09-01,7512.0,7551.514351215126,81,1,2021-08-01
catboost_roll,2021-10-01,7656.0,7681.670451982831,81,2,2021-08-01
catboost_roll,2021-11-01,7603.0,6961.699921992309,81,3,2021-08-01
catboost_roll,2021-12-01,8237.0,6777.604303340709,81,4,2021-08-01
catboost_roll,2022-01-01,9582.0,6814.6118324411655,81,5,2021-08-01
catboost_roll,2022-02-01,7227.0,6292.025170872344,81,6,2021-08-01
catboost_roll,2021-10-01,7656.0,7634.525801067858,82,1,2021-09-01
catboost_roll,2021-11-01,7603.0,7064.395662384146,82,2,2021-09-01
catboost_roll,2021-12-01,8237.0,6765.235682414647,82,3,2021-09-01
catboost_roll,2022-01-01,9582.0,6894.119152568784,82,4,2021-09-01
catboost_roll,2022-02-01,7227.0,6493.7456510662605,82,5,2021-09-01
catboost_roll,2022-03-01,7504.0,6902.570268950303,82,6,2021-09-01
catboost_roll,2021-11-01,7603.0,7010.449997780919,83,1,2021-10-01
catboost_roll,2021-12-01,8237.0,6741.043459067635,83,2,2021-10-01
catboost_roll,2022-01-01,9582.0,6835.0451319582835,83,3,2021-10-01
catboost_roll,2022-02-01,7227.0,6464.30629085888,83,4,2021-10-01
catboost_roll,2022-03-01,7504.0,6985.889466287992,83,5,2021-10-01
catboost_roll,2022-04-01,7589.0,6489.392252876336,83,6,2021-10-01
catboost_roll,2021-12-01,8237.0,6944.035441332194,84,1,2021-11-01
catboost_roll,2022-01-01,9582.0,7108.84844783895,84,2,2021-11-01
catboost_roll,2022-02-01,7227.0,6739.640482188593,84,3,2021-11-01
catboost_roll,2022-03-01,7504.0,7264.055822680849,84,4,2021-11-01
catboost_roll,2022-04-01,7589.0,6575.630991096686,84,5,2021-11-01
catboost_roll,2022-05-01,8846.0,7132.63148684411,84,6,2021-11-01
catboost_roll,2022-01-01,9582.0,7707.296818112351,85,1,2021-12-01
catboost_roll,2022-02-01,7227.0,7319.167515721625,85,2,2021-12-01
catboost_roll,2022-03-01,7504.0,7452.488489420114,85,3,2021-12-01
catboost_roll,2022-04-01,7589.0,6957.8575504522405,85,4,2021-12-01
catboost_roll,2022-05-01,8846.0,7283.6123825029845,85,5,2021-12-01
catboost_roll,2022-06-01,9057.0,7438.932203867385,85,6,2021-12-01
catboost_roll,2022-02-01,7227.0,8226.457414362256,86,1,2022-01-01
catboost_roll,2022-03-01,7504.0,8401.183957061161,86,2,2022-01-01
catboost_roll,2022-04-01,7589.0,8150.132931720991,86,3,2022-01-01
catboost_roll,2022-05-01,8846.0,8059.045060862733,86,4,2022-01-01
catboost_roll,2022-06-01,9057.0,8318.159391847903,86,5,2022-01-01
catboost_roll,2022-07-01,8699.0,8560.956562384528,86,6,2022-01-01
catboost_roll,2022-03-01,7504.0,7473.057930366013,87,1,2022-02-01
catboost_roll,2022-04-01,7589.0,7025.47484304942,87,2,2022-02-01
catboost_roll,2022-05-01,8846.0,7191.259346244409,87,3,2022-02-01
catboost_roll,2022-06-01,9057.0,7419.446201292029,87,4,2022-02-01
catboost_roll,2022-07-01,8699.0,7661.183588411547,87,5,2022-02-01
catboost_roll,2022-08-01,8834.0,7712.339429595057,87,6,2022-02-01
catboost_roll,2022-04-01,7589.0,7060.800585157986,88,1,2022-03-01
catboost_roll,2022-05-01,8846.0,7318.4418169049595,88,2,2022-03-01
catboost_roll,2022-06-01,9057.0,7645.635434208977,88,3,2022-03-01
catboost_roll,2022-07-01,8699.0,8043.173843694033,88,4,2022-03-01
catboost_roll,2022-08-01,8834.0,8226.681122297305,88,5,2022-03-01
catboost_roll,2022-09-01,8228.0,8033.473535859923,88,6,2022-03-01
catboost_roll,2022-05-01,8846.0,7398.026892939157,89,1,2022-04-01
catboost_roll,2022-06-01,9057.0,7584.819290847785,89,2,2022-04-01
catboost_roll,2022-07-01,8699.0,7774.114629685187,89,3,2022-04-01
catboost_roll,2022-08-01,8834.0,7774.121348003917,89,4,2022-04-01
catboost_roll,2022-09-01,8228.0,7694.555376487316,89,5,2022-04-01
catboost_roll,2022-10-01,8388.0,7177.613709174419,89,6,2022-04-01
catboost_roll,2022-06-01,9057.0,8334.936368937391,90,1,2022-05-01
catboost_roll,2022-07-01,8699.0,8547.733274905106,90,2,2022-05-01
catboost_roll,2022-08-01,8834.0,8469.826986488071,90,3,2022-05-01
catboost_roll,2022-09-01,8228.0,8284.29751702948,90,4,2022-05-01
catboost_roll,2022-10-01,8388.0,8218.107208101177,90,5,2022-05-01
catboost_roll,2022-11-01,7588.0,8545.973146756796,90,6,2022-05-01
catboost_roll,2022-07-01,8699.0,8677.377301274875,91,1,2022-06-01
catboost_roll,2022-08-01,8834.0,8663.169647082374,91,2,2022-06-01
catboost_roll,2022-09-01,8228.0,8542.622050222517,91,3,2022-06-01
catboost_roll,2022-10-01,8388.0,8370.48274793215,91,4,2022-06-01
catboost_roll,2022-11-01,7588.0,8613.257757376585,91,5,2022-06-01
catboost_roll,2022-12-01,7850.0,8664.962133337012,91,6,2022-06-01
catboost_roll,2022-08-01,8834.0,8504.707453804802,92,1,2022-07-01
catboost_roll,2022-09-01,8228.0,8530.324305085443,92,2,2022-07-01
catboost_roll,2022-10-01,8388.0,8456.089948500547,92,3,2022-07-01
catboost_roll,2022-11-01,7588.0,8633.075158479323,92,4,2022-07-01
catboost_roll,2022-12-01,7850.0,8703.35313797467,92,5,2022-07-01
catboost_roll,2023-01-01,7563.0,8642.423328409805,92,6,2022-07-01
catboost_roll,2022-09-01,8228.0,8665.86602161875,93,1,2022-08-01
catboost_roll,2022-10-01,8388.0,8516.84053945402,93,2,2022-08-01
catboost_roll,2022-11-01,7588.0,8903.306351717412,93,3,2022-08-01
catboost_roll,2022-12-01,7850.0,8924.889213531282,93,4,2022-08-01
catboost_roll,2023-01-01,7563.0,8885.83319487877,93,5,2022-08-01
catboost_roll,2023-02-01,6551.0,8481.713289874575,93,6,2022-08-01
catboost_roll,2022-10-01,8388.0,8225.620295112005,94,1,2022-09-01
catboost_roll,2022-11-01,7588.0,8694.451036731227,94,2,2022-09-01
catboost_roll,2022-12-01,7850.0,8691.38639503148,94,3,2022-09-01
catboost_roll,2023-01-01,7563.0,8723.351245007087,94,4,2022-09-01
catboost_roll,2023-02-01,6551.0,8425.547063818636,94,5,2022-09-01
catboost_roll,2023-03-01,7507.0,8328.007964292217,94,6,2022-09-01
catboost_roll,2022-11-01,7588.0,8727.784032268157,95,1,2022-10-01
catboost_roll,2022-12-01,7850.0,8699.324461027747,95,2,2022-10-01
catboost_roll,2023-01-01,7563.0,8816.773437581995,95,3,2022-10-01
catboost_roll,2023-02-01,6551.0,8459.006172261168,95,4,2022-10-01
catboost_roll,2023-03-01,7507.0,8457.883051964942,95,5,2022-10-01
catboost_roll,2023-04-01,7745.0,8670.392549522974,95,6,2022-10-01
catboost_roll,2022-12-01,7850.0,8220.380400953749,96,1,2022-11-01
catboost_roll,2023-01-01,7563.0,8555.88600684673,96,2,2022-11-01
catboost_roll,2023-02-01,6551.0,8323.969802674152,96,3,2022-11-01
catboost_roll,2023-03-01,7507.0,8304.452196137328,96,4,2022-11-01
catboost_roll,2023-04-01,7745.0,8136.855190416703,96,5,2022-11-01
catboost_roll,2023-05-01,8600.0,8431.73047175368,96,6,2022-11-01
catboost_roll,2023-01-01,7563.0,8332.249841874062,97,1,2022-12-01
catboost_roll,2023-02-01,6551.0,8367.335201433189,97,2,2022-12-01
catboost_roll,2023-03-01,7507.0,8079.706606748017,97,3,2022-12-01
catboost_roll,2023-04-01,7745.0,8109.861959661214,97,4,2022-12-01
catboost_roll,2023-05-01,8600.0,8376.431752421278,97,5,2022-12-01
catboost_roll,2023-06-01,9151.0,8431.1593886342,97,6,2022-12-01
catboost_roll,2023-02-01,6551.0,8029.097512971471,98,1,2023-01-01
catboost_roll,2023-03-01,7507.0,8167.433708314525,98,2,2023-01-01
catboost_roll,2023-04-01,7745.0,8417.017610135048,98,3,2023-01-01
catboost_roll,2023-05-01,8600.0,8362.15064705448,98,4,2023-01-01
catboost_roll,2023-06-01,9151.0,8457.039122086548,98,5,2023-01-01
catboost_roll,2023-07-01,9183.0,8397.566865437566,98,6,2023-01-01
catboost_roll,2023-03-01,7507.0,7116.344521934408,99,1,2023-02-01
catboost_roll,2023-04-01,7745.0,7263.559285234268,99,2,2023-02-01
catboost_roll,2023-05-01,8600.0,7650.209405683171,99,3,2023-02-01
catboost_roll,2023-06-01,9151.0,8113.528186287713,99,4,2023-02-01
catboost_roll,2023-07-01,9183.0,8353.885083322984,99,5,2023-02-01
catboost_roll,2023-08-01,8297.0,8499.50725017775,99,6,2023-02-01
catboost_roll,2023-04-01,7745.0,7551.354405541611,100,1,2023-03-01
catboost_roll,2023-05-01,8600.0,7866.4058508698845,100,2,2023-03-01
catboost_roll,2023-06-01,9151.0,8280.565625609415,100,3,2023-03-01
catboost_roll,2023-07-01,9183.0,8429.783148023898,100,4,2023-03-01
catboost_roll,2023-08-01,8297.0,8500.350733895191,100,5,2023-03-01
catboost_roll,2023-09-01,7823.0,8231.077635797577,100,6,2023-03-01
catboost_roll,2023-05-01,8600.0,8117.7019368318215,101,1,2023-04-01
catboost_roll,2023-06-01,9151.0,8627.664229252574,101,2,2023-04-01
catboost_roll,2023-07-01,9183.0,8253.617976384552,101,3,2023-04-01
catboost_roll,2023-08-01,8297.0,8395.048173426076,101,4,2023-04-01
catboost_roll,2023-09-01,7823.0,8200.655057862505,101,5,2023-04-01
catboost_roll,2023-10-01,7507.0,8249.098740861633,101,6,2023-04-01
catboost_roll,2023-06-01,9151.0,8794.678356525688,102,1,2023-05-01
catboost_roll,2023-07-01,9183.0,8347.075420241594,102,2,2023-05-01
catboost_roll,2023-08-01,8297.0,8492.246395267724,102,3,2023-05-01
catboost_roll,2023-09-01,7823.0,8363.865858754069,102,4,2023-05-01
catboost_roll,2023-10-01,7507.0,8297.82437402614,102,5,2023-05-01
catboost_roll,2023-11-01,8107.0,7998.495613216045,102,6,2023-05-01
catboost_roll,2023-07-01,9183.0,8499.082322771908,103,1,2023-06-01
catboost_roll,2023-08-01,8297.0,8571.674525437544,103,2,2023-06-01
catboost_roll,2023-09-01,7823.0,8382.017986770978,103,3,2023-06-01
catboost_roll,2023-10-01,7507.0,8304.290534779428,103,4,2023-06-01
catboost_roll,2023-11-01,8107.0,8061.770987282225,103,5,2023-06-01
catboost_roll,2023-12-01,7504.0,7960.594347951538,103,6,2023-06-01
catboost_cal,2015-01-01,7184.0,6300.33556097367,1,1,2014-12-01
catboost_cal,2015-02-01,5958.0,6202.86805232259,1,2,2014-12-01
catboost_cal,2015-03-01,6658.0,6355.347597622951,1,3,2014-12-01
catboost_cal,2015-04-01,7069.0,6363.4417097016685,1,4,2014-12-01
catboost_cal,2015-05-01,8099.0,7224.318533132136,1,5,2014-12-01
catboost_cal,2015-06-01,7868.0,7324.3732591574,1,6,2014-12-01
catboost_cal,2015-02-01,5958.0,6475.487909715427,2,1,2015-01-01
catboost_cal,2015-03-01,6658.0,6378.272171061801,2,2,2015-01-01
catboost_cal,2015-04-01,7069.0,6479.962043474742,2,3,2015-01-01
catboost_cal,2015-05-01,8099.0,7181.703999049403,2,4,2015-01-01
catboost_cal,2015-06-01,7868.0,7338.755074663509,2,5,2015-01-01
catboost_cal,2015-07-01,7986.0,7365.582411477043,2,6,2015-01-01
catboost_cal,2015-03-01,6658.0,6375.079594096226,3,1,2015-02-01
catboost_cal,2015-04-01,7069.0,6426.578513833955,3,2,2015-02-01
catboost_cal,2015-05-01,8099.0,7089.893814523006,3,3,2015-02-01
catboost_cal,2015-06-01,7868.0,7272.29756627572,3,4,2015-02-01
catboost_cal,2015-07-01,7986.0,7670.023663524995,3,5,2015-02-01
catboost_cal,2015-08-01,7251.0,7526.298807132296,3,6,2015-02-01
catboost_cal,2015-04-01,7069.0,6426.48678118849,4,1,2015-03-01
catboost_cal,2015-05-01,8099.0,7166.40930697797,4,2,2015-03-01
catboost_cal,2015-06-01,7868.0,7373.362735494997,4,3,2015-03-01
catboost_cal,2015-07-01,7986.0,7719.561257834414,4,4,2015-03-01
catboost_cal,2015-08-01,7251.0,7412.832450480759,4,5,2015-03-01
catboost_cal,2015-09-01,7163.0,6861.505347314438,4,6,2015-03-01
catboost_cal,2015-05-01,8099.0,7150.030320584196,5,1,2015-04-01
catboost_cal,2015-06-01,7868.0,7419.843229218551,5,2,2015-04-01
catboost_cal,2015-07-01,7986.0,7713.358640970086,5,3,2015-04-01
catboost_cal,2015-08-01,7251.0,7269.786329712472,5,4,2015-04-01
catboost_cal,2015-09-01,7163.0,6981.3677753372895,5,5,2015-04-01
catboost_cal,2015-10-01,6690.0,6949.4180445301645,5,6,2015-04-01
catboost_cal,2015-06-01,7868.0,7544.922388266537,6,1,2015-05-01
catboost_cal,2015-07-01,7986.0,7648.019138695044,6,2,2015-05-01
catboost_cal,2015-08-01,7251.0,7425.219087331222,6,3,2015-05-01
catboost_cal,2015-09-01,7163.0,6829.03329050377,6,4,2015-05-01
catboost_cal,2015-10-01,6690.0,6841.918373293518,6,5,2015-05-01
catboost_cal,2015-11-01,6392.0,6494.961213302117,6,6,2015-05-01
catboost_cal,2015-07-01,7986.0,7643.07790185569,7,1,2015-06-01
catboost_cal,2015-08-01,7251.0,7496.405993657042,7,2,2015-06-01
catboost_cal,2015-09-01,7163.0,6932.951816060094,7,3,2015-06-01
catboost_cal,2015-10-01,6690.0,6815.104349469671,7,4,2015-06-01
catboost_cal,2015-11-01,6392.0,6590.102005878187,7,5,2015-06-01
catboost_cal,2015-12-01,6753.0,6688.11435677284,7,6,2015-06-01
catboost_cal,2015-08-01,7251.0,7482.706693661757,8,1,2015-07-01
catboost_cal,2015-09-01,7163.0,6864.22179476697,8,2,2015-07-01
catboost_cal,2015-10-01,6690.0,6891.003101339044,8,3,2015-07-01
catboost_cal,2015-11-01,6392.0,6526.8390541913195,8,4,2015-07-01
catboost_cal,2015-12-01,6753.0,6699.974967099746,8,5,2015-07-01
catboost_cal,2016-01-01,6753.0,6745.458186767015,8,6,2015-07-01
catboost_cal,2015-09-01,7163.0,6847.4402330393295,9,1,2015-08-01
catboost_cal,2015-10-01,6690.0,6857.372364866885,9,2,2015-08-01
catboost_cal,2015-11-01,6392.0,6420.476759082637,9,3,2015-08-01
catboost_cal,2015-12-01,6753.0,6651.506794983553,9,4,2015-08-01
catboost_cal,2016-01-01,6753.0,6681.552529806477,9,5,2015-08-01
catboost_cal,2016-02-01,6385.0,6260.879924526875,9,6,2015-08-01
catboost_cal,2015-10-01,6690.0,6928.280234393686,10,1,2015-09-01
catboost_cal,2015-11-01,6392.0,6432.959882632407,10,2,2015-09-01
catboost_cal,2015-12-01,6753.0,6705.467171609028,10,3,2015-09-01
catboost_cal,2016-01-01,6753.0,6819.914425529419,10,4,2015-09-01
catboost_cal,2016-02-01,6385.0,6423.334691149439,10,5,2015-09-01
catboost_cal,2016-03-01,7164.0,6667.396782649726,10,6,2015-09-01
catboost_cal,2015-11-01,6392.0,6465.1080965373885,11,1,2015-10-01
catboost_cal,2015-12-01,6753.0,6702.472778232216,11,2,2015-10-01
catboost_cal,2016-01-01,6753.0,6715.290683621036,11,3,2015-10-01
catboost_cal,2016-02-01,6385.0,6290.558267263041,11,4,2015-10-01
catboost_cal,2016-03-01,7164.0,6567.190279562298,11,5,2015-10-01
catboost_cal,2016-04-01,7192.0,6941.110497629261,11,6,2015-10-01
catboost_cal,2015-12-01,6753.0,6710.103677299422,12,1,2015-11-01
catboost_cal,2016-01-01,6753.0,6755.402561948589,12,2,2015-11-01
catboost_cal,2016-02-01,6385.0,6279.148447463406,12,3,2015-11-01
catboost_cal,2016-03-01,7164.0,6589.60216967172,12,4,2015-11-01
catboost_cal,2016-04-01,7192.0,6886.661238610493,12,5,2015-11-01
catboost_cal,2016-05-01,7743.0,7593.659056521964,12,6,2015-11-01
catboost_cal,2016-01-01,6753.0,6728.491035744928,13,1,2015-12-01
catboost_cal,2016-02-01,6385.0,6327.045973378244,13,2,2015-12-01
catboost_cal,2016-03-01,7164.0,6570.506954164856,13,3,2015-12-01
catboost_cal,2016-04-01,7192.0,6859.286915092643,13,4,2015-12-01
catboost_cal,2016-05-01,7743.0,7562.822247886602,13,5,2015-12-01
catboost_cal,2016-06-01,8767.0,7627.7503273187995,13,6,2015-12-01
catboost_cal,2016-02-01,6385.0,6327.051325862019,14,1,2016-01-01
catboost_cal,2016-03-01,7164.0,6620.391417665944,14,2,2016-01-01
catboost_cal,2016-04-01,7192.0,6831.289662734859,14,3,2016-01-01
catboost_cal,2016-05-01,7743.0,7482.545076714382,14,4,2016-01-01
catboost_cal,2016-06-01,8767.0,7587.405738352645,14,5,2016-01-01
catboost_cal,2016-07-01,8479.0,7719.047056916221,14,6,2016-01-01
catboost_cal,2016-03-01,7164.0,6567.450324941241,15,1,2016-02-01
catboost_cal,2016-04-01,7192.0,6783.015758343075,15,2,2016-02-01
catboost_cal,2016-05-01,7743.0,7498.618202181144,15,3,2016-02-01
catboost_cal,2016-06-01,8767.0,7601.941474364019,15,4,2016-02-01
catboost_cal,2016-07-01,8479.0,7674.7932101616525,15,5,2016-02-01
catboost_cal,2016-08-01,7890.0,7450.647611800419,15,6,2016-02-01
catboost_cal,2016-04-01,7192.0,7060.417867009338,16,1,2016-03-01
catboost_cal,2016-05-01,7743.0,7672.8759956537415,16,2,2016-03-01
catboost_cal,2016-06-01,8767.0,7741.229822001667,16,3,2016-03-01
catboost_cal,2016-07-01,8479.0,7649.943902453404,16,4,2016-03-01
catboost_cal,2016-08-01,7890.0,7447.83855849488,16,5,2016-03-01
catboost_cal,2016-09-01,7317.0,6864.879655229887,16,6,2016-03-01
catboost_cal,2016-05-01,7743.0,7649.219193729546,17,1,2016-04-01
catboost_cal,2016-06-01,8767.0,7794.05637577724,17,2,2016-04-01
catboost_cal,2016-07-01,8479.0,7562.688587437907,17,3,2016-04-01
catboost_cal,2016-08-01,7890.0,7459.4876596044,17,4,2016-04-01
catboost_cal,2016-09-01,7317.0,6863.975211925502,17,5,2016-04-01
catboost_cal,2016-10-01,7426.0,6631.177250362483,17,6,2016-04-01
catboost_cal,2016-06-01,8767.0,7790.140374245988,18,1,2016-05-01
catboost_cal,2016-07-01,8479.0,7574.9840266234205,18,2,2016-05-01
catboost_cal,2016-08-01,7890.0,7440.653305495601,18,3,2016-05-01
catboost_cal,2016-09-01,7317.0,6863.659701827487,18,4,2016-05-01
catboost_cal,2016-10-01,7426.0,6635.045341792806,18,5,2016-05-01
catboost_cal,2016-11-01,6700.0,6612.055387915337,18,6,2016-05-01
catboost_cal,2016-07-01,8479.0,7769.134772758558,19,1,2016-06-01
catboost_cal,2016-08-01,7890.0,7469.593598954552,19,2,2016-06-01
catboost_cal,2016-09-01,7317.0,6937.133464894343,19,3,2016-06-01
catboost_cal,2016-10-01,7426.0,6634.585359568384,19,4,2016-06-01
catboost_cal,2016-11-01,6700.0,6641.24480737256,19,5,2016-06-01
catboost_cal,2016-12-01,6994.0,6694.484531635115,19,6,2016-06-01
catboost_cal,2016-08-01,7890.0,7576.28577287749,20,1,2016-07-01
catboost_cal,2016-09-01,7317.0,6945.439924378444,20,2,2016-07-01
catboost_cal,2016-10-01,7426.0,6620.718023685564,20,3,2016-07-01
catboost_cal,2016-11-01,6700.0,6514.531125837875,20,4,2016-07-01
catboost_cal,2016-12-01,6994.0,6669.59999171197,20,5,2016-07-01
catboost_cal,2017-01-01,6788.0,6546.968392842802,20,6,2016-07-01
catboost_cal,2016-09-01,7317.0,6945.454990340493,21,1,2016-08-01
catboost_cal,2016-10-01,7426.0,6561.299417888001,21,2,2016-08-01
catboost_cal,2016-11-01,6700.0,6505.604374002358,21,3,2016-08-01
catboost_cal,2016-12-01,6994.0,6627.251625966999,21,4,2016-08-01
catboost_cal,2017-01-01,6788.0,6538.443194697275,21,5,2016-08-01
catboost_cal,2017-02-01,6271.0,6630.654020864398,21,6,2016-08-01
catboost_cal,2016-10-01,7426.0,6758.342999332373,22,1,2016-09-01
catboost_cal,2016-11-01,6700.0,6591.233630672507,22,2,2016-09-01
catboost_cal,2016-12-01,6994.0,6599.3223581652865,22,3,2016-09-01
catboost_cal,2017-01-01,6788.0,6639.346569064894,22,4,2016-09-01
catboost_cal,2017-02-01,6271.0,6634.743862179666,22,5,2016-09-01
catboost_cal,2017-03-01,6794.0,6953.821698996881,22,6,2016-09-01
catboost_cal,2016-11-01,6700.0,6925.289806619318,23,1,2016-10-01
catboost_cal,2016-12-01,6994.0,6851.417266164438,23,2,2016-10-01
catboost_cal,2017-01-01,6788.0,6835.907999323539,23,3,2016-10-01
catboost_cal,2017-02-01,6271.0,6850.12812770964,23,4,2016-10-01
catboost_cal,2017-03-01,6794.0,7172.986309537596,23,5,2016-10-01
catboost_cal,2017-04-01,6884.0,7335.590184263149,23,6,2016-10-01
catboost_cal,2016-12-01,6994.0,6737.050123046358,24,1,2016-11-01
catboost_cal,2017-01-01,6788.0,6735.7237612516265,24,2,2016-11-01
catboost_cal,2017-02-01,6271.0,6809.942623733795,24,3,2016-11-01
catboost_cal,2017-03-01,6794.0,7121.321952633278,24,4,2016-11-01
catboost_cal,2017-04-01,6884.0,7312.205575504729,24,5,2016-11-01
catboost_cal,2017-05-01,7651.0,8083.289788150252,24,6,2016-11-01
catboost_cal,2017-01-01,6788.0,6744.547592695054,25,1,2016-12-01
catboost_cal,2017-02-01,6271.0,6904.057194106317,25,2,2016-12-01
catboost_cal,2017-03-01,6794.0,7191.913450646374,25,3,2016-12-01
catboost_cal,2017-04-01,6884.0,7412.34275690591,25,4,2016-12-01
catboost_cal,2017-05-01,7651.0,7992.437168452511,25,5,2016-12-01
catboost_cal,2017-06-01,8009.0,8273.485375881224,25,6,2016-12-01
catboost_cal,2017-02-01,6271.0,6854.185532570821,26,1,2017-01-01
catboost_cal,2017-03-01,6794.0,7177.423152724317,26,2,2017-01-01
catboost_cal,2017-04-01,6884.0,7415.3841256865435,26,3,2017-01-01
catboost_cal,2017-05-01,7651.0,8032.347011499725,26,4,2017-01-01
catboost_cal,2017-06-01,8009.0,8251.90508060286,26,5,2017-01-01
catboost_cal,2017-07-01,8694.0,8303.4512774281,26,6,2017-01-01
catboost_cal,2017-03-01,6794.0,7043.108513347346,27,1,2017-02-01
catboost_cal,2017-04-01,6884.0,7317.349739934283,27,2,2017-02-01
catboost_cal,2017-05-01,7651.0,7710.30272124567,27,3,2017-02-01
catboost_cal,2017-06-01,8009.0,8167.091594341833,27,4,2017-02-01
catboost_cal,2017-07-01,8694.0,8160.491124564148,27,5,2017-02-01
catboost_cal,2017-08-01,8130.0,7878.832184681424,27,6,2017-02-01
catboost_cal,2017-04-01,6884.0,7298.008442207803,28,1,2017-03-01
catboost_cal,2017-05-01,7651.0,7695.594645821819,28,2,2017-03-01
catboost_cal,2017-06-01,8009.0,8182.297077282806,28,3,2017-03-01
catboost_cal,2017-07-01,8694.0,8180.529508082465,28,4,2017-03-01
catboost_cal,2017-08-01,8130.0,7814.3518290514485,28,5,2017-03-01
catboost_cal,2017-09-01,7446.0,7532.279150926417,28,6,2017-03-01
catboost_cal,2017-05-01,7651.0,7592.981390599524,29,1,2017-04-01
catboost_cal,2017-06-01,8009.0,7971.670979491606,29,2,2017-04-01
catboost_cal,2017-07-01,8694.0,7950.037512391416,29,3,2017-04-01
catboost_cal,2017-08-01,8130.0,7787.133978423362,29,4,2017-04-01
catboost_cal,2017-09-01,7446.0,7579.458890446611,29,5,2017-04-01
catboost_cal,2017-10-01,7282.0,7301.810411685891,29,6,2017-04-01
catboost_cal,2017-06-01,8009.0,8036.364364081141,30,1,2017-05-01
catboost_cal,2017-07-01,8694.0,8018.060428767755,30,2,2017-05-01
catboost_cal,2017-08-01,8130.0,7795.754909688655,30,3,2017-05-01
catboost_cal,2017-09-01,7446.0,7578.613893492292,30,4,2017-05-01
catboost_cal,2017-10-01,7282.0,7356.196812039731,30,5,2017-05-01
catboost_cal,2017-11-01,6830.0,6981.0954144237885,30,6,2017-05-01
catboost_cal,2017-07-01,8694.0,8077.421906233664,31,1,2017-06-01
catboost_cal,2017-08-01,8130.0,7823.288853497515,31,2,2017-06-01
catboost_cal,2017-09-01,7446.0,7608.304697736146,31,3,2017-06-01
catboost_cal,2017-10-01,7282.0,7267.532108516969,31,4,2017-06-01
catboost_cal,2017-11-01,6830.0,6924.7415251969,31,5,2017-06-01
catboost_cal,2017-12-01,6946.0,6861.2189210906345,31,6,2017-06-01
catboost_cal,2017-08-01,8130.0,7919.323692339657,32,1,2017-07-01
catboost_cal,2017-09-01,7446.0,7548.491170217934,32,2,2017-07-01
catboost_cal,2017-10-01,7282.0,7334.392167794423,32,3,2017-07-01
catboost_cal,2017-11-01,6830.0,7105.284943352133,32,4,2017-07-01
catboost_cal,2017-12-01,6946.0,6854.119447720554,32,5,2017-07-01
catboost_cal,2018-01-01,6886.0,6738.426104091616,32,6,2017-07-01
catboost_cal,2017-09-01,7446.0,7640.343229457315,33,1,2017-08-01
catboost_cal,2017-10-01,7282.0,7366.62285443899,33,2,2017-08-01
catboost_cal,2017-11-01,6830.0,7149.31674903836,33,3,2017-08-01
catboost_cal,2017-12-01,6946.0,6865.57367269851,33,4,2017-08-01
catboost_cal,2018-01-01,6886.0,6770.474129024819,33,5,2017-08-01
catboost_cal,2018-02-01,5960.0,6567.912523539818,33,6,2017-08-01
catboost_cal,2017-10-01,7282.0,7375.845648127526,34,1,2017-09-01
catboost_cal,2017-11-01,6830.0,7067.054712830824,34,2,2017-09-01
catboost_cal,2017-12-01,6946.0,6891.346302048968,34,3,2017-09-01
catboost_cal,2018-01-01,6886.0,6722.186368827326,34,4,2017-09-01
catboost_cal,2018-02-01,5960.0,6494.688701238306,34,5,2017-09-01
catboost_cal,2018-03-01,6930.0,6556.999090381015,34,6,2017-09-01
catboost_cal,2017-11-01,6830.0,7194.293542357921,35,1,2017-10-01
catboost_cal,2017-12-01,6946.0,6845.392674877573,35,2,2017-10-01
catboost_cal,2018-01-01,6886.0,6757.309913772901,35,3,2017-10-01
catboost_cal,2018-02-01,5960.0,6509.972582621019,35,4,2017-10-01
catboost_cal,2018-03-01,6930.0,6554.275679698563,35,5,2017-10-01
catboost_cal,2018-04-01,6769.0,6986.473837103939,35,6,2017-10-01
catboost_cal,2017-12-01,6946.0,6792.794679286119,36,1,2017-11-01
catboost_cal,2018-01-01,6886.0,6712.032839310333,36,2,2017-11-01
catboost_cal,2018-02-01,5960.0,6476.667018139755,36,3,2017-11-01
catboost_cal,2018-03-01,6930.0,6613.354186105889,36,4,2017-11-01
catboost_cal,2018-04-01,6769.0,6875.856991195077,36,5,2017-11-01
catboost_cal,2018-05-01,7511.0,7691.505190632503,36,6,2017-11-01
catboost_cal,2018-01-01,6886.0,6775.2435475982375,37,1,2017-12-01
catboost_cal,2018-02-01,5960.0,6502.445496730661,37,2,2017-12-01
catboost_cal,2018-03-01,6930.0,6681.305391682101,37,3,2017-12-01
catboost_cal,2018-04-01,6769.0,7025.627901831972,37,4,2017-12-01
catboost_cal,2018-05-01,7511.0,7762.009042654308,37,5,2017-12-01
catboost_cal,2018-06-01,8057.0,8098.193274736721,37,6,2017-12-01
catboost_cal,2018-02-01,5960.0,6501.748142133103,38,1,2018-01-01
catboost_cal,2018-03-01,6930.0,6685.237589730782,38,2,2018-01-01
catboost_cal,2018-04-01,6769.0,7044.014949663933,38,3,2018-01-01
catboost_cal,2018-05-01,7511.0,7781.063235135786,38,4,2018-01-01
catboost_cal,2018-06-01,8057.0,8102.142227278405,38,5,2018-01-01
catboost_cal,2018-07-01,8175.0,8467.767647369157,38,6,2018-01-01
catboost_cal,2018-03-01,6930.0,6544.142614732054,39,1,2018-02-01
catboost_cal,2018-04-01,6769.0,6936.0936869963625,39,2,2018-02-01
catboost_cal,2018-05-01,7511.0,7741.099812290014,39,3,2018-02-01
catboost_cal,2018-06-01,8057.0,7974.502900902217,39,4,2018-02-01
catboost_cal,2018-07-01,8175.0,8336.939741795508,39,5,2018-02-01
catboost_cal,2018-08-01,8328.0,7968.588095180321,39,6,2018-02-01
catboost_cal,2018-04-01,6769.0,6934.0708822856495,40,1,2018-03-01
catboost_cal,2018-05-01,7511.0,7763.7895879878,40,2,2018-03-01
catboost_cal,2018-06-01,8057.0,8172.930868531852,40,3,2018-03-01
catboost_cal,2018-07-01,8175.0,8475.213676608562,40,4,2018-03-01
catboost_cal,2018-08-01,8328.0,7937.6180180278125,40,5,2018-03-01
catboost_cal,2018-09-01,7325.0,7539.465705082371,40,6,2018-03-01
catboost_cal,2018-05-01,7511.0,7731.351758540567,41,1,2018-04-01
catboost_cal,2018-06-01,8057.0,8166.506200540618,41,2,2018-04-01
catboost_cal,2018-07-01,8175.0,8430.59053870097,41,3,2018-04-01
catboost_cal,2018-08-01,8328.0,8055.9060661948815,41,4,2018-04-01
catboost_cal,2018-09-01,7325.0,7587.120724114764,41,5,2018-04-01
catboost_cal,2018-10-01,7202.0,7196.594326456124,41,6,2018-04-01
catboost_cal,2018-06-01,8057.0,8046.974830216696,42,1,2018-05-01
catboost_cal,2018-07-01,8175.0,8376.09764956165,42,2,2018-05-01
catboost_cal,2018-08-01,8328.0,7985.385183754845,42,3,2018-05-01
catboost_cal,2018-09-01,7325.0,7530.154484698704,42,4,2018-05-01
catboost_cal,2018-10-01,7202.0,7292.249551262249,42,5,2018-05-01
catboost_cal,2018-11-01,7161.0,6928.368359753957,42,6,2018-05-01
catboost_cal,2018-07-01,8175.0,8389.37398595106,43,1,2018-06-01
catboost_cal,2018-08-01,8328.0,8022.058718706782,43,2,2018-06-01
catboost_cal,2018-09-01,7325.0,7507.777226475897,43,3,2018-06-01
catboost_cal,2018-10-01,7202.0,7266.765602103722,43,4,2018-06-01
catboost_cal,2018-11-01,7161.0,6894.589927480594,43,5,2018-06-01
catboost_cal,2018-12-01,7409.0,6899.289234751718,43,6,2018-06-01
catboost_cal,2018-08-01,8328.0,8004.0076257619785,44,1,2018-07-01
catboost_cal,2018-09-01,7325.0,7495.066188878745,44,2,2018-07-01
catboost_cal,2018-10-01,7202.0,7228.638207532157,44,3,2018-07-01
catboost_cal,2018-11-01,7161.0,6842.571873852756,44,4,2018-07-01
catboost_cal,2018-12-01,7409.0,6886.893060885549,44,5,2018-07-01
catboost_cal,2019-01-01,7117.0,6795.199643574554,44,6,2018-07-01
catboost_cal,2018-09-01,7325.0,7536.592325950233,45,1,2018-08-01
catboost_cal,2018-10-01,7202.0,7262.804437316862,45,2,2018-08-01
catboost_cal,2018-11-01,7161.0,6886.330419923579,45,3,2018-08-01
catboost_cal,2018-12-01,7409.0,6881.714915066848,45,4,2018-08-01
catboost_cal,2019-01-01,7117.0,6794.933825442665,45,5,2018-08-01
catboost_cal,2019-02-01,6307.0,6221.893356604688,45,6,2018-08-01
catboost_cal,2018-10-01,7202.0,7285.133413017112,46,1,2018-09-01
catboost_cal,2018-11-01,7161.0,6891.589829158664,46,2,2018-09-01
catboost_cal,2018-12-01,7409.0,6890.041729585511,46,3,2018-09-01
catboost_cal,2019-01-01,7117.0,6811.906259157962,46,4,2018-09-01
catboost_cal,2019-02-01,6307.0,6216.234086785916,46,5,2018-09-01
catboost_cal,2019-03-01,7067.0,6609.767243737251,46,6,2018-09-01
catboost_cal,2018-11-01,7161.0,6928.375868960676,47,1,2018-10-01
catboost_cal,2018-12-01,7409.0,6870.671474481401,47,2,2018-10-01
catboost_cal,2019-01-01,7117.0,6811.502153873425,47,3,2018-10-01
catboost_cal,2019-02-01,6307.0,6238.8992486464995,47,4,2018-10-01
catboost_cal,2019-03-01,7067.0,6574.929698516741,47,5,2018-10-01
catboost_cal,2019-04-01,7108.0,6762.216434804931,47,6,2018-10-01
catboost_cal,2018-12-01,7409.0,6903.4851569604,48,1,2018-11-01
catboost_cal,2019-01-01,7117.0,6846.344634445584,48,2,2018-11-01
catboost_cal,2019-02-01,6307.0,6305.2334379948425,48,3,2018-11-01
catboost_cal,2019-03-01,7067.0,6636.854201804176,48,4,2018-11-01
catboost_cal,2019-04-01,7108.0,6820.233199205083,48,5,2018-11-01
catboost_cal,2019-05-01,7776.0,7517.545366289141,48,6,2018-11-01
catboost_cal,2019-01-01,7117.0,6975.486418135773,49,1,2018-12-01
catboost_cal,2019-02-01,6307.0,6525.46402735564,49,2,2018-12-01
catboost_cal,2019-03-01,7067.0,6729.49745714774,49,3,2018-12-01
catboost_cal,2019-04-01,7108.0,6772.438439096048,49,4,2018-12-01
catboost_cal,2019-05-01,7776.0,7547.841845553971,49,5,2018-12-01
catboost_cal,2019-06-01,8274.0,7938.889300636568,49,6,2018-12-01
catboost_cal,2019-02-01,6307.0,6502.647618461756,50,1,2019-01-01
catboost_cal,2019-03-01,7067.0,6784.207987978817,50,2,2019-01-01
catboost_cal,2019-04-01,7108.0,6888.471381097267,50,3,2019-01-01
catboost_cal,2019-05-01,7776.0,7505.359653144893,50,4,2019-01-01
catboost_cal,2019-06-01,8274.0,8037.916637237896,50,5,2019-01-01
catboost_cal,2019-07-01,8919.0,8291.345606085126,50,6,2019-01-01
catboost_cal,2019-03-01,7067.0,6811.4923744656035,51,1,2019-02-01
catboost_cal,2019-04-01,7108.0,6927.160704178077,51,2,2019-02-01
catboost_cal,2019-05-01,7776.0,7499.3989831307435,51,3,2019-02-01
catboost_cal,2019-06-01,8274.0,8057.54476069188,51,4,2019-02-01
catboost_cal,2019-07-01,8919.0,8347.871128478091,51,5,2019-02-01
catboost_cal,2019-08-01,8180.0,8125.866024521807,51,6,2019-02-01
catboost_cal,2019-04-01,7108.0,6920.657096247262,52,1,2019-03-01
catboost_cal,2019-05-01,7776.0,7599.335467286443,52,2,2019-03-01
catboost_cal,2019-06-01,8274.0,8095.131669027616,52,3,2019-03-01
catboost_cal,2019-07-01,8919.0,8259.400421904573,52,4,2019-03-01
catboost_cal,2019-08-01,8180.0,8139.924409459246,52,5,2019-03-01
catboost_cal,2019-09-01,7664.0,7496.609523482864,52,6,2019-03-01
catboost_cal,2019-05-01,7776.0,7563.74973385175,53,1,2019-04-01
catboost_cal,2019-06-01,8274.0,8139.43202733784,53,2,2019-04-01
catboost_cal,2019-07-01,8919.0,8302.466257311344,53,3,2019-04-01
catboost_cal,2019-08-01,8180.0,8044.429126799045,53,4,2019-04-01
catboost_cal,2019-09-01,7664.0,7587.206244727786,53,5,2019-04-01
catboost_cal,2019-10-01,7254.0,7522.65418669225,53,6,2019-04-01
catboost_cal,2019-06-01,8274.0,8178.894568588495,54,1,2019-05-01
catboost_cal,2019-07-01,8919.0,8278.134187174874,54,2,2019-05-01
catboost_cal,2019-08-01,8180.0,8044.17420428202,54,3,2019-05-01
catboost_cal,2019-09-01,7664.0,7596.043634728761,54,4,2019-05-01
catboost_cal,2019-10-01,7254.0,7526.092795005932,54,5,2019-05-01
catboost_cal,2019-11-01,6785.0,7252.483069387438,54,6,2019-05-01
catboost_cal,2019-07-01,8919.0,8335.913480487045,55,1,2019-06-01
catboost_cal,2019-08-01,8180.0,8054.918822149389,55,2,2019-06-01
catboost_cal,2019-09-01,7664.0,7544.163599331226,55,3,2019-06-01
catboost_cal,2019-10-01,7254.0,7532.962907177199,55,4,2019-06-01
catboost_cal,2019-11-01,6785.0,7256.988921847001,55,5,2019-06-01
catboost_cal,2019-12-01,6987.0,7276.395477988828,55,6,2019-06-01
catboost_cal,2019-08-01,8180.0,8065.835176303711,56,1,2019-07-01
catboost_cal,2019-09-01,7664.0,7602.3177564967855,56,2,2019-07-01
catboost_cal,2019-10-01,7254.0,7679.393202937936,56,3,2019-07-01
catboost_cal,2019-11-01,6785.0,7384.780594449486,56,4,2019-07-01
catboost_cal,2019-12-01,6987.0,7384.60854263737,56,5,2019-07-01
catboost_cal,2020-01-01,7194.0,7101.506644647541,56,6,2019-07-01
catboost_cal,2019-09-01,7664.0,7667.44870500559,57,1,2019-08-01
catboost_cal,2019-10-01,7254.0,7684.737821057557,57,2,2019-08-01
catboost_cal,2019-11-01,6785.0,7466.484923784123,57,3,2019-08-01
catboost_cal,2019-12-01,6987.0,7430.168460395278,57,4,2019-08-01
catboost_cal,2020-01-01,7194.0,7083.161006140715,57,5,2019-08-01
catboost_cal,2020-02-01,6848.0,6510.305630010994,57,6,2019-08-01
catboost_cal,2019-10-01,7254.0,7602.427339343298,58,1,2019-09-01
catboost_cal,2019-11-01,6785.0,7501.975587298761,58,2,2019-09-01
catboost_cal,2019-12-01,6987.0,7321.211118911476,58,3,2019-09-01
catboost_cal,2020-01-01,7194.0,7112.758426509836,58,4,2019-09-01
catboost_cal,2020-02-01,6848.0,6461.238074362536,58,5,2019-09-01
catboost_cal,2020-03-01,7324.0,7070.80659490011,58,6,2019-09-01
catboost_cal,2019-11-01,6785.0,7449.614015300798,59,1,2019-10-01
catboost_cal,2019-12-01,6987.0,7383.358361878806,59,2,2019-10-01
catboost_cal,2020-01-01,7194.0,7122.655710977076,59,3,2019-10-01
catboost_cal,2020-02-01,6848.0,6484.5051787183975,59,4,2019-10-01
catboost_cal,2020-03-01,7324.0,7050.198065921537,59,5,2019-10-01
catboost_cal,2020-04-01,5978.0,7034.1066825795315,59,6,2019-10-01
catboost_cal,2019-12-01,6987.0,7267.407047180071,60,1,2019-11-01
catboost_cal,2020-01-01,7194.0,6983.253806749765,60,2,2019-11-01
catboost_cal,2020-02-01,6848.0,6318.284721059552,60,3,2019-11-01
catboost_cal,2020-03-01,7324.0,7033.765824699206,60,4,2019-11-01
catboost_cal,2020-04-01,5978.0,6983.681517679873,60,5,2019-11-01
catboost_cal,2020-05-01,7062.0,7712.290960649756,60,6,2019-11-01
catboost_cal,2020-01-01,7194.0,6833.272406802435,61,1,2019-12-01
catboost_cal,2020-02-01,6848.0,6229.89071217578,61,2,2019-12-01
catboost_cal,2020-03-01,7324.0,6820.093037932866,61,3,2019-12-01
catboost_cal,2020-04-01,5978.0,6884.281685883561,61,4,2019-12-01
catboost_cal,2020-05-01,7062.0,7620.159870577628,61,5,2019-12-01
catboost_cal,2020-06-01,6948.0,8077.206940725489,61,6,2019-12-01
catboost_cal,2020-02-01,6848.0,6232.041051019303,62,1,2020-01-01
catboost_cal,2020-03-01,7324.0,6934.67728407716,62,2,2020-01-01
catboost_cal,2020-04-01,5978.0,7030.422660274179,62,3,2020-01-01
catboost_cal,2020-05-01,7062.0,7710.596925648211,62,4,2020-01-01
catboost_cal,2020-06-01,6948.0,8140.717888718576,62,5,2020-01-01
catboost_cal,2020-07-01,7392.0,8484.778897197242,62,6,2020-01-01
catboost_cal,2020-03-01,7324.0,6992.1440335145235,63,1,2020-02-01
catboost_cal,2020-04-01,5978.0,7131.805344945017,63,2,2020-02-01
catboost_cal,2020-05-01,7062.0,7850.4783794662635,63,3,2020-02-01
catboost_cal,2020-06-01,6948.0,8287.981240814885,63,4,2020-02-01
catboost_cal,2020-07-01,7392.0,8634.930832821863,63,5,2020-02-01
catboost_cal,2020-08-01,7678.0,8222.085219251896,63,6,2020-02-01
catboost_cal,2020-04-01,5978.0,7284.613405642107,64,1,2020-03-01
catboost_cal,2020-05-01,7062.0,7925.181291000492,64,2,2020-03-01
catboost_cal,2020-06-01,6948.0,8453.77639357035,64,3,2020-03-01
catboost_cal,2020-07-01,7392.0,8570.6866430697,64,4,2020-03-01
catboost_cal,2020-08-01,7678.0,7992.692545581658,64,5,2020-03-01
catboost_cal,2020-09-01,7005.0,7558.606887146533,64,6,2020-03-01
catboost_cal,2020-05-01,7062.0,7755.210637847625,65,1,2020-04-01
catboost_cal,2020-06-01,6948.0,8199.820110285327,65,2,2020-04-01
catboost_cal,2020-07-01,7392.0,8288.150745596087,65,3,2020-04-01
catboost_cal,2020-08-01,7678.0,7995.582530835951,65,4,2020-04-01
catboost_cal,2020-09-01,7005.0,7615.424477062613,65,5,2020-04-01
catboost_cal,2020-10-01,7385.0,7172.335616017435,65,6,2020-04-01
catboost_cal,2020-06-01,6948.0,7960.102924427271,66,1,2020-05-01
catboost_cal,2020-07-01,7392.0,8259.265974338432,66,2,2020-05-01
catboost_cal,2020-08-01,7678.0,8105.177099362503,66,3,2020-05-01
catboost_cal,2020-09-01,7005.0,7714.677299278082,66,4,2020-05-01
catboost_cal,2020-10-01,7385.0,7218.574230128587,66,5,2020-05-01
catboost_cal,2020-11-01,6872.0,6918.815992022905,66,6,2020-05-01
catboost_cal,2020-07-01,7392.0,7902.798917920174,67,1,2020-06-01
catboost_cal,2020-08-01,7678.0,7971.894857847928,67,2,2020-06-01
catboost_cal,2020-09-01,7005.0,7729.249006296588,67,3,2020-06-01
catboost_cal,2020-10-01,7385.0,7221.018096086688,67,4,2020-06-01
catboost_cal,2020-11-01,6872.0,6869.985347570291,67,5,2020-06-01
catboost_cal,2020-12-01,6781.0,7049.935360167671,67,6,2020-06-01
catboost_cal,2020-08-01,7678.0,7802.152499387535,68,1,2020-07-01
catboost_cal,2020-09-01,7005.0,7674.149015283185,68,2,2020-07-01
catboost_cal,2020-10-01,7385.0,7315.013989109564,68,3,2020-07-01
catboost_cal,2020-11-01,6872.0,6939.815934770246,68,4,2020-07-01
catboost_cal,2020-12-01,6781.0,7015.497052539162,68,5,2020-07-01
catboost_cal,2021-01-01,6917.0,7108.2538464321915,68,6,2020-07-01
catboost_cal,2020-09-01,7005.0,7621.53777590999,69,1,2020-08-01
catboost_cal,2020-10-01,7385.0,7242.955911013472,69,2,2020-08-01
catboost_cal,2020-11-01,6872.0,6878.14843489866,69,3,2020-08-01
catboost_cal,2020-12-01,6781.0,6943.662746228558,69,4,2020-08-01
catboost_cal,2021-01-01,6917.0,7005.641522027479,69,5,2020-08-01
catboost_cal,2021-02-01,6217.0,6914.474279735095,69,6,2020-08-01
catboost_cal,2020-10-01,7385.0,7050.594620370553,70,1,2020-09-01
catboost_cal,2020-11-01,6872.0,6828.092969199647,70,2,2020-09-01
catboost_cal,2020-12-01,6781.0,7024.145720415708,70,3,2020-09-01
catboost_cal,2021-01-01,6917.0,6950.199546888895,70,4,2020-09-01
catboost_cal,2021-02-01,6217.0,6728.963511573111,70,5,2020-09-01
catboost_cal,2021-03-01,7569.0,6958.528736332062,70,6,2020-09-01
catboost_cal,2020-11-01,6872.0,6904.8855916548555,71,1,2020-10-01
catboost_cal,2020-12-01,6781.0,7049.785198012759,71,2,2020-10-01
catboost_cal,2021-01-01,6917.0,7109.121073057476,71,3,2020-10-01
catboost_cal,2021-02-01,6217.0,6812.253087772628,71,4,2020-10-01
catboost_cal,2021-03-01,7569.0,7031.796889015088,71,5,2020-10-01
catboost_cal,2021-04-01,6917.0,6558.449032672837,71,6,2020-10-01
catboost_cal,2020-12-01,6781.0,6996.464231061169,72,1,2020-11-01
catboost_cal,2021-01-01,6917.0,7135.17064665485,72,2,2020-11-01
catboost_cal,2021-02-01,6217.0,6852.786508659122,72,3,2020-11-01
catboost_cal,2021-03-01,7569.0,6999.428284050874,72,4,2020-11-01
catboost_cal,2021-04-01,6917.0,6532.344792334695,72,5,2020-11-01
catboost_cal,2021-05-01,8253.0,7089.025500672879,72,6,2020-11-01
catboost_cal,2021-01-01,6917.0,6979.749484848243,73,1,2020-12-01
catboost_cal,2021-02-01,6217.0,6855.649536564823,73,2,2020-12-01
catboost_cal,2021-03-01,7569.0,6978.982223113035,73,3,2020-12-01
catboost_cal,2021-04-01,6917.0,6621.68099746316,73,4,2020-12-01
catboost_cal,2021-05-01,8253.0,7201.9707629361465,73,5,2020-12-01
catboost_cal,2021-06-01,8153.0,7379.736292785328,73,6,2020-12-01
catboost_cal,2021-02-01,6217.0,6726.480503174201,74,1,2021-01-01
catboost_cal,2021-03-01,7569.0,6905.993641344015,74,2,2021-01-01
catboost_cal,2021-04-01,6917.0,6490.7587102447715,74,3,2021-01-01
catboost_cal,2021-05-01,8253.0,7150.258501648303,74,4,2021-01-01
catboost_cal,2021-06-01,8153.0,7427.601306963263,74,5,2021-01-01
catboost_cal,2021-07-01,9251.0,7652.007512938486,74,6,2021-01-01
catboost_cal,2021-03-01,7569.0,6917.179493213188,75,1,2021-02-01
catboost_cal,2021-04-01,6917.0,6483.456392462742,75,2,2021-02-01
catboost_cal,2021-05-01,8253.0,7141.197214640946,75,3,2021-02-01
catboost_cal,2021-06-01,8153.0,7432.752591058243,75,4,2021-02-01
catboost_cal,2021-07-01,9251.0,7763.69476405375,75,5,2021-02-01
catboost_cal,2021-08-01,8830.0,7919.616801041356,75,6,2021-02-01
catboost_cal,2021-04-01,6917.0,6584.661582972327,76,1,2021-03-01
catboost_cal,2021-05-01,8253.0,7199.967227881483,76,2,2021-03-01
catboost_cal,2021-06-01,8153.0,7466.929012654364,76,3,2021-03-01
catboost_cal,2021-07-01,9251.0,7753.757477814359,76,4,2021-03-01
catboost_cal,2021-08-01,8830.0,7790.1825090528555,76,5,2021-03-01
catboost_cal,2021-09-01,7512.0,7152.908282937525,76,6,2021-03-01
catboost_cal,2021-05-01,8253.0,7225.731799364214,77,1,2021-04-01
catboost_cal,2021-06-01,8153.0,7515.147652784335,77,2,2021-04-01
catboost_cal,2021-07-01,9251.0,7781.28375561647,77,3,2021-04-01
catboost_cal,2021-08-01,8830.0,7735.775032969115,77,4,2021-04-01
catboost_cal,2021-09-01,7512.0,7257.728938429293,77,5,2021-04-01
catboost_cal,2021-10-01,7656.0,7231.703793434438,77,6,2021-04-01
catboost_cal,2021-06-01,8153.0,7879.218776466327,78,1,2021-05-01
catboost_cal,2021-07-01,9251.0,8077.255144177221,78,2,2021-05-01
catboost_cal,2021-08-01,8830.0,7808.014152907641,78,3,2021-05-01
catboost_cal,2021-09-01,7512.0,7202.854247345766,78,4,2021-05-01
catboost_cal,2021-10-01,7656.0,7284.481486308946,78,5,2021-05-01
catboost_cal,2021-11-01,7603.0,6881.772759923431,78,6,2021-05-01
catboost_cal,2021-07-01,9251.0,8055.728574351238,79,1,2021-06-01
catboost_cal,2021-08-01,8830.0,7885.120632018655,79,2,2021-06-01
catboost_cal,2021-09-01,7512.0,7181.4757369155595,79,3,2021-06-01
catboost_cal,2021-10-01,7656.0,7275.419029457893,79,4,2021-06-01
catboost_cal,2021-11-01,7603.0,6848.16974387924,79,5,2021-06-01
catboost_cal,2021-12-01,8237.0,6866.269424911149,79,6,2021-06-01
catboost_cal,2021-08-01,8830.0,7913.94448060226,80,1,2021-07-01
catboost_cal,2021-09-01,7512.0,7279.454646011503,80,2,2021-07-01
catboost_cal,2021-10-01,7656.0,7347.170243438442,80,3,2021-07-01
catboost_cal,2021-11-01,7603.0,6921.141082979013,80,4,2021-07-01
catboost_cal,2021-12-01,8237.0,6899.500422142364,80,5,2021-07-01
catboost_cal,2022-01-01,9582.0,7074.78157647761,80,6,2021-07-01
catboost_cal,2021-09-01,7512.0,7421.278802579974,81,1,2021-08-01
catboost_cal,2021-10-01,7656.0,7355.101264296339,81,2,2021-08-01
catboost_cal,2021-11-01,7603.0,7080.842010716058,81,3,2021-08-01
catboost_cal,2021-12-01,8237.0,6925.691150911078,81,4,2021-08-01
catboost_cal,2022-01-01,9582.0,7122.8169702238565,81,5,2021-08-01
catboost_cal,2022-02-01,7227.0,6395.889168703556,81,6,2021-08-01
catboost_cal,2021-10-01,7656.0,7351.499268556462,82,1,2021-09-01
catboost_cal,2021-11-01,7603.0,6970.256416655483,82,2,2021-09-01
catboost_cal,2021-12-01,8237.0,7013.365682397078,82,3,2021-09-01
catboost_cal,2022-01-01,9582.0,7134.071011915165,82,4,2021-09-01
catboost_cal,2022-02-01,7227.0,6591.589921892482,82,5,2021-09-01
catboost_cal,2022-03-01,7504.0,7098.657486484502,82,6,2021-09-01
catboost_cal,2021-11-01,7603.0,7140.053583523238,83,1,2021-10-01
catboost_cal,2021-12-01,8237.0,7053.9516220814185,83,2,2021-10-01
catboost_cal,2022-01-01,9582.0,7140.701636687892,83,3,2021-10-01
catboost_cal,2022-02-01,7227.0,6583.735040176054,83,4,2021-10-01
catboost_cal,2022-03-01,7504.0,7194.2854006782645,83,5,2021-10-01
catboost_cal,2022-04-01,7589.0,6512.020367547387,83,6,2021-10-01
catboost_cal,2021-12-01,8237.0,7156.3323846181875,84,1,2021-11-01
catboost_cal,2022-01-01,9582.0,7252.401951602492,84,2,2021-11-01
catboost_cal,2022-02-01,7227.0,6652.149062920989,84,3,2021-11-01
catboost_cal,2022-03-01,7504.0,7129.7597826125875,84,4,2021-11-01
catboost_cal,2022-04-01,7589.0,6500.055649250948,84,5,2021-11-01
catboost_cal,2022-05-01,8846.0,7191.548246307856,84,6,2021-11-01
catboost_cal,2022-01-01,9582.0,7784.6629302093625,85,1,2021-12-01
catboost_cal,2022-02-01,7227.0,7234.213846653134,85,2,2021-12-01
catboost_cal,2022-03-01,7504.0,7271.4232954642475,85,3,2021-12-01
catboost_cal,2022-04-01,7589.0,6599.726814139165,85,4,2021-12-01
catboost_cal,2022-05-01,8846.0,7187.193782743691,85,5,2021-12-01
catboost_cal,2022-06-01,9057.0,7238.363337291996,85,6,2021-12-01
catboost_cal,2022-02-01,7227.0,7827.793034040849,86,1,2022-01-01
catboost_cal,2022-03-01,7504.0,7762.847056008947,86,2,2022-01-01
catboost_cal,2022-04-01,7589.0,7076.726223042751,86,3,2022-01-01
catboost_cal,2022-05-01,8846.0,7412.481156976371,86,4,2022-01-01
catboost_cal,2022-06-01,9057.0,7471.12449553018,86,5,2022-01-01
catboost_cal,2022-07-01,8699.0,8040.109482868111,86,6,2022-01-01
catboost_cal,2022-03-01,7504.0,7279.889056030322,87,1,2022-02-01
catboost_cal,2022-04-01,7589.0,6719.117653285836,87,2,2022-02-01
catboost_cal,2022-05-01,8846.0,7157.203017465366,87,3,2022-02-01
catboost_cal,2022-06-01,9057.0,7330.117181449124,87,4,2022-02-01
catboost_cal,2022-07-01,8699.0,7729.160660114558,87,5,2022-02-01
catboost_cal,2022-08-01,8834.0,7847.05366699757,87,6,2022-02-01
catboost_cal,2022-04-01,7589.0,6738.840656718931,88,1,2022-03-01
catboost_cal,2022-05-01,8846.0,7385.020836706578,88,2,2022-03-01
catboost_cal,2022-06-01,9057.0,7365.832071475228,88,3,2022-03-01
catboost_cal,2022-07-01,8699.0,7715.598528513196,88,4,2022-03-01
catboost_cal,2022-08-01,8834.0,7745.592347641459,88,5,2022-03-01
catboost_cal,2022-09-01,8228.0,7574.561442429212,88,6,2022-03-01
catboost_cal,2022-05-01,8846.0,7732.509832886526,89,1,2022-04-01
catboost_cal,2022-06-01,9057.0,8169.64346731261,89,2,2022-04-01
catboost_cal,2022-07-01,8699.0,8742.97304133422,89,3,2022-04-01
catboost_cal,2022-08-01,8834.0,8258.321666071657,89,4,2022-04-01
catboost_cal,2022-09-01,8228.0,7980.316003576853,89,5,2022-04-01
catboost_cal,2022-10-01,8388.0,7676.629540034153,89,6,2022-04-01
catboost_cal,2022-06-01,9057.0,8598.806705049288,90,1,2022-05-01
catboost_cal,2022-07-01,8699.0,8779.677168148659,90,2,2022-05-01
catboost_cal,2022-08-01,8834.0,8310.690029912526,90,3,2022-05-01
catboost_cal,2022-09-01,8228.0,8067.083475945276,90,4,2022-05-01
catboost_cal,2022-10-01,8388.0,7769.032994815952,90,5,2022-05-01
catboost_cal,2022-11-01,7588.0,8168.1854558893565,90,6,2022-05-01
catboost_cal,2022-07-01,8699.0,8996.407670071047,91,1,2022-06-01
catboost_cal,2022-08-01,8834.0,8329.56854396862,91,2,2022-06-01
catboost_cal,2022-09-01,8228.0,8126.558213580992,91,3,2022-06-01
catboost_cal,2022-10-01,8388.0,7954.112222044774,91,4,2022-06-01
catboost_cal,2022-11-01,7588.0,8333.24030187834,91,5,2022-06-01
catboost_cal,2022-12-01,7850.0,8443.417679722219,91,6,2022-06-01
catboost_cal,2022-08-01,8834.0,8259.246082198872,92,1,2022-07-01
catboost_cal,2022-09-01,8228.0,8091.269041364352,92,2,2022-07-01
catboost_cal,2022-10-01,8388.0,7944.672066521819,92,3,2022-07-01
catboost_cal,2022-11-01,7588.0,8291.653829413157,92,4,2022-07-01
catboost_cal,2022-12-01,7850.0,8401.704284043359,92,5,2022-07-01
catboost_cal,2023-01-01,7563.0,8578.237589448116,92,6,2022-07-01
catboost_cal,2022-09-01,8228.0,8241.945620522092,93,1,2022-08-01
catboost_cal,2022-10-01,8388.0,8190.153952126946,93,2,2022-08-01
catboost_cal,2022-11-01,7588.0,8605.22305617784,93,3,2022-08-01
catboost_cal,2022-12-01,7850.0,8486.94952540859,93,4,2022-08-01
catboost_cal,2023-01-01,7563.0,8782.46578733046,93,5,2022-08-01
catboost_cal,2023-02-01,6551.0,8248.87796010567,93,6,2022-08-01
catboost_cal,2022-10-01,8388.0,8291.140936988118,94,1,2022-09-01
catboost_cal,2022-11-01,7588.0,8622.668449957282,94,2,2022-09-01
catboost_cal,2022-12-01,7850.0,8521.679727656143,94,3,2022-09-01
catboost_cal,2023-01-01,7563.0,8923.112267018583,94,4,2022-09-01
catboost_cal,2023-02-01,6551.0,8236.590232336272,94,5,2022-09-01
catboost_cal,2023-03-01,7507.0,8093.540158287895,94,6,2022-09-01
catboost_cal,2022-11-01,7588.0,8674.313978486205,95,1,2022-10-01
catboost_cal,2022-12-01,7850.0,8463.32634288916,95,2,2022-10-01
catboost_cal,2023-01-01,7563.0,8808.416575430458,95,3,2022-10-01
catboost_cal,2023-02-01,6551.0,8365.67119076055,95,4,2022-10-01
catboost_cal,2023-03-01,7507.0,8218.001208542768,95,5,2022-10-01
catboost_cal,2023-04-01,7745.0,8424.613727625969,95,6,2022-10-01
catboost_cal,2022-12-01,7850.0,8132.138674309727,96,1,2022-11-01
catboost_cal,2023-01-01,7563.0,8496.75071963733,96,2,2022-11-01
catboost_cal,2023-02-01,6551.0,8124.426472740141,96,3,2022-11-01
catboost_cal,2023-03-01,7507.0,7953.636815752696,96,4,2022-11-01
catboost_cal,2023-04-01,7745.0,7962.009588093771,96,5,2022-11-01
catboost_cal,2023-05-01,8600.0,8550.151068651701,96,6,2022-11-01
catboost_cal,2023-01-01,7563.0,8178.261171611107,97,1,2022-12-01
catboost_cal,2023-02-01,6551.0,8165.878423724751,97,2,2022-12-01
catboost_cal,2023-03-01,7507.0,8118.430985508254,97,3,2022-12-01
catboost_cal,2023-04-01,7745.0,8067.357971875897,97,4,2022-12-01
catboost_cal,2023-05-01,8600.0,8463.865982466441,97,5,2022-12-01
catboost_cal,2023-06-01,9151.0,8750.249656152644,97,6,2022-12-01
catboost_cal,2023-02-01,6551.0,7551.716898339325,98,1,2023-01-01
catboost_cal,2023-03-01,7507.0,7583.606637552957,98,2,2023-01-01
catboost_cal,2023-04-01,7745.0,7608.552539293785,98,3,2023-01-01
catboost_cal,2023-05-01,8600.0,8281.86547817041,98,4,2023-01-01
catboost_cal,2023-06-01,9151.0,8757.582390298901,98,5,2023-01-01
catboost_cal,2023-07-01,9183.0,8760.092547052936,98,6,2023-01-01
catboost_cal,2023-03-01,7507.0,7146.944516330648,99,1,2023-02-01
catboost_cal,2023-04-01,7745.0,7071.134685905537,99,2,2023-02-01
catboost_cal,2023-05-01,8600.0,7611.879422806499,99,3,2023-02-01
catboost_cal,2023-06-01,9151.0,8245.388385501828,99,4,2023-02-01
catboost_cal,2023-07-01,9183.0,8578.32665932473,99,5,2023-02-01
catboost_cal,2023-08-01,8297.0,8263.32156995322,99,6,2023-02-01
catboost_cal,2023-04-01,7745.0,7217.304048713131,100,1,2023-03-01
catboost_cal,2023-05-01,8600.0,7854.852187241478,100,2,2023-03-01
catboost_cal,2023-06-01,9151.0,8298.640745331904,100,3,2023-03-01
catboost_cal,2023-07-01,9183.0,8551.728276619446,100,4,2023-03-01
catboost_cal,2023-08-01,8297.0,8447.900179920212,100,5,2023-03-01
catboost_cal,2023-09-01,7823.0,8049.460627814119,100,6,2023-03-01
catboost_cal,2023-05-01,8600.0,8264.794080590671,101,1,2023-04-01
catboost_cal,2023-06-01,9151.0,8681.383323163813,101,2,2023-04-01
catboost_cal,2023-07-01,9183.0,8667.273375758366,101,3,2023-04-01
catboost_cal,2023-08-01,8297.0,8511.985399001178,101,4,2023-04-01
catboost_cal,2023-09-01,7823.0,8045.3929129749185,101,5,2023-04-01
catboost_cal,2023-10-01,7507.0,7997.169286830435,101,6,2023-04-01
catboost_cal,2023-06-01,9151.0,8700.319119410917,102,1,2023-05-01
catboost_cal,2023-07-01,9183.0,8580.77034079216,102,2,2023-05-01
catboost_cal,2023-08-01,8297.0,8475.620829371008,102,3,2023-05-01
catboost_cal,2023-09-01,7823.0,7983.560774662575,102,4,2023-05-01
catboost_cal,2023-10-01,7507.0,7979.802525943845,102,5,2023-05-01
catboost_cal,2023-11-01,8107.0,7766.183086474565,102,6,2023-05-01
catboost_cal,2023-07-01,9183.0,8748.51783001991,103,1,2023-06-01
catboost_cal,2023-08-01,8297.0,8472.618697733174,103,2,2023-06-01
catboost_cal,2023-09-01,7823.0,8080.008953701717,103,3,2023-06-01
catboost_cal,2023-10-01,7507.0,8193.214504199703,103,4,2023-06-01
catboost_cal,2023-11-01,8107.0,8015.458913933345,103,5,2023-06-01
catboost_cal,2023-12-01,7504.0,7814.444127657379,103,6,2023-06-01
catboost_diff12,2015-01-01,7184.0,6170.090423950844,1,1,2014-12-01
catboost_diff12,2015-02-01,5958.0,6417.212661226915,1,2,2014-12-01
catboost_diff12,2015-03-01,6658.0,6485.040788285569,1,3,2014-12-01
catboost_diff12,2015-04-01,7069.0,6597.671731098854,1,4,2014-12-01
catboost_diff12,2015-05-01,8099.0,7485.962143685143,1,5,2014-12-01
catboost_diff12,2015-06-01,7868.0,7427.232673563552,1,6,2014-12-01
catboost_diff12,2015-02-01,5958.0,6446.4447220135335,2,1,2015-01-01
catboost_diff12,2015-03-01,6658.0,6485.808951412205,2,2,2015-01-01
catboost_diff12,2015-04-01,7069.0,6607.093360228088,2,3,2015-01-01
catboost_diff12,2015-05-01,8099.0,7578.972626317359,2,4,2015-01-01
catboost_diff12,2015-06-01,7868.0,7534.367665719019,2,5,2015-01-01
catboost_diff12,2015-07-01,7986.0,7430.871779432191,2,6,2015-01-01
catboost_diff12,2015-03-01,6658.0,6454.21052434336,3,1,2015-02-01
catboost_diff12,2015-04-01,7069.0,6559.55209469436,3,2,2015-02-01
catboost_diff12,2015-05-01,8099.0,7571.107641692079,3,3,2015-02-01
catboost_diff12,2015-06-01,7868.0,7513.396081195133,3,4,2015-02-01
catboost_diff12,2015-07-01,7986.0,7378.400192224358,3,5,2015-02-01
catboost_diff12,2015-08-01,7251.0,7796.307447786622,3,6,2015-02-01
catboost_diff12,2015-04-01,7069.0,6604.638492288259,4,1,2015-03-01
catboost_diff12,2015-05-01,8099.0,7546.161033761548,4,2,2015-03-01
catboost_diff12,2015-06-01,7868.0,7522.907714409209,4,3,2015-03-01
catboost_diff12,2015-07-01,7986.0,7391.653632072728,4,4,2015-03-01
catboost_diff12,2015-08-01,7251.0,7784.087367780172,4,5,2015-03-01
catboost_diff12,2015-09-01,7163.0,6906.90583425093,4,6,2015-03-01
catboost_diff12,2015-05-01,8099.0,7560.053418214436,5,1,2015-04-01
catboost_diff12,2015-06-01,7868.0,7518.992919450742,5,2,2015-04-01
catboost_diff12,2015-07-01,7986.0,7348.585487308422,5,3,2015-04-01
catboost_diff12,2015-08-01,7251.0,7921.371440901082,5,4,2015-04-01
catboost_diff12,2015-09-01,7163.0,7027.235301068462,5,5,2015-04-01
catboost_diff12,2015-10-01,6690.0,7089.4116441604865,5,6,2015-04-01
catboost_diff12,2015-06-01,7868.0,7582.473372128822,6,1,2015-05-01
catboost_diff12,2015-07-01,7986.0,7356.768912669028,6,2,2015-05-01
catboost_diff12,2015-08-01,7251.0,7812.680565324368,6,3,2015-05-01
catboost_diff12,2015-09-01,7163.0,7056.402130315284,6,4,2015-05-01
catboost_diff12,2015-10-01,6690.0,7130.245709170833,6,5,2015-05-01
catboost_diff12,2015-11-01,6392.0,6478.976166759811,6,6,2015-05-01
catboost_diff12,2015-07-01,7986.0,7471.400532197971,7,1,2015-06-01
catboost_diff12,2015-08-01,7251.0,7805.768796373438,7,2,2015-06-01
catboost_diff12,2015-09-01,7163.0,6984.021341696834,7,3,2015-06-01
catboost_diff12,2015-10-01,6690.0,7193.244859098559,7,4,2015-06-01
catboost_diff12,2015-11-01,6392.0,6514.203146777441,7,5,2015-06-01
catboost_diff12,2015-12-01,6753.0,6775.353733730195,7,6,2015-06-01
catboost_diff12,2015-08-01,7251.0,7914.467651803342,8,1,2015-07-01
catboost_diff12,2015-09-01,7163.0,6951.46990969133,8,2,2015-07-01
catboost_diff12,2015-10-01,6690.0,7342.560056972421,8,3,2015-07-01
catboost_diff12,2015-11-01,6392.0,6590.904595206951,8,4,2015-07-01
catboost_diff12,2015-12-01,6753.0,6783.864007873992,8,5,2015-07-01
catboost_diff12,2016-01-01,6753.0,7025.201252104195,8,6,2015-07-01
catboost_diff12,2015-09-01,7163.0,6888.827186462201,9,1,2015-08-01
catboost_diff12,2015-10-01,6690.0,7296.661666160054,9,2,2015-08-01
catboost_diff12,2015-11-01,6392.0,6730.279571839356,9,3,2015-08-01
catboost_diff12,2015-12-01,6753.0,6782.897332698042,9,4,2015-08-01
catboost_diff12,2016-01-01,6753.0,6996.589217764173,9,5,2015-08-01
catboost_diff12,2016-02-01,6385.0,6139.9234116662965,9,6,2015-08-01
catboost_diff12,2015-10-01,6690.0,7324.736690461994,10,1,2015-09-01
catboost_diff12,2015-11-01,6392.0,6590.837955642664,10,2,2015-09-01
catboost_diff12,2015-12-01,6753.0,6831.110294036249,10,3,2015-09-01
catboost_diff12,2016-01-01,6753.0,7016.651985138682,10,4,2015-09-01
catboost_diff12,2016-02-01,6385.0,6068.299351027813,10,5,2015-09-01
catboost_diff12,2016-03-01,7164.0,6537.328536838875,10,6,2015-09-01
catboost_diff12,2015-11-01,6392.0,6549.93629706644,11,1,2015-10-01
catboost_diff12,2015-12-01,6753.0,6789.953197383591,11,2,2015-10-01
catboost_diff12,2016-01-01,6753.0,6864.122050163794,11,3,2015-10-01
catboost_diff12,2016-02-01,6385.0,6040.0141514824245,11,4,2015-10-01
catboost_diff12,2016-03-01,7164.0,6296.112256004648,11,5,2015-10-01
catboost_diff12,2016-04-01,7192.0,6942.3506440481515,11,6,2015-10-01
catboost_diff12,2015-12-01,6753.0,6725.823736261186,12,1,2015-11-01
catboost_diff12,2016-01-01,6753.0,6853.6191654297845,12,2,2015-11-01
catboost_diff12,2016-02-01,6385.0,6050.055796029886,12,3,2015-11-01
catboost_diff12,2016-03-01,7164.0,6350.29360627456,12,4,2015-11-01
catboost_diff12,2016-04-01,7192.0,6940.422064560153,12,5,2015-11-01
catboost_diff12,2016-05-01,7743.0,8106.502633564377,12,6,2015-11-01
catboost_diff12,2016-01-01,6753.0,6860.028875999201,13,1,2015-12-01
catboost_diff12,2016-02-01,6385.0,6055.461061289984,13,2,2015-12-01
catboost_diff12,2016-03-01,7164.0,6332.684165561966,13,3,2015-12-01
catboost_diff12,2016-04-01,7192.0,6910.333803918087,13,4,2015-12-01
catboost_diff12,2016-05-01,7743.0,8084.61904167737,13,5,2015-12-01
catboost_diff12,2016-06-01,8767.0,7663.073957572551,13,6,2015-12-01
catboost_diff12,2016-02-01,6385.0,6074.2141883493805,14,1,2016-01-01
catboost_diff12,2016-03-01,7164.0,6363.526691872796,14,2,2016-01-01
catboost_diff12,2016-04-01,7192.0,6927.863587164154,14,3,2016-01-01
catboost_diff12,2016-05-01,7743.0,8077.478715986245,14,4,2016-01-01
catboost_diff12,2016-06-01,8767.0,7640.9038445483275,14,5,2016-01-01
catboost_diff12,2016-07-01,8479.0,7988.471454540388,14,6,2016-01-01
catboost_diff12,2016-03-01,7164.0,6337.949815192616,15,1,2016-02-01
catboost_diff12,2016-04-01,7192.0,6950.6646327649005,15,2,2016-02-01
catboost_diff12,2016-05-01,7743.0,8120.884882946025,15,3,2016-02-01
catboost_diff12,2016-06-01,8767.0,7774.9523614872205,15,4,2016-02-01
catboost_diff12,2016-07-01,8479.0,7996.419071904203,15,5,2016-02-01
catboost_diff12,2016-08-01,7890.0,7404.790821389358,15,6,2016-02-01
catboost_diff12,2016-04-01,7192.0,6879.3015400405075,16,1,2016-03-01
catboost_diff12,2016-05-01,7743.0,8070.436680761221,16,2,2016-03-01
catboost_diff12,2016-06-01,8767.0,7907.616705173681,16,3,2016-03-01
catboost_diff12,2016-07-01,8479.0,7955.146529064009,16,4,2016-03-01
catboost_diff12,2016-08-01,7890.0,7468.281577476764,16,5,2016-03-01
catboost_diff12,2016-09-01,7317.0,6993.899029404803,16,6,2016-03-01
catboost_diff12,2016-05-01,7743.0,8078.93440937098,17,1,2016-04-01
catboost_diff12,2016-06-01,8767.0,7948.8731818427505,17,2,2016-04-01
catboost_diff12,2016-07-01,8479.0,7967.963400470804,17,3,2016-04-01
catboost_diff12,2016-08-01,7890.0,7600.14570156606,17,4,2016-04-01
catboost_diff12,2016-09-01,7317.0,7053.508966207258,17,5,2016-04-01
catboost_diff12,2016-10-01,7426.0,6747.918791094127,17,6,2016-04-01
catboost_diff12,2016-06-01,8767.0,7878.079441031673,18,1,2016-05-01
catboost_diff12,2016-07-01,8479.0,7950.832134418553,18,2,2016-05-01
catboost_diff12,2016-08-01,7890.0,7453.189120864885,18,3,2016-05-01
catboost_diff12,2016-09-01,7317.0,7045.669884805341,18,4,2016-05-01
catboost_diff12,2016-10-01,7426.0,6704.162215650264,18,5,2016-05-01
catboost_diff12,2016-11-01,6700.0,6759.781824827788,18,6,2016-05-01
catboost_diff12,2016-07-01,8479.0,7973.360046110616,19,1,2016-06-01
catboost_diff12,2016-08-01,7890.0,7301.698025847907,19,2,2016-06-01
catboost_diff12,2016-09-01,7317.0,7136.998836267187,19,3,2016-06-01
catboost_diff12,2016-10-01,7426.0,6553.860580748065,19,4,2016-06-01
catboost_diff12,2016-11-01,6700.0,6596.009307285518,19,5,2016-06-01
catboost_diff12,2016-12-01,6994.0,6970.583631226933,19,6,2016-06-01
catboost_diff12,2016-08-01,7890.0,7268.2211480985825,20,1,2016-07-01
catboost_diff12,2016-09-01,7317.0,7196.219270404679,20,2,2016-07-01
catboost_diff12,2016-10-01,7426.0,6658.78324853783,20,3,2016-07-01
catboost_diff12,2016-11-01,6700.0,6721.822511976666,20,4,2016-07-01
catboost_diff12,2016-12-01,6994.0,7053.860397327173,20,5,2016-07-01
catboost_diff12,2017-01-01,6788.0,6864.051858318483,20,6,2016-07-01
catboost_diff12,2016-09-01,7317.0,7235.014042708643,21,1,2016-08-01
catboost_diff12,2016-10-01,7426.0,6557.160828943691,21,2,2016-08-01
catboost_diff12,2016-11-01,6700.0,6727.260451455554,21,3,2016-08-01
catboost_diff12,2016-12-01,6994.0,7137.425676936579,21,4,2016-08-01
catboost_diff12,2017-01-01,6788.0,6902.767500422287,21,5,2016-08-01
catboost_diff12,2017-02-01,6271.0,6380.088199834612,21,6,2016-08-01
catboost_diff12,2016-10-01,7426.0,6749.265484549237,22,1,2016-09-01
catboost_diff12,2016-11-01,6700.0,6575.325102180261,22,2,2016-09-01
catboost_diff12,2016-12-01,6994.0,7190.374133636956,22,3,2016-09-01
catboost_diff12,2017-01-01,6788.0,6953.809731072004,22,4,2016-09-01
catboost_diff12,2017-02-01,6271.0,6399.631739312222,22,5,2016-09-01
catboost_diff12,2017-03-01,6794.0,7121.650195178139,22,6,2016-09-01
catboost_diff12,2016-11-01,6700.0,6553.2880972190205,23,1,2016-10-01
catboost_diff12,2016-12-01,6994.0,7054.678655208749,23,2,2016-10-01
catboost_diff12,2017-01-01,6788.0,6966.509725752751,23,3,2016-10-01
catboost_diff12,2017-02-01,6271.0,6505.59532443171,23,4,2016-10-01
catboost_diff12,2017-03-01,6794.0,7222.712700930973,23,5,2016-10-01
catboost_diff12,2017-04-01,6884.0,7283.3341740555015,23,6,2016-10-01
catboost_diff12,2016-12-01,6994.0,7101.48135522531,24,1,2016-11-01
catboost_diff12,2017-01-01,6788.0,6963.498044860501,24,2,2016-11-01
catboost_diff12,2017-02-01,6271.0,6571.504977188163,24,3,2016-11-01
catboost_diff12,2017-03-01,6794.0,7217.536225283098,24,4,2016-11-01
catboost_diff12,2017-04-01,6884.0,7185.48300489808,24,5,2016-11-01
catboost_diff12,2017-05-01,7651.0,7590.583583349837,24,6,2016-11-01
catboost_diff12,2017-01-01,6788.0,6996.304057240191,25,1,2016-12-01
catboost_diff12,2017-02-01,6271.0,6487.358761373014,25,2,2016-12-01
catboost_diff12,2017-03-01,6794.0,7124.35350057441,25,3,2016-12-01
catboost_diff12,2017-04-01,6884.0,7280.077011305046,25,4,2016-12-01
catboost_diff12,2017-05-01,7651.0,7586.025695476355,25,5,2016-12-01
catboost_diff12,2017-06-01,8009.0,8559.274704934112,25,6,2016-12-01
catboost_diff12,2017-02-01,6271.0,6466.5298903166495,26,1,2017-01-01
catboost_diff12,2017-03-01,6794.0,7117.2660234640425,26,2,2017-01-01
catboost_diff12,2017-04-01,6884.0,7267.182862336739,26,3,2017-01-01
catboost_diff12,2017-05-01,7651.0,7481.027691264714,26,4,2017-01-01
catboost_diff12,2017-06-01,8009.0,8533.714183953236,26,5,2017-01-01
catboost_diff12,2017-07-01,8694.0,8426.333927484724,26,6,2017-01-01
catboost_diff12,2017-03-01,6794.0,7031.895816403892,27,1,2017-02-01
catboost_diff12,2017-04-01,6884.0,7343.992721009298,27,2,2017-02-01
catboost_diff12,2017-05-01,7651.0,7556.218665106647,27,3,2017-02-01
catboost_diff12,2017-06-01,8009.0,8471.020372926643,27,4,2017-02-01
catboost_diff12,2017-07-01,8694.0,8350.667821993364,27,5,2017-02-01
catboost_diff12,2017-08-01,8130.0,7749.659292991284,27,6,2017-02-01
catboost_diff12,2017-04-01,6884.0,7340.537513051554,28,1,2017-03-01
catboost_diff12,2017-05-01,7651.0,7570.654088790288,28,2,2017-03-01
catboost_diff12,2017-06-01,8009.0,8483.18508589545,28,3,2017-03-01
catboost_diff12,2017-07-01,8694.0,8354.845104639335,28,4,2017-03-01
catboost_diff12,2017-08-01,8130.0,7691.355506597571,28,5,2017-03-01
catboost_diff12,2017-09-01,7446.0,7515.4129019987395,28,6,2017-03-01
catboost_diff12,2017-05-01,7651.0,7450.5213977337635,29,1,2017-04-01
catboost_diff12,2017-06-01,8009.0,8445.729128072064,29,2,2017-04-01
catboost_diff12,2017-07-01,8694.0,8365.683939761237,29,3,2017-04-01
catboost_diff12,2017-08-01,8130.0,7702.693892101877,29,4,2017-04-01
catboost_diff12,2017-09-01,7446.0,7488.418002936514,29,5,2017-04-01
catboost_diff12,2017-10-01,7282.0,7195.3324858859,29,6,2017-04-01
catboost_diff12,2017-06-01,8009.0,8475.246118279252,30,1,2017-05-01
catboost_diff12,2017-07-01,8694.0,8360.958242706081,30,2,2017-05-01
catboost_diff12,2017-08-01,8130.0,7724.162837747575,30,3,2017-05-01
catboost_diff12,2017-09-01,7446.0,7403.4482645687785,30,4,2017-05-01
catboost_diff12,2017-10-01,7282.0,7426.35937120501,30,5,2017-05-01
catboost_diff12,2017-11-01,6830.0,6761.024907271526,30,6,2017-05-01
catboost_diff12,2017-07-01,8694.0,8318.822623370119,31,1,2017-06-01
catboost_diff12,2017-08-01,8130.0,7613.468843646894,31,2,2017-06-01
catboost_diff12,2017-09-01,7446.0,7501.026110504984,31,3,2017-06-01
catboost_diff12,2017-10-01,7282.0,7270.701628698766,31,4,2017-06-01
catboost_diff12,2017-11-01,6830.0,6684.0109183353825,31,5,2017-06-01
catboost_diff12,2017-12-01,6946.0,7364.6384250281135,31,6,2017-06-01
catboost_diff12,2017-08-01,8130.0,7653.015817168958,32,1,2017-07-01
catboost_diff12,2017-09-01,7446.0,7390.990209300082,32,2,2017-07-01
catboost_diff12,2017-10-01,7282.0,7298.067707651146,32,3,2017-07-01
catboost_diff12,2017-11-01,6830.0,6724.794291479082,32,4,2017-07-01
catboost_diff12,2017-12-01,6946.0,7350.621271454895,32,5,2017-07-01
catboost_diff12,2018-01-01,6886.0,6883.036682546474,32,6,2017-07-01
catboost_diff12,2017-09-01,7446.0,7368.8197918330625,33,1,2017-08-01
catboost_diff12,2017-10-01,7282.0,7288.146265607537,33,2,2017-08-01
catboost_diff12,2017-11-01,6830.0,6776.2508034482635,33,3,2017-08-01
catboost_diff12,2017-12-01,6946.0,7405.615218069013,33,4,2017-08-01
catboost_diff12,2018-01-01,6886.0,6949.77518358081,33,5,2017-08-01
catboost_diff12,2018-02-01,5960.0,6403.058226765627,33,6,2017-08-01
catboost_diff12,2017-10-01,7282.0,7305.63330262344,34,1,2017-09-01
catboost_diff12,2017-11-01,6830.0,6708.445199278589,34,2,2017-09-01
catboost_diff12,2017-12-01,6946.0,7370.355862111591,34,3,2017-09-01
catboost_diff12,2018-01-01,6886.0,6869.310519680879,34,4,2017-09-01
catboost_diff12,2018-02-01,5960.0,6328.695616459823,34,5,2017-09-01
catboost_diff12,2018-03-01,6930.0,7039.529320306254,34,6,2017-09-01
catboost_diff12,2017-11-01,6830.0,6782.6325716917745,35,1,2017-10-01
catboost_diff12,2017-12-01,6946.0,7368.961047116785,35,2,2017-10-01
catboost_diff12,2018-01-01,6886.0,6948.024718801246,35,3,2017-10-01
catboost_diff12,2018-02-01,5960.0,6332.361721037169,35,4,2017-10-01
catboost_diff12,2018-03-01,6930.0,7017.870424859773,35,5,2017-10-01
catboost_diff12,2018-04-01,6769.0,7167.108779869976,35,6,2017-10-01
catboost_diff12,2017-12-01,6946.0,7344.473305551653,36,1,2017-11-01
catboost_diff12,2018-01-01,6886.0,6871.745114486256,36,2,2017-11-01
catboost_diff12,2018-02-01,5960.0,6314.969050317289,36,3,2017-11-01
catboost_diff12,2018-03-01,6930.0,7019.494836056761,36,4,2017-11-01
catboost_diff12,2018-04-01,6769.0,7152.1176387303785,36,5,2017-11-01
catboost_diff12,2018-05-01,7511.0,7750.238797144175,36,6,2017-11-01
catboost_diff12,2018-01-01,6886.0,6805.018483940605,37,1,2017-12-01
catboost_diff12,2018-02-01,5960.0,6225.589398716359,37,2,2017-12-01
catboost_diff12,2018-03-01,6930.0,6958.729257053437,37,3,2017-12-01
catboost_diff12,2018-04-01,6769.0,7080.859272835174,37,4,2017-12-01
catboost_diff12,2018-05-01,7511.0,7631.811805306468,37,5,2017-12-01
catboost_diff12,2018-06-01,8057.0,8215.67537717698,37,6,2017-12-01
catboost_diff12,2018-02-01,5960.0,6303.426470051588,38,1,2018-01-01
catboost_diff12,2018-03-01,6930.0,6982.039797570745,38,2,2018-01-01
catboost_diff12,2018-04-01,6769.0,6973.518049944205,38,3,2018-01-01
catboost_diff12,2018-05-01,7511.0,7661.929626839881,38,4,2018-01-01
catboost_diff12,2018-06-01,8057.0,8300.732507778113,38,5,2018-01-01
catboost_diff12,2018-07-01,8175.0,9000.323806384324,38,6,2018-01-01
catboost_diff12,2018-03-01,6930.0,7009.319913714552,39,1,2018-02-01
catboost_diff12,2018-04-01,6769.0,6946.190104229047,39,2,2018-02-01
catboost_diff12,2018-05-01,7511.0,7599.321159002881,39,3,2018-02-01
catboost_diff12,2018-06-01,8057.0,8281.210237183692,39,4,2018-02-01
catboost_diff12,2018-07-01,8175.0,8920.974171064157,39,5,2018-02-01
catboost_diff12,2018-08-01,8328.0,8442.133780943303,39,6,2018-02-01
catboost_diff12,2018-04-01,6769.0,6978.593290663883,40,1,2018-03-01
catboost_diff12,2018-05-01,7511.0,7626.767744123295,40,2,2018-03-01
catboost_diff12,2018-06-01,8057.0,8277.153495792501,40,3,2018-03-01
catboost_diff12,2018-07-01,8175.0,8964.347170846548,40,4,2018-03-01
catboost_diff12,2018-08-01,8328.0,8465.492925670222,40,5,2018-03-01
catboost_diff12,2018-09-01,7325.0,7600.136135741671,40,6,2018-03-01
catboost_diff12,2018-05-01,7511.0,7666.307306665064,41,1,2018-04-01
catboost_diff12,2018-06-01,8057.0,8230.631508244218,41,2,2018-04-01
catboost_diff12,2018-07-01,8175.0,8945.704611342147,41,3,2018-04-01
catboost_diff12,2018-08-01,8328.0,8348.699653771815,41,4,2018-04-01
catboost_diff12,2018-09-01,7325.0,7541.276516956022,41,5,2018-04-01
catboost_diff12,2018-10-01,7202.0,7622.744247421861,41,6,2018-04-01
catboost_diff12,2018-06-01,8057.0,8257.318270892245,42,1,2018-05-01
catboost_diff12,2018-07-01,8175.0,8860.531508939624,42,2,2018-05-01
catboost_diff12,2018-08-01,8328.0,8351.468359576013,42,3,2018-05-01
catboost_diff12,2018-09-01,7325.0,7454.198354366735,42,4,2018-05-01
catboost_diff12,2018-10-01,7202.0,7674.512342619708,42,5,2018-05-01
catboost_diff12,2018-11-01,7161.0,6982.292047971409,42,6,2018-05-01
catboost_diff12,2018-07-01,8175.0,8789.225224744368,43,1,2018-06-01
catboost_diff12,2018-08-01,8328.0,8392.648933199844,43,2,2018-06-01
catboost_diff12,2018-09-01,7325.0,7484.886967087697,43,3,2018-06-01
catboost_diff12,2018-10-01,7202.0,7531.053287273521,43,4,2018-06-01
catboost_diff12,2018-11-01,7161.0,6931.391633130659,43,5,2018-06-01
catboost_diff12,2018-12-01,7409.0,7081.34241010896,43,6,2018-06-01
catboost_diff12,2018-08-01,8328.0,8349.285764104192,44,1,2018-07-01
catboost_diff12,2018-09-01,7325.0,7336.080783037696,44,2,2018-07-01
catboost_diff12,2018-10-01,7202.0,7466.044338898231,44,3,2018-07-01
catboost_diff12,2018-11-01,7161.0,7003.105467736258,44,4,2018-07-01
catboost_diff12,2018-12-01,7409.0,7038.334372050771,44,5,2018-07-01
catboost_diff12,2019-01-01,7117.0,6982.504394132115,44,6,2018-07-01
catboost_diff12,2018-09-01,7325.0,7412.2335355720425,45,1,2018-08-01
catboost_diff12,2018-10-01,7202.0,7412.729818875119,45,2,2018-08-01
catboost_diff12,2018-11-01,7161.0,6979.771063318995,45,3,2018-08-01
catboost_diff12,2018-12-01,7409.0,6925.9728787454815,45,4,2018-08-01
catboost_diff12,2019-01-01,7117.0,7060.5955615490475,45,5,2018-08-01
catboost_diff12,2019-02-01,6307.0,6287.636469466243,45,6,2018-08-01
catboost_diff12,2018-10-01,7202.0,7463.027825875,46,1,2018-09-01
catboost_diff12,2018-11-01,7161.0,6850.221039320788,46,2,2018-09-01
catboost_diff12,2018-12-01,7409.0,6958.747370261574,46,3,2018-09-01
catboost_diff12,2019-01-01,7117.0,7053.580933879563,46,4,2018-09-01
catboost_diff12,2019-02-01,6307.0,6220.4123440499825,46,5,2018-09-01
catboost_diff12,2019-03-01,7067.0,7015.0888319330115,46,6,2018-09-01
catboost_diff12,2018-11-01,7161.0,6849.587452100402,47,1,2018-10-01
catboost_diff12,2018-12-01,7409.0,6915.691689704896,47,2,2018-10-01
catboost_diff12,2019-01-01,7117.0,6981.027784289403,47,3,2018-10-01
catboost_diff12,2019-02-01,6307.0,5947.326895699751,47,4,2018-10-01
catboost_diff12,2019-03-01,7067.0,6858.913387382318,47,5,2018-10-01
catboost_diff12,2019-04-01,7108.0,6853.216818112712,47,6,2018-10-01
catboost_diff12,2018-12-01,7409.0,6951.149881597721,48,1,2018-11-01
catboost_diff12,2019-01-01,7117.0,6955.019225523911,48,2,2018-11-01
catboost_diff12,2019-02-01,6307.0,6025.346210807047,48,3,2018-11-01
catboost_diff12,2019-03-01,7067.0,6998.1331268004105,48,4,2018-11-01
catboost_diff12,2019-04-01,7108.0,6961.117539896262,48,5,2018-11-01
catboost_diff12,2019-05-01,7776.0,7706.353017727748,48,6,2018-11-01
catboost_diff12,2019-01-01,7117.0,7077.632460773831,49,1,2018-12-01
catboost_diff12,2019-02-01,6307.0,6251.229038222563,49,2,2018-12-01
catboost_diff12,2019-03-01,7067.0,7083.7908660197545,49,3,2018-12-01
catboost_diff12,2019-04-01,7108.0,7162.368737850664,49,4,2018-12-01
catboost_diff12,2019-05-01,7776.0,7927.844801263903,49,5,2018-12-01
catboost_diff12,2019-06-01,8274.0,8178.465607694672,49,6,2018-12-01
catboost_diff12,2019-02-01,6307.0,6194.461970081251,50,1,2019-01-01
catboost_diff12,2019-03-01,7067.0,7124.48353702647,50,2,2019-01-01
catboost_diff12,2019-04-01,7108.0,7140.1012088002,50,3,2019-01-01
catboost_diff12,2019-05-01,7776.0,7875.880401249247,50,4,2019-01-01
catboost_diff12,2019-06-01,8274.0,8196.132980206556,50,5,2019-01-01
catboost_diff12,2019-07-01,8919.0,8411.630118780127,50,6,2019-01-01
catboost_diff12,2019-03-01,7067.0,7171.737368923066,51,1,2019-02-01
catboost_diff12,2019-04-01,7108.0,7085.19998078386,51,2,2019-02-01
catboost_diff12,2019-05-01,7776.0,7787.702278270806,51,3,2019-02-01
catboost_diff12,2019-06-01,8274.0,8224.292312641592,51,4,2019-02-01
catboost_diff12,2019-07-01,8919.0,8449.012556426098,51,5,2019-02-01
catboost_diff12,2019-08-01,8180.0,8396.31782459638,51,6,2019-02-01
catboost_diff12,2019-04-01,7108.0,7117.538808229266,52,1,2019-03-01
catboost_diff12,2019-05-01,7776.0,7823.685994978907,52,2,2019-03-01
catboost_diff12,2019-06-01,8274.0,8222.16603019373,52,3,2019-03-01
catboost_diff12,2019-07-01,8919.0,8448.98162036003,52,4,2019-03-01
catboost_diff12,2019-08-01,8180.0,8349.267173740156,52,5,2019-03-01
catboost_diff12,2019-09-01,7664.0,7342.3102320207345,52,6,2019-03-01
catboost_diff12,2019-05-01,7776.0,7851.640170434214,53,1,2019-04-01
catboost_diff12,2019-06-01,8274.0,8180.83799684956,53,2,2019-04-01
catboost_diff12,2019-07-01,8919.0,8254.551356133274,53,3,2019-04-01
catboost_diff12,2019-08-01,8180.0,8234.073803836463,53,4,2019-04-01
catboost_diff12,2019-09-01,7664.0,7292.246684122855,53,5,2019-04-01
catboost_diff12,2019-10-01,7254.0,7328.21449968653,53,6,2019-04-01
catboost_diff12,2019-06-01,8274.0,8166.210335678159,54,1,2019-05-01
catboost_diff12,2019-07-01,8919.0,8200.181967870318,54,2,2019-05-01
catboost_diff12,2019-08-01,8180.0,8285.05856148044,54,3,2019-05-01
catboost_diff12,2019-09-01,7664.0,7200.810738123081,54,4,2019-05-01
catboost_diff12,2019-10-01,7254.0,7375.929670607319,54,5,2019-05-01
catboost_diff12,2019-11-01,6785.0,7168.456906772655,54,6,2019-05-01
catboost_diff12,2019-07-01,8919.0,8451.935213787783,55,1,2019-06-01
catboost_diff12,2019-08-01,8180.0,8402.422477693648,55,2,2019-06-01
catboost_diff12,2019-09-01,7664.0,7296.978002619734,55,3,2019-06-01
catboost_diff12,2019-10-01,7254.0,7351.2790022570825,55,4,2019-06-01
catboost_diff12,2019-11-01,6785.0,7251.780481481848,55,5,2019-06-01
catboost_diff12,2019-12-01,6987.0,7161.641789542977,55,6,2019-06-01
catboost_diff12,2019-08-01,8180.0,8470.043539825929,56,1,2019-07-01
catboost_diff12,2019-09-01,7664.0,7517.196243288199,56,2,2019-07-01
catboost_diff12,2019-10-01,7254.0,7619.567648624464,56,3,2019-07-01
catboost_diff12,2019-11-01,6785.0,7403.034768678314,56,4,2019-07-01
catboost_diff12,2019-12-01,6987.0,7526.447949740002,56,5,2019-07-01
catboost_diff12,2020-01-01,7194.0,7132.886603882376,56,6,2019-07-01
catboost_diff12,2019-09-01,7664.0,7465.7452841847735,57,1,2019-08-01
catboost_diff12,2019-10-01,7254.0,7493.746707320279,57,2,2019-08-01
catboost_diff12,2019-11-01,6785.0,7401.085463917542,57,3,2019-08-01
catboost_diff12,2019-12-01,6987.0,7512.291531769872,57,4,2019-08-01
catboost_diff12,2020-01-01,7194.0,7072.143829123923,57,5,2019-08-01
catboost_diff12,2020-02-01,6848.0,6253.709728701499,57,6,2019-08-01
catboost_diff12,2019-10-01,7254.0,7495.93141790015,58,1,2019-09-01
catboost_diff12,2019-11-01,6785.0,7422.8567100616565,58,2,2019-09-01
catboost_diff12,2019-12-01,6987.0,7565.349481907788,58,3,2019-09-01
catboost_diff12,2020-01-01,7194.0,7347.36911073547,58,4,2019-09-01
catboost_diff12,2020-02-01,6848.0,6286.88943388928,58,5,2019-09-01
catboost_diff12,2020-03-01,7324.0,7045.203898789672,58,6,2019-09-01
catboost_diff12,2019-11-01,6785.0,7191.417482690005,59,1,2019-10-01
catboost_diff12,2019-12-01,6987.0,7274.865868484141,59,2,2019-10-01
catboost_diff12,2020-01-01,7194.0,7131.590468107454,59,3,2019-10-01
catboost_diff12,2020-02-01,6848.0,6167.230141758942,59,4,2019-10-01
catboost_diff12,2020-03-01,7324.0,7030.159589948278,59,5,2019-10-01
catboost_diff12,2020-04-01,5978.0,7053.203567897249,59,6,2019-10-01
catboost_diff12,2019-12-01,6987.0,7361.998770302164,60,1,2019-11-01
catboost_diff12,2020-01-01,7194.0,6882.001211857329,60,2,2019-11-01
catboost_diff12,2020-02-01,6848.0,6235.667365143081,60,3,2019-11-01
catboost_diff12,2020-03-01,7324.0,6946.181774055365,60,4,2019-11-01
catboost_diff12,2020-04-01,5978.0,7227.436094723682,60,5,2019-11-01
catboost_diff12,2020-05-01,7062.0,7872.50462232452,60,6,2019-11-01
catboost_diff12,2020-01-01,7194.0,6961.799305637911,61,1,2019-12-01
catboost_diff12,2020-02-01,6848.0,6114.444108611598,61,2,2019-12-01
catboost_diff12,2020-03-01,7324.0,6957.351948338898,61,3,2019-12-01
catboost_diff12,2020-04-01,5978.0,7115.445567851042,61,4,2019-12-01
catboost_diff12,2020-05-01,7062.0,7964.483094566849,61,5,2019-12-01
catboost_diff12,2020-06-01,6948.0,8482.280334370194,61,6,2019-12-01
catboost_diff12,2020-02-01,6848.0,6101.234811657803,62,1,2020-01-01
catboost_diff12,2020-03-01,7324.0,7015.705385957762,62,2,2020-01-01
catboost_diff12,2020-04-01,5978.0,7187.162299226507,62,3,2020-01-01
catboost_diff12,2020-05-01,7062.0,7919.459345598074,62,4,2020-01-01
catboost_diff12,2020-06-01,6948.0,8359.500393979812,62,5,2020-01-01
catboost_diff12,2020-07-01,7392.0,8604.395509350768,62,6,2020-01-01
catboost_diff12,2020-03-01,7324.0,7085.228452728759,63,1,2020-02-01
catboost_diff12,2020-04-01,5978.0,7336.093001344804,63,2,2020-02-01
catboost_diff12,2020-05-01,7062.0,8072.592380530186,63,3,2020-02-01
catboost_diff12,2020-06-01,6948.0,8485.447851923926,63,4,2020-02-01
catboost_diff12,2020-07-01,7392.0,8805.918964005976,63,5,2020-02-01
catboost_diff12,2020-08-01,7678.0,8423.244830540722,63,6,2020-02-01
catboost_diff12,2020-04-01,5978.0,7498.751652750901,64,1,2020-03-01
catboost_diff12,2020-05-01,7062.0,8049.536844906861,64,2,2020-03-01
catboost_diff12,2020-06-01,6948.0,8516.416439676184,64,3,2020-03-01
catboost_diff12,2020-07-01,7392.0,8763.564531765258,64,4,2020-03-01
catboost_diff12,2020-08-01,7678.0,8576.583672678295,64,5,2020-03-01
catboost_diff12,2020-09-01,7005.0,7844.0507659905925,64,6,2020-03-01
catboost_diff12,2020-05-01,7062.0,8032.218393622862,65,1,2020-04-01
catboost_diff12,2020-06-01,6948.0,8641.882421216727,65,2,2020-04-01
catboost_diff12,2020-07-01,7392.0,8929.454765401279,65,3,2020-04-01
catboost_diff12,2020-08-01,7678.0,8351.833708020098,65,4,2020-04-01
catboost_diff12,2020-09-01,7005.0,7695.416298392005,65,5,2020-04-01
catboost_diff12,2020-10-01,7385.0,7324.331573445195,65,6,2020-04-01
catboost_diff12,2020-06-01,6948.0,8570.340475763162,66,1,2020-05-01
catboost_diff12,2020-07-01,7392.0,8683.428086491605,66,2,2020-05-01
catboost_diff12,2020-08-01,7678.0,8284.971439871017,66,3,2020-05-01
catboost_diff12,2020-09-01,7005.0,7526.597904946189,66,4,2020-05-01
catboost_diff12,2020-10-01,7385.0,7217.694903914909,66,5,2020-05-01
catboost_diff12,2020-11-01,6872.0,6890.343463107905,66,6,2020-05-01
catboost_diff12,2020-07-01,7392.0,8767.065697601483,67,1,2020-06-01
catboost_diff12,2020-08-01,7678.0,8138.513261472056,67,2,2020-06-01
catboost_diff12,2020-09-01,7005.0,7489.286215986519,67,3,2020-06-01
catboost_diff12,2020-10-01,7385.0,7246.963894267404,67,4,2020-06-01
catboost_diff12,2020-11-01,6872.0,6574.34834846406,67,5,2020-06-01
catboost_diff12,2020-12-01,6781.0,6953.875492847085,67,6,2020-06-01
catboost_diff12,2020-08-01,7678.0,7999.750431474212,68,1,2020-07-01
catboost_diff12,2020-09-01,7005.0,7446.162404515782,68,2,2020-07-01
catboost_diff12,2020-10-01,7385.0,7208.447813037268,68,3,2020-07-01
catboost_diff12,2020-11-01,6872.0,6745.447394649565,68,4,2020-07-01
catboost_diff12,2020-12-01,6781.0,7079.364934636341,68,5,2020-07-01
catboost_diff12,2021-01-01,6917.0,7388.002572899586,68,6,2020-07-01
catboost_diff12,2020-09-01,7005.0,7424.487675114942,69,1,2020-08-01
catboost_diff12,2020-10-01,7385.0,7229.912023336079,69,2,2020-08-01
catboost_diff12,2020-11-01,6872.0,6728.457715094929,69,3,2020-08-01
catboost_diff12,2020-12-01,6781.0,7066.969534603922,69,4,2020-08-01
catboost_diff12,2021-01-01,6917.0,7362.591396616975,69,5,2020-08-01
catboost_diff12,2021-02-01,6217.0,6777.264564079227,69,6,2020-08-01
catboost_diff12,2020-10-01,7385.0,7100.162144015703,70,1,2020-09-01
catboost_diff12,2020-11-01,6872.0,6630.569156180133,70,2,2020-09-01
catboost_diff12,2020-12-01,6781.0,7017.963000509622,70,3,2020-09-01
catboost_diff12,2021-01-01,6917.0,7281.513196198877,70,4,2020-09-01
catboost_diff12,2021-02-01,6217.0,6751.634700807543,70,5,2020-09-01
catboost_diff12,2021-03-01,7569.0,7188.564259011798,70,6,2020-09-01
catboost_diff12,2020-11-01,6872.0,6693.520051256311,71,1,2020-10-01
catboost_diff12,2020-12-01,6781.0,7065.173535946047,71,2,2020-10-01
catboost_diff12,2021-01-01,6917.0,7412.093285771305,71,3,2020-10-01
catboost_diff12,2021-02-01,6217.0,6811.455487155635,71,4,2020-10-01
catboost_diff12,2021-03-01,7569.0,7232.870698145275,71,5,2020-10-01
catboost_diff12,2021-04-01,6917.0,6036.752056475742,71,6,2020-10-01
catboost_diff12,2020-12-01,6781.0,7084.906349701512,72,1,2020-11-01
catboost_diff12,2021-01-01,6917.0,7301.48559533222,72,2,2020-11-01
catboost_diff12,2021-02-01,6217.0,6758.566462478229,72,3,2020-11-01
catboost_diff12,2021-03-01,7569.0,7240.614447589104,72,4,2020-11-01
catboost_diff12,2021-04-01,6917.0,6039.640245424057,72,5,2020-11-01
catboost_diff12,2021-05-01,8253.0,7037.05675862868,72,6,2020-11-01
catboost_diff12,2021-01-01,6917.0,7259.464170570623,73,1,2020-12-01
catboost_diff12,2021-02-01,6217.0,6692.140199629862,73,2,2020-12-01
catboost_diff12,2021-03-01,7569.0,7154.405252067041,73,3,2020-12-01
catboost_diff12,2021-04-01,6917.0,5915.860654220325,73,4,2020-12-01
catboost_diff12,2021-05-01,8253.0,6997.572662118323,73,5,2020-12-01
catboost_diff12,2021-06-01,8153.0,7077.802853499639,73,6,2020-12-01
catboost_diff12,2021-02-01,6217.0,6605.35899572867,74,1,2021-01-01
catboost_diff12,2021-03-01,7569.0,7094.807639560413,74,2,2021-01-01
catboost_diff12,2021-04-01,6917.0,5985.743286591316,74,3,2021-01-01
catboost_diff12,2021-05-01,8253.0,7032.429941049916,74,4,2021-01-01
catboost_diff12,2021-06-01,8153.0,7099.258944095709,74,5,2021-01-01
catboost_diff12,2021-07-01,9251.0,7408.524699661614,74,6,2021-01-01
catboost_diff12,2021-03-01,7569.0,7001.108738622534,75,1,2021-02-01
catboost_diff12,2021-04-01,6917.0,5755.19035926071,75,2,2021-02-01
catboost_diff12,2021-05-01,8253.0,6899.673151975288,75,3,2021-02-01
catboost_diff12,2021-06-01,8153.0,7086.304551117088,75,4,2021-02-01
catboost_diff12,2021-07-01,9251.0,7328.228930159274,75,5,2021-02-01
catboost_diff12,2021-08-01,8830.0,7750.278730623225,75,6,2021-02-01
catboost_diff12,2021-04-01,6917.0,5959.407264139367,76,1,2021-03-01
catboost_diff12,2021-05-01,8253.0,7095.431953173546,76,2,2021-03-01
catboost_diff12,2021-06-01,8153.0,7165.65148181876,76,3,2021-03-01
catboost_diff12,2021-07-01,9251.0,7441.931433288248,76,4,2021-03-01
catboost_diff12,2021-08-01,8830.0,7813.560148961511,76,5,2021-03-01
catboost_diff12,2021-09-01,7512.0,7256.507809253597,76,6,2021-03-01
catboost_diff12,2021-05-01,8253.0,7514.053384381271,77,1,2021-04-01
catboost_diff12,2021-06-01,8153.0,7475.5688350223845,77,2,2021-04-01
catboost_diff12,2021-07-01,9251.0,7706.136146338082,77,3,2021-04-01
catboost_diff12,2021-08-01,8830.0,7896.446866327106,77,4,2021-04-01
catboost_diff12,2021-09-01,7512.0,7472.085978854276,77,5,2021-04-01
catboost_diff12,2021-10-01,7656.0,7747.027871939565,77,6,2021-04-01
catboost_diff12,2021-06-01,8153.0,7706.307404257365,78,1,2021-05-01
catboost_diff12,2021-07-01,9251.0,7864.4803493393765,78,2,2021-05-01
catboost_diff12,2021-08-01,8830.0,7944.49580785208,78,3,2021-05-01
catboost_diff12,2021-09-01,7512.0,7484.082827149295,78,4,2021-05-01
catboost_diff12,2021-10-01,7656.0,7749.330961854971,78,5,2021-05-01
catboost_diff12,2021-11-01,7603.0,7301.731715897075,78,6,2021-05-01
catboost_diff12,2021-07-01,9251.0,8076.3926822396215,79,1,2021-06-01
catboost_diff12,2021-08-01,8830.0,8074.880861570355,79,2,2021-06-01
catboost_diff12,2021-09-01,7512.0,7513.951324546777,79,3,2021-06-01
catboost_diff12,2021-10-01,7656.0,7724.393600443412,79,4,2021-06-01
catboost_diff12,2021-11-01,7603.0,7273.611869195243,79,5,2021-06-01
catboost_diff12,2021-12-01,8237.0,7102.722283363379,79,6,2021-06-01
catboost_diff12,2021-08-01,8830.0,8610.025294896252,80,1,2021-07-01
catboost_diff12,2021-09-01,7512.0,7887.870732784408,80,2,2021-07-01
catboost_diff12,2021-10-01,7656.0,8006.8069849789545,80,3,2021-07-01
catboost_diff12,2021-11-01,7603.0,7306.240990430075,80,4,2021-07-01
catboost_diff12,2021-12-01,8237.0,7131.883774680504,80,5,2021-07-01
catboost_diff12,2022-01-01,9582.0,6855.359352340193,80,6,2021-07-01
catboost_diff12,2021-09-01,7512.0,7862.342091800568,81,1,2021-08-01
catboost_diff12,2021-10-01,7656.0,7936.29491181604,81,2,2021-08-01
catboost_diff12,2021-11-01,7603.0,7265.654888754522,81,3,2021-08-01
catboost_diff12,2021-12-01,8237.0,7106.369767655489,81,4,2021-08-01
catboost_diff12,2022-01-01,9582.0,6891.514823494268,81,5,2021-08-01
catboost_diff12,2022-02-01,7227.0,6261.492076411818,81,6,2021-08-01
catboost_diff12,2021-10-01,7656.0,7648.008974653835,82,1,2021-09-01
catboost_diff12,2021-11-01,7603.0,7090.0905105469565,82,2,2021-09-01
catboost_diff12,2021-12-01,8237.0,7031.326487640827,82,3,2021-09-01
catboost_diff12,2022-01-01,9582.0,6996.044221302929,82,4,2021-09-01
catboost_diff12,2022-02-01,7227.0,6322.743666756765,82,5,2021-09-01
catboost_diff12,2022-03-01,7504.0,7323.289501545277,82,6,2021-09-01
catboost_diff12,2021-11-01,7603.0,7087.485598277784,83,1,2021-10-01
catboost_diff12,2021-12-01,8237.0,6944.025727611999,83,2,2021-10-01
catboost_diff12,2022-01-01,9582.0,6970.608756528042,83,3,2021-10-01
catboost_diff12,2022-02-01,7227.0,6277.2140943268405,83,4,2021-10-01
catboost_diff12,2022-03-01,7504.0,7253.720054033987,83,5,2021-10-01
catboost_diff12,2022-04-01,7589.0,6493.075890332545,83,6,2021-10-01
catboost_diff12,2021-12-01,8237.0,7165.425989026646,84,1,2021-11-01
catboost_diff12,2022-01-01,9582.0,7070.754465931973,84,2,2021-11-01
catboost_diff12,2022-02-01,7227.0,6363.464037910213,84,3,2021-11-01
catboost_diff12,2022-03-01,7504.0,7287.669229853436,84,4,2021-11-01
catboost_diff12,2022-04-01,7589.0,6424.734038873581,84,5,2021-11-01
catboost_diff12,2022-05-01,8846.0,7797.197141103957,84,6,2021-11-01
catboost_diff12,2022-01-01,9582.0,7407.272716516176,85,1,2021-12-01
catboost_diff12,2022-02-01,7227.0,6564.548467192923,85,2,2021-12-01
catboost_diff12,2022-03-01,7504.0,7328.079168942805,85,3,2021-12-01
catboost_diff12,2022-04-01,7589.0,6466.428125537618,85,4,2021-12-01
catboost_diff12,2022-05-01,8846.0,7799.856600275819,85,5,2021-12-01
catboost_diff12,2022-06-01,9057.0,7875.373286403004,85,6,2021-12-01
catboost_diff12,2022-02-01,7227.0,7981.19561389305,86,1,2022-01-01
catboost_diff12,2022-03-01,7504.0,8305.663402153257,86,2,2022-01-01
catboost_diff12,2022-04-01,7589.0,6745.413885239282,86,3,2022-01-01
catboost_diff12,2022-05-01,8846.0,7710.91097285431,86,4,2022-01-01
catboost_diff12,2022-06-01,9057.0,7832.280878842157,86,5,2022-01-01
catboost_diff12,2022-07-01,8699.0,9032.37167848714,86,6,2022-01-01
catboost_diff12,2022-03-01,7504.0,7945.565962253367,87,1,2022-02-01
catboost_diff12,2022-04-01,7589.0,6757.953757438847,87,2,2022-02-01
catboost_diff12,2022-05-01,8846.0,7764.024250066323,87,3,2022-02-01
catboost_diff12,2022-06-01,9057.0,7908.255284995623,87,4,2022-02-01
catboost_diff12,2022-07-01,8699.0,9124.767611805995,87,5,2022-02-01
catboost_diff12,2022-08-01,8834.0,8521.255029163996,87,6,2022-02-01
catboost_diff12,2022-04-01,7589.0,6446.106935137137,88,1,2022-03-01
catboost_diff12,2022-05-01,8846.0,7831.329622028022,88,2,2022-03-01
catboost_diff12,2022-06-01,9057.0,7937.421266253164,88,3,2022-03-01
catboost_diff12,2022-07-01,8699.0,9221.424281213807,88,4,2022-03-01
catboost_diff12,2022-08-01,8834.0,8618.090335819179,88,5,2022-03-01
catboost_diff12,2022-09-01,8228.0,7270.003453953223,88,6,2022-03-01
catboost_diff12,2022-05-01,8846.0,8457.744609803145,89,1,2022-04-01
catboost_diff12,2022-06-01,9057.0,8605.598027361693,89,2,2022-04-01
catboost_diff12,2022-07-01,8699.0,9572.922438714151,89,3,2022-04-01
catboost_diff12,2022-08-01,8834.0,9137.276541608726,89,4,2022-04-01
catboost_diff12,2022-09-01,8228.0,7455.8618555487155,89,5,2022-04-01
catboost_diff12,2022-10-01,8388.0,7677.888378149501,89,6,2022-04-01
catboost_diff12,2022-06-01,9057.0,8651.271103021858,90,1,2022-05-01
catboost_diff12,2022-07-01,8699.0,9871.098852483567,90,2,2022-05-01
catboost_diff12,2022-08-01,8834.0,9092.110918050208,90,3,2022-05-01
catboost_diff12,2022-09-01,8228.0,7580.516007948649,90,4,2022-05-01
catboost_diff12,2022-10-01,8388.0,7745.44489500524,90,5,2022-05-01
catboost_diff12,2022-11-01,7588.0,7605.07083028117,90,6,2022-05-01
catboost_diff12,2022-07-01,8699.0,10100.965070081138,91,1,2022-06-01
catboost_diff12,2022-08-01,8834.0,9311.98136807198,91,2,2022-06-01
catboost_diff12,2022-09-01,8228.0,7750.443107794365,91,3,2022-06-01
catboost_diff12,2022-10-01,8388.0,7866.933122398772,91,4,2022-06-01
catboost_diff12,2022-11-01,7588.0,7790.23058370942,91,5,2022-06-01
catboost_diff12,2022-12-01,7850.0,8449.87824372703,91,6,2022-06-01
catboost_diff12,2022-08-01,8834.0,8817.186581850177,92,1,2022-07-01
catboost_diff12,2022-09-01,8228.0,7658.104733781088,92,2,2022-07-01
catboost_diff12,2022-10-01,8388.0,7645.439713955713,92,3,2022-07-01
catboost_diff12,2022-11-01,7588.0,7339.567090525866,92,4,2022-07-01
catboost_diff12,2022-12-01,7850.0,8123.314703083908,92,5,2022-07-01
catboost_diff12,2023-01-01,7563.0,9407.373691188328,92,6,2022-07-01
catboost_diff12,2022-09-01,8228.0,7699.817526516773,93,1,2022-08-01
catboost_diff12,2022-10-01,8388.0,7779.030431895105,93,2,2022-08-01
catboost_diff12,2022-11-01,7588.0,7349.171480042394,93,3,2022-08-01
catboost_diff12,2022-12-01,7850.0,8037.570544397694,93,4,2022-08-01
catboost_diff12,2023-01-01,7563.0,9571.238315049073,93,5,2022-08-01
catboost_diff12,2023-02-01,6551.0,6944.960143835108,93,6,2022-08-01
catboost_diff12,2022-10-01,8388.0,7993.369845527879,94,1,2022-09-01
catboost_diff12,2022-11-01,7588.0,7535.7720016108215,94,2,2022-09-01
catboost_diff12,2022-12-01,7850.0,8124.757906309913,94,3,2022-09-01
catboost_diff12,2023-01-01,7563.0,9654.76622037624,94,4,2022-09-01
catboost_diff12,2023-02-01,6551.0,6988.248918707179,94,5,2022-09-01
catboost_diff12,2023-03-01,7507.0,7487.24755769063,94,6,2022-09-01
catboost_diff12,2022-11-01,7588.0,7500.438941184896,95,1,2022-10-01
catboost_diff12,2022-12-01,7850.0,8046.306336154336,95,2,2022-10-01
catboost_diff12,2023-01-01,7563.0,9803.521781340054,95,3,2022-10-01
catboost_diff12,2023-02-01,6551.0,7093.673605400023,95,4,2022-10-01
catboost_diff12,2023-03-01,7507.0,7459.6999297166185,95,5,2022-10-01
catboost_diff12,2023-04-01,7745.0,7384.375504965913,95,6,2022-10-01
catboost_diff12,2022-12-01,7850.0,8037.502876890528,96,1,2022-11-01
catboost_diff12,2023-01-01,7563.0,9747.469693316585,96,2,2022-11-01
catboost_diff12,2023-02-01,6551.0,7150.893446342104,96,3,2022-11-01
catboost_diff12,2023-03-01,7507.0,7519.609550828365,96,4,2022-11-01
catboost_diff12,2023-04-01,7745.0,7401.68281736156,96,5,2022-11-01
catboost_diff12,2023-05-01,8600.0,8806.73263431672,96,6,2022-11-01
catboost_diff12,2023-01-01,7563.0,9727.099868132547,97,1,2022-12-01
catboost_diff12,2023-02-01,6551.0,7147.084818017174,97,2,2022-12-01
catboost_diff12,2023-03-01,7507.0,7450.190844704894,97,3,2022-12-01
catboost_diff12,2023-04-01,7745.0,7400.38708845821,97,4,2022-12-01
catboost_diff12,2023-05-01,8600.0,8687.408324685835,97,5,2022-12-01
catboost_diff12,2023-06-01,9151.0,9067.697479354427,97,6,2022-12-01
catboost_diff12,2023-02-01,6551.0,6527.715839208837,98,1,2023-01-01
catboost_diff12,2023-03-01,7507.0,7203.023130920442,98,2,2023-01-01
catboost_diff12,2023-04-01,7745.0,7241.799251134062,98,3,2023-01-01
catboost_diff12,2023-05-01,8600.0,8464.58074181873,98,4,2023-01-01
catboost_diff12,2023-06-01,9151.0,9014.14523081753,98,5,2023-01-01
catboost_diff12,2023-07-01,9183.0,8811.25382485411,98,6,2023-01-01
catboost_diff12,2023-03-01,7507.0,7102.084912480198,99,1,2023-02-01
catboost_diff12,2023-04-01,7745.0,7166.471794424752,99,2,2023-02-01
catboost_diff12,2023-05-01,8600.0,8513.586708004113,99,3,2023-02-01
catboost_diff12,2023-06-01,9151.0,8966.318943711349,99,4,2023-02-01
catboost_diff12,2023-07-01,9183.0,8740.924089241818,99,5,2023-02-01
catboost_diff12,2023-08-01,8297.0,8789.732442161407,99,6,2023-02-01
catboost_diff12,2023-04-01,7745.0,7253.380307048713,100,1,2023-03-01
catboost_diff12,2023-05-01,8600.0,8247.444800604788,100,2,2023-03-01
catboost_diff12,2023-06-01,9151.0,8857.797138608026,100,3,2023-03-01
catboost_diff12,2023-07-01,9183.0,8720.084533194662,100,4,2023-03-01
catboost_diff12,2023-08-01,8297.0,8842.128170628765,100,5,2023-03-01
catboost_diff12,2023-09-01,7823.0,7588.947319172208,100,6,2023-03-01
catboost_diff12,2023-05-01,8600.0,8527.844142725235,101,1,2023-04-01
catboost_diff12,2023-06-01,9151.0,8894.76228644162,101,2,2023-04-01
catboost_diff12,2023-07-01,9183.0,8687.242194769866,101,3,2023-04-01
catboost_diff12,2023-08-01,8297.0,8798.24660557895,101,4,2023-04-01
catboost_diff12,2023-09-01,7823.0,7879.297360085791,101,5,2023-04-01
catboost_diff12,2023-10-01,7507.0,8117.492581776918,101,6,2023-04-01
catboost_diff12,2023-06-01,9151.0,8799.733084022888,102,1,2023-05-01
catboost_diff12,2023-07-01,9183.0,8664.264538253743,102,2,2023-05-01
catboost_diff12,2023-08-01,8297.0,8802.488954010456,102,3,2023-05-01
catboost_diff12,2023-09-01,7823.0,7861.544683278644,102,4,2023-05-01
catboost_diff12,2023-10-01,7507.0,8164.1614479216205,102,5,2023-05-01
catboost_diff12,2023-11-01,8107.0,7840.750924030858,102,6,2023-05-01
catboost_diff12,2023-07-01,9183.0,8741.141960977853,103,1,2023-06-01
catboost_diff12,2023-08-01,8297.0,8794.624309896235,103,2,2023-06-01
catboost_diff12,2023-09-01,7823.0,7869.418697339238,103,3,2023-06-01
catboost_diff12,2023-10-01,7507.0,8207.546012778883,103,4,2023-06-01
catboost_diff12,2023-11-01,8107.0,7855.953110615893,103,5,2023-06-01
catboost_diff12,2023-12-01,7504.0,8275.75695221756,103,6,2023-06-01
catboost_full,2015-01-01,7184.0,6351.209404237253,1,1,2014-12-01
catboost_full,2015-02-01,5958.0,6449.619686939039,1,2,2014-12-01
catboost_full,2015-03-01,6658.0,6542.014081769983,1,3,2014-12-01
catboost_full,2015-04-01,7069.0,6607.0581413830405,1,4,2014-12-01
catboost_full,2015-05-01,8099.0,7538.889077474198,1,5,2014-12-01
catboost_full,2015-06-01,7868.0,7552.786513774165,1,6,2014-12-01
catboost_full,2015-02-01,5958.0,6548.811956107006,2,1,2015-01-01
catboost_full,2015-03-01,6658.0,6428.716034622153,2,2,2015-01-01
catboost_full,2015-04-01,7069.0,6536.0323670555335,2,3,2015-01-01
catboost_full,2015-05-01,8099.0,7777.796843067208,2,4,2015-01-01
catboost_full,2015-06-01,7868.0,7653.224598133368,2,5,2015-01-01
catboost_full,2015-07-01,7986.0,7711.958796334968,2,6,2015-01-01
catboost_full,2015-03-01,6658.0,6364.870547121083,3,1,2015-02-01
catboost_full,2015-04-01,7069.0,6437.009478291339,3,2,2015-02-01
catboost_full,2015-05-01,8099.0,7505.900951649162,3,3,2015-02-01
catboost_full,2015-06-01,7868.0,7729.197701628727,3,4,2015-02-01
catboost_full,2015-07-01,7986.0,7378.036296426588,3,5,2015-02-01
catboost_full,2015-08-01,7251.0,7827.1740871221455,3,6,2015-02-01
catboost_full,2015-04-01,7069.0,6475.348093755883,4,1,2015-03-01
catboost_full,2015-05-01,8099.0,7488.716555802736,4,2,2015-03-01
catboost_full,2015-06-01,7868.0,7570.715283220811,4,3,2015-03-01
catboost_full,2015-07-01,7986.0,7623.99608758749,4,4,2015-03-01
catboost_full,2015-08-01,7251.0,7998.099416843745,4,5,2015-03-01
catboost_full,2015-09-01,7163.0,6945.024006190611,4,6,2015-03-01
catboost_full,2015-05-01,8099.0,7737.506750869737,5,1,2015-04-01
catboost_full,2015-06-01,7868.0,7498.929332385826,5,2,2015-04-01
catboost_full,2015-07-01,7986.0,7345.931102296415,5,3,2015-04-01
catboost_full,2015-08-01,7251.0,7924.3507614855935,5,4,2015-04-01
catboost_full,2015-09-01,7163.0,7067.1098818077535,5,5,2015-04-01
catboost_full,2015-10-01,6690.0,7114.2240909243465,5,6,2015-04-01
catboost_full,2015-06-01,7868.0,7623.811621292252,6,1,2015-05-01
catboost_full,2015-07-01,7986.0,7353.311794982251,6,2,2015-05-01
catboost_full,2015-08-01,7251.0,7825.901166758733,6,3,2015-05-01
catboost_full,2015-09-01,7163.0,7091.300706086028,6,4,2015-05-01
catboost_full,2015-10-01,6690.0,7150.083289164978,6,5,2015-05-01
catboost_full,2015-11-01,6392.0,6378.335138571158,6,6,2015-05-01
catboost_full,2015-07-01,7986.0,7497.656133563384,7,1,2015-06-01
catboost_full,2015-08-01,7251.0,7829.019294795777,7,2,2015-06-01
catboost_full,2015-09-01,7163.0,6799.4833863701,7,3,2015-06-01
catboost_full,2015-10-01,6690.0,7175.7566055981715,7,4,2015-06-01
catboost_full,2015-11-01,6392.0,6522.581959872551,7,5,2015-06-01
catboost_full,2015-12-01,6753.0,6780.902517039362,7,6,2015-06-01
catboost_full,2015-08-01,7251.0,7844.7895500254845,8,1,2015-07-01
catboost_full,2015-09-01,7163.0,6893.03622323802,8,2,2015-07-01
catboost_full,2015-10-01,6690.0,7247.664165370435,8,3,2015-07-01
catboost_full,2015-11-01,6392.0,6548.898517680809,8,4,2015-07-01
catboost_full,2015-12-01,6753.0,6767.725354254623,8,5,2015-07-01
catboost_full,2016-01-01,6753.0,7010.825783924084,8,6,2015-07-01
catboost_full,2015-09-01,7163.0,6693.607527894782,9,1,2015-08-01
catboost_full,2015-10-01,6690.0,7131.372305383757,9,2,2015-08-01
catboost_full,2015-11-01,6392.0,6296.664351922256,9,3,2015-08-01
catboost_full,2015-12-01,6753.0,6710.189463587471,9,4,2015-08-01
catboost_full,2016-01-01,6753.0,6838.274052736405,9,5,2015-08-01
catboost_full,2016-02-01,6385.0,6103.247808861668,9,6,2015-08-01
catboost_full,2015-10-01,6690.0,7234.0159072846545,10,1,2015-09-01
catboost_full,2015-11-01,6392.0,6432.582934184397,10,2,2015-09-01
catboost_full,2015-12-01,6753.0,6727.644876504848,10,3,2015-09-01
catboost_full,2016-01-01,6753.0,6925.929881126729,10,4,2015-09-01
catboost_full,2016-02-01,6385.0,6094.528933970437,10,5,2015-09-01
catboost_full,2016-03-01,7164.0,6587.840699264821,10,6,2015-09-01
catboost_full,2015-11-01,6392.0,6415.041819582301,11,1,2015-10-01
catboost_full,2015-12-01,6753.0,6647.730235548051,11,2,2015-10-01
catboost_full,2016-01-01,6753.0,6675.6803080637,11,3,2015-10-01
catboost_full,2016-02-01,6385.0,6047.923977753768,11,4,2015-10-01
catboost_full,2016-03-01,7164.0,6295.117465536791,11,5,2015-10-01
catboost_full,2016-04-01,7192.0,6952.982117002467,11,6,2015-10-01
catboost_full,2015-12-01,6753.0,6628.161088357709,12,1,2015-11-01
catboost_full,2016-01-01,6753.0,6718.535615737502,12,2,2015-11-01
catboost_full,2016-02-01,6385.0,6071.409243575504,12,3,2015-11-01
catboost_full,2016-03-01,7164.0,6237.762849819496,12,4,2015-11-01
catboost_full,2016-04-01,7192.0,6929.473731600735,12,5,2015-11-01
catboost_full,2016-05-01,7743.0,8039.781274226979,12,6,2015-11-01
catboost_full,2016-01-01,6753.0,6797.553086753525,13,1,2015-12-01
catboost_full,2016-02-01,6385.0,6103.075595365711,13,2,2015-12-01
catboost_full,2016-03-01,7164.0,6352.102469073819,13,3,2015-12-01
catboost_full,2016-04-01,7192.0,7010.206966325246,13,4,2015-12-01
catboost_full,2016-05-01,7743.0,8106.326451060701,13,5,2015-12-01
catboost_full,2016-06-01,8767.0,7658.354559782826,13,6,2015-12-01
catboost_full,2016-02-01,6385.0,6105.007056718404,14,1,2016-01-01
catboost_full,2016-03-01,7164.0,6273.1827027049485,14,2,2016-01-01
catboost_full,2016-04-01,7192.0,6990.2462877268335,14,3,2016-01-01
catboost_full,2016-05-01,7743.0,8106.904098911328,14,4,2016-01-01
catboost_full,2016-06-01,8767.0,7670.696923945381,14,5,2016-01-01
catboost_full,2016-07-01,8479.0,8242.1306565839,14,6,2016-01-01
catboost_full,2016-03-01,7164.0,6385.747172607046,15,1,2016-02-01
catboost_full,2016-04-01,7192.0,6973.705682356022,15,2,2016-02-01
catboost_full,2016-05-01,7743.0,8034.945995923011,15,3,2016-02-01
catboost_full,2016-06-01,8767.0,7798.843302882645,15,4,2016-02-01
catboost_full,2016-07-01,8479.0,8149.815214174855,15,5,2016-02-01
catboost_full,2016-08-01,7890.0,7418.93334925201,15,6,2016-02-01
catboost_full,2016-04-01,7192.0,7062.9125601518335,16,1,2016-03-01
catboost_full,2016-05-01,7743.0,8184.592735917717,16,2,2016-03-01
catboost_full,2016-06-01,8767.0,7745.108136209575,16,3,2016-03-01
catboost_full,2016-07-01,8479.0,8218.915632704406,16,4,2016-03-01
catboost_full,2016-08-01,7890.0,7601.366901704367,16,5,2016-03-01
catboost_full,2016-09-01,7317.0,7145.506884981169,16,6,2016-03-01
catboost_full,2016-05-01,7743.0,8126.357148428862,17,1,2016-04-01
catboost_full,2016-06-01,8767.0,7713.765246217232,17,2,2016-04-01
catboost_full,2016-07-01,8479.0,7995.417810652483,17,3,2016-04-01
catboost_full,2016-08-01,7890.0,7661.771680347476,17,4,2016-04-01
catboost_full,2016-09-01,7317.0,7080.2002152501045,17,5,2016-04-01
catboost_full,2016-10-01,7426.0,6867.057358029103,17,6,2016-04-01
catboost_full,2016-06-01,8767.0,7668.9957713175745,18,1,2016-05-01
catboost_full,2016-07-01,8479.0,7975.926724838417,18,2,2016-05-01
catboost_full,2016-08-01,7890.0,7410.758736748085,18,3,2016-05-01
catboost_full,2016-09-01,7317.0,7075.275468306833,18,4,2016-05-01
catboost_full,2016-10-01,7426.0,6754.086713770361,18,5,2016-05-01
catboost_full,2016-11-01,6700.0,6776.905165575079,18,6,2016-05-01
catboost_full,2016-07-01,8479.0,7948.324876889524,19,1,2016-06-01
catboost_full,2016-08-01,7890.0,7469.111170828606,19,2,2016-06-01
catboost_full,2016-09-01,7317.0,7207.949315163388,19,3,2016-06-01
catboost_full,2016-10-01,7426.0,6814.105303204565,19,4,2016-06-01
catboost_full,2016-11-01,6700.0,6727.948490847814,19,5,2016-06-01
catboost_full,2016-12-01,6994.0,6975.977039526501,19,6,2016-06-01
catboost_full,2016-08-01,7890.0,7515.433795661891,20,1,2016-07-01
catboost_full,2016-09-01,7317.0,7301.361408004581,20,2,2016-07-01
catboost_full,2016-10-01,7426.0,6742.886130331265,20,3,2016-07-01
catboost_full,2016-11-01,6700.0,6731.776499565982,20,4,2016-07-01
catboost_full,2016-12-01,6994.0,6970.6349320156605,20,5,2016-07-01
catboost_full,2017-01-01,6788.0,6815.685333425268,20,6,2016-07-01
catboost_full,2016-09-01,7317.0,7230.81607276405,21,1,2016-08-01
catboost_full,2016-10-01,7426.0,6657.260812492317,21,2,2016-08-01
catboost_full,2016-11-01,6700.0,6453.726414783919,21,3,2016-08-01
catboost_full,2016-12-01,6994.0,7052.920389067513,21,4,2016-08-01
catboost_full,2017-01-01,6788.0,6879.7315856705345,21,5,2016-08-01
catboost_full,2017-02-01,6271.0,6472.369922769869,21,6,2016-08-01
catboost_full,2016-10-01,7426.0,6708.46378749742,22,1,2016-09-01
catboost_full,2016-11-01,6700.0,6447.169191735858,22,2,2016-09-01
catboost_full,2016-12-01,6994.0,7018.583699299753,22,3,2016-09-01
catboost_full,2017-01-01,6788.0,6860.408200261791,22,4,2016-09-01
catboost_full,2017-02-01,6271.0,6442.175100550569,22,5,2016-09-01
catboost_full,2017-03-01,6794.0,7110.65247941745,22,6,2016-09-01
catboost_full,2016-11-01,6700.0,6332.0029340287565,23,1,2016-10-01
catboost_full,2016-12-01,6994.0,6846.483293081247,23,2,2016-10-01
catboost_full,2017-01-01,6788.0,6839.551453373739,23,3,2016-10-01
catboost_full,2017-02-01,6271.0,6534.114952199905,23,4,2016-10-01
catboost_full,2017-03-01,6794.0,7158.585261243628,23,5,2016-10-01
catboost_full,2017-04-01,6884.0,7258.898366958194,23,6,2016-10-01
catboost_full,2016-12-01,6994.0,6929.328764206466,24,1,2016-11-01
catboost_full,2017-01-01,6788.0,6890.771300675859,24,2,2016-11-01
catboost_full,2017-02-01,6271.0,6415.203676123687,24,3,2016-11-01
catboost_full,2017-03-01,6794.0,7103.554533518788,24,4,2016-11-01
catboost_full,2017-04-01,6884.0,7337.056455714435,24,5,2016-11-01
catboost_full,2017-05-01,7651.0,7696.360225644481,24,6,2016-11-01
catboost_full,2017-01-01,6788.0,6998.263687818709,25,1,2016-12-01
catboost_full,2017-02-01,6271.0,6401.032788462599,25,2,2016-12-01
catboost_full,2017-03-01,6794.0,7219.541955308211,25,3,2016-12-01
catboost_full,2017-04-01,6884.0,7472.136909777597,25,4,2016-12-01
catboost_full,2017-05-01,7651.0,7678.642517027688,25,5,2016-12-01
catboost_full,2017-06-01,8009.0,8587.972145466489,25,6,2016-12-01
catboost_full,2017-02-01,6271.0,6538.934100741445,26,1,2017-01-01
catboost_full,2017-03-01,6794.0,7374.985582078094,26,2,2017-01-01
catboost_full,2017-04-01,6884.0,7512.424534222234,26,3,2017-01-01
catboost_full,2017-05-01,7651.0,7607.826371224468,26,4,2017-01-01
catboost_full,2017-06-01,8009.0,8657.381985506792,26,5,2017-01-01
catboost_full,2017-07-01,8694.0,8461.06237259759,26,6,2017-01-01
catboost_full,2017-03-01,6794.0,7149.957189526227,27,1,2017-02-01
catboost_full,2017-04-01,6884.0,7422.644806934133,27,2,2017-02-01
catboost_full,2017-05-01,7651.0,7467.3091082818955,27,3,2017-02-01
catboost_full,2017-06-01,8009.0,8576.67577004529,27,4,2017-02-01
catboost_full,2017-07-01,8694.0,8401.945545995783,27,5,2017-02-01
catboost_full,2017-08-01,8130.0,7933.0670121745225,27,6,2017-02-01
catboost_full,2017-04-01,6884.0,7190.657693553716,28,1,2017-03-01
catboost_full,2017-05-01,7651.0,7473.547058257655,28,2,2017-03-01
catboost_full,2017-06-01,8009.0,8596.249888768516,28,3,2017-03-01
catboost_full,2017-07-01,8694.0,8363.846283685745,28,4,2017-03-01
catboost_full,2017-08-01,8130.0,7775.893377456833,28,5,2017-03-01
catboost_full,2017-09-01,7446.0,7677.20224953123,28,6,2017-03-01
catboost_full,2017-05-01,7651.0,7448.432151796414,29,1,2017-04-01
catboost_full,2017-06-01,8009.0,8638.161214377811,29,2,2017-04-01
catboost_full,2017-07-01,8694.0,8513.69595399773,29,3,2017-04-01
catboost_full,2017-08-01,8130.0,7651.124023865803,29,4,2017-04-01
catboost_full,2017-09-01,7446.0,7521.928215660168,29,5,2017-04-01
catboost_full,2017-10-01,7282.0,7287.477209998585,29,6,2017-04-01
catboost_full,2017-06-01,8009.0,8485.8246586939,30,1,2017-05-01
catboost_full,2017-07-01,8694.0,8399.564953825131,30,2,2017-05-01
catboost_full,2017-08-01,8130.0,7725.17918087046,30,3,2017-05-01
catboost_full,2017-09-01,7446.0,7500.056986620535,30,4,2017-05-01
catboost_full,2017-10-01,7282.0,7379.5588385753235,30,5,2017-05-01
catboost_full,2017-11-01,6830.0,6723.870384214343,30,6,2017-05-01
catboost_full,2017-07-01,8694.0,8217.203559228743,31,1,2017-06-01
catboost_full,2017-08-01,8130.0,7631.816476692664,31,2,2017-06-01
catboost_full,2017-09-01,7446.0,7422.902433921903,31,3,2017-06-01
catboost_full,2017-10-01,7282.0,7321.71787778078,31,4,2017-06-01
catboost_full,2017-11-01,6830.0,6598.160069544173,31,5,2017-06-01
catboost_full,2017-12-01,6946.0,7325.221829400936,31,6,2017-06-01
catboost_full,2017-08-01,8130.0,7600.028803067956,32,1,2017-07-01
catboost_full,2017-09-01,7446.0,7390.112619346222,32,2,2017-07-01
catboost_full,2017-10-01,7282.0,7293.223904831474,32,3,2017-07-01
catboost_full,2017-11-01,6830.0,6646.860317800125,32,4,2017-07-01
catboost_full,2017-12-01,6946.0,7294.28770304211,32,5,2017-07-01
catboost_full,2018-01-01,6886.0,6779.368150444721,32,6,2017-07-01
catboost_full,2017-09-01,7446.0,7405.089806705508,33,1,2017-08-01
catboost_full,2017-10-01,7282.0,7469.375043099835,33,2,2017-08-01
catboost_full,2017-11-01,6830.0,6787.584591593668,33,3,2017-08-01
catboost_full,2017-12-01,6946.0,7400.55008272188,33,4,2017-08-01
catboost_full,2018-01-01,6886.0,6996.841179053821,33,5,2017-08-01
catboost_full,2018-02-01,5960.0,6472.129742353527,33,6,2017-08-01
catboost_full,2017-10-01,7282.0,7507.2193166516,34,1,2017-09-01
catboost_full,2017-11-01,6830.0,6785.613727386624,34,2,2017-09-01
catboost_full,2017-12-01,6946.0,7352.477004701229,34,3,2017-09-01
catboost_full,2018-01-01,6886.0,7040.6436898577895,34,4,2017-09-01
catboost_full,2018-02-01,5960.0,6519.410004948271,34,5,2017-09-01
catboost_full,2018-03-01,6930.0,7046.449404140544,34,6,2017-09-01
catboost_full,2017-11-01,6830.0,6742.445344575955,35,1,2017-10-01
catboost_full,2017-12-01,6946.0,7254.218336385766,35,2,2017-10-01
catboost_full,2018-01-01,6886.0,6895.020993658101,35,3,2017-10-01
catboost_full,2018-02-01,5960.0,6491.819150082249,35,4,2017-10-01
catboost_full,2018-03-01,6930.0,6999.746831389781,35,5,2017-10-01
catboost_full,2018-04-01,6769.0,7134.543395884592,35,6,2017-10-01
catboost_full,2017-12-01,6946.0,7206.314522552261,36,1,2017-11-01
catboost_full,2018-01-01,6886.0,6854.731301673209,36,2,2017-11-01
catboost_full,2018-02-01,5960.0,6525.823080039328,36,3,2017-11-01
catboost_full,2018-03-01,6930.0,7127.68940885117,36,4,2017-11-01
catboost_full,2018-04-01,6769.0,7091.466111099536,36,5,2017-11-01
catboost_full,2018-05-01,7511.0,7805.592168203089,36,6,2017-11-01
catboost_full,2018-01-01,6886.0,6811.291356240011,37,1,2017-12-01
catboost_full,2018-02-01,5960.0,6523.695960136186,37,2,2017-12-01
catboost_full,2018-03-01,6930.0,7049.858351850443,37,3,2017-12-01
catboost_full,2018-04-01,6769.0,7149.391413278093,37,4,2017-12-01
catboost_full,2018-05-01,7511.0,7838.222308396651,37,5,2017-12-01
catboost_full,2018-06-01,8057.0,8256.65792825572,37,6,2017-12-01
catboost_full,2018-02-01,5960.0,6538.03814164026,38,1,2018-01-01
catboost_full,2018-03-01,6930.0,7069.492334276734,38,2,2018-01-01
catboost_full,2018-04-01,6769.0,7159.261501176759,38,3,2018-01-01
catboost_full,2018-05-01,7511.0,7826.751957733035,38,4,2018-01-01
catboost_full,2018-06-01,8057.0,8313.883329173621,38,5,2018-01-01
catboost_full,2018-07-01,8175.0,8864.863310026316,38,6,2018-01-01
catboost_full,2018-03-01,6930.0,6866.925826295988,39,1,2018-02-01
catboost_full,2018-04-01,6769.0,6980.9001623054055,39,2,2018-02-01
catboost_full,2018-05-01,7511.0,7712.999315137964,39,3,2018-02-01
catboost_full,2018-06-01,8057.0,8286.846243261687,39,4,2018-02-01
catboost_full,2018-07-01,8175.0,8946.791959405296,39,5,2018-02-01
catboost_full,2018-08-01,8328.0,8309.07066934062,39,6,2018-02-01
catboost_full,2018-04-01,6769.0,6941.20638957401,40,1,2018-03-01
catboost_full,2018-05-01,7511.0,7693.610300672775,40,2,2018-03-01
catboost_full,2018-06-01,8057.0,8254.520236785505,40,3,2018-03-01
catboost_full,2018-07-01,8175.0,8914.14755313168,40,4,2018-03-01
catboost_full,2018-08-01,8328.0,8390.976496069175,40,5,2018-03-01
catboost_full,2018-09-01,7325.0,7425.696050174347,40,6,2018-03-01
catboost_full,2018-05-01,7511.0,7652.216220715335,41,1,2018-04-01
catboost_full,2018-06-01,8057.0,8141.059341986037,41,2,2018-04-01
catboost_full,2018-07-01,8175.0,8863.485965989708,41,3,2018-04-01
catboost_full,2018-08-01,8328.0,8332.30802345583,41,4,2018-04-01
catboost_full,2018-09-01,7325.0,7519.470871593591,41,5,2018-04-01
catboost_full,2018-10-01,7202.0,7624.2534078010685,41,6,2018-04-01
catboost_full,2018-06-01,8057.0,8208.174103258058,42,1,2018-05-01
catboost_full,2018-07-01,8175.0,8754.722410888924,42,2,2018-05-01
catboost_full,2018-08-01,8328.0,8322.208013146166,42,3,2018-05-01
catboost_full,2018-09-01,7325.0,7488.982290947553,42,4,2018-05-01
catboost_full,2018-10-01,7202.0,7591.543608323274,42,5,2018-05-01
catboost_full,2018-11-01,7161.0,7003.047413864271,42,6,2018-05-01
catboost_full,2018-07-01,8175.0,8794.958854010796,43,1,2018-06-01
catboost_full,2018-08-01,8328.0,8315.701665607965,43,2,2018-06-01
catboost_full,2018-09-01,7325.0,7487.306171581479,43,3,2018-06-01
catboost_full,2018-10-01,7202.0,7588.863025420902,43,4,2018-06-01
catboost_full,2018-11-01,7161.0,7011.33589947622,43,5,2018-06-01
catboost_full,2018-12-01,7409.0,7091.371116428827,43,6,2018-06-01
catboost_full,2018-08-01,8328.0,8283.378904452315,44,1,2018-07-01
catboost_full,2018-09-01,7325.0,7233.798865455165,44,2,2018-07-01
catboost_full,2018-10-01,7202.0,7398.73264548228,44,3,2018-07-01
catboost_full,2018-11-01,7161.0,6833.428149860255,44,4,2018-07-01
catboost_full,2018-12-01,7409.0,6815.237183964743,44,5,2018-07-01
catboost_full,2019-01-01,7117.0,7018.3281937739575,44,6,2018-07-01
catboost_full,2018-09-01,7325.0,7241.477745064605,45,1,2018-08-01
catboost_full,2018-10-01,7202.0,7390.946703234976,45,2,2018-08-01
catboost_full,2018-11-01,7161.0,6848.690683017073,45,3,2018-08-01
catboost_full,2018-12-01,7409.0,6810.947547378738,45,4,2018-08-01
catboost_full,2019-01-01,7117.0,7026.9718252507155,45,5,2018-08-01
catboost_full,2019-02-01,6307.0,6046.640855900626,45,6,2018-08-01
catboost_full,2018-10-01,7202.0,7420.513388770532,46,1,2018-09-01
catboost_full,2018-11-01,7161.0,6998.455665458278,46,2,2018-09-01
catboost_full,2018-12-01,7409.0,6940.007001596448,46,3,2018-09-01
catboost_full,2019-01-01,7117.0,6991.88130432474,46,4,2018-09-01
catboost_full,2019-02-01,6307.0,6113.199964657113,46,5,2018-09-01
catboost_full,2019-03-01,7067.0,6862.001206393396,46,6,2018-09-01
catboost_full,2018-11-01,7161.0,6882.223221758282,47,1,2018-10-01
catboost_full,2018-12-01,7409.0,6766.824618216707,47,2,2018-10-01
catboost_full,2019-01-01,7117.0,7025.706634790109,47,3,2018-10-01
catboost_full,2019-02-01,6307.0,6007.96386339678,47,4,2018-10-01
catboost_full,2019-03-01,7067.0,6844.887221220045,47,5,2018-10-01
catboost_full,2019-04-01,7108.0,6926.960427205069,47,6,2018-10-01
catboost_full,2018-12-01,7409.0,6952.799446753096,48,1,2018-11-01
catboost_full,2019-01-01,7117.0,7093.579082821053,48,2,2018-11-01
catboost_full,2019-02-01,6307.0,6159.17107756282,48,3,2018-11-01
catboost_full,2019-03-01,7067.0,7058.327865816904,48,4,2018-11-01
catboost_full,2019-04-01,7108.0,6862.750223865396,48,5,2018-11-01
catboost_full,2019-05-01,7776.0,7572.335581360819,48,6,2018-11-01
catboost_full,2019-01-01,7117.0,7045.462742710364,49,1,2018-12-01
catboost_full,2019-02-01,6307.0,6212.309899765889,49,2,2018-12-01
catboost_full,2019-03-01,7067.0,7071.130626872857,49,3,2018-12-01
catboost_full,2019-04-01,7108.0,6951.292984673366,49,4,2018-12-01
catboost_full,2019-05-01,7776.0,7606.800279789277,49,5,2018-12-01
catboost_full,2019-06-01,8274.0,8023.4631237891035,49,6,2018-12-01
catboost_full,2019-02-01,6307.0,6111.968331014415,50,1,2019-01-01
catboost_full,2019-03-01,7067.0,7083.1604431656715,50,2,2019-01-01
catboost_full,2019-04-01,7108.0,7065.663364703269,50,3,2019-01-01
catboost_full,2019-05-01,7776.0,7672.513677369209,50,4,2019-01-01
catboost_full,2019-06-01,8274.0,8022.062085082421,50,5,2019-01-01
catboost_full,2019-07-01,8919.0,8294.354100085062,50,6,2019-01-01
catboost_full,2019-03-01,7067.0,7124.375190867135,51,1,2019-02-01
catboost_full,2019-04-01,7108.0,7048.397700257667,51,2,2019-02-01
catboost_full,2019-05-01,7776.0,7799.499712278499,51,3,2019-02-01
catboost_full,2019-06-01,8274.0,8241.592622069318,51,4,2019-02-01
catboost_full,2019-07-01,8919.0,8251.763098202307,51,5,2019-02-01
catboost_full,2019-08-01,8180.0,8188.353145099045,51,6,2019-02-01
catboost_full,2019-04-01,7108.0,7018.144997282622,52,1,2019-03-01
catboost_full,2019-05-01,7776.0,7715.167201240127,52,2,2019-03-01
catboost_full,2019-06-01,8274.0,8123.187223204772,52,3,2019-03-01
catboost_full,2019-07-01,8919.0,8119.837745712675,52,4,2019-03-01
catboost_full,2019-08-01,8180.0,8291.121024716042,52,5,2019-03-01
catboost_full,2019-09-01,7664.0,7328.987399234232,52,6,2019-03-01
catboost_full,2019-05-01,7776.0,7850.853354688614,53,1,2019-04-01
catboost_full,2019-06-01,8274.0,8342.389418863666,53,2,2019-04-01
catboost_full,2019-07-01,8919.0,8294.718381227252,53,3,2019-04-01
catboost_full,2019-08-01,8180.0,8331.727054352508,53,4,2019-04-01
catboost_full,2019-09-01,7664.0,7409.059233391059,53,5,2019-04-01
catboost_full,2019-10-01,7254.0,7304.667077973408,53,6,2019-04-01
catboost_full,2019-06-01,8274.0,8190.416086155187,54,1,2019-05-01
catboost_full,2019-07-01,8919.0,8275.143644357197,54,2,2019-05-01
catboost_full,2019-08-01,8180.0,8181.130912048635,54,3,2019-05-01
catboost_full,2019-09-01,7664.0,7349.715616859809,54,4,2019-05-01
catboost_full,2019-10-01,7254.0,7341.072800762898,54,5,2019-05-01
catboost_full,2019-11-01,6785.0,7142.730893912138,54,6,2019-05-01
catboost_full,2019-07-01,8919.0,8254.069119100264,55,1,2019-06-01
catboost_full,2019-08-01,8180.0,8184.567008062404,55,2,2019-06-01
catboost_full,2019-09-01,7664.0,7348.714661051776,55,3,2019-06-01
catboost_full,2019-10-01,7254.0,7361.994630924343,55,4,2019-06-01
catboost_full,2019-11-01,6785.0,7177.375689944871,55,5,2019-06-01
catboost_full,2019-12-01,6987.0,7209.070549826899,55,6,2019-06-01
catboost_full,2019-08-01,8180.0,8326.450695593712,56,1,2019-07-01
catboost_full,2019-09-01,7664.0,7313.029532816423,56,2,2019-07-01
catboost_full,2019-10-01,7254.0,7285.938993147986,56,3,2019-07-01
catboost_full,2019-11-01,6785.0,7101.990068393875,56,4,2019-07-01
catboost_full,2019-12-01,6987.0,7229.940799811401,56,5,2019-07-01
catboost_full,2020-01-01,7194.0,7136.220315367253,56,6,2019-07-01
catboost_full,2019-09-01,7664.0,7368.9858524213105,57,1,2019-08-01
catboost_full,2019-10-01,7254.0,7277.193160204859,57,2,2019-08-01
catboost_full,2019-11-01,6785.0,7008.148107022082,57,3,2019-08-01
catboost_full,2019-12-01,6987.0,7182.458056541485,57,4,2019-08-01
catboost_full,2020-01-01,7194.0,7061.909249900565,57,5,2019-08-01
catboost_full,2020-02-01,6848.0,6206.978765111964,57,6,2019-08-01
catboost_full,2019-10-01,7254.0,7445.567624987634,58,1,2019-09-01
catboost_full,2019-11-01,6785.0,7211.877059539977,58,2,2019-09-01
catboost_full,2019-12-01,6987.0,7240.300705851626,58,3,2019-09-01
catboost_full,2020-01-01,7194.0,7233.283532191755,58,4,2019-09-01
catboost_full,2020-02-01,6848.0,6140.56944189155,58,5,2019-09-01
catboost_full,2020-03-01,7324.0,7116.366420405768,58,6,2019-09-01
catboost_full,2019-11-01,6785.0,7087.531550777756,59,1,2019-10-01
catboost_full,2019-12-01,6987.0,7257.662626218045,59,2,2019-10-01
catboost_full,2020-01-01,7194.0,7171.413731298939,59,3,2019-10-01
catboost_full,2020-02-01,6848.0,6252.359123726874,59,4,2019-10-01
catboost_full,2020-03-01,7324.0,6990.358279269674,59,5,2019-10-01
catboost_full,2020-04-01,5978.0,7194.38952897021,59,6,2019-10-01
catboost_full,2019-12-01,6987.0,7335.45365006641,60,1,2019-11-01
catboost_full,2020-01-01,7194.0,6945.846169196323,60,2,2019-11-01
catboost_full,2020-02-01,6848.0,6413.931499851385,60,3,2019-11-01
catboost_full,2020-03-01,7324.0,7073.923942342696,60,4,2019-11-01
catboost_full,2020-04-01,5978.0,7076.169544136594,60,5,2019-11-01
catboost_full,2020-05-01,7062.0,7999.367678596474,60,6,2019-11-01
catboost_full,2020-01-01,7194.0,7025.544486608334,61,1,2019-12-01
catboost_full,2020-02-01,6848.0,6280.625733003545,61,2,2019-12-01
catboost_full,2020-03-01,7324.0,7028.980684325342,61,3,2019-12-01
catboost_full,2020-04-01,5978.0,7239.810018538153,61,4,2019-12-01
catboost_full,2020-05-01,7062.0,7784.3300223590995,61,5,2019-12-01
catboost_full,2020-06-01,6948.0,8295.530182043618,61,6,2019-12-01
catboost_full,2020-02-01,6848.0,6241.238903483194,62,1,2020-01-01
catboost_full,2020-03-01,7324.0,6940.767889802666,62,2,2020-01-01
catboost_full,2020-04-01,5978.0,7343.048833613033,62,3,2020-01-01
catboost_full,2020-05-01,7062.0,8038.704346410663,62,4,2020-01-01
catboost_full,2020-06-01,6948.0,8501.635572374174,62,5,2020-01-01
catboost_full,2020-07-01,7392.0,8819.807337184428,62,6,2020-01-01
catboost_full,2020-03-01,7324.0,7295.849596431751,63,1,2020-02-01
catboost_full,2020-04-01,5978.0,7446.275649062477,63,2,2020-02-01
catboost_full,2020-05-01,7062.0,8111.869457433442,63,3,2020-02-01
catboost_full,2020-06-01,6948.0,8567.68623164494,63,4,2020-02-01
catboost_full,2020-07-01,7392.0,8961.323181043746,63,5,2020-02-01
catboost_full,2020-08-01,7678.0,8567.729709982996,63,6,2020-02-01
catboost_full,2020-04-01,5978.0,7484.261914519727,64,1,2020-03-01
catboost_full,2020-05-01,7062.0,8172.698603823825,64,2,2020-03-01
catboost_full,2020-06-01,6948.0,8546.800721322226,64,3,2020-03-01
catboost_full,2020-07-01,7392.0,8905.425019185828,64,4,2020-03-01
catboost_full,2020-08-01,7678.0,8634.73818846617,64,5,2020-03-01
catboost_full,2020-09-01,7005.0,7887.921740848607,64,6,2020-03-01
catboost_full,2020-05-01,7062.0,8077.740919777739,65,1,2020-04-01
catboost_full,2020-06-01,6948.0,8616.808671378476,65,2,2020-04-01
catboost_full,2020-07-01,7392.0,9019.691850229081,65,3,2020-04-01
catboost_full,2020-08-01,7678.0,8480.953429734349,65,4,2020-04-01
catboost_full,2020-09-01,7005.0,7667.559941043928,65,5,2020-04-01
catboost_full,2020-10-01,7385.0,7340.391684125105,65,6,2020-04-01
catboost_full,2020-06-01,6948.0,8450.403668335746,66,1,2020-05-01
catboost_full,2020-07-01,7392.0,8881.102117180433,66,2,2020-05-01
catboost_full,2020-08-01,7678.0,8278.26007643405,66,3,2020-05-01
catboost_full,2020-09-01,7005.0,7626.864524848406,66,4,2020-05-01
catboost_full,2020-10-01,7385.0,7253.341179743684,66,5,2020-05-01
catboost_full,2020-11-01,6872.0,6970.527589035584,66,6,2020-05-01
catboost_full,2020-07-01,7392.0,8676.977038216906,67,1,2020-06-01
catboost_full,2020-08-01,7678.0,8002.172646961406,67,2,2020-06-01
catboost_full,2020-09-01,7005.0,7511.183709626353,67,3,2020-06-01
catboost_full,2020-10-01,7385.0,7337.257076766675,67,4,2020-06-01
catboost_full,2020-11-01,6872.0,6749.183078743651,67,5,2020-06-01
catboost_full,2020-12-01,6781.0,7035.362567144553,67,6,2020-06-01
catboost_full,2020-08-01,7678.0,7753.766904785319,68,1,2020-07-01
catboost_full,2020-09-01,7005.0,7034.595789347219,68,2,2020-07-01
catboost_full,2020-10-01,7385.0,6873.790558392328,68,3,2020-07-01
catboost_full,2020-11-01,6872.0,6588.142632519584,68,4,2020-07-01
catboost_full,2020-12-01,6781.0,6870.660616141096,68,5,2020-07-01
catboost_full,2021-01-01,6917.0,7247.431259392644,68,6,2020-07-01
catboost_full,2020-09-01,7005.0,7144.4701216664525,69,1,2020-08-01
catboost_full,2020-10-01,7385.0,7002.478423901677,69,2,2020-08-01
catboost_full,2020-11-01,6872.0,6782.304143850348,69,3,2020-08-01
catboost_full,2020-12-01,6781.0,7015.1108712010655,69,4,2020-08-01
catboost_full,2021-01-01,6917.0,7324.0779643350825,69,5,2020-08-01
catboost_full,2021-02-01,6217.0,6853.272356374047,69,6,2020-08-01
catboost_full,2020-10-01,7385.0,6915.863227679993,70,1,2020-09-01
catboost_full,2020-11-01,6872.0,6619.487308245743,70,2,2020-09-01
catboost_full,2020-12-01,6781.0,6921.963075528683,70,3,2020-09-01
catboost_full,2021-01-01,6917.0,7330.4811249718,70,4,2020-09-01
catboost_full,2021-02-01,6217.0,6760.188192888676,70,5,2020-09-01
catboost_full,2021-03-01,7569.0,7245.002694689794,70,6,2020-09-01
catboost_full,2020-11-01,6872.0,6718.392363969839,71,1,2020-10-01
catboost_full,2020-12-01,6781.0,6984.885605502843,71,2,2020-10-01
catboost_full,2021-01-01,6917.0,7228.760952661973,71,3,2020-10-01
catboost_full,2021-02-01,6217.0,6724.025299829658,71,4,2020-10-01
catboost_full,2021-03-01,7569.0,7176.707340071962,71,5,2020-10-01
catboost_full,2021-04-01,6917.0,5876.50598100496,71,6,2020-10-01
catboost_full,2020-12-01,6781.0,7071.868013564795,72,1,2020-11-01
catboost_full,2021-01-01,6917.0,7547.200971948182,72,2,2020-11-01
catboost_full,2021-02-01,6217.0,6758.894697979565,72,3,2020-11-01
catboost_full,2021-03-01,7569.0,7347.330995627537,72,4,2020-11-01
catboost_full,2021-04-01,6917.0,6163.568918015129,72,5,2020-11-01
catboost_full,2021-05-01,8253.0,7234.482096193636,72,6,2020-11-01
catboost_full,2021-01-01,6917.0,7274.830087887727,73,1,2020-12-01
catboost_full,2021-02-01,6217.0,6562.202257485853,73,2,2020-12-01
catboost_full,2021-03-01,7569.0,7205.004677928581,73,3,2020-12-01
catboost_full,2021-04-01,6917.0,5923.780743474186,73,4,2020-12-01
catboost_full,2021-05-01,8253.0,6926.00125367137,73,5,2020-12-01
catboost_full,2021-06-01,8153.0,7171.886173151672,73,6,2020-12-01
catboost_full,2021-02-01,6217.0,6485.994624096378,74,1,2021-01-01
catboost_full,2021-03-01,7569.0,7040.292721438429,74,2,2021-01-01
catboost_full,2021-04-01,6917.0,6013.454827097068,74,3,2021-01-01
catboost_full,2021-05-01,8253.0,6957.048459732131,74,4,2021-01-01
catboost_full,2021-06-01,8153.0,6996.240831605282,74,5,2021-01-01
catboost_full,2021-07-01,9251.0,7280.054988986922,74,6,2021-01-01
catboost_full,2021-03-01,7569.0,6949.548717369117,75,1,2021-02-01
catboost_full,2021-04-01,6917.0,5848.336970857599,75,2,2021-02-01
catboost_full,2021-05-01,8253.0,6942.585808739278,75,3,2021-02-01
catboost_full,2021-06-01,8153.0,6981.070232637767,75,4,2021-02-01
catboost_full,2021-07-01,9251.0,7253.111296090543,75,5,2021-02-01
catboost_full,2021-08-01,8830.0,7596.300927914796,75,6,2021-02-01
catboost_full,2021-04-01,6917.0,6014.250982365763,76,1,2021-03-01
catboost_full,2021-05-01,8253.0,7045.132846714228,76,2,2021-03-01
catboost_full,2021-06-01,8153.0,7129.587519969677,76,3,2021-03-01
catboost_full,2021-07-01,9251.0,7445.346365876771,76,4,2021-03-01
catboost_full,2021-08-01,8830.0,7664.916395686664,76,5,2021-03-01
catboost_full,2021-09-01,7512.0,7131.491213964005,76,6,2021-03-01
catboost_full,2021-05-01,8253.0,7436.606718963468,77,1,2021-04-01
catboost_full,2021-06-01,8153.0,7261.809303752232,77,2,2021-04-01
catboost_full,2021-07-01,9251.0,7684.236318905869,77,3,2021-04-01
catboost_full,2021-08-01,8830.0,7928.264297157564,77,4,2021-04-01
catboost_full,2021-09-01,7512.0,7592.419519778567,77,5,2021-04-01
catboost_full,2021-10-01,7656.0,7610.848039660163,77,6,2021-04-01
catboost_full,2021-06-01,8153.0,7583.769770372952,78,1,2021-05-01
catboost_full,2021-07-01,9251.0,7839.750569387712,78,2,2021-05-01
catboost_full,2021-08-01,8830.0,8076.292469306026,78,3,2021-05-01
catboost_full,2021-09-01,7512.0,7404.707225461707,78,4,2021-05-01
catboost_full,2021-10-01,7656.0,7597.270745873776,78,5,2021-05-01
catboost_full,2021-11-01,7603.0,7069.088327359113,78,6,2021-05-01
catboost_full,2021-07-01,9251.0,8058.157554130012,79,1,2021-06-01
catboost_full,2021-08-01,8830.0,8104.632328200638,79,2,2021-06-01
catboost_full,2021-09-01,7512.0,7366.1868189881925,79,3,2021-06-01
catboost_full,2021-10-01,7656.0,7443.886001075937,79,4,2021-06-01
catboost_full,2021-11-01,7603.0,7072.781315046001,79,5,2021-06-01
catboost_full,2021-12-01,8237.0,6994.388519518103,79,6,2021-06-01
catboost_full,2021-08-01,8830.0,8386.20119751068,80,1,2021-07-01
catboost_full,2021-09-01,7512.0,7610.71095667439,80,2,2021-07-01
catboost_full,2021-10-01,7656.0,7769.312564887943,80,3,2021-07-01
catboost_full,2021-11-01,7603.0,7104.169470754696,80,4,2021-07-01
catboost_full,2021-12-01,8237.0,6994.770076844498,80,5,2021-07-01
catboost_full,2022-01-01,9582.0,6874.01423936856,80,6,2021-07-01
catboost_full,2021-09-01,7512.0,7900.505917909886,81,1,2021-08-01
catboost_full,2021-10-01,7656.0,7936.488843848825,81,2,2021-08-01
catboost_full,2021-11-01,7603.0,7377.948428446753,81,3,2021-08-01
catboost_full,2021-12-01,8237.0,7223.10567125396,81,4,2021-08-01
catboost_full,2022-01-01,9582.0,6863.882259929918,81,5,2021-08-01
catboost_full,2022-02-01,7227.0,6260.9409417317775,81,6,2021-08-01
catboost_full,2021-10-01,7656.0,7815.648165797937,82,1,2021-09-01
catboost_full,2021-11-01,7603.0,7355.594257148117,82,2,2021-09-01
catboost_full,2021-12-01,8237.0,7002.424662252077,82,3,2021-09-01
catboost_full,2022-01-01,9582.0,6964.130447263864,82,4,2021-09-01
catboost_full,2022-02-01,7227.0,6394.462109011227,82,5,2021-09-01
catboost_full,2022-03-01,7504.0,7248.057605309447,82,6,2021-09-01
catboost_full,2021-11-01,7603.0,7350.025424905724,83,1,2021-10-01
catboost_full,2021-12-01,8237.0,6975.0618766951975,83,2,2021-10-01
catboost_full,2022-01-01,9582.0,6903.669719416405,83,3,2021-10-01
catboost_full,2022-02-01,7227.0,6242.5490205360975,83,4,2021-10-01
catboost_full,2022-03-01,7504.0,7203.554181655393,83,5,2021-10-01
catboost_full,2022-04-01,7589.0,6298.07328877655,83,6,2021-10-01
catboost_full,2021-12-01,8237.0,6985.214099083718,84,1,2021-11-01
catboost_full,2022-01-01,9582.0,7022.314082572204,84,2,2021-11-01
catboost_full,2022-02-01,7227.0,6299.45027483177,84,3,2021-11-01
catboost_full,2022-03-01,7504.0,7344.516551086061,84,4,2021-11-01
catboost_full,2022-04-01,7589.0,6364.721239874367,84,5,2021-11-01
catboost_full,2022-05-01,8846.0,7703.951985072101,84,6,2021-11-01
catboost_full,2022-01-01,9582.0,7632.432516656704,85,1,2021-12-01
catboost_full,2022-02-01,7227.0,6728.1407233521,85,2,2021-12-01
catboost_full,2022-03-01,7504.0,7613.873786775806,85,3,2021-12-01
catboost_full,2022-04-01,7589.0,6546.496774901659,85,4,2021-12-01
catboost_full,2022-05-01,8846.0,7780.7973492655055,85,5,2021-12-01
catboost_full,2022-06-01,9057.0,7664.896706833704,85,6,2021-12-01
catboost_full,2022-02-01,7227.0,7978.283707704611,86,1,2022-01-01
catboost_full,2022-03-01,7504.0,8663.22312362415,86,2,2022-01-01
catboost_full,2022-04-01,7589.0,7446.318114956223,86,3,2022-01-01
catboost_full,2022-05-01,8846.0,8602.854252553445,86,4,2022-01-01
catboost_full,2022-06-01,9057.0,8394.12626987875,86,5,2022-01-01
catboost_full,2022-07-01,8699.0,9482.35723568821,86,6,2022-01-01
catboost_full,2022-03-01,7504.0,8095.456362488148,87,1,2022-02-01
catboost_full,2022-04-01,7589.0,7180.804872459454,87,2,2022-02-01
catboost_full,2022-05-01,8846.0,8225.285666321348,87,3,2022-02-01
catboost_full,2022-06-01,9057.0,8115.762673991672,87,4,2022-02-01
catboost_full,2022-07-01,8699.0,9364.697882420982,87,5,2022-02-01
catboost_full,2022-08-01,8834.0,8668.484438571637,87,6,2022-02-01
catboost_full,2022-04-01,7589.0,6633.977552439949,88,1,2022-03-01
catboost_full,2022-05-01,8846.0,8068.447554767117,88,2,2022-03-01
catboost_full,2022-06-01,9057.0,7886.800014397336,88,3,2022-03-01
catboost_full,2022-07-01,8699.0,9232.325838606796,88,4,2022-03-01
catboost_full,2022-08-01,8834.0,8561.806772463648,88,5,2022-03-01
catboost_full,2022-09-01,8228.0,7209.899001887174,88,6,2022-03-01
catboost_full,2022-05-01,8846.0,8627.986590990133,89,1,2022-04-01
catboost_full,2022-06-01,9057.0,8479.909891340285,89,2,2022-04-01
catboost_full,2022-07-01,8699.0,9731.057503751708,89,3,2022-04-01
catboost_full,2022-08-01,8834.0,8633.158571820684,89,4,2022-04-01
catboost_full,2022-09-01,8228.0,7348.114903026494,89,5,2022-04-01
catboost_full,2022-10-01,8388.0,7584.677915499682,89,6,2022-04-01
catboost_full,2022-06-01,9057.0,8364.552011563183,90,1,2022-05-01
catboost_full,2022-07-01,8699.0,9654.533438626095,90,2,2022-05-01
catboost_full,2022-08-01,8834.0,8852.417321698425,90,3,2022-05-01
catboost_full,2022-09-01,8228.0,7403.513106659732,90,4,2022-05-01
catboost_full,2022-10-01,8388.0,7613.47615760529,90,5,2022-05-01
catboost_full,2022-11-01,7588.0,7445.3762172012175,90,6,2022-05-01
catboost_full,2022-07-01,8699.0,10137.071655665677,91,1,2022-06-01
catboost_full,2022-08-01,8834.0,9063.297219988743,91,2,2022-06-01
catboost_full,2022-09-01,8228.0,7663.901770708901,91,3,2022-06-01
catboost_full,2022-10-01,8388.0,7849.311994041204,91,4,2022-06-01
catboost_full,2022-11-01,7588.0,7599.221364167871,91,5,2022-06-01
catboost_full,2022-12-01,7850.0,8080.2984115753325,91,6,2022-06-01
catboost_full,2022-08-01,8834.0,9038.058722105041,92,1,2022-07-01
catboost_full,2022-09-01,8228.0,7703.513699120548,92,2,2022-07-01
catboost_full,2022-10-01,8388.0,7874.781737710009,92,3,2022-07-01
catboost_full,2022-11-01,7588.0,7407.181660447377,92,4,2022-07-01
catboost_full,2022-12-01,7850.0,8036.5963908593385,92,5,2022-07-01
catboost_full,2023-01-01,7563.0,9271.229541533989,92,6,2022-07-01
catboost_full,2022-09-01,8228.0,7560.987492161848,93,1,2022-08-01
catboost_full,2022-10-01,8388.0,7581.024523173766,93,2,2022-08-01
catboost_full,2022-11-01,7588.0,7219.716662423249,93,3,2022-08-01
catboost_full,2022-12-01,7850.0,7852.081587393356,93,4,2022-08-01
catboost_full,2023-01-01,7563.0,9254.818278295003,93,5,2022-08-01
catboost_full,2023-02-01,6551.0,7018.629165663077,93,6,2022-08-01
catboost_full,2022-10-01,8388.0,8008.461996379888,94,1,2022-09-01
catboost_full,2022-11-01,7588.0,7447.111493769475,94,2,2022-09-01
catboost_full,2022-12-01,7850.0,8212.629617106893,94,3,2022-09-01
catboost_full,2023-01-01,7563.0,9401.395709446357,94,4,2022-09-01
catboost_full,2023-02-01,6551.0,6759.629868914819,94,5,2022-09-01
catboost_full,2023-03-01,7507.0,7362.816569875947,94,6,2022-09-01
catboost_full,2022-11-01,7588.0,7639.952653763435,95,1,2022-10-01
catboost_full,2022-12-01,7850.0,8216.085756772722,95,2,2022-10-01
catboost_full,2023-01-01,7563.0,9603.681945826804,95,3,2022-10-01
catboost_full,2023-02-01,6551.0,6994.198392509934,95,4,2022-10-01
catboost_full,2023-03-01,7507.0,7366.282805471878,95,5,2022-10-01
catboost_full,2023-04-01,7745.0,7195.166044450743,95,6,2022-10-01
catboost_full,2022-12-01,7850.0,8211.739236523468,96,1,2022-11-01
catboost_full,2023-01-01,7563.0,9599.946778100913,96,2,2022-11-01
catboost_full,2023-02-01,6551.0,7035.007529089226,96,3,2022-11-01
catboost_full,2023-03-01,7507.0,7355.861787132497,96,4,2022-11-01
catboost_full,2023-04-01,7745.0,7166.673795329793,96,5,2022-11-01
catboost_full,2023-05-01,8600.0,8700.633153107052,96,6,2022-11-01
catboost_full,2023-01-01,7563.0,9638.649382257707,97,1,2022-12-01
catboost_full,2023-02-01,6551.0,6906.5394437778305,97,2,2022-12-01
catboost_full,2023-03-01,7507.0,7413.343121535664,97,3,2022-12-01
catboost_full,2023-04-01,7745.0,7279.190099162946,97,4,2022-12-01
catboost_full,2023-05-01,8600.0,8513.24487965645,97,5,2022-12-01
catboost_full,2023-06-01,9151.0,8792.120911888971,97,6,2022-12-01
catboost_full,2023-02-01,6551.0,6573.874880239165,98,1,2023-01-01
catboost_full,2023-03-01,7507.0,7211.709080916526,98,2,2023-01-01
catboost_full,2023-04-01,7745.0,7205.30664614699,98,3,2023-01-01
catboost_full,2023-05-01,8600.0,8499.988847951257,98,4,2023-01-01
catboost_full,2023-06-01,9151.0,8862.888144632121,98,5,2023-01-01
catboost_full,2023-07-01,9183.0,8477.821315234869,98,6,2023-01-01
catboost_full,2023-03-01,7507.0,7076.601843367451,99,1,2023-02-01
catboost_full,2023-04-01,7745.0,7263.456127762031,99,2,2023-02-01
catboost_full,2023-05-01,8600.0,8403.24100446839,99,3,2023-02-01
catboost_full,2023-06-01,9151.0,8942.903276833487,99,4,2023-02-01
catboost_full,2023-07-01,9183.0,8713.186120621882,99,5,2023-02-01
catboost_full,2023-08-01,8297.0,8815.08147078171,99,6,2023-02-01
catboost_full,2023-04-01,7745.0,7341.979818837502,100,1,2023-03-01
catboost_full,2023-05-01,8600.0,8298.481834784097,100,2,2023-03-01
catboost_full,2023-06-01,9151.0,8807.662542082628,100,3,2023-03-01
catboost_full,2023-07-01,9183.0,8611.268372806364,100,4,2023-03-01
catboost_full,2023-08-01,8297.0,8763.645514943517,100,5,2023-03-01
catboost_full,2023-09-01,7823.0,7649.783544480028,100,6,2023-03-01
catboost_full,2023-05-01,8600.0,8650.266307865839,101,1,2023-04-01
catboost_full,2023-06-01,9151.0,8731.41009942855,101,2,2023-04-01
catboost_full,2023-07-01,9183.0,8638.347494811414,101,3,2023-04-01
catboost_full,2023-08-01,8297.0,8709.220796473008,101,4,2023-04-01
catboost_full,2023-09-01,7823.0,7864.00197102514,101,5,2023-04-01
catboost_full,2023-10-01,7507.0,8132.532872604979,101,6,2023-04-01
catboost_full,2023-06-01,9151.0,8767.040357753562,102,1,2023-05-01
catboost_full,2023-07-01,9183.0,8707.840167485958,102,2,2023-05-01
catboost_full,2023-08-01,8297.0,8889.499798200397,102,3,2023-05-01
catboost_full,2023-09-01,7823.0,7949.605634664697,102,4,2023-05-01
catboost_full,2023-10-01,7507.0,8201.440189071673,102,5,2023-05-01
catboost_full,2023-11-01,8107.0,7761.434438867215,102,6,2023-05-01
catboost_full,2023-07-01,9183.0,8678.9831873057,103,1,2023-06-01
catboost_full,2023-08-01,8297.0,8731.30852840994,103,2,2023-06-01
catboost_full,2023-09-01,7823.0,7746.795306252824,103,3,2023-06-01
catboost_full,2023-10-01,7507.0,8192.8829884637,103,4,2023-06-01
catboost_full,2023-11-01,8107.0,7846.2990784424555,103,5,2023-06-01
catboost_full,2023-12-01,7504.0,8072.9408554915835,103,6,2023-06-01
catboost_direct,2015-01-01,7184.0,6300.887784060944,1,1,2014-12-01
catboost_direct,2015-02-01,5958.0,6586.082810792101,1,2,2014-12-01
catboost_direct,2015-03-01,6658.0,6437.5953177779065,1,3,2014-12-01
catboost_direct,2015-04-01,7069.0,6447.855443098327,1,4,2014-12-01
catboost_direct,2015-05-01,8099.0,7553.706159943339,1,5,2014-12-01
catboost_direct,2015-06-01,7868.0,7442.795377917348,1,6,2014-12-01
catboost_direct,2015-02-01,5958.0,6460.427056451306,2,1,2015-01-01
catboost_direct,2015-03-01,6658.0,6491.555920273246,2,2,2015-01-01
catboost_direct,2015-04-01,7069.0,6534.869150115314,2,3,2015-01-01
catboost_direct,2015-05-01,8099.0,7484.522878101395,2,4,2015-01-01
catboost_direct,2015-06-01,7868.0,7458.700598212007,2,5,2015-01-01
catboost_direct,2015-07-01,7986.0,7459.407279309415,2,6,2015-01-01
catboost_direct,2015-03-01,6658.0,6519.423497336932,3,1,2015-02-01
catboost_direct,2015-04-01,7069.0,6530.392336428889,3,2,2015-02-01
catboost_direct,2015-05-01,8099.0,7480.380956112614,3,3,2015-02-01
catboost_direct,2015-06-01,7868.0,7479.68926613815,3,4,2015-02-01
catboost_direct,2015-07-01,7986.0,7474.221233318678,3,5,2015-02-01
catboost_direct,2015-08-01,7251.0,7641.648570302332,3,6,2015-02-01
catboost_direct,2015-04-01,7069.0,6694.526074924605,4,1,2015-03-01
catboost_direct,2015-05-01,8099.0,7533.290711897392,4,2,2015-03-01
catboost_direct,2015-06-01,7868.0,7543.169789701373,4,3,2015-03-01
catboost_direct,2015-07-01,7986.0,7558.327790222265,4,4,2015-03-01
catboost_direct,2015-08-01,7251.0,7775.57242502754,4,5,2015-03-01
catboost_direct,2015-09-01,7163.0,6896.313608044777,4,6,2015-03-01
catboost_direct,2015-05-01,8099.0,7527.638535512275,5,1,2015-04-01
catboost_direct,2015-06-01,7868.0,7470.4177181165105,5,2,2015-04-01
catboost_direct,2015-07-01,7986.0,7578.9594598113745,5,3,2015-04-01
catboost_direct,2015-08-01,7251.0,7793.636101384754,5,4,2015-04-01
catboost_direct,2015-09-01,7163.0,6872.57194475157,5,5,2015-04-01
catboost_direct,2015-10-01,6690.0,7055.677809043516,5,6,2015-04-01
catboost_direct,2015-06-01,7868.0,7440.337059326263,6,1,2015-05-01
catboost_direct,2015-07-01,7986.0,7580.010548770792,6,2,2015-05-01
catboost_direct,2015-08-01,7251.0,7886.630493756,6,3,2015-05-01
catboost_direct,2015-09-01,7163.0,6941.063828220015,6,4,2015-05-01
catboost_direct,2015-10-01,6690.0,7090.880142466622,6,5,2015-05-01
catboost_direct,2015-11-01,6392.0,6454.260146813243,6,6,2015-05-01
catboost_direct,2015-07-01,7986.0,7413.342168739524,7,1,2015-06-01
catboost_direct,2015-08-01,7251.0,7851.342708439816,7,2,2015-06-01
catboost_direct,2015-09-01,7163.0,6985.619425420103,7,3,2015-06-01
catboost_direct,2015-10-01,6690.0,7116.373824367245,7,4,2015-06-01
catboost_direct,2015-11-01,6392.0,6452.411439275728,7,5,2015-06-01
catboost_direct,2015-12-01,6753.0,6870.0330157695325,7,6,2015-06-01
catboost_direct,2015-08-01,7251.0,7832.100319205692,8,1,2015-07-01
catboost_direct,2015-09-01,7163.0,6828.932805149701,8,2,2015-07-01
catboost_direct,2015-10-01,6690.0,7115.58420958211,8,3,2015-07-01
catboost_direct,2015-11-01,6392.0,6453.782224820827,8,4,2015-07-01
catboost_direct,2015-12-01,6753.0,6791.57171880944,8,5,2015-07-01
catboost_direct,2016-01-01,6753.0,7227.458526136009,8,6,2015-07-01
catboost_direct,2015-09-01,7163.0,6865.565270851263,9,1,2015-08-01
catboost_direct,2015-10-01,6690.0,7125.644292802024,9,2,2015-08-01
catboost_direct,2015-11-01,6392.0,6543.897700899541,9,3,2015-08-01
catboost_direct,2015-12-01,6753.0,6870.574781640873,9,4,2015-08-01
catboost_direct,2016-01-01,6753.0,6994.537704850374,9,5,2015-08-01
catboost_direct,2016-02-01,6385.0,6189.4871378708185,9,6,2015-08-01
catboost_direct,2015-10-01,6690.0,7207.082671564361,10,1,2015-09-01
catboost_direct,2015-11-01,6392.0,6517.712120482216,10,2,2015-09-01
catboost_direct,2015-12-01,6753.0,6808.504851027731,10,3,2015-09-01
catboost_direct,2016-01-01,6753.0,7052.04950658263,10,4,2015-09-01
catboost_direct,2016-02-01,6385.0,6059.689857939144,10,5,2015-09-01
catboost_direct,2016-03-01,7164.0,6661.568099690199,10,6,2015-09-01
catboost_direct,2015-11-01,6392.0,6595.34220003883,11,1,2015-10-01
catboost_direct,2015-12-01,6753.0,6838.677463690481,11,2,2015-10-01
catboost_direct,2016-01-01,6753.0,6996.490042070542,11,3,2015-10-01
catboost_direct,2016-02-01,6385.0,6071.925006939716,11,4,2015-10-01
catboost_direct,2016-03-01,7164.0,6479.84103055157,11,5,2015-10-01
catboost_direct,2016-04-01,7192.0,7135.82289690651,11,6,2015-10-01
catboost_direct,2015-12-01,6753.0,6834.646732341555,12,1,2015-11-01
catboost_direct,2016-01-01,6753.0,6980.269176311177,12,2,2015-11-01
catboost_direct,2016-02-01,6385.0,6010.197842667183,12,3,2015-11-01
catboost_direct,2016-03-01,7164.0,6553.396581957969,12,4,2015-11-01
catboost_direct,2016-04-01,7192.0,7168.99033939272,12,5,2015-11-01
catboost_direct,2016-05-01,7743.0,8248.259397870304,12,6,2015-11-01
catboost_direct,2016-01-01,6753.0,6879.348981604657,13,1,2015-12-01
catboost_direct,2016-02-01,6385.0,6107.031500483241,13,2,2015-12-01
catboost_direct,2016-03-01,7164.0,6395.422787943503,13,3,2015-12-01
catboost_direct,2016-04-01,7192.0,7061.139253653555,13,4,2015-12-01
catboost_direct,2016-05-01,7743.0,8252.306393138886,13,5,2015-12-01
catboost_direct,2016-06-01,8767.0,7898.914092382351,13,6,2015-12-01
catboost_direct,2016-02-01,6385.0,6000.534296936106,14,1,2016-01-01
catboost_direct,2016-03-01,7164.0,6465.450163543563,14,2,2016-01-01
catboost_direct,2016-04-01,7192.0,7004.670902838783,14,3,2016-01-01
catboost_direct,2016-05-01,7743.0,8303.778496997036,14,4,2016-01-01
catboost_direct,2016-06-01,8767.0,7871.815341274176,14,5,2016-01-01
catboost_direct,2016-07-01,8479.0,8183.690838851597,14,6,2016-01-01
catboost_direct,2016-03-01,7164.0,6366.910605107245,15,1,2016-02-01
catboost_direct,2016-04-01,7192.0,6993.7320327421885,15,2,2016-02-01
catboost_direct,2016-05-01,7743.0,8264.549856723157,15,3,2016-02-01
catboost_direct,2016-06-01,8767.0,7853.197407625854,15,4,2016-02-01
catboost_direct,2016-07-01,8479.0,8258.449555215828,15,5,2016-02-01
catboost_direct,2016-08-01,7890.0,7523.685230983626,15,6,2016-02-01
catboost_direct,2016-04-01,7192.0,6961.369067797416,16,1,2016-03-01
catboost_direct,2016-05-01,7743.0,8160.172584663499,16,2,2016-03-01
catboost_direct,2016-06-01,8767.0,7897.492004320344,16,3,2016-03-01
catboost_direct,2016-07-01,8479.0,8234.648497599952,16,4,2016-03-01
catboost_direct,2016-08-01,7890.0,7488.221870896321,16,5,2016-03-01
catboost_direct,2016-09-01,7317.0,7285.121980589508,16,6,2016-03-01
catboost_direct,2016-05-01,7743.0,8068.0620566451325,17,1,2016-04-01
catboost_direct,2016-06-01,8767.0,7820.295925724544,17,2,2016-04-01
catboost_direct,2016-07-01,8479.0,8232.194797316504,17,3,2016-04-01
catboost_direct,2016-08-01,7890.0,7523.430731609573,17,4,2016-04-01
catboost_direct,2016-09-01,7317.0,7136.117037412358,17,5,2016-04-01
catboost_direct,2016-10-01,7426.0,6894.765058076466,17,6,2016-04-01
catboost_direct,2016-06-01,8767.0,7750.8499186260005,18,1,2016-05-01
catboost_direct,2016-07-01,8479.0,8023.448897523789,18,2,2016-05-01
catboost_direct,2016-08-01,7890.0,7550.84586752969,18,3,2016-05-01
catboost_direct,2016-09-01,7317.0,7111.501708962741,18,4,2016-05-01
catboost_direct,2016-10-01,7426.0,6929.263495288151,18,5,2016-05-01
catboost_direct,2016-11-01,6700.0,6546.162923308115,18,6,2016-05-01
catboost_direct,2016-07-01,8479.0,8030.006826338119,19,1,2016-06-01
catboost_direct,2016-08-01,7890.0,7476.730008951042,19,2,2016-06-01
catboost_direct,2016-09-01,7317.0,7196.3785705993305,19,3,2016-06-01
catboost_direct,2016-10-01,7426.0,6899.898146513079,19,4,2016-06-01
catboost_direct,2016-11-01,6700.0,6626.2894924155125,19,5,2016-06-01
catboost_direct,2016-12-01,6994.0,6934.887975481446,19,6,2016-06-01
catboost_direct,2016-08-01,7890.0,7436.699905848703,20,1,2016-07-01
catboost_direct,2016-09-01,7317.0,7125.970794498649,20,2,2016-07-01
catboost_direct,2016-10-01,7426.0,6761.57772925828,20,3,2016-07-01
catboost_direct,2016-11-01,6700.0,6601.463378461893,20,4,2016-07-01
catboost_direct,2016-12-01,6994.0,6964.531312670814,20,5,2016-07-01
catboost_direct,2017-01-01,6788.0,7007.07650296483,20,6,2016-07-01
catboost_direct,2016-09-01,7317.0,7120.121734353464,21,1,2016-08-01
catboost_direct,2016-10-01,7426.0,6731.938939843777,21,2,2016-08-01
catboost_direct,2016-11-01,6700.0,6545.7195803934965,21,3,2016-08-01
catboost_direct,2016-12-01,6994.0,7032.907728316207,21,4,2016-08-01
catboost_direct,2017-01-01,6788.0,6930.231678759326,21,5,2016-08-01
catboost_direct,2017-02-01,6271.0,6403.406006627092,21,6,2016-08-01
catboost_direct,2016-10-01,7426.0,6592.952105581563,22,1,2016-09-01
catboost_direct,2016-11-01,6700.0,6486.902343997901,22,2,2016-09-01
catboost_direct,2016-12-01,6994.0,7015.422478897085,22,3,2016-09-01
catboost_direct,2017-01-01,6788.0,6796.165665140487,22,4,2016-09-01
catboost_direct,2017-02-01,6271.0,6422.853577694328,22,5,2016-09-01
catboost_direct,2017-03-01,6794.0,7101.817502716681,22,6,2016-09-01
catboost_direct,2016-11-01,6700.0,6553.311328588769,23,1,2016-10-01
catboost_direct,2016-12-01,6994.0,7068.139702230941,23,2,2016-10-01
catboost_direct,2017-01-01,6788.0,7040.262458502333,23,3,2016-10-01
catboost_direct,2017-02-01,6271.0,6479.99074871659,23,4,2016-10-01
catboost_direct,2017-03-01,6794.0,7090.424118551032,23,5,2016-10-01
catboost_direct,2017-04-01,6884.0,7415.624614903188,23,6,2016-10-01
catboost_direct,2016-12-01,6994.0,7053.30746260598,24,1,2016-11-01
catboost_direct,2017-01-01,6788.0,7008.205687433199,24,2,2016-11-01
catboost_direct,2017-02-01,6271.0,6409.402131705192,24,3,2016-11-01
catboost_direct,2017-03-01,6794.0,7119.902694215993,24,4,2016-11-01
catboost_direct,2017-04-01,6884.0,7390.412906409006,24,5,2016-11-01
catboost_direct,2017-05-01,7651.0,7834.629271103402,24,6,2016-11-01
catboost_direct,2017-01-01,6788.0,7096.840499643034,25,1,2016-12-01
catboost_direct,2017-02-01,6271.0,6400.898461614407,25,2,2016-12-01
catboost_direct,2017-03-01,6794.0,7133.487613858481,25,3,2016-12-01
catboost_direct,2017-04-01,6884.0,7495.976209599909,25,4,2016-12-01
catboost_direct,2017-05-01,7651.0,7746.839661636675,25,5,2016-12-01
catboost_direct,2017-06-01,8009.0,8690.52228886834,25,6,2016-12-01
catboost_direct,2017-02-01,6271.0,6425.1479102227495,26,1,2017-01-01
catboost_direct,2017-03-01,6794.0,7152.201572795706,26,2,2017-01-01
catboost_direct,2017-04-01,6884.0,7414.703337807574,26,3,2017-01-01
catboost_direct,2017-05-01,7651.0,7826.373221221156,26,4,2017-01-01
catboost_direct,2017-06-01,8009.0,8659.021569148244,26,5,2017-01-01
catboost_direct,2017-07-01,8694.0,8558.948721606454,26,6,2017-01-01
catboost_direct,2017-03-01,6794.0,7225.587431263861,27,1,2017-02-01
catboost_direct,2017-04-01,6884.0,7359.702852968404,27,2,2017-02-01
catboost_direct,2017-05-01,7651.0,7724.758475042949,27,3,2017-02-01
catboost_direct,2017-06-01,8009.0,8622.034734128341,27,4,2017-02-01
catboost_direct,2017-07-01,8694.0,8455.820339196942,27,5,2017-02-01
catboost_direct,2017-08-01,8130.0,7980.987963960983,27,6,2017-02-01
catboost_direct,2017-04-01,6884.0,7340.380085030692,28,1,2017-03-01
catboost_direct,2017-05-01,7651.0,7551.549568007932,28,2,2017-03-01
catboost_direct,2017-06-01,8009.0,8474.673157776302,28,3,2017-03-01
catboost_direct,2017-07-01,8694.0,8426.150051273931,28,4,2017-03-01
catboost_direct,2017-08-01,8130.0,8023.500087393002,28,5,2017-03-01
catboost_direct,2017-09-01,7446.0,7393.369753928933,28,6,2017-03-01
catboost_direct,2017-05-01,7651.0,7504.997376925757,29,1,2017-04-01
catboost_direct,2017-06-01,8009.0,8468.667062030585,29,2,2017-04-01
catboost_direct,2017-07-01,8694.0,8301.03848230577,29,3,2017-04-01
catboost_direct,2017-08-01,8130.0,8004.932190601296,29,4,2017-04-01
catboost_direct,2017-09-01,7446.0,7628.479913923533,29,5,2017-04-01
catboost_direct,2017-10-01,7282.0,7606.181875949309,29,6,2017-04-01
catboost_direct,2017-06-01,8009.0,8372.316301757812,30,1,2017-05-01
catboost_direct,2017-07-01,8694.0,8384.658976214087,30,2,2017-05-01
catboost_direct,2017-08-01,8130.0,8062.793585799623,30,3,2017-05-01
catboost_direct,2017-09-01,7446.0,7604.0340909088745,30,4,2017-05-01
catboost_direct,2017-10-01,7282.0,7590.118956252356,30,5,2017-05-01
catboost_direct,2017-11-01,6830.0,6964.883800936379,30,6,2017-05-01
catboost_direct,2017-07-01,8694.0,8426.10212529437,31,1,2017-06-01
catboost_direct,2017-08-01,8130.0,7942.350630018329,31,2,2017-06-01
catboost_direct,2017-09-01,7446.0,7625.193457903355,31,3,2017-06-01
catboost_direct,2017-10-01,7282.0,7520.044891940159,31,4,2017-06-01
catboost_direct,2017-11-01,6830.0,6822.484247768387,31,5,2017-06-01
catboost_direct,2017-12-01,6946.0,7352.991898092679,31,6,2017-06-01
catboost_direct,2017-08-01,8130.0,7740.226892683651,32,1,2017-07-01
catboost_direct,2017-09-01,7446.0,7460.881192412852,32,2,2017-07-01
catboost_direct,2017-10-01,7282.0,7574.663196959305,32,3,2017-07-01
catboost_direct,2017-11-01,6830.0,6760.0462274302145,32,4,2017-07-01
catboost_direct,2017-12-01,6946.0,7463.715272653721,32,5,2017-07-01
catboost_direct,2018-01-01,6886.0,7116.689647164929,32,6,2017-07-01
catboost_direct,2017-09-01,7446.0,7459.071007392493,33,1,2017-08-01
catboost_direct,2017-10-01,7282.0,7410.496560329749,33,2,2017-08-01
catboost_direct,2017-11-01,6830.0,6743.216461931657,33,3,2017-08-01
catboost_direct,2017-12-01,6946.0,7465.7274456830655,33,4,2017-08-01
catboost_direct,2018-01-01,6886.0,7164.046973198063,33,5,2017-08-01
catboost_direct,2018-02-01,5960.0,6503.45713908495,33,6,2017-08-01
catboost_direct,2017-10-01,7282.0,7480.102018053791,34,1,2017-09-01
catboost_direct,2017-11-01,6830.0,6717.72995353132,34,2,2017-09-01
catboost_direct,2017-12-01,6946.0,7473.1934749243765,34,3,2017-09-01
catboost_direct,2018-01-01,6886.0,7040.510552725149,34,4,2017-09-01
catboost_direct,2018-02-01,5960.0,6651.196123872882,34,5,2017-09-01
catboost_direct,2018-03-01,6930.0,7182.560216213756,34,6,2017-09-01
catboost_direct,2017-11-01,6830.0,6790.0742428739095,35,1,2017-10-01
catboost_direct,2017-12-01,6946.0,7333.196497684645,35,2,2017-10-01
catboost_direct,2018-01-01,6886.0,6897.734672175224,35,3,2017-10-01
catboost_direct,2018-02-01,5960.0,6481.884404876943,35,4,2017-10-01
catboost_direct,2018-03-01,6930.0,7091.027763392233,35,5,2017-10-01
catboost_direct,2018-04-01,6769.0,7117.052345340332,35,6,2017-10-01
catboost_direct,2017-12-01,6946.0,7307.33740516429,36,1,2017-11-01
catboost_direct,2018-01-01,6886.0,6879.399044979938,36,2,2017-11-01
catboost_direct,2018-02-01,5960.0,6536.875467212635,36,3,2017-11-01
catboost_direct,2018-03-01,6930.0,6998.925119321784,36,4,2017-11-01
catboost_direct,2018-04-01,6769.0,7111.546117736752,36,5,2017-11-01
catboost_direct,2018-05-01,7511.0,7711.718924499828,36,6,2017-11-01
catboost_direct,2018-01-01,6886.0,6880.739378907711,37,1,2017-12-01
catboost_direct,2018-02-01,5960.0,6415.292809790529,37,2,2017-12-01
catboost_direct,2018-03-01,6930.0,6943.15759008838,37,3,2017-12-01
catboost_direct,2018-04-01,6769.0,6979.657994862088,37,4,2017-12-01
catboost_direct,2018-05-01,7511.0,7743.053607123916,37,5,2017-12-01
catboost_direct,2018-06-01,8057.0,8098.194173098832,37,6,2017-12-01
catboost_direct,2018-02-01,5960.0,6336.7146787748825,38,1,2018-01-01
catboost_direct,2018-03-01,6930.0,6944.964450761299,38,2,2018-01-01
catboost_direct,2018-04-01,6769.0,7117.5373985783035,38,3,2018-01-01
catboost_direct,2018-05-01,7511.0,7687.072212592108,38,4,2018-01-01
catboost_direct,2018-06-01,8057.0,8129.953701431463,38,5,2018-01-01
catboost_direct,2018-07-01,8175.0,8651.3782309146,38,6,2018-01-01
catboost_direct,2018-03-01,6930.0,6895.360044520075,39,1,2018-02-01
catboost_direct,2018-04-01,6769.0,7046.512364101832,39,2,2018-02-01
catboost_direct,2018-05-01,7511.0,7589.17194543567,39,3,2018-02-01
catboost_direct,2018-06-01,8057.0,8011.4799578009615,39,4,2018-02-01
catboost_direct,2018-07-01,8175.0,8653.754058308985,39,5,2018-02-01
catboost_direct,2018-08-01,8328.0,8534.834185819136,39,6,2018-02-01
catboost_direct,2018-04-01,6769.0,6978.647550150618,40,1,2018-03-01
catboost_direct,2018-05-01,7511.0,7579.581123143406,40,2,2018-03-01
catboost_direct,2018-06-01,8057.0,8095.1949138421905,40,3,2018-03-01
catboost_direct,2018-07-01,8175.0,8686.04731931025,40,4,2018-03-01
catboost_direct,2018-08-01,8328.0,8580.354319211709,40,5,2018-03-01
catboost_direct,2018-09-01,7325.0,7564.964870445508,40,6,2018-03-01
catboost_direct,2018-05-01,7511.0,7675.945971034226,41,1,2018-04-01
catboost_direct,2018-06-01,8057.0,8225.542117486779,41,2,2018-04-01
catboost_direct,2018-07-01,8175.0,8722.109747960161,41,3,2018-04-01
catboost_direct,2018-08-01,8328.0,8558.514227713516,41,4,2018-04-01
catboost_direct,2018-09-01,7325.0,7496.193820312775,41,5,2018-04-01
catboost_direct,2018-10-01,7202.0,7600.142085621054,41,6,2018-04-01
catboost_direct,2018-06-01,8057.0,8129.075711616017,42,1,2018-05-01
catboost_direct,2018-07-01,8175.0,8828.623623132687,42,2,2018-05-01
catboost_direct,2018-08-01,8328.0,8468.726609271705,42,3,2018-05-01
catboost_direct,2018-09-01,7325.0,7551.746682775159,42,4,2018-05-01
catboost_direct,2018-10-01,7202.0,7614.195684762544,42,5,2018-05-01
catboost_direct,2018-11-01,7161.0,6926.688135461621,42,6,2018-05-01
catboost_direct,2018-07-01,8175.0,8766.373096363472,43,1,2018-06-01
catboost_direct,2018-08-01,8328.0,8450.240906966419,43,2,2018-06-01
catboost_direct,2018-09-01,7325.0,7481.743216979509,43,3,2018-06-01
catboost_direct,2018-10-01,7202.0,7613.01418625825,43,4,2018-06-01
catboost_direct,2018-11-01,7161.0,6954.751428529046,43,5,2018-06-01
catboost_direct,2018-12-01,7409.0,7088.086244229755,43,6,2018-06-01
catboost_direct,2018-08-01,8328.0,8428.30907926416,44,1,2018-07-01
catboost_direct,2018-09-01,7325.0,7370.57615674673,44,2,2018-07-01
catboost_direct,2018-10-01,7202.0,7587.828614331975,44,3,2018-07-01
catboost_direct,2018-11-01,7161.0,7038.252254478314,44,4,2018-07-01
catboost_direct,2018-12-01,7409.0,7081.908432398281,44,5,2018-07-01
catboost_direct,2019-01-01,7117.0,7039.865110800385,44,6,2018-07-01
catboost_direct,2018-09-01,7325.0,7365.62342337054,45,1,2018-08-01
catboost_direct,2018-10-01,7202.0,7542.659030381202,45,2,2018-08-01
catboost_direct,2018-11-01,7161.0,6994.965120778755,45,3,2018-08-01
catboost_direct,2018-12-01,7409.0,6961.11270908507,45,4,2018-08-01
catboost_direct,2019-01-01,7117.0,7102.793235815612,45,5,2018-08-01
catboost_direct,2019-02-01,6307.0,6197.331006552063,45,6,2018-08-01
catboost_direct,2018-10-01,7202.0,7551.13031352445,46,1,2018-09-01
catboost_direct,2018-11-01,7161.0,7005.040170175171,46,2,2018-09-01
catboost_direct,2018-12-01,7409.0,6997.387699103801,46,3,2018-09-01
catboost_direct,2019-01-01,7117.0,7099.229147210606,46,4,2018-09-01
catboost_direct,2019-02-01,6307.0,6193.15352368686,46,5,2018-09-01
catboost_direct,2019-03-01,7067.0,6882.638954973444,46,6,2018-09-01
catboost_direct,2018-11-01,7161.0,6881.066955735441,47,1,2018-10-01
catboost_direct,2018-12-01,7409.0,7139.268286823446,47,2,2018-10-01
catboost_direct,2019-01-01,7117.0,7017.693149807681,47,3,2018-10-01
catboost_direct,2019-02-01,6307.0,6061.982047239949,47,4,2018-10-01
catboost_direct,2019-03-01,7067.0,6942.020758945836,47,5,2018-10-01
catboost_direct,2019-04-01,7108.0,6931.33712920154,47,6,2018-10-01
catboost_direct,2018-12-01,7409.0,7142.653184439124,48,1,2018-11-01
catboost_direct,2019-01-01,7117.0,7039.850515688645,48,2,2018-11-01
catboost_direct,2019-02-01,6307.0,6136.660555625502,48,3,2018-11-01
catboost_direct,2019-03-01,7067.0,6953.255241697486,48,4,2018-11-01
catboost_direct,2019-04-01,7108.0,6907.041673565244,48,5,2018-11-01
catboost_direct,2019-05-01,7776.0,7750.329148118253,48,6,2018-11-01
catboost_direct,2019-01-01,7117.0,7022.427361532113,49,1,2018-12-01
catboost_direct,2019-02-01,6307.0,6136.722391129038,49,2,2018-12-01
catboost_direct,2019-03-01,7067.0,7096.7310907268575,49,3,2018-12-01
catboost_direct,2019-04-01,7108.0,7003.077200564249,49,4,2018-12-01
catboost_direct,2019-05-01,7776.0,7773.651218731925,49,5,2018-12-01
catboost_direct,2019-06-01,8274.0,7964.89827039555,49,6,2018-12-01
catboost_direct,2019-02-01,6307.0,6352.0766929271,50,1,2019-01-01
catboost_direct,2019-03-01,7067.0,7052.296508493847,50,2,2019-01-01
catboost_direct,2019-04-01,7108.0,7069.376956877693,50,3,2019-01-01
catboost_direct,2019-05-01,7776.0,7765.266527406645,50,4,2019-01-01
catboost_direct,2019-06-01,8274.0,8052.149364984648,50,5,2019-01-01
catboost_direct,2019-07-01,8919.0,8188.963957299991,50,6,2019-01-01
catboost_direct,2019-03-01,7067.0,7002.368351518888,51,1,2019-02-01
catboost_direct,2019-04-01,7108.0,7116.305737743837,51,2,2019-02-01
catboost_direct,2019-05-01,7776.0,7844.882499771863,51,3,2019-02-01
catboost_direct,2019-06-01,8274.0,8076.66817941404,51,4,2019-02-01
catboost_direct,2019-07-01,8919.0,8237.79622393849,51,5,2019-02-01
catboost_direct,2019-08-01,8180.0,8163.027168211328,51,6,2019-02-01
catboost_direct,2019-04-01,7108.0,7091.326596405937,52,1,2019-03-01
catboost_direct,2019-05-01,7776.0,7702.9868741860155,52,2,2019-03-01
catboost_direct,2019-06-01,8274.0,8061.031821269781,52,3,2019-03-01
catboost_direct,2019-07-01,8919.0,8206.074241217353,52,4,2019-03-01
catboost_direct,2019-08-01,8180.0,8140.415875584503,52,5,2019-03-01
catboost_direct,2019-09-01,7664.0,7460.828947046782,52,6,2019-03-01
catboost_direct,2019-05-01,7776.0,7742.569191530338,53,1,2019-04-01
catboost_direct,2019-06-01,8274.0,8144.8262977139275,53,2,2019-04-01
catboost_direct,2019-07-01,8919.0,8206.937654025933,53,3,2019-04-01
catboost_direct,2019-08-01,8180.0,8220.27157716568,53,4,2019-04-01
catboost_direct,2019-09-01,7664.0,7417.69623722463,53,5,2019-04-01
catboost_direct,2019-10-01,7254.0,7271.867576533753,53,6,2019-04-01
catboost_direct,2019-06-01,8274.0,8205.24994852697,54,1,2019-05-01
catboost_direct,2019-07-01,8919.0,8169.036489283755,54,2,2019-05-01
catboost_direct,2019-08-01,8180.0,8197.274353691026,54,3,2019-05-01
catboost_direct,2019-09-01,7664.0,7449.140607994665,54,4,2019-05-01
catboost_direct,2019-10-01,7254.0,7299.866944369583,54,5,2019-05-01
catboost_direct,2019-11-01,6785.0,6988.382527679087,54,6,2019-05-01
catboost_direct,2019-07-01,8919.0,8343.243031980097,55,1,2019-06-01
catboost_direct,2019-08-01,8180.0,8221.65454628115,55,2,2019-06-01
catboost_direct,2019-09-01,7664.0,7346.985565563587,55,3,2019-06-01
catboost_direct,2019-10-01,7254.0,7355.241032461889,55,4,2019-06-01
catboost_direct,2019-11-01,6785.0,7091.735118684625,55,5,2019-06-01
catboost_direct,2019-12-01,6987.0,7376.746025292943,55,6,2019-06-01
catboost_direct,2019-08-01,8180.0,8418.571544613345,56,1,2019-07-01
catboost_direct,2019-09-01,7664.0,7494.342714027006,56,2,2019-07-01
catboost_direct,2019-10-01,7254.0,7498.84756755593,56,3,2019-07-01
catboost_direct,2019-11-01,6785.0,7079.580522849855,56,4,2019-07-01
catboost_direct,2019-12-01,6987.0,7391.5173157626805,56,5,2019-07-01
catboost_direct,2020-01-01,7194.0,7182.673802051748,56,6,2019-07-01
catboost_direct,2019-09-01,7664.0,7379.808161142915,57,1,2019-08-01
catboost_direct,2019-10-01,7254.0,7497.220119337336,57,2,2019-08-01
catboost_direct,2019-11-01,6785.0,7157.795407589862,57,3,2019-08-01
catboost_direct,2019-12-01,6987.0,7385.964441379647,57,4,2019-08-01
catboost_direct,2020-01-01,7194.0,7262.148417288527,57,5,2019-08-01
catboost_direct,2020-02-01,6848.0,6269.355198887939,57,6,2019-08-01
catboost_direct,2019-10-01,7254.0,7528.1119637980655,58,1,2019-09-01
catboost_direct,2019-11-01,6785.0,7185.449816117643,58,2,2019-09-01
catboost_direct,2019-12-01,6987.0,7427.015938022625,58,3,2019-09-01
catboost_direct,2020-01-01,7194.0,7305.969465448053,58,4,2019-09-01
catboost_direct,2020-02-01,6848.0,6435.318873906132,58,5,2019-09-01
catboost_direct,2020-03-01,7324.0,7197.811954886622,58,6,2019-09-01
catboost_direct,2019-11-01,6785.0,7122.471944877655,59,1,2019-10-01
catboost_direct,2019-12-01,6987.0,7458.855022306817,59,2,2019-10-01
catboost_direct,2020-01-01,7194.0,7290.556358172305,59,3,2019-10-01
catboost_direct,2020-02-01,6848.0,6319.074641053313,59,4,2019-10-01
catboost_direct,2020-03-01,7324.0,7231.064881661586,59,5,2019-10-01
catboost_direct,2020-04-01,5978.0,7233.797997974085,59,6,2019-10-01
catboost_direct,2019-12-01,6987.0,7467.908824274821,60,1,2019-11-01
catboost_direct,2020-01-01,7194.0,7129.171214583074,60,2,2019-11-01
catboost_direct,2020-02-01,6848.0,6345.749811094763,60,3,2019-11-01
catboost_direct,2020-03-01,7324.0,7142.3745176191305,60,4,2019-11-01
catboost_direct,2020-04-01,5978.0,7344.104398752308,60,5,2019-11-01
catboost_direct,2020-05-01,7062.0,7982.515714701253,60,6,2019-11-01
catboost_direct,2020-01-01,7194.0,7167.341857842276,61,1,2019-12-01
catboost_direct,2020-02-01,6848.0,6391.746529043786,61,2,2019-12-01
catboost_direct,2020-03-01,7324.0,7096.653282750134,61,3,2019-12-01
catboost_direct,2020-04-01,5978.0,7348.169540125989,61,4,2019-12-01
catboost_direct,2020-05-01,7062.0,8042.140217696907,61,5,2019-12-01
catboost_direct,2020-06-01,6948.0,8434.79929452239,61,6,2019-12-01
catboost_direct,2020-02-01,6848.0,6188.871255838153,62,1,2020-01-01
catboost_direct,2020-03-01,7324.0,7105.048000337783,62,2,2020-01-01
catboost_direct,2020-04-01,5978.0,7274.751080854036,62,3,2020-01-01
catboost_direct,2020-05-01,7062.0,7924.475073221031,62,4,2020-01-01
catboost_direct,2020-06-01,6948.0,8464.265031736108,62,5,2020-01-01
catboost_direct,2020-07-01,7392.0,8871.428877714623,62,6,2020-01-01
catboost_direct,2020-03-01,7324.0,7174.048986743176,63,1,2020-02-01
catboost_direct,2020-04-01,5978.0,7376.47502575896,63,2,2020-02-01
catboost_direct,2020-05-01,7062.0,8004.182328973029,63,3,2020-02-01
catboost_direct,2020-06-01,6948.0,8540.826433530736,63,4,2020-02-01
catboost_direct,2020-07-01,7392.0,8882.394828693534,63,5,2020-02-01
catboost_direct,2020-08-01,7678.0,8546.697745177724,63,6,2020-02-01
catboost_direct,2020-04-01,5978.0,7474.1816433608465,64,1,2020-03-01
catboost_direct,2020-05-01,7062.0,7961.640683337091,64,2,2020-03-01
catboost_direct,2020-06-01,6948.0,8544.343463771676,64,3,2020-03-01
catboost_direct,2020-07-01,7392.0,8924.65794418126,64,4,2020-03-01
catboost_direct,2020-08-01,7678.0,8553.650007590211,64,5,2020-03-01
catboost_direct,2020-09-01,7005.0,7852.18175216642,64,6,2020-03-01
catboost_direct,2020-05-01,7062.0,8053.730707352399,65,1,2020-04-01
catboost_direct,2020-06-01,6948.0,8584.00058463654,65,2,2020-04-01
catboost_direct,2020-07-01,7392.0,8821.87922305105,65,3,2020-04-01
catboost_direct,2020-08-01,7678.0,8415.946269007729,65,4,2020-04-01
catboost_direct,2020-09-01,7005.0,7840.468201277222,65,5,2020-04-01
catboost_direct,2020-10-01,7385.0,7392.39051095564,65,6,2020-04-01
catboost_direct,2020-06-01,6948.0,8634.132324238466,66,1,2020-05-01
catboost_direct,2020-07-01,7392.0,8832.39343061385,66,2,2020-05-01
catboost_direct,2020-08-01,7678.0,8386.218724539558,66,3,2020-05-01
catboost_direct,2020-09-01,7005.0,7905.04418847493,66,4,2020-05-01
catboost_direct,2020-10-01,7385.0,7469.887787669723,66,5,2020-05-01
catboost_direct,2020-11-01,6872.0,6967.738491637135,66,6,2020-05-01
catboost_direct,2020-07-01,7392.0,8780.730253561842,67,1,2020-06-01
catboost_direct,2020-08-01,7678.0,8433.28583155411,67,2,2020-06-01
catboost_direct,2020-09-01,7005.0,7883.80570426501,67,3,2020-06-01
catboost_direct,2020-10-01,7385.0,7349.556038146815,67,4,2020-06-01
catboost_direct,2020-11-01,6872.0,6976.950837238675,67,5,2020-06-01
catboost_direct,2020-12-01,6781.0,7031.399888803637,67,6,2020-06-01
catboost_direct,2020-08-01,7678.0,8289.106023154098,68,1,2020-07-01
catboost_direct,2020-09-01,7005.0,7618.669117840918,68,2,2020-07-01
catboost_direct,2020-10-01,7385.0,7369.732471259169,68,3,2020-07-01
catboost_direct,2020-11-01,6872.0,7006.123742206915,68,4,2020-07-01
catboost_direct,2020-12-01,6781.0,7009.2359118937375,68,5,2020-07-01
catboost_direct,2021-01-01,6917.0,7326.5793742351,68,6,2020-07-01
catboost_direct,2020-09-01,7005.0,7502.408897156066,69,1,2020-08-01
catboost_direct,2020-10-01,7385.0,7328.297596321093,69,2,2020-08-01
catboost_direct,2020-11-01,6872.0,6860.81029552208,69,3,2020-08-01
catboost_direct,2020-12-01,6781.0,6983.500968141585,69,4,2020-08-01
catboost_direct,2021-01-01,6917.0,7324.0805324672,69,5,2020-08-01
catboost_direct,2021-02-01,6217.0,6406.710588782915,69,6,2020-08-01
catboost_direct,2020-10-01,7385.0,7190.288549208997,70,1,2020-09-01
catboost_direct,2020-11-01,6872.0,6707.3298697855325,70,2,2020-09-01
catboost_direct,2020-12-01,6781.0,7003.616408139536,70,3,2020-09-01
catboost_direct,2021-01-01,6917.0,7271.698431261531,70,4,2020-09-01
catboost_direct,2021-02-01,6217.0,6588.062929321109,70,5,2020-09-01
catboost_direct,2021-03-01,7569.0,7012.64544873685,70,6,2020-09-01
catboost_direct,2020-11-01,6872.0,6726.044691313912,71,1,2020-10-01
catboost_direct,2020-12-01,6781.0,7010.488510223743,71,2,2020-10-01
catboost_direct,2021-01-01,6917.0,7328.113341974702,71,3,2020-10-01
catboost_direct,2021-02-01,6217.0,6543.36168912901,71,4,2020-10-01
catboost_direct,2021-03-01,7569.0,7096.566304714372,71,5,2020-10-01
catboost_direct,2021-04-01,6917.0,6061.088629912985,71,6,2020-10-01
catboost_direct,2020-12-01,6781.0,7041.667137150123,72,1,2020-11-01
catboost_direct,2021-01-01,6917.0,7209.296679183521,72,2,2020-11-01
catboost_direct,2021-02-01,6217.0,6620.448183858959,72,3,2020-11-01
catboost_direct,2021-03-01,7569.0,7027.87285927947,72,4,2020-11-01
catboost_direct,2021-04-01,6917.0,6040.4137730287375,72,5,2020-11-01
catboost_direct,2021-05-01,8253.0,7238.249826784471,72,6,2020-11-01
catboost_direct,2021-01-01,6917.0,7479.285799371931,73,1,2020-12-01
catboost_direct,2021-02-01,6217.0,6507.36148844106,73,2,2020-12-01
catboost_direct,2021-03-01,7569.0,6964.067562625718,73,3,2020-12-01
catboost_direct,2021-04-01,6917.0,6011.902554605874,73,4,2020-12-01
catboost_direct,2021-05-01,8253.0,7153.525413534365,73,5,2020-12-01
catboost_direct,2021-06-01,8153.0,7283.964742287815,73,6,2020-12-01
catboost_direct,2021-02-01,6217.0,6748.009568355748,74,1,2021-01-01
catboost_direct,2021-03-01,7569.0,7140.6298412038805,74,2,2021-01-01
catboost_direct,2021-04-01,6917.0,6028.598234238937,74,3,2021-01-01
catboost_direct,2021-05-01,8253.0,7143.557450280151,74,4,2021-01-01
catboost_direct,2021-06-01,8153.0,7169.36635586465,74,5,2021-01-01
catboost_direct,2021-07-01,9251.0,7543.552266966927,74,6,2021-01-01
catboost_direct,2021-03-01,7569.0,7160.882778096836,75,1,2021-02-01
catboost_direct,2021-04-01,6917.0,5722.237578700244,75,2,2021-02-01
catboost_direct,2021-05-01,8253.0,6928.149029007378,75,3,2021-02-01
catboost_direct,2021-06-01,8153.0,7121.607340910604,75,4,2021-02-01
catboost_direct,2021-07-01,9251.0,7396.935616059222,75,5,2021-02-01
catboost_direct,2021-08-01,8830.0,7783.426128165004,75,6,2021-02-01
catboost_direct,2021-04-01,6917.0,5946.020668071005,76,1,2021-03-01
catboost_direct,2021-05-01,8253.0,7032.632795104651,76,2,2021-03-01
catboost_direct,2021-06-01,8153.0,7240.415867319706,76,3,2021-03-01
catboost_direct,2021-07-01,9251.0,7526.368256331592,76,4,2021-03-01
catboost_direct,2021-08-01,8830.0,7766.649475754876,76,5,2021-03-01
catboost_direct,2021-09-01,7512.0,7186.630710793257,76,6,2021-03-01
catboost_direct,2021-05-01,8253.0,7307.241825717163,77,1,2021-04-01
catboost_direct,2021-06-01,8153.0,7051.973395084452,77,2,2021-04-01
catboost_direct,2021-07-01,9251.0,7655.229433179356,77,3,2021-04-01
catboost_direct,2021-08-01,8830.0,7723.929870334023,77,4,2021-04-01
catboost_direct,2021-09-01,7512.0,7209.047103029707,77,5,2021-04-01
catboost_direct,2021-10-01,7656.0,7550.928753039799,77,6,2021-04-01
catboost_direct,2021-06-01,8153.0,7335.178994165611,78,1,2021-05-01
catboost_direct,2021-07-01,9251.0,7551.83061470619,78,2,2021-05-01
catboost_direct,2021-08-01,8830.0,7840.289656903782,78,3,2021-05-01
catboost_direct,2021-09-01,7512.0,7342.969092397488,78,4,2021-05-01
catboost_direct,2021-10-01,7656.0,7502.697658350829,78,5,2021-05-01
catboost_direct,2021-11-01,7603.0,7230.11189529345,78,6,2021-05-01
catboost_direct,2021-07-01,9251.0,7778.893106916358,79,1,2021-06-01
catboost_direct,2021-08-01,8830.0,7781.052363896233,79,2,2021-06-01
catboost_direct,2021-09-01,7512.0,7437.233412066123,79,3,2021-06-01
catboost_direct,2021-10-01,7656.0,7534.712674988264,79,4,2021-06-01
catboost_direct,2021-11-01,7603.0,7230.9170581822955,79,5,2021-06-01
catboost_direct,2021-12-01,8237.0,7108.901954856633,79,6,2021-06-01
catboost_direct,2021-08-01,8830.0,8082.818078994263,80,1,2021-07-01
catboost_direct,2021-09-01,7512.0,7480.567519392649,80,2,2021-07-01
catboost_direct,2021-10-01,7656.0,7602.966750013951,80,3,2021-07-01
catboost_direct,2021-11-01,7603.0,7269.505578330061,80,4,2021-07-01
catboost_direct,2021-12-01,8237.0,7060.577896678378,80,5,2021-07-01
catboost_direct,2022-01-01,9582.0,7026.491444498953,80,6,2021-07-01
catboost_direct,2021-09-01,7512.0,7579.767256296042,81,1,2021-08-01
catboost_direct,2021-10-01,7656.0,7669.305968434911,81,2,2021-08-01
catboost_direct,2021-11-01,7603.0,7370.363007032401,81,3,2021-08-01
catboost_direct,2021-12-01,8237.0,7026.565520369299,81,4,2021-08-01
catboost_direct,2022-01-01,9582.0,7026.30174067135,81,5,2021-08-01
catboost_direct,2022-02-01,7227.0,6509.1038289796015,81,6,2021-08-01
catboost_direct,2021-10-01,7656.0,7692.504763672616,82,1,2021-09-01
catboost_direct,2021-11-01,7603.0,7181.868492090458,82,2,2021-09-01
catboost_direct,2021-12-01,8237.0,7099.90406787624,82,3,2021-09-01
catboost_direct,2022-01-01,9582.0,7014.759684682238,82,4,2021-09-01
catboost_direct,2022-02-01,7227.0,6485.9667250289085,82,5,2021-09-01
catboost_direct,2022-03-01,7504.0,7384.01345763755,82,6,2021-09-01
catboost_direct,2021-11-01,7603.0,7114.461120878606,83,1,2021-10-01
catboost_direct,2021-12-01,8237.0,7040.884147311099,83,2,2021-10-01
catboost_direct,2022-01-01,9582.0,6941.290319480423,83,3,2021-10-01
catboost_direct,2022-02-01,7227.0,6484.291861479145,83,4,2021-10-01
catboost_direct,2022-03-01,7504.0,7316.5946329405215,83,5,2021-10-01
catboost_direct,2022-04-01,7589.0,6523.548831568486,83,6,2021-10-01
catboost_direct,2021-12-01,8237.0,7027.633652220584,84,1,2021-11-01
catboost_direct,2022-01-01,9582.0,6924.5002083867475,84,2,2021-11-01
catboost_direct,2022-02-01,7227.0,6436.491026626757,84,3,2021-11-01
catboost_direct,2022-03-01,7504.0,7317.24336812128,84,4,2021-11-01
catboost_direct,2022-04-01,7589.0,6541.504779979062,84,5,2021-11-01
catboost_direct,2022-05-01,8846.0,7774.536086086764,84,6,2021-11-01
catboost_direct,2022-01-01,9582.0,7180.401565338836,85,1,2021-12-01
catboost_direct,2022-02-01,7227.0,6388.3717592964385,85,2,2021-12-01
catboost_direct,2022-03-01,7504.0,7193.357958684881,85,3,2021-12-01
catboost_direct,2022-04-01,7589.0,6476.672553433338,85,4,2021-12-01
catboost_direct,2022-05-01,8846.0,7849.377354824003,85,5,2021-12-01
catboost_direct,2022-06-01,9057.0,8246.892852391826,85,6,2021-12-01
catboost_direct,2022-02-01,7227.0,6637.61983880933,86,1,2022-01-01
catboost_direct,2022-03-01,7504.0,7351.6501031028065,86,2,2022-01-01
catboost_direct,2022-04-01,7589.0,6682.389626572182,86,3,2022-01-01
catboost_direct,2022-05-01,8846.0,7862.684080671627,86,4,2022-01-01
catboost_direct,2022-06-01,9057.0,8219.317041399963,86,5,2022-01-01
catboost_direct,2022-07-01,8699.0,9606.643943469715,86,6,2022-01-01
catboost_direct,2022-03-01,7504.0,7465.890878558326,87,1,2022-02-01
catboost_direct,2022-04-01,7589.0,6611.471622281177,87,2,2022-02-01
catboost_direct,2022-05-01,8846.0,7812.426056624581,87,3,2022-02-01
catboost_direct,2022-06-01,9057.0,8209.92625838293,87,4,2022-02-01
catboost_direct,2022-07-01,8699.0,9570.431625643558,87,5,2022-02-01
catboost_direct,2022-08-01,8834.0,9251.643159404426,87,6,2022-02-01
catboost_direct,2022-04-01,7589.0,6513.512536835236,88,1,2022-03-01
catboost_direct,2022-05-01,8846.0,7898.58947221485,88,2,2022-03-01
catboost_direct,2022-06-01,9057.0,8266.41711483724,88,3,2022-03-01
catboost_direct,2022-07-01,8699.0,9523.187286907352,88,4,2022-03-01
catboost_direct,2022-08-01,8834.0,9240.09914093957,88,5,2022-03-01
catboost_direct,2022-09-01,8228.0,7901.786342108139,88,6,2022-03-01
catboost_direct,2022-05-01,8846.0,7799.481968630884,89,1,2022-04-01
catboost_direct,2022-06-01,9057.0,8089.822168083541,89,2,2022-04-01
catboost_direct,2022-07-01,8699.0,9656.034935150139,89,3,2022-04-01
catboost_direct,2022-08-01,8834.0,9338.830978069693,89,4,2022-04-01
catboost_direct,2022-09-01,8228.0,7705.054628728745,89,5,2022-04-01
catboost_direct,2022-10-01,8388.0,8020.762165852796,89,6,2022-04-01
catboost_direct,2022-06-01,9057.0,8040.978688020797,90,1,2022-05-01
catboost_direct,2022-07-01,8699.0,9471.851759166602,90,2,2022-05-01
catboost_direct,2022-08-01,8834.0,9239.720902931196,90,3,2022-05-01
catboost_direct,2022-09-01,8228.0,7871.593778201333,90,4,2022-05-01
catboost_direct,2022-10-01,8388.0,7893.99874199277,90,5,2022-05-01
catboost_direct,2022-11-01,7588.0,7852.164214299351,90,6,2022-05-01
catboost_direct,2022-07-01,8699.0,9604.650583580531,91,1,2022-06-01
catboost_direct,2022-08-01,8834.0,9257.807913263672,91,2,2022-06-01
catboost_direct,2022-09-01,8228.0,7879.313308933264,91,3,2022-06-01
catboost_direct,2022-10-01,8388.0,7973.306979070162,91,4,2022-06-01
catboost_direct,2022-11-01,7588.0,7787.403395678114,91,5,2022-06-01
catboost_direct,2022-12-01,7850.0,8551.094776738933,91,6,2022-06-01
catboost_direct,2022-08-01,8834.0,8797.486665396369,92,1,2022-07-01
catboost_direct,2022-09-01,8228.0,7503.0074895915195,92,2,2022-07-01
catboost_direct,2022-10-01,8388.0,7960.154198164552,92,3,2022-07-01
catboost_direct,2022-11-01,7588.0,7753.357062763408,92,4,2022-07-01
catboost_direct,2022-12-01,7850.0,8365.78719278919,92,5,2022-07-01
catboost_direct,2023-01-01,7563.0,9832.581085233816,92,6,2022-07-01
catboost_direct,2022-09-01,8228.0,7427.377889508746,93,1,2022-08-01
catboost_direct,2022-10-01,8388.0,7727.123055978607,93,2,2022-08-01
catboost_direct,2022-11-01,7588.0,7746.548378830189,93,3,2022-08-01
catboost_direct,2022-12-01,7850.0,8243.877686132153,93,4,2022-08-01
catboost_direct,2023-01-01,7563.0,9688.651841693729,93,5,2022-08-01
catboost_direct,2023-02-01,6551.0,7026.602635072673,93,6,2022-08-01
catboost_direct,2022-10-01,8388.0,7934.944155803247,94,1,2022-09-01
catboost_direct,2022-11-01,7588.0,7686.319869417997,94,2,2022-09-01
catboost_direct,2022-12-01,7850.0,8327.71799237628,94,3,2022-09-01
catboost_direct,2023-01-01,7563.0,9862.577071772015,94,4,2022-09-01
catboost_direct,2023-02-01,6551.0,7198.922806395669,94,5,2022-09-01
catboost_direct,2023-03-01,7507.0,7680.638854737051,94,6,2022-09-01
catboost_direct,2022-11-01,7588.0,7581.779540343226,95,1,2022-10-01
catboost_direct,2022-12-01,7850.0,8475.356702894194,95,2,2022-10-01
catboost_direct,2023-01-01,7563.0,9781.419745745086,95,3,2022-10-01
catboost_direct,2023-02-01,6551.0,7211.8120367699785,95,4,2022-10-01
catboost_direct,2023-03-01,7507.0,7643.449241020433,95,5,2022-10-01
catboost_direct,2023-04-01,7745.0,7574.484106459648,95,6,2022-10-01
catboost_direct,2022-12-01,7850.0,8276.33992295555,96,1,2022-11-01
catboost_direct,2023-01-01,7563.0,9683.944352167671,96,2,2022-11-01
catboost_direct,2023-02-01,6551.0,7275.927983136132,96,3,2022-11-01
catboost_direct,2023-03-01,7507.0,7758.393708725283,96,4,2022-11-01
catboost_direct,2023-04-01,7745.0,7627.334534020985,96,5,2022-11-01
catboost_direct,2023-05-01,8600.0,9028.391611796038,96,6,2022-11-01
catboost_direct,2023-01-01,7563.0,9578.853175043107,97,1,2022-12-01
catboost_direct,2023-02-01,6551.0,7103.913165320519,97,2,2022-12-01
catboost_direct,2023-03-01,7507.0,7651.888674858445,97,3,2022-12-01
catboost_direct,2023-04-01,7745.0,7658.3553533524455,97,4,2022-12-01
catboost_direct,2023-05-01,8600.0,8767.16070189683,97,5,2022-12-01
catboost_direct,2023-06-01,9151.0,9269.24532364559,97,6,2022-12-01
catboost_direct,2023-02-01,6551.0,6703.700626200173,98,1,2023-01-01
catboost_direct,2023-03-01,7507.0,7243.680697805485,98,2,2023-01-01
catboost_direct,2023-04-01,7745.0,7204.439076906629,98,3,2023-01-01
catboost_direct,2023-05-01,8600.0,8670.273554860027,98,4,2023-01-01
catboost_direct,2023-06-01,9151.0,9081.033835405857,98,5,2023-01-01
catboost_direct,2023-07-01,9183.0,8844.756900587563,98,6,2023-01-01
catboost_direct,2023-03-01,7507.0,7085.8843394499845,99,1,2023-02-01
catboost_direct,2023-04-01,7745.0,7160.693540960726,99,2,2023-02-01
catboost_direct,2023-05-01,8600.0,8783.71670302724,99,3,2023-02-01
catboost_direct,2023-06-01,9151.0,9312.245285133067,99,4,2023-02-01
catboost_direct,2023-07-01,9183.0,8731.89212759786,99,5,2023-02-01
catboost_direct,2023-08-01,8297.0,8722.149820037806,99,6,2023-02-01
catboost_direct,2023-04-01,7745.0,7410.616070404735,100,1,2023-03-01
catboost_direct,2023-05-01,8600.0,8870.372021988378,100,2,2023-03-01
catboost_direct,2023-06-01,9151.0,9117.132088746956,100,3,2023-03-01
catboost_direct,2023-07-01,9183.0,8717.772674510275,100,4,2023-03-01
catboost_direct,2023-08-01,8297.0,8765.588972012089,100,5,2023-03-01
catboost_direct,2023-09-01,7823.0,7809.619858042036,100,6,2023-03-01
catboost_direct,2023-05-01,8600.0,8667.030882902593,101,1,2023-04-01
catboost_direct,2023-06-01,9151.0,9050.973668262575,101,2,2023-04-01
catboost_direct,2023-07-01,9183.0,8756.812541658172,101,3,2023-04-01
catboost_direct,2023-08-01,8297.0,8834.335004113456,101,4,2023-04-01
catboost_direct,2023-09-01,7823.0,7886.10767575473,101,5,2023-04-01
catboost_direct,2023-10-01,7507.0,8243.545820081867,101,6,2023-04-01
catboost_direct,2023-06-01,9151.0,9062.84837933855,102,1,2023-05-01
catboost_direct,2023-07-01,9183.0,8714.854380553392,102,2,2023-05-01
catboost_direct,2023-08-01,8297.0,8830.949326974553,102,3,2023-05-01
catboost_direct,2023-09-01,7823.0,7911.096234221845,102,4,2023-05-01
catboost_direct,2023-10-01,7507.0,8233.14402473612,102,5,2023-05-01
catboost_direct,2023-11-01,8107.0,7842.420554743854,102,6,2023-05-01
catboost_direct,2023-07-01,9183.0,8746.167882888692,103,1,2023-06-01
catboost_direct,2023-08-01,8297.0,8763.947391073052,103,2,2023-06-01
catboost_direct,2023-09-01,7823.0,7712.370270434107,103,3,2023-06-01
catboost_direct,2023-10-01,7507.0,8328.152145850021,103,4,2023-06-01
catboost_direct,2023-11-01,8107.0,7851.283274147589,103,5,2023-06-01
catboost_direct,2023-12-01,7504.0,8561.916974732736,103,6,2023-06-01
