model,mae,rmse,smape,n_predictions
timesfm,0.8199715865285773,1.077242279394319,0.760909621161365,114
sarima,1.0378224219209633,1.5184223014998839,0.9854657611896571,114
prophet,1.8195261398263374,2.1471733654121774,1.7373582230860871,114
