model,mae,rmse,smape,n_predictions
timesfm,586.0230279737904,765.7685932777587,7.299639032376019,186
sarima,603.505906636588,787.8287125203786,7.453976618378431,186
prophet,613.8045433185354,767.225118909185,7.682285144515061,186
