model,mae,rmse,smape,n_predictions
sarima,0.9034360966366732,2.955657562377413,3.7631378206250963,99
prophet,3.241179709607336,9.13429213444047,12.273377277885727,102
