model,date,y_true,y_pred,window,horizon,train_end
sarima_temp,2015-01-01,7184.0,6514.721705650757,1,1,2014-12-01
sarima_temp,2015-02-01,5958.0,6243.4543226116875,1,2,2014-12-01
sarima_temp,2015-03-01,6658.0,6507.1142571138535,1,3,2014-12-01
sarima_temp,2015-04-01,7069.0,6513.8290912260145,1,4,2014-12-01
sarima_temp,2015-05-01,8099.0,7401.667459818454,1,5,2014-12-01
sarima_temp,2015-06-01,7868.0,7681.368053681721,1,6,2014-12-01
sarima_temp,2015-02-01,5958.0,6330.6818071446,2,1,2015-01-01
sarima_temp,2015-03-01,6658.0,6681.014939764299,2,2,2015-01-01
sarima_temp,2015-04-01,7069.0,6676.065390629802,2,3,2015-01-01
sarima_temp,2015-05-01,8099.0,7563.837100475897,2,4,2015-01-01
sarima_temp,2015-06-01,7868.0,7843.713882630502,2,5,2015-01-01
sarima_temp,2015-07-01,7986.0,8110.202721452436,2,6,2015-01-01
sarima_temp,2015-03-01,6658.0,6624.139295005736,3,1,2015-02-01
sarima_temp,2015-04-01,7069.0,6562.97744527477,3,2,2015-02-01
sarima_temp,2015-05-01,8099.0,7459.856383579766,3,3,2015-02-01
sarima_temp,2015-06-01,7868.0,7738.881844509242,3,4,2015-02-01
sarima_temp,2015-07-01,7986.0,8005.283186982938,3,5,2015-02-01
sarima_temp,2015-08-01,7251.0,7689.790979020712,3,6,2015-02-01
sarima_temp,2015-04-01,7069.0,6564.957391339874,4,1,2015-03-01
sarima_temp,2015-05-01,8099.0,7468.218909901699,4,2,2015-03-01
sarima_temp,2015-06-01,7868.0,7746.042763616867,4,3,2015-03-01
sarima_temp,2015-07-01,7986.0,8012.728637748088,4,4,2015-03-01
sarima_temp,2015-08-01,7251.0,7697.129514464551,4,5,2015-03-01
sarima_temp,2015-09-01,7163.0,7143.498438247026,4,6,2015-03-01
sarima_temp,2015-05-01,8099.0,7505.903831130011,5,1,2015-04-01
sarima_temp,2015-06-01,7868.0,7869.516566882083,5,2,2015-04-01
sarima_temp,2015-07-01,7986.0,8120.289485698043,5,3,2015-04-01
sarima_temp,2015-08-01,7251.0,7807.66791339786,5,4,2015-04-01
sarima_temp,2015-09-01,7163.0,7253.743709696595,5,5,2015-04-01
sarima_temp,2015-10-01,6690.0,7190.372676577001,5,6,2015-04-01
sarima_temp,2015-06-01,7868.0,7958.411522456383,6,1,2015-05-01
sarima_temp,2015-07-01,7986.0,8288.453156329506,6,2,2015-05-01
sarima_temp,2015-08-01,7251.0,7965.0186363292105,6,3,2015-05-01
sarima_temp,2015-09-01,7163.0,7411.756100386123,6,4,2015-05-01
sarima_temp,2015-10-01,6690.0,7350.492627707429,6,5,2015-05-01
sarima_temp,2015-11-01,6392.0,6844.6185802746895,6,6,2015-05-01
sarima_temp,2015-07-01,7986.0,8267.546460109179,7,1,2015-06-01
sarima_temp,2015-08-01,7251.0,7937.264678000274,7,2,2015-06-01
sarima_temp,2015-09-01,7163.0,7381.841672492608,7,3,2015-06-01
sarima_temp,2015-10-01,6690.0,7324.3841805160355,7,4,2015-06-01
sarima_temp,2015-11-01,6392.0,6813.739842966836,7,5,2015-06-01
sarima_temp,2015-12-01,6753.0,7023.600913246588,7,6,2015-06-01
sarima_temp,2015-08-01,7251.0,7892.603747685397,8,1,2015-07-01
sarima_temp,2015-09-01,7163.0,7298.350123056138,8,2,2015-07-01
sarima_temp,2015-10-01,6690.0,7258.057487979093,8,3,2015-07-01
sarima_temp,2015-11-01,6392.0,6729.312175646756,8,4,2015-07-01
sarima_temp,2015-12-01,6753.0,6953.254113530098,8,5,2015-07-01
sarima_temp,2016-01-01,6753.0,6993.492266853509,8,6,2015-07-01
sarima_temp,2015-09-01,7163.0,7186.737516827268,9,1,2015-08-01
sarima_temp,2015-10-01,6690.0,7123.7103286831125,9,2,2015-08-01
sarima_temp,2015-11-01,6392.0,6609.933210670987,9,3,2015-08-01
sarima_temp,2015-12-01,6753.0,6805.182388441633,9,4,2015-08-01
sarima_temp,2016-01-01,6753.0,6835.7944993712,9,5,2015-08-01
sarima_temp,2016-02-01,6385.0,6392.870452342905,9,6,2015-08-01
sarima_temp,2015-10-01,6690.0,7123.0696095479125,10,1,2015-09-01
sarima_temp,2015-11-01,6392.0,6609.074601509026,10,2,2015-09-01
sarima_temp,2015-12-01,6753.0,6805.106049610684,10,3,2015-09-01
sarima_temp,2016-01-01,6753.0,6834.434863690708,10,4,2015-09-01
sarima_temp,2016-02-01,6385.0,6391.33911473547,10,5,2015-09-01
sarima_temp,2016-03-01,7164.0,6728.4983372948045,10,6,2015-09-01
sarima_temp,2015-11-01,6392.0,6522.797296937376,11,1,2015-10-01
sarima_temp,2015-12-01,6753.0,6735.769706367633,11,2,2015-10-01
sarima_temp,2016-01-01,6753.0,6766.953280976909,11,3,2015-10-01
sarima_temp,2016-02-01,6385.0,6324.014228607538,11,4,2015-10-01
sarima_temp,2016-03-01,7164.0,6661.704200479615,11,5,2015-10-01
sarima_temp,2016-04-01,7192.0,6734.612510576501,11,6,2015-10-01
sarima_temp,2015-12-01,6753.0,6727.570376588959,12,1,2015-11-01
sarima_temp,2016-01-01,6753.0,6764.5412929263875,12,2,2015-11-01
sarima_temp,2016-02-01,6385.0,6321.7223514886555,12,3,2015-11-01
sarima_temp,2016-03-01,7164.0,6659.705443826035,12,4,2015-11-01
sarima_temp,2016-04-01,7192.0,6732.36600189831,12,5,2015-11-01
sarima_temp,2016-05-01,7743.0,7641.613648681818,12,6,2015-11-01
sarima_temp,2016-01-01,6753.0,6768.605631578187,13,1,2015-12-01
sarima_temp,2016-02-01,6385.0,6323.439292517715,13,2,2015-12-01
sarima_temp,2016-03-01,7164.0,6661.372632052885,13,3,2015-12-01
sarima_temp,2016-04-01,7192.0,6734.006581280275,13,4,2015-12-01
sarima_temp,2016-05-01,7743.0,7643.525216498436,13,5,2015-12-01
sarima_temp,2016-06-01,8767.0,7837.85384170383,13,6,2015-12-01
sarima_temp,2016-02-01,6385.0,6320.933449536537,14,1,2016-01-01
sarima_temp,2016-03-01,7164.0,6660.078263741187,14,2,2016-01-01
sarima_temp,2016-04-01,7192.0,6732.6379367958725,14,3,2016-01-01
sarima_temp,2016-05-01,7743.0,7642.275869276199,14,4,2016-01-01
sarima_temp,2016-06-01,8767.0,7836.718173103562,14,5,2016-01-01
sarima_temp,2016-07-01,8479.0,8078.190051922608,14,6,2016-01-01
sarima_temp,2016-03-01,7164.0,6668.27629261046,15,1,2016-02-01
sarima_temp,2016-04-01,7192.0,6736.620490013761,15,2,2016-02-01
sarima_temp,2016-05-01,7743.0,7646.170803672349,15,3,2016-02-01
sarima_temp,2016-06-01,8767.0,7840.547494362963,15,4,2016-02-01
sarima_temp,2016-07-01,8479.0,8082.074226890836,15,5,2016-02-01
sarima_temp,2016-08-01,7890.0,7699.118996659979,15,6,2016-02-01
sarima_temp,2016-04-01,7192.0,6812.145332351758,16,1,2016-03-01
sarima_temp,2016-05-01,7743.0,7695.692915947765,16,2,2016-03-01
sarima_temp,2016-06-01,8767.0,7888.639099662338,16,3,2016-03-01
sarima_temp,2016-07-01,8479.0,8129.943357872356,16,4,2016-03-01
sarima_temp,2016-08-01,7890.0,7747.078624705778,16,5,2016-03-01
sarima_temp,2016-09-01,7317.0,7268.3790097877545,16,6,2016-03-01
sarima_temp,2016-05-01,7743.0,7734.208367081102,17,1,2016-04-01
sarima_temp,2016-06-01,8767.0,7882.715384763312,17,2,2016-04-01
sarima_temp,2016-07-01,8479.0,8118.931057870322,17,3,2016-04-01
sarima_temp,2016-08-01,7890.0,7735.482771864397,17,4,2016-04-01
sarima_temp,2016-09-01,7317.0,7257.011337104061,17,5,2016-04-01
sarima_temp,2016-10-01,7426.0,7128.588937302509,17,6,2016-04-01
sarima_temp,2016-06-01,8767.0,7883.709962631703,18,1,2016-05-01
sarima_temp,2016-07-01,8479.0,8119.191540866428,18,2,2016-05-01
sarima_temp,2016-08-01,7890.0,7735.544341864469,18,3,2016-05-01
sarima_temp,2016-09-01,7317.0,7257.048267553974,18,4,2016-05-01
sarima_temp,2016-10-01,7426.0,7128.695704753087,18,5,2016-05-01
sarima_temp,2016-11-01,6700.0,6642.6559521274785,18,6,2016-05-01
sarima_temp,2016-07-01,8479.0,8417.32337053292,19,1,2016-06-01
sarima_temp,2016-08-01,7890.0,8065.968145858802,19,2,2016-06-01
sarima_temp,2016-09-01,7317.0,7584.839809395031,19,3,2016-06-01
sarima_temp,2016-10-01,7426.0,7457.20644794581,19,4,2016-06-01
sarima_temp,2016-11-01,6700.0,6982.130364940823,19,5,2016-06-01
sarima_temp,2016-12-01,6994.0,7203.088391614519,19,6,2016-06-01
sarima_temp,2016-08-01,7890.0,8078.520352208506,20,1,2016-07-01
sarima_temp,2016-09-01,7317.0,7599.436764128748,20,2,2016-07-01
sarima_temp,2016-10-01,7426.0,7471.759302212075,20,3,2016-07-01
sarima_temp,2016-11-01,6700.0,6996.661670739871,20,4,2016-07-01
sarima_temp,2016-12-01,6994.0,7218.5838373610595,20,5,2016-07-01
sarima_temp,2017-01-01,6788.0,7264.3297714455975,20,6,2016-07-01
sarima_temp,2016-09-01,7317.0,7530.3835091162555,21,1,2016-08-01
sarima_temp,2016-10-01,7426.0,7400.507691946737,21,2,2016-08-01
sarima_temp,2016-11-01,6700.0,6922.737674568274,21,3,2016-08-01
sarima_temp,2016-12-01,6994.0,7143.781286266659,21,4,2016-08-01
sarima_temp,2017-01-01,6788.0,7187.886525498868,21,5,2016-08-01
sarima_temp,2017-02-01,6271.0,6755.049634195891,21,6,2016-08-01
sarima_temp,2016-10-01,7426.0,7332.749083709397,22,1,2016-09-01
sarima_temp,2016-11-01,6700.0,6856.301116884454,22,2,2016-09-01
sarima_temp,2016-12-01,6994.0,7077.100554073489,22,3,2016-09-01
sarima_temp,2017-01-01,6788.0,7119.358156535499,22,4,2016-09-01
sarima_temp,2017-02-01,6271.0,6686.364180348679,22,5,2016-09-01
sarima_temp,2017-03-01,6794.0,7086.6333647666725,22,6,2016-09-01
sarima_temp,2016-11-01,6700.0,6880.583526020974,23,1,2016-10-01
sarima_temp,2016-12-01,6994.0,7101.008272495112,23,2,2016-10-01
sarima_temp,2017-01-01,6788.0,7142.728302673465,23,3,2016-10-01
sarima_temp,2017-02-01,6271.0,6709.653436278068,23,4,2016-10-01
sarima_temp,2017-03-01,6794.0,7109.903759472578,23,5,2016-10-01
sarima_temp,2017-04-01,6884.0,7176.238897307742,23,6,2016-10-01
sarima_temp,2016-12-01,6994.0,6933.3797195875895,24,1,2016-11-01
sarima_temp,2017-01-01,6788.0,6986.84647067659,24,2,2016-11-01
sarima_temp,2017-02-01,6271.0,6554.497053359389,24,3,2016-11-01
sarima_temp,2017-03-01,6794.0,6955.747625717235,24,4,2016-11-01
sarima_temp,2017-04-01,6884.0,7021.141427327719,24,5,2016-11-01
sarima_temp,2017-05-01,7651.0,7881.697371769046,24,6,2016-11-01
sarima_temp,2017-01-01,6788.0,6994.7332062502,25,1,2016-12-01
sarima_temp,2017-02-01,6271.0,6557.245220573834,25,2,2016-12-01
sarima_temp,2017-03-01,6794.0,6957.80425830368,25,3,2016-12-01
sarima_temp,2017-04-01,6884.0,7023.014562715625,25,4,2016-12-01
sarima_temp,2017-05-01,7651.0,7883.689628062012,25,5,2016-12-01
sarima_temp,2017-06-01,8009.0,8193.343739216196,25,6,2016-12-01
sarima_temp,2017-02-01,6271.0,6593.367261431624,26,1,2017-01-01
sarima_temp,2017-03-01,6794.0,7007.567728435454,26,2,2017-01-01
sarima_temp,2017-04-01,6884.0,7074.281539227852,26,3,2017-01-01
sarima_temp,2017-05-01,7651.0,7935.222136518255,26,4,2017-01-01
sarima_temp,2017-06-01,8009.0,8245.603762607961,26,5,2017-01-01
sarima_temp,2017-07-01,8694.0,8412.851421688158,26,6,2017-01-01
sarima_temp,2017-03-01,6794.0,6941.910867817311,27,1,2017-02-01
sarima_temp,2017-04-01,6884.0,7031.821406230733,27,2,2017-02-01
sarima_temp,2017-05-01,7651.0,7894.932296913929,27,3,2017-02-01
sarima_temp,2017-06-01,8009.0,8205.260412870266,27,4,2017-02-01
sarima_temp,2017-07-01,8694.0,8372.628879714046,27,5,2017-02-01
sarima_temp,2017-08-01,8130.0,7960.386603015993,27,6,2017-02-01
sarima_temp,2017-04-01,6884.0,7000.50680687875,28,1,2017-03-01
sarima_temp,2017-05-01,7651.0,7876.771288007375,28,2,2017-03-01
sarima_temp,2017-06-01,8009.0,8188.35966934979,28,3,2017-03-01
sarima_temp,2017-07-01,8694.0,8355.944271531964,28,4,2017-03-01
sarima_temp,2017-08-01,8130.0,7943.68826702561,28,5,2017-03-01
sarima_temp,2017-09-01,7446.0,7451.166252949655,28,6,2017-03-01
sarima_temp,2017-05-01,7651.0,7847.675732781116,29,1,2017-04-01
sarima_temp,2017-06-01,8009.0,8171.681521207198,29,2,2017-04-01
sarima_temp,2017-07-01,8694.0,8340.677438204317,29,3,2017-04-01
sarima_temp,2017-08-01,8130.0,7928.524379217327,29,4,2017-04-01
sarima_temp,2017-09-01,7446.0,7436.007447611704,29,5,2017-04-01
sarima_temp,2017-10-01,7282.0,7341.099332600355,29,6,2017-04-01
sarima_temp,2017-06-01,8009.0,8137.576772921184,30,1,2017-05-01
sarima_temp,2017-07-01,8694.0,8320.587649495452,30,2,2017-05-01
sarima_temp,2017-08-01,8130.0,7909.904658932255,30,3,2017-05-01
sarima_temp,2017-09-01,7446.0,7417.490580199929,30,4,2017-05-01
sarima_temp,2017-10-01,7282.0,7322.667772479004,30,5,2017-05-01
sarima_temp,2017-11-01,6830.0,6803.573923322553,30,6,2017-05-01
sarima_temp,2017-07-01,8694.0,8299.27878974951,31,1,2017-06-01
sarima_temp,2017-08-01,8130.0,7903.614219106989,31,2,2017-06-01
sarima_temp,2017-09-01,7446.0,7413.6685975949085,31,3,2017-06-01
sarima_temp,2017-10-01,7282.0,7318.6769916060475,31,4,2017-06-01
sarima_temp,2017-11-01,6830.0,6796.8862023961765,31,5,2017-06-01
sarima_temp,2017-12-01,6946.0,7031.9681976471775,31,6,2017-06-01
sarima_temp,2017-08-01,8130.0,7968.052274582366,32,1,2017-07-01
sarima_temp,2017-09-01,7446.0,7447.378151186816,32,2,2017-07-01
sarima_temp,2017-10-01,7282.0,7349.250534150256,32,3,2017-07-01
sarima_temp,2017-11-01,6830.0,6829.34600513582,32,4,2017-07-01
sarima_temp,2017-12-01,6946.0,7062.382377942757,32,5,2017-07-01
sarima_temp,2018-01-01,6886.0,7068.288237897768,32,6,2017-07-01
sarima_temp,2017-09-01,7446.0,7479.109035854447,33,1,2017-08-01
sarima_temp,2017-10-01,7282.0,7365.057681283431,33,2,2017-08-01
sarima_temp,2017-11-01,6830.0,6842.592651097741,33,3,2017-08-01
sarima_temp,2017-12-01,6946.0,7076.151332941759,33,4,2017-08-01
sarima_temp,2018-01-01,6886.0,7082.398357385042,33,5,2017-08-01
sarima_temp,2018-02-01,5960.0,6638.13699850974,33,6,2017-08-01
sarima_temp,2017-10-01,7282.0,7351.474276927032,34,1,2017-09-01
sarima_temp,2017-11-01,6830.0,6821.50719548352,34,2,2017-09-01
sarima_temp,2017-12-01,6946.0,7055.338686913595,34,3,2017-09-01
sarima_temp,2018-01-01,6886.0,7065.739632792081,34,4,2017-09-01
sarima_temp,2018-02-01,5960.0,6621.402221172273,34,5,2017-09-01
sarima_temp,2018-03-01,6930.0,7038.119219638928,34,6,2017-09-01
sarima_temp,2017-11-01,6830.0,6814.551544407457,35,1,2017-10-01
sarima_temp,2017-12-01,6946.0,7053.666433707998,35,2,2017-10-01
sarima_temp,2018-01-01,6886.0,7064.170669810166,35,3,2017-10-01
sarima_temp,2018-02-01,5960.0,6619.886282720704,35,4,2017-10-01
sarima_temp,2018-03-01,6930.0,7036.674383079296,35,5,2017-10-01
sarima_temp,2018-04-01,6769.0,7104.586766577253,35,6,2017-10-01
sarima_temp,2017-12-01,6946.0,7049.153519169951,36,1,2017-11-01
sarima_temp,2018-01-01,6886.0,7062.2615359532,36,2,2017-11-01
sarima_temp,2018-02-01,5960.0,6618.450272796816,36,3,2017-11-01
sarima_temp,2018-03-01,6930.0,7035.3760621469355,36,4,2017-11-01
sarima_temp,2018-04-01,6769.0,7103.257920859387,36,5,2017-11-01
sarima_temp,2018-05-01,7511.0,7953.227833181178,36,6,2017-11-01
sarima_temp,2018-01-01,6886.0,7039.1443304377135,37,1,2017-12-01
sarima_temp,2018-02-01,5960.0,6610.65454391526,37,2,2017-12-01
sarima_temp,2018-03-01,6930.0,7030.1478808379725,37,3,2017-12-01
sarima_temp,2018-04-01,6769.0,7098.421046054187,37,4,2017-12-01
sarima_temp,2018-05-01,7511.0,7948.503803133349,37,5,2017-12-01
sarima_temp,2018-06-01,8057.0,8264.248887044092,37,6,2017-12-01
sarima_temp,2018-02-01,5960.0,6581.258665403332,38,1,2018-01-01
sarima_temp,2018-03-01,6930.0,7018.265368612282,38,2,2018-01-01
sarima_temp,2018-04-01,6769.0,7088.929153967783,38,3,2018-01-01
sarima_temp,2018-05-01,7511.0,7939.398547352575,38,4,2018-01-01
sarima_temp,2018-06-01,8057.0,8255.376056194948,38,5,2018-01-01
sarima_temp,2018-07-01,8175.0,8487.044522033164,38,6,2018-01-01
sarima_temp,2018-03-01,6930.0,6863.358424136037,39,1,2018-02-01
sarima_temp,2018-04-01,6769.0,7013.08847030989,39,2,2018-02-01
sarima_temp,2018-05-01,7511.0,7874.912415345395,39,3,2018-02-01
sarima_temp,2018-06-01,8057.0,8192.569187079403,39,4,2018-02-01
sarima_temp,2018-07-01,8175.0,8424.468229461832,39,5,2018-02-01
sarima_temp,2018-08-01,8328.0,7993.500519551987,39,6,2018-02-01
sarima_temp,2018-04-01,6769.0,7040.440085151954,40,1,2018-03-01
sarima_temp,2018-05-01,7511.0,7890.708398097964,40,2,2018-03-01
sarima_temp,2018-06-01,8057.0,8206.650266847491,40,3,2018-03-01
sarima_temp,2018-07-01,8175.0,8438.283991008584,40,4,2018-03-01
sarima_temp,2018-08-01,8328.0,8007.261122814416,40,5,2018-03-01
sarima_temp,2018-09-01,7325.0,7490.959529876252,40,6,2018-03-01
sarima_temp,2018-05-01,7511.0,7807.104266240542,41,1,2018-04-01
sarima_temp,2018-06-01,8057.0,8144.2385257740525,41,2,2018-04-01
sarima_temp,2018-07-01,8175.0,8378.18112613729,41,3,2018-04-01
sarima_temp,2018-08-01,8328.0,7947.3443654334915,41,4,2018-04-01
sarima_temp,2018-09-01,7325.0,7431.078261023434,41,5,2018-04-01
sarima_temp,2018-10-01,7202.0,7327.770931648175,41,6,2018-04-01
sarima_temp,2018-06-01,8057.0,8040.183832913618,42,1,2018-05-01
sarima_temp,2018-07-01,8175.0,8285.5452677891,42,2,2018-05-01
sarima_temp,2018-08-01,8328.0,7855.251425970487,42,3,2018-05-01
sarima_temp,2018-09-01,7325.0,7338.969046567012,42,4,2018-05-01
sarima_temp,2018-10-01,7202.0,7236.032030097213,42,5,2018-05-01
sarima_temp,2018-11-01,7161.0,6726.9999078902165,42,6,2018-05-01
sarima_temp,2018-07-01,8175.0,8311.757732585982,43,1,2018-06-01
sarima_temp,2018-08-01,8328.0,7878.606559738112,43,2,2018-06-01
sarima_temp,2018-09-01,7325.0,7362.101362504627,43,3,2018-06-01
sarima_temp,2018-10-01,7202.0,7259.0999911996605,43,4,2018-06-01
sarima_temp,2018-11-01,7161.0,6749.527874096204,43,5,2018-06-01
sarima_temp,2018-12-01,7409.0,6971.962231780723,43,6,2018-06-01
sarima_temp,2018-08-01,8328.0,7839.758670765775,44,1,2018-07-01
sarima_temp,2018-09-01,7325.0,7327.423898366722,44,2,2018-07-01
sarima_temp,2018-10-01,7202.0,7224.833106934631,44,3,2018-07-01
sarima_temp,2018-11-01,7161.0,6716.293240319124,44,4,2018-07-01
sarima_temp,2018-12-01,7409.0,6939.218591445622,44,5,2018-07-01
sarima_temp,2019-01-01,7117.0,6931.059053314633,44,6,2018-07-01
sarima_temp,2018-09-01,7325.0,7549.639335202149,45,1,2018-08-01
sarima_temp,2018-10-01,7202.0,7399.206014260694,45,2,2018-08-01
sarima_temp,2018-11-01,7161.0,6876.848305387968,45,3,2018-08-01
sarima_temp,2018-12-01,7409.0,7097.402529780444,45,4,2018-08-01
sarima_temp,2019-01-01,7117.0,7093.318174179902,45,5,2018-08-01
sarima_temp,2019-02-01,6307.0,6596.496736405729,45,6,2018-08-01
sarima_temp,2018-10-01,7202.0,7300.647940381071,46,1,2018-09-01
sarima_temp,2018-11-01,7161.0,6797.320506685282,46,2,2018-09-01
sarima_temp,2018-12-01,7409.0,7019.034174492611,46,3,2018-09-01
sarima_temp,2019-01-01,7117.0,7011.418535693279,46,4,2018-09-01
sarima_temp,2019-02-01,6307.0,6514.604999934505,46,5,2018-09-01
sarima_temp,2019-03-01,7067.0,6991.190627490811,46,6,2018-09-01
sarima_temp,2018-11-01,7161.0,6833.258857502427,47,1,2018-10-01
sarima_temp,2018-12-01,7409.0,7079.961921427017,47,2,2018-10-01
sarima_temp,2019-01-01,7117.0,7078.772852104092,47,3,2018-10-01
sarima_temp,2019-02-01,6307.0,6582.706690912193,47,4,2018-10-01
sarima_temp,2019-03-01,7067.0,7059.81305091071,47,5,2018-10-01
sarima_temp,2019-04-01,7108.0,7102.844185661,47,6,2018-10-01
sarima_temp,2018-12-01,7409.0,7144.567823934245,48,1,2018-11-01
sarima_temp,2019-01-01,7117.0,7099.037433815449,48,2,2018-11-01
sarima_temp,2019-02-01,6307.0,6595.572926432495,48,3,2018-11-01
sarima_temp,2019-03-01,7067.0,7071.325028950502,48,4,2018-11-01
sarima_temp,2019-04-01,7108.0,7114.252899077822,48,5,2018-11-01
sarima_temp,2019-05-01,7776.0,7951.911434453041,48,6,2018-11-01
sarima_temp,2019-01-01,7117.0,7152.119729638298,49,1,2018-12-01
sarima_temp,2019-02-01,6307.0,6612.865214250634,49,2,2018-12-01
sarima_temp,2019-03-01,7067.0,7082.334566062855,49,3,2018-12-01
sarima_temp,2019-04-01,7108.0,7123.996485386882,49,4,2018-12-01
sarima_temp,2019-05-01,7776.0,7961.530625436486,49,5,2018-12-01
sarima_temp,2019-06-01,8274.0,8302.29558168314,49,6,2018-12-01
sarima_temp,2019-02-01,6307.0,6612.400169940277,50,1,2019-01-01
sarima_temp,2019-03-01,7067.0,7082.140384418658,50,2,2019-01-01
sarima_temp,2019-04-01,7108.0,7123.809873903044,50,3,2019-01-01
sarima_temp,2019-05-01,7776.0,7961.414080688888,50,4,2019-01-01
sarima_temp,2019-06-01,8274.0,8302.183615897764,50,5,2019-01-01
sarima_temp,2019-07-01,8919.0,8521.72535367615,50,6,2019-01-01
sarima_temp,2019-03-01,7067.0,7001.800823814276,51,1,2019-02-01
sarima_temp,2019-04-01,7108.0,7079.583458337405,51,2,2019-02-01
sarima_temp,2019-05-01,7776.0,7922.3414850272065,51,3,2019-02-01
sarima_temp,2019-06-01,8274.0,8264.059429188694,51,4,2019-02-01
sarima_temp,2019-07-01,8919.0,8483.691640023357,51,5,2019-02-01
sarima_temp,2019-08-01,8180.0,8116.585952611883,51,6,2019-02-01
sarima_temp,2019-04-01,7108.0,7111.524590727372,52,1,2019-03-01
sarima_temp,2019-05-01,7776.0,7949.576940784221,52,2,2019-03-01
sarima_temp,2019-06-01,8274.0,8290.45869167693,52,3,2019-03-01
sarima_temp,2019-07-01,8919.0,8510.027267847445,52,4,2019-03-01
sarima_temp,2019-08-01,8180.0,8142.941501612325,52,5,2019-03-01
sarima_temp,2019-09-01,7664.0,7573.333523805881,52,6,2019-03-01
sarima_temp,2019-05-01,7776.0,7956.2464650955035,53,1,2019-04-01
sarima_temp,2019-06-01,8274.0,8292.40206436473,53,2,2019-04-01
sarima_temp,2019-07-01,8919.0,8511.17594939438,53,3,2019-04-01
sarima_temp,2019-08-01,8180.0,8143.926336386032,53,4,2019-04-01
sarima_temp,2019-09-01,7664.0,7574.271667056321,53,5,2019-04-01
sarima_temp,2019-10-01,7254.0,7468.45619624617,53,6,2019-04-01
sarima_temp,2019-06-01,8274.0,8257.027378293631,54,1,2019-05-01
sarima_temp,2019-07-01,8919.0,8485.729727607852,54,2,2019-05-01
sarima_temp,2019-08-01,8180.0,8119.826306619127,54,3,2019-05-01
sarima_temp,2019-09-01,7664.0,7550.32956468361,54,4,2019-05-01
sarima_temp,2019-10-01,7254.0,7444.850156074726,54,5,2019-05-01
sarima_temp,2019-11-01,6785.0,6984.454740757984,54,6,2019-05-01
sarima_temp,2019-07-01,8919.0,8500.595404187348,55,1,2019-06-01
sarima_temp,2019-08-01,8180.0,8127.112635727954,55,2,2019-06-01
sarima_temp,2019-09-01,7664.0,7556.526508373205,55,3,2019-06-01
sarima_temp,2019-10-01,7254.0,7450.910887923148,55,4,2019-06-01
sarima_temp,2019-11-01,6785.0,6990.433885547662,55,5,2019-06-01
sarima_temp,2019-12-01,6987.0,7216.199386445502,55,6,2019-06-01
sarima_temp,2019-08-01,8180.0,8217.711818678072,56,1,2019-07-01
sarima_temp,2019-09-01,7664.0,7597.417213413094,56,2,2019-07-01
sarima_temp,2019-10-01,7254.0,7482.988419060351,56,3,2019-07-01
sarima_temp,2019-11-01,6785.0,7020.025525110605,56,4,2019-07-01
sarima_temp,2019-12-01,6987.0,7245.323174702679,56,5,2019-07-01
sarima_temp,2020-01-01,7194.0,7209.106881992908,56,6,2019-07-01
sarima_temp,2019-09-01,7664.0,7588.136721018432,57,1,2019-08-01
sarima_temp,2019-10-01,7254.0,7480.1751966870215,57,2,2019-08-01
sarima_temp,2019-11-01,6785.0,7018.424468143834,57,3,2019-08-01
sarima_temp,2019-12-01,6987.0,7244.103972382365,57,4,2019-08-01
sarima_temp,2020-01-01,7194.0,7207.409089285247,57,5,2019-08-01
sarima_temp,2020-02-01,6848.0,6679.375271338194,57,6,2019-08-01
sarima_temp,2019-10-01,7254.0,7499.89989175604,58,1,2019-09-01
sarima_temp,2019-11-01,6785.0,7024.053603636274,58,2,2019-09-01
sarima_temp,2019-12-01,6987.0,7247.708017546953,58,3,2019-09-01
sarima_temp,2020-01-01,7194.0,7210.452680318748,58,4,2019-09-01
sarima_temp,2020-02-01,6848.0,6682.312405023955,58,5,2019-09-01
sarima_temp,2020-03-01,7324.0,7187.345366694859,58,6,2019-09-01
sarima_temp,2019-11-01,6785.0,6988.383008836283,59,1,2019-10-01
sarima_temp,2019-12-01,6987.0,7237.7617849357885,59,2,2019-10-01
sarima_temp,2020-01-01,7194.0,7204.47267755764,59,3,2019-10-01
sarima_temp,2020-02-01,6848.0,6676.998718654332,59,4,2019-10-01
sarima_temp,2020-03-01,7324.0,7182.159274274323,59,5,2019-10-01
sarima_temp,2020-04-01,5978.0,7224.860073459133,59,6,2019-10-01
sarima_temp,2019-12-01,6987.0,7201.668994690147,60,1,2019-11-01
sarima_temp,2020-01-01,7194.0,7193.470891701312,60,2,2019-11-01
sarima_temp,2020-02-01,6848.0,6670.272261522929,60,3,2019-11-01
sarima_temp,2020-03-01,7324.0,7176.225559290223,60,4,2019-11-01
sarima_temp,2020-04-01,5978.0,7218.996906505247,60,5,2019-11-01
sarima_temp,2020-05-01,7062.0,8040.41816053124,60,6,2019-11-01
sarima_temp,2020-01-01,7194.0,7140.017184065222,61,1,2019-12-01
sarima_temp,2020-02-01,6848.0,6646.541015059007,61,2,2019-12-01
sarima_temp,2020-03-01,7324.0,7157.457136613431,61,3,2019-12-01
sarima_temp,2020-04-01,5978.0,7201.048549905845,61,4,2019-12-01
sarima_temp,2020-05-01,7062.0,8022.614439280149,61,5,2019-12-01
sarima_temp,2020-06-01,6948.0,8379.148792455813,61,6,2019-12-01
sarima_temp,2020-02-01,6848.0,6660.200306930871,62,1,2020-01-01
sarima_temp,2020-03-01,7324.0,7168.61593707568,62,2,2020-01-01
sarima_temp,2020-04-01,5978.0,7211.738671162157,62,3,2020-01-01
sarima_temp,2020-05-01,7062.0,8033.262380636264,62,4,2020-01-01
sarima_temp,2020-06-01,6948.0,8389.746963173566,62,5,2020-01-01
sarima_temp,2020-07-01,7392.0,8651.568016232432,62,6,2020-01-01
sarima_temp,2020-03-01,7324.0,7196.916925038921,63,1,2020-02-01
sarima_temp,2020-04-01,5978.0,7220.922925599291,63,2,2020-02-01
sarima_temp,2020-05-01,7062.0,8039.178856948564,63,3,2020-02-01
sarima_temp,2020-06-01,6948.0,8395.091986187294,63,4,2020-02-01
sarima_temp,2020-07-01,7392.0,8656.827287821858,63,5,2020-02-01
sarima_temp,2020-08-01,7678.0,8252.856362823924,63,6,2020-02-01
sarima_temp,2020-04-01,5978.0,7234.001314417,64,1,2020-03-01
sarima_temp,2020-05-01,7062.0,8043.384895703557,64,2,2020-03-01
sarima_temp,2020-06-01,6948.0,8397.726649252734,64,3,2020-03-01
sarima_temp,2020-07-01,7392.0,8659.205475351257,64,4,2020-03-01
sarima_temp,2020-08-01,7678.0,8255.16627896757,64,5,2020-03-01
sarima_temp,2020-09-01,7005.0,7690.295018744658,64,6,2020-03-01
sarima_temp,2020-05-01,7062.0,7796.039003712418,65,1,2020-04-01
sarima_temp,2020-06-01,6948.0,8320.150280011845,65,2,2020-04-01
sarima_temp,2020-07-01,7392.0,8608.96205159936,65,3,2020-04-01
sarima_temp,2020-08-01,7678.0,8209.983933408528,65,4,2020-04-01
sarima_temp,2020-09-01,7005.0,7646.705582669136,65,5,2020-04-01
sarima_temp,2020-10-01,7385.0,7510.41931613434,65,6,2020-04-01
sarima_temp,2020-06-01,6948.0,8088.150539504497,66,1,2020-05-01
sarima_temp,2020-07-01,7392.0,8526.305014516744,66,2,2020-05-01
sarima_temp,2020-08-01,7678.0,8168.699143989927,66,3,2020-05-01
sarima_temp,2020-09-01,7005.0,7616.486857551479,66,4,2020-05-01
sarima_temp,2020-10-01,7385.0,7482.358273994,66,5,2020-05-01
sarima_temp,2020-11-01,6872.0,7017.829728019138,66,6,2020-05-01
sarima_temp,2020-07-01,7392.0,7713.9153589174175,67,1,2020-06-01
sarima_temp,2020-08-01,7678.0,7330.246680114833,67,2,2020-06-01
sarima_temp,2020-09-01,7005.0,6766.842229155054,67,3,2020-06-01
sarima_temp,2020-10-01,7385.0,6631.8322607623,67,4,2020-06-01
sarima_temp,2020-11-01,6872.0,6174.097891890144,67,5,2020-06-01
sarima_temp,2020-12-01,6781.0,6397.968228866492,67,6,2020-06-01
sarima_temp,2020-08-01,7678.0,7156.038501462171,68,1,2020-07-01
sarima_temp,2020-09-01,7005.0,6591.562244921901,68,2,2020-07-01
sarima_temp,2020-10-01,7385.0,6456.721900818796,68,3,2020-07-01
sarima_temp,2020-11-01,6872.0,6000.602483625479,68,4,2020-07-01
sarima_temp,2020-12-01,6781.0,6225.775002202157,68,5,2020-07-01
sarima_temp,2021-01-01,6917.0,6222.435778273026,68,6,2020-07-01
sarima_temp,2020-09-01,7005.0,6882.456090243845,69,1,2020-08-01
sarima_temp,2020-10-01,7385.0,6725.928651881981,69,2,2020-08-01
sarima_temp,2020-11-01,6872.0,6264.189628264187,69,3,2020-08-01
sarima_temp,2020-12-01,6781.0,6487.112727752152,69,4,2020-08-01
sarima_temp,2021-01-01,6917.0,6484.323208887112,69,5,2020-08-01
sarima_temp,2021-02-01,6217.0,5973.078697252657,69,6,2020-08-01
sarima_temp,2020-10-01,7385.0,6846.398433182092,70,1,2020-09-01
sarima_temp,2020-11-01,6872.0,6366.425146781782,70,2,2020-09-01
sarima_temp,2020-12-01,6781.0,6586.926573905994,70,3,2020-09-01
sarima_temp,2021-01-01,6917.0,6582.8253673776835,70,4,2020-09-01
sarima_temp,2021-02-01,6217.0,6071.44646666138,70,5,2020-09-01
sarima_temp,2021-03-01,7569.0,6573.197635815882,70,6,2020-09-01
sarima_temp,2020-11-01,6872.0,6696.193003934946,71,1,2020-10-01
sarima_temp,2020-12-01,6781.0,6846.513153275088,71,2,2020-10-01
sarima_temp,2021-01-01,6917.0,6821.796326544092,71,3,2020-10-01
sarima_temp,2021-02-01,6217.0,6304.604139815053,71,4,2020-10-01
sarima_temp,2021-03-01,7569.0,6805.111777815373,71,5,2020-10-01
sarima_temp,2021-04-01,6917.0,6721.8532497659035,71,6,2020-10-01
sarima_temp,2020-12-01,6781.0,6925.093565335578,72,1,2020-11-01
sarima_temp,2021-01-01,6917.0,6880.050664622334,72,2,2020-11-01
sarima_temp,2021-02-01,6217.0,6356.0673339775985,72,3,2020-11-01
sarima_temp,2021-03-01,7569.0,6854.440887991917,72,4,2020-11-01
sarima_temp,2021-04-01,6917.0,6770.315134971325,72,5,2020-11-01
sarima_temp,2021-05-01,8253.0,7613.9075909646945,72,6,2020-11-01
sarima_temp,2021-01-01,6917.0,6803.27304597281,73,1,2020-12-01
sarima_temp,2021-02-01,6217.0,6303.029298650839,73,2,2020-12-01
sarima_temp,2021-03-01,7569.0,6808.611133309249,73,3,2020-12-01
sarima_temp,2021-04-01,6917.0,6726.705476305897,73,4,2020-12-01
sarima_temp,2021-05-01,8253.0,7571.025412825519,73,5,2020-12-01
sarima_temp,2021-06-01,8153.0,7884.365719237422,73,6,2020-12-01
sarima_temp,2021-02-01,6217.0,6375.626813316934,74,1,2021-01-01
sarima_temp,2021-03-01,7569.0,6856.672176699326,74,2,2021-01-01
sarima_temp,2021-04-01,6917.0,6767.162805238884,74,3,2021-01-01
sarima_temp,2021-05-01,8253.0,7609.215847738505,74,4,2021-01-01
sarima_temp,2021-06-01,8153.0,7921.824769521052,74,5,2021-01-01
sarima_temp,2021-07-01,9251.0,8199.767456401822,74,6,2021-01-01
sarima_temp,2021-03-01,7569.0,6763.590017400063,75,1,2021-02-01
sarima_temp,2021-04-01,6917.0,6707.111004496797,75,2,2021-02-01
sarima_temp,2021-05-01,8253.0,7558.785403812254,75,3,2021-02-01
sarima_temp,2021-06-01,8153.0,7874.291757007553,75,4,2021-02-01
sarima_temp,2021-07-01,9251.0,8153.049976654466,75,5,2021-02-01
sarima_temp,2021-08-01,8830.0,7811.7992787348585,75,6,2021-02-01
sarima_temp,2021-04-01,6917.0,7055.193501180148,76,1,2021-03-01
sarima_temp,2021-05-01,8253.0,7762.416031051964,76,2,2021-03-01
sarima_temp,2021-06-01,8153.0,8029.657870539843,76,3,2021-03-01
sarima_temp,2021-07-01,9251.0,8303.274011258558,76,4,2021-03-01
sarima_temp,2021-08-01,8830.0,7972.723811226638,76,5,2021-03-01
sarima_temp,2021-09-01,7512.0,7387.974565545124,76,6,2021-03-01
sarima_temp,2021-05-01,8253.0,7673.058037227656,77,1,2021-04-01
sarima_temp,2021-06-01,8153.0,7968.048030674599,77,2,2021-04-01
sarima_temp,2021-07-01,9251.0,8257.869968161383,77,3,2021-04-01
sarima_temp,2021-08-01,8830.0,7940.409146032893,77,4,2021-04-01
sarima_temp,2021-09-01,7512.0,7351.643769343784,77,5,2021-04-01
sarima_temp,2021-10-01,7656.0,7272.559643271047,77,6,2021-04-01
sarima_temp,2021-06-01,8153.0,8226.987211415286,78,1,2021-05-01
sarima_temp,2021-07-01,9251.0,8405.800429910789,78,2,2021-05-01
sarima_temp,2021-08-01,8830.0,8039.42713773233,78,3,2021-05-01
sarima_temp,2021-09-01,7512.0,7448.246450802152,78,4,2021-05-01
sarima_temp,2021-10-01,7656.0,7357.633560855278,78,5,2021-05-01
sarima_temp,2021-11-01,7603.0,6886.939710467802,78,6,2021-05-01
sarima_temp,2021-07-01,9251.0,8461.496538472446,79,1,2021-06-01
sarima_temp,2021-08-01,8830.0,8149.569000500682,79,2,2021-06-01
sarima_temp,2021-09-01,7512.0,7561.62392583801,79,3,2021-06-01
sarima_temp,2021-10-01,7656.0,7482.17723682302,79,4,2021-06-01
sarima_temp,2021-11-01,7603.0,7014.613366637827,79,5,2021-06-01
sarima_temp,2021-12-01,8237.0,7199.4132179890685,79,6,2021-06-01
sarima_temp,2021-08-01,8830.0,8421.011956554748,80,1,2021-07-01
sarima_temp,2021-09-01,7512.0,7829.170019028111,80,2,2021-07-01
sarima_temp,2021-10-01,7656.0,7745.294749615009,80,3,2021-07-01
sarima_temp,2021-11-01,7603.0,7282.845022691799,80,4,2021-07-01
sarima_temp,2021-12-01,8237.0,7471.185143125188,80,5,2021-07-01
sarima_temp,2022-01-01,9582.0,7487.175152557974,80,6,2021-07-01
sarima_temp,2021-09-01,7512.0,7845.078281440374,81,1,2021-08-01
sarima_temp,2021-10-01,7656.0,7597.93921246607,81,2,2021-08-01
sarima_temp,2021-11-01,7603.0,7061.937010046108,81,3,2021-08-01
sarima_temp,2021-12-01,8237.0,7217.040152151203,81,4,2021-08-01
sarima_temp,2022-01-01,9582.0,7223.949874156712,81,5,2021-08-01
sarima_temp,2022-02-01,7227.0,6651.04375609342,81,6,2021-08-01
sarima_temp,2021-10-01,7656.0,7460.40690750607,82,1,2021-09-01
sarima_temp,2021-11-01,7603.0,6990.846851034634,82,2,2021-09-01
sarima_temp,2021-12-01,8237.0,7171.43409698287,82,3,2021-09-01
sarima_temp,2022-01-01,9582.0,7188.847180616011,82,4,2021-09-01
sarima_temp,2022-02-01,7227.0,6618.820025257557,82,5,2021-09-01
sarima_temp,2022-03-01,7504.0,7281.067590558045,82,6,2021-09-01
sarima_temp,2021-11-01,7603.0,7054.775217075081,83,1,2021-10-01
sarima_temp,2021-12-01,8237.0,7204.746354813166,83,2,2021-10-01
sarima_temp,2022-01-01,9582.0,7210.8166308300615,83,3,2021-10-01
sarima_temp,2022-02-01,7227.0,6636.1179235547315,83,4,2021-10-01
sarima_temp,2022-03-01,7504.0,7296.685825763351,83,5,2021-10-01
sarima_temp,2022-04-01,7589.0,7066.276104618428,83,6,2021-10-01
sarima_temp,2021-12-01,8237.0,7555.3100529927,84,1,2021-11-01
sarima_temp,2022-01-01,9582.0,7556.613784088645,84,2,2021-11-01
sarima_temp,2022-02-01,7227.0,6990.104168218972,84,3,2021-11-01
sarima_temp,2022-03-01,7504.0,7639.021838711943,84,4,2021-11-01
sarima_temp,2022-04-01,7589.0,7424.982034988286,84,5,2021-11-01
sarima_temp,2022-05-01,8846.0,8335.44272269011,84,6,2021-11-01
sarima_temp,2022-01-01,9582.0,7818.078218830378,85,1,2021-12-01
sarima_temp,2022-02-01,7227.0,7216.7278206491055,85,2,2021-12-01
sarima_temp,2022-03-01,7504.0,7867.485267572407,85,3,2021-12-01
sarima_temp,2022-04-01,7589.0,7648.080025723346,85,4,2021-12-01
sarima_temp,2022-05-01,8846.0,8560.218864645389,85,5,2021-12-01
sarima_temp,2022-06-01,9057.0,8821.248207039083,85,6,2021-12-01
sarima_temp,2022-02-01,7227.0,8128.486696003143,86,1,2022-01-01
sarima_temp,2022-03-01,7504.0,8747.173298310587,86,2,2022-01-01
sarima_temp,2022-04-01,7589.0,8416.821552527505,86,3,2022-01-01
sarima_temp,2022-05-01,8846.0,9357.579186534475,86,4,2022-01-01
sarima_temp,2022-06-01,9057.0,9589.632773565198,86,5,2022-01-01
sarima_temp,2022-07-01,8699.0,10044.64092995281,86,6,2022-01-01
sarima_temp,2022-03-01,7504.0,8284.79369241364,87,1,2022-02-01
sarima_temp,2022-04-01,7589.0,7952.9877261086385,87,2,2022-02-01
sarima_temp,2022-05-01,8846.0,8917.135044113136,87,3,2022-02-01
sarima_temp,2022-06-01,9057.0,9141.058599481967,87,4,2022-02-01
sarima_temp,2022-07-01,8699.0,9615.902226415135,87,5,2022-02-01
sarima_temp,2022-08-01,8834.0,9336.273098465079,87,6,2022-02-01
sarima_temp,2022-04-01,7589.0,7129.813324825366,88,1,2022-03-01
sarima_temp,2022-05-01,8846.0,8075.732670485963,88,2,2022-03-01
sarima_temp,2022-06-01,9057.0,8285.917512673239,88,3,2022-03-01
sarima_temp,2022-07-01,8699.0,8764.849588979936,88,4,2022-03-01
sarima_temp,2022-08-01,8834.0,8482.881493441586,88,5,2022-03-01
sarima_temp,2022-09-01,8228.0,7714.893709636404,88,6,2022-03-01
sarima_temp,2022-05-01,8846.0,8600.474291891567,89,1,2022-04-01
sarima_temp,2022-06-01,9057.0,8852.149166879777,89,2,2022-04-01
sarima_temp,2022-07-01,8699.0,9300.314573445006,89,3,2022-04-01
sarima_temp,2022-08-01,8834.0,9007.79492779562,89,4,2022-04-01
sarima_temp,2022-09-01,8228.0,8275.25275315209,89,5,2022-04-01
sarima_temp,2022-10-01,8388.0,8240.785567849001,89,6,2022-04-01
sarima_temp,2022-06-01,9057.0,8943.137070864948,90,1,2022-05-01
sarima_temp,2022-07-01,8699.0,9368.275109589247,90,2,2022-05-01
sarima_temp,2022-08-01,8834.0,9071.676865276913,90,3,2022-05-01
sarima_temp,2022-09-01,8228.0,8338.898311022005,90,4,2022-05-01
sarima_temp,2022-10-01,8388.0,8303.774202177092,90,5,2022-05-01
sarima_temp,2022-11-01,7588.0,7919.204909901409,90,6,2022-05-01
sarima_temp,2022-07-01,8699.0,9406.972637586674,91,1,2022-06-01
sarima_temp,2022-08-01,8834.0,9098.908874202083,91,2,2022-06-01
sarima_temp,2022-09-01,8228.0,8367.413638502403,91,3,2022-06-01
sarima_temp,2022-10-01,8388.0,8330.62759366922,91,4,2022-06-01
sarima_temp,2022-11-01,7588.0,7944.291522509425,91,5,2022-06-01
sarima_temp,2022-12-01,7850.0,8192.5916888176,91,6,2022-06-01
sarima_temp,2022-08-01,8834.0,8485.526520533922,92,1,2022-07-01
sarima_temp,2022-09-01,8228.0,7769.803732014731,92,2,2022-07-01
sarima_temp,2022-10-01,8388.0,7731.899804241532,92,3,2022-07-01
sarima_temp,2022-11-01,7588.0,7340.221079160496,92,4,2022-07-01
sarima_temp,2022-12-01,7850.0,7588.196244757151,92,5,2022-07-01
sarima_temp,2023-01-01,7563.0,7858.612109643642,92,6,2022-07-01
sarima_temp,2022-09-01,8228.0,8154.2008858557265,93,1,2022-08-01
sarima_temp,2022-10-01,8388.0,8125.102828385465,93,2,2022-08-01
sarima_temp,2022-11-01,7588.0,7733.153021095818,93,3,2022-08-01
sarima_temp,2022-12-01,7850.0,7977.0548066084375,93,4,2022-08-01
sarima_temp,2023-01-01,7563.0,8233.815292889076,93,5,2022-08-01
sarima_temp,2023-02-01,6551.0,7344.8533566181495,93,6,2022-08-01
sarima_temp,2022-10-01,8388.0,8092.9851920429355,94,1,2022-09-01
sarima_temp,2022-11-01,7588.0,7709.276123144265,94,2,2022-09-01
sarima_temp,2022-12-01,7850.0,7955.304750105091,94,3,2022-09-01
sarima_temp,2023-01-01,7563.0,8209.069602244908,94,4,2022-09-01
sarima_temp,2023-02-01,6551.0,7324.698853696434,94,5,2022-09-01
sarima_temp,2023-03-01,7507.0,7964.804782185491,94,6,2022-09-01
sarima_temp,2022-11-01,7588.0,7846.986207096769,95,1,2022-10-01
sarima_temp,2022-12-01,7850.0,8058.927042894668,95,2,2022-10-01
sarima_temp,2023-01-01,7563.0,8306.149975681288,95,3,2022-10-01
sarima_temp,2023-02-01,6551.0,7418.308958210655,95,4,2022-10-01
sarima_temp,2023-03-01,7507.0,8057.983981726306,95,5,2022-10-01
sarima_temp,2023-04-01,7745.0,7836.007290095921,95,6,2022-10-01
sarima_temp,2022-12-01,7850.0,7899.7934065388035,96,1,2022-11-01
sarima_temp,2023-01-01,7563.0,8168.573866856898,96,2,2022-11-01
sarima_temp,2023-02-01,6551.0,7316.174435441002,96,3,2022-11-01
sarima_temp,2023-03-01,7507.0,7947.4151066055165,96,4,2022-11-01
sarima_temp,2023-04-01,7745.0,7738.469651699556,96,5,2022-11-01
sarima_temp,2023-05-01,8600.0,8710.808612180317,96,6,2022-11-01
sarima_temp,2023-01-01,7563.0,8120.178829158672,97,1,2022-12-01
sarima_temp,2023-02-01,6551.0,7287.319110198083,97,2,2022-12-01
sarima_temp,2023-03-01,7507.0,7917.242830618777,97,3,2022-12-01
sarima_temp,2023-04-01,7745.0,7713.036869581149,97,4,2022-12-01
sarima_temp,2023-05-01,8600.0,8682.507054119707,97,5,2022-12-01
sarima_temp,2023-06-01,9151.0,8930.833924686787,97,6,2022-12-01
sarima_temp,2023-02-01,6551.0,7139.8756963645055,98,1,2023-01-01
sarima_temp,2023-03-01,7507.0,7741.195595583329,98,2,2023-01-01
sarima_temp,2023-04-01,7745.0,7638.764330635777,98,3,2023-01-01
sarima_temp,2023-05-01,8600.0,8552.449391011874,98,4,2023-01-01
sarima_temp,2023-06-01,9151.0,8827.160728124993,98,5,2023-01-01
sarima_temp,2023-07-01,9183.0,9118.969328205516,98,6,2023-01-01
sarima_temp,2023-03-01,7507.0,7485.553786253904,99,1,2023-02-01
sarima_temp,2023-04-01,7745.0,7363.13300579915,99,2,2023-02-01
sarima_temp,2023-05-01,8600.0,8337.782657269065,99,3,2023-02-01
sarima_temp,2023-06-01,9151.0,8593.080805229669,99,4,2023-02-01
sarima_temp,2023-07-01,9183.0,8894.427417382358,99,5,2023-02-01
sarima_temp,2023-08-01,8297.0,8635.23440125068,99,6,2023-02-01
sarima_temp,2023-04-01,7745.0,7379.9025187478155,100,1,2023-03-01
sarima_temp,2023-05-01,8600.0,8350.40799184115,100,2,2023-03-01
sarima_temp,2023-06-01,9151.0,8605.306318576228,100,3,2023-03-01
sarima_temp,2023-07-01,9183.0,8906.437457731268,100,4,2023-03-01
sarima_temp,2023-08-01,8297.0,8646.474920189872,100,5,2023-03-01
sarima_temp,2023-09-01,7823.0,7962.283056435047,100,6,2023-03-01
sarima_temp,2023-05-01,8600.0,8511.827274305184,101,1,2023-04-01
sarima_temp,2023-06-01,9151.0,8734.538420297768,101,2,2023-04-01
sarima_temp,2023-07-01,9183.0,9026.122500177122,101,3,2023-04-01
sarima_temp,2023-08-01,8297.0,8753.082565101495,101,4,2023-04-01
sarima_temp,2023-09-01,7823.0,8079.674291594807,101,5,2023-04-01
sarima_temp,2023-10-01,7507.0,8057.098137754889,101,6,2023-04-01
sarima_temp,2023-06-01,9151.0,8739.3138978473,102,1,2023-05-01
sarima_temp,2023-07-01,9183.0,8978.413488842256,102,2,2023-05-01
sarima_temp,2023-08-01,8297.0,8693.593375554172,102,3,2023-05-01
sarima_temp,2023-09-01,7823.0,7985.773812768074,102,4,2023-05-01
sarima_temp,2023-10-01,7507.0,7968.326240680446,102,5,2023-05-01
sarima_temp,2023-11-01,8107.0,7493.8857763099,102,6,2023-05-01
sarima_temp,2023-07-01,9183.0,9225.631354675075,103,1,2023-06-01
sarima_temp,2023-08-01,8297.0,8900.067653695456,103,2,2023-06-01
sarima_temp,2023-09-01,7823.0,8218.177292476521,103,3,2023-06-01
sarima_temp,2023-10-01,7507.0,8189.677670604489,103,4,2023-06-01
sarima_temp,2023-11-01,8107.0,7723.397072088135,103,5,2023-06-01
sarima_temp,2023-12-01,7504.0,7963.138755579815,103,6,2023-06-01
xgboost_temp,2015-01-01,7184.0,6182.15087890625,1,1,2014-12-01
xgboost_temp,2015-02-01,5958.0,6445.49755859375,1,2,2014-12-01
xgboost_temp,2015-03-01,6658.0,6220.943359375,1,3,2014-12-01
xgboost_temp,2015-04-01,7069.0,6215.56884765625,1,4,2014-12-01
xgboost_temp,2015-05-01,8099.0,7443.0771484375,1,5,2014-12-01
xgboost_temp,2015-06-01,7868.0,7418.49609375,1,6,2014-12-01
xgboost_temp,2015-02-01,5958.0,6396.9443359375,2,1,2015-01-01
xgboost_temp,2015-03-01,6658.0,6449.43701171875,2,2,2015-01-01
xgboost_temp,2015-04-01,7069.0,6306.92822265625,2,3,2015-01-01
xgboost_temp,2015-05-01,8099.0,7370.75244140625,2,4,2015-01-01
xgboost_temp,2015-06-01,7868.0,7444.8818359375,2,5,2015-01-01
xgboost_temp,2015-07-01,7986.0,7855.7841796875,2,6,2015-01-01
xgboost_temp,2015-03-01,6658.0,6571.56103515625,3,1,2015-02-01
xgboost_temp,2015-04-01,7069.0,6375.64453125,3,2,2015-02-01
xgboost_temp,2015-05-01,8099.0,7231.86328125,3,3,2015-02-01
xgboost_temp,2015-06-01,7868.0,7407.03076171875,3,4,2015-02-01
xgboost_temp,2015-07-01,7986.0,7943.64111328125,3,5,2015-02-01
xgboost_temp,2015-08-01,7251.0,7878.36572265625,3,6,2015-02-01
xgboost_temp,2015-04-01,7069.0,6340.9560546875,4,1,2015-03-01
xgboost_temp,2015-05-01,8099.0,7237.4072265625,4,2,2015-03-01
xgboost_temp,2015-06-01,7868.0,7397.20361328125,4,3,2015-03-01
xgboost_temp,2015-07-01,7986.0,7942.8740234375,4,4,2015-03-01
xgboost_temp,2015-08-01,7251.0,7866.8232421875,4,5,2015-03-01
xgboost_temp,2015-09-01,7163.0,7022.29296875,4,6,2015-03-01
xgboost_temp,2015-05-01,8099.0,7173.5224609375,5,1,2015-04-01
xgboost_temp,2015-06-01,7868.0,7426.525390625,5,2,2015-04-01
xgboost_temp,2015-07-01,7986.0,7876.5556640625,5,3,2015-04-01
xgboost_temp,2015-08-01,7251.0,7792.67529296875,5,4,2015-04-01
xgboost_temp,2015-09-01,7163.0,6909.05615234375,5,5,2015-04-01
xgboost_temp,2015-10-01,6690.0,7032.15966796875,5,6,2015-04-01
xgboost_temp,2015-06-01,7868.0,7801.42431640625,6,1,2015-05-01
xgboost_temp,2015-07-01,7986.0,7511.2099609375,6,2,2015-05-01
xgboost_temp,2015-08-01,7251.0,7763.212890625,6,3,2015-05-01
xgboost_temp,2015-09-01,7163.0,6818.86767578125,6,4,2015-05-01
xgboost_temp,2015-10-01,6690.0,7332.98046875,6,5,2015-05-01
xgboost_temp,2015-11-01,6392.0,6361.1875,6,6,2015-05-01
xgboost_temp,2015-07-01,7986.0,7517.7587890625,7,1,2015-06-01
xgboost_temp,2015-08-01,7251.0,7661.84912109375,7,2,2015-06-01
xgboost_temp,2015-09-01,7163.0,6806.82568359375,7,3,2015-06-01
xgboost_temp,2015-10-01,6690.0,7347.21142578125,7,4,2015-06-01
xgboost_temp,2015-11-01,6392.0,6320.6201171875,7,5,2015-06-01
xgboost_temp,2015-12-01,6753.0,6736.42041015625,7,6,2015-06-01
xgboost_temp,2015-08-01,7251.0,7676.27978515625,8,1,2015-07-01
xgboost_temp,2015-09-01,7163.0,6838.595703125,8,2,2015-07-01
xgboost_temp,2015-10-01,6690.0,7465.376953125,8,3,2015-07-01
xgboost_temp,2015-11-01,6392.0,6299.333984375,8,4,2015-07-01
xgboost_temp,2015-12-01,6753.0,6708.76220703125,8,5,2015-07-01
xgboost_temp,2016-01-01,6753.0,7009.3505859375,8,6,2015-07-01
xgboost_temp,2015-09-01,7163.0,6961.96337890625,9,1,2015-08-01
xgboost_temp,2015-10-01,6690.0,7249.36083984375,9,2,2015-08-01
xgboost_temp,2015-11-01,6392.0,6383.11669921875,9,3,2015-08-01
xgboost_temp,2015-12-01,6753.0,6777.29638671875,9,4,2015-08-01
xgboost_temp,2016-01-01,6753.0,7024.82763671875,9,5,2015-08-01
xgboost_temp,2016-02-01,6385.0,6243.06396484375,9,6,2015-08-01
xgboost_temp,2015-10-01,6690.0,7287.923828125,10,1,2015-09-01
xgboost_temp,2015-11-01,6392.0,6434.4384765625,10,2,2015-09-01
xgboost_temp,2015-12-01,6753.0,6884.1484375,10,3,2015-09-01
xgboost_temp,2016-01-01,6753.0,7161.392578125,10,4,2015-09-01
xgboost_temp,2016-02-01,6385.0,6291.08154296875,10,5,2015-09-01
xgboost_temp,2016-03-01,7164.0,6660.9150390625,10,6,2015-09-01
xgboost_temp,2015-11-01,6392.0,6492.74609375,11,1,2015-10-01
xgboost_temp,2015-12-01,6753.0,6777.3046875,11,2,2015-10-01
xgboost_temp,2016-01-01,6753.0,7108.0771484375,11,3,2015-10-01
xgboost_temp,2016-02-01,6385.0,6224.80224609375,11,4,2015-10-01
xgboost_temp,2016-03-01,7164.0,6603.28857421875,11,5,2015-10-01
xgboost_temp,2016-04-01,7192.0,7099.25048828125,11,6,2015-10-01
xgboost_temp,2015-12-01,6753.0,6785.291015625,12,1,2015-11-01
xgboost_temp,2016-01-01,6753.0,7117.4013671875,12,2,2015-11-01
xgboost_temp,2016-02-01,6385.0,6287.05078125,12,3,2015-11-01
xgboost_temp,2016-03-01,7164.0,6695.37548828125,12,4,2015-11-01
xgboost_temp,2016-04-01,7192.0,7112.08447265625,12,5,2015-11-01
xgboost_temp,2016-05-01,7743.0,7592.97998046875,12,6,2015-11-01
xgboost_temp,2016-01-01,6753.0,7137.265625,13,1,2015-12-01
xgboost_temp,2016-02-01,6385.0,6234.076171875,13,2,2015-12-01
xgboost_temp,2016-03-01,7164.0,6571.45068359375,13,3,2015-12-01
xgboost_temp,2016-04-01,7192.0,7053.7490234375,13,4,2015-12-01
xgboost_temp,2016-05-01,7743.0,7502.7490234375,13,5,2015-12-01
xgboost_temp,2016-06-01,8767.0,7512.33984375,13,6,2015-12-01
xgboost_temp,2016-02-01,6385.0,6328.8173828125,14,1,2016-01-01
xgboost_temp,2016-03-01,7164.0,6472.72021484375,14,2,2016-01-01
xgboost_temp,2016-04-01,7192.0,6915.54296875,14,3,2016-01-01
xgboost_temp,2016-05-01,7743.0,7484.4814453125,14,4,2016-01-01
xgboost_temp,2016-06-01,8767.0,7539.1796875,14,5,2016-01-01
xgboost_temp,2016-07-01,8479.0,7768.66943359375,14,6,2016-01-01
xgboost_temp,2016-03-01,7164.0,6523.974609375,15,1,2016-02-01
xgboost_temp,2016-04-01,7192.0,6935.14892578125,15,2,2016-02-01
xgboost_temp,2016-05-01,7743.0,7478.50634765625,15,3,2016-02-01
xgboost_temp,2016-06-01,8767.0,7553.7275390625,15,4,2016-02-01
xgboost_temp,2016-07-01,8479.0,7776.1884765625,15,5,2016-02-01
xgboost_temp,2016-08-01,7890.0,7239.0751953125,15,6,2016-02-01
xgboost_temp,2016-04-01,7192.0,7146.92919921875,16,1,2016-03-01
xgboost_temp,2016-05-01,7743.0,7553.2216796875,16,2,2016-03-01
xgboost_temp,2016-06-01,8767.0,7536.56005859375,16,3,2016-03-01
xgboost_temp,2016-07-01,8479.0,7692.9423828125,16,4,2016-03-01
xgboost_temp,2016-08-01,7890.0,7345.92822265625,16,5,2016-03-01
xgboost_temp,2016-09-01,7317.0,6981.8408203125,16,6,2016-03-01
xgboost_temp,2016-05-01,7743.0,7556.482421875,17,1,2016-04-01
xgboost_temp,2016-06-01,8767.0,7561.2705078125,17,2,2016-04-01
xgboost_temp,2016-07-01,8479.0,7674.828125,17,3,2016-04-01
xgboost_temp,2016-08-01,7890.0,7229.8935546875,17,4,2016-04-01
xgboost_temp,2016-09-01,7317.0,6832.10693359375,17,5,2016-04-01
xgboost_temp,2016-10-01,7426.0,6636.775390625,17,6,2016-04-01
xgboost_temp,2016-06-01,8767.0,7621.58203125,18,1,2016-05-01
xgboost_temp,2016-07-01,8479.0,7586.23291015625,18,2,2016-05-01
xgboost_temp,2016-08-01,7890.0,7197.45458984375,18,3,2016-05-01
xgboost_temp,2016-09-01,7317.0,6869.537109375,18,4,2016-05-01
xgboost_temp,2016-10-01,7426.0,6625.55078125,18,5,2016-05-01
xgboost_temp,2016-11-01,6700.0,6387.3818359375,18,6,2016-05-01
xgboost_temp,2016-07-01,8479.0,7669.91455078125,19,1,2016-06-01
xgboost_temp,2016-08-01,7890.0,7340.77392578125,19,2,2016-06-01
xgboost_temp,2016-09-01,7317.0,6933.31005859375,19,3,2016-06-01
xgboost_temp,2016-10-01,7426.0,6628.0,19,4,2016-06-01
xgboost_temp,2016-11-01,6700.0,6521.6181640625,19,5,2016-06-01
xgboost_temp,2016-12-01,6994.0,6768.7060546875,19,6,2016-06-01
xgboost_temp,2016-08-01,7890.0,7327.88232421875,20,1,2016-07-01
xgboost_temp,2016-09-01,7317.0,6954.603515625,20,2,2016-07-01
xgboost_temp,2016-10-01,7426.0,6579.408203125,20,3,2016-07-01
xgboost_temp,2016-11-01,6700.0,6497.548828125,20,4,2016-07-01
xgboost_temp,2016-12-01,6994.0,6742.2431640625,20,5,2016-07-01
xgboost_temp,2017-01-01,6788.0,6580.3115234375,20,6,2016-07-01
xgboost_temp,2016-09-01,7317.0,7083.8330078125,21,1,2016-08-01
xgboost_temp,2016-10-01,7426.0,6618.91064453125,21,2,2016-08-01
xgboost_temp,2016-11-01,6700.0,6490.0771484375,21,3,2016-08-01
xgboost_temp,2016-12-01,6994.0,6692.3193359375,21,4,2016-08-01
xgboost_temp,2017-01-01,6788.0,6562.80615234375,21,5,2016-08-01
xgboost_temp,2017-02-01,6271.0,6504.58056640625,21,6,2016-08-01
xgboost_temp,2016-10-01,7426.0,6639.7958984375,22,1,2016-09-01
xgboost_temp,2016-11-01,6700.0,6548.01806640625,22,2,2016-09-01
xgboost_temp,2016-12-01,6994.0,6702.2216796875,22,3,2016-09-01
xgboost_temp,2017-01-01,6788.0,6610.24169921875,22,4,2016-09-01
xgboost_temp,2017-02-01,6271.0,6582.01171875,22,5,2016-09-01
xgboost_temp,2017-03-01,6794.0,7036.30029296875,22,6,2016-09-01
xgboost_temp,2016-11-01,6700.0,6702.21875,23,1,2016-10-01
xgboost_temp,2016-12-01,6994.0,6829.4462890625,23,2,2016-10-01
xgboost_temp,2017-01-01,6788.0,6821.9306640625,23,3,2016-10-01
xgboost_temp,2017-02-01,6271.0,6735.505859375,23,4,2016-10-01
xgboost_temp,2017-03-01,6794.0,7456.263671875,23,5,2016-10-01
xgboost_temp,2017-04-01,6884.0,7538.2275390625,23,6,2016-10-01
xgboost_temp,2016-12-01,6994.0,6928.4482421875,24,1,2016-11-01
xgboost_temp,2017-01-01,6788.0,6846.1044921875,24,2,2016-11-01
xgboost_temp,2017-02-01,6271.0,6787.76806640625,24,3,2016-11-01
xgboost_temp,2017-03-01,6794.0,7393.12744140625,24,4,2016-11-01
xgboost_temp,2017-04-01,6884.0,7467.42041015625,24,5,2016-11-01
xgboost_temp,2017-05-01,7651.0,7865.55322265625,24,6,2016-11-01
xgboost_temp,2017-01-01,6788.0,6873.53515625,25,1,2016-12-01
xgboost_temp,2017-02-01,6271.0,6789.20068359375,25,2,2016-12-01
xgboost_temp,2017-03-01,6794.0,7361.74072265625,25,3,2016-12-01
xgboost_temp,2017-04-01,6884.0,7436.0,25,4,2016-12-01
xgboost_temp,2017-05-01,7651.0,7851.73486328125,25,5,2016-12-01
xgboost_temp,2017-06-01,8009.0,7971.6982421875,25,6,2016-12-01
xgboost_temp,2017-02-01,6271.0,6818.11474609375,26,1,2017-01-01
xgboost_temp,2017-03-01,6794.0,7426.771484375,26,2,2017-01-01
xgboost_temp,2017-04-01,6884.0,7490.5859375,26,3,2017-01-01
xgboost_temp,2017-05-01,7651.0,7877.30419921875,26,4,2017-01-01
xgboost_temp,2017-06-01,8009.0,8008.8701171875,26,5,2017-01-01
xgboost_temp,2017-07-01,8694.0,8090.376953125,26,6,2017-01-01
xgboost_temp,2017-03-01,6794.0,7437.81103515625,27,1,2017-02-01
xgboost_temp,2017-04-01,6884.0,7403.1865234375,27,2,2017-02-01
xgboost_temp,2017-05-01,7651.0,7826.81494140625,27,3,2017-02-01
xgboost_temp,2017-06-01,8009.0,7946.4951171875,27,4,2017-02-01
xgboost_temp,2017-07-01,8694.0,7958.38427734375,27,5,2017-02-01
xgboost_temp,2017-08-01,8130.0,7928.95947265625,27,6,2017-02-01
xgboost_temp,2017-04-01,6884.0,7117.08251953125,28,1,2017-03-01
xgboost_temp,2017-05-01,7651.0,7841.5517578125,28,2,2017-03-01
xgboost_temp,2017-06-01,8009.0,7848.70068359375,28,3,2017-03-01
xgboost_temp,2017-07-01,8694.0,8006.76416015625,28,4,2017-03-01
xgboost_temp,2017-08-01,8130.0,7922.12451171875,28,5,2017-03-01
xgboost_temp,2017-09-01,7446.0,7812.94482421875,28,6,2017-03-01
xgboost_temp,2017-05-01,7651.0,7810.69287109375,29,1,2017-04-01
xgboost_temp,2017-06-01,8009.0,7952.88671875,29,2,2017-04-01
xgboost_temp,2017-07-01,8694.0,7985.23779296875,29,3,2017-04-01
xgboost_temp,2017-08-01,8130.0,7984.92138671875,29,4,2017-04-01
xgboost_temp,2017-09-01,7446.0,7780.73828125,29,5,2017-04-01
xgboost_temp,2017-10-01,7282.0,7456.56591796875,29,6,2017-04-01
xgboost_temp,2017-06-01,8009.0,7931.81884765625,30,1,2017-05-01
xgboost_temp,2017-07-01,8694.0,7961.7333984375,30,2,2017-05-01
xgboost_temp,2017-08-01,8130.0,7895.7099609375,30,3,2017-05-01
xgboost_temp,2017-09-01,7446.0,7777.5078125,30,4,2017-05-01
xgboost_temp,2017-10-01,7282.0,7551.93798828125,30,5,2017-05-01
xgboost_temp,2017-11-01,6830.0,7106.45068359375,30,6,2017-05-01
xgboost_temp,2017-07-01,8694.0,7974.6767578125,31,1,2017-06-01
xgboost_temp,2017-08-01,8130.0,7878.955078125,31,2,2017-06-01
xgboost_temp,2017-09-01,7446.0,7834.21728515625,31,3,2017-06-01
xgboost_temp,2017-10-01,7282.0,7626.19287109375,31,4,2017-06-01
xgboost_temp,2017-11-01,6830.0,7080.57470703125,31,5,2017-06-01
xgboost_temp,2017-12-01,6946.0,6999.8603515625,31,6,2017-06-01
xgboost_temp,2017-08-01,8130.0,7833.490234375,32,1,2017-07-01
xgboost_temp,2017-09-01,7446.0,7952.62451171875,32,2,2017-07-01
xgboost_temp,2017-10-01,7282.0,7631.39208984375,32,3,2017-07-01
xgboost_temp,2017-11-01,6830.0,7158.89599609375,32,4,2017-07-01
xgboost_temp,2017-12-01,6946.0,6991.09375,32,5,2017-07-01
xgboost_temp,2018-01-01,6886.0,6860.60595703125,32,6,2017-07-01
xgboost_temp,2017-09-01,7446.0,7868.65087890625,33,1,2017-08-01
xgboost_temp,2017-10-01,7282.0,7594.8447265625,33,2,2017-08-01
xgboost_temp,2017-11-01,6830.0,7161.8173828125,33,3,2017-08-01
xgboost_temp,2017-12-01,6946.0,6985.2451171875,33,4,2017-08-01
xgboost_temp,2018-01-01,6886.0,6784.39404296875,33,5,2017-08-01
xgboost_temp,2018-02-01,5960.0,6559.64306640625,33,6,2017-08-01
xgboost_temp,2017-10-01,7282.0,7495.55126953125,34,1,2017-09-01
xgboost_temp,2017-11-01,6830.0,7125.97998046875,34,2,2017-09-01
xgboost_temp,2017-12-01,6946.0,6960.90576171875,34,3,2017-09-01
xgboost_temp,2018-01-01,6886.0,6796.6005859375,34,4,2017-09-01
xgboost_temp,2018-02-01,5960.0,6596.8662109375,34,5,2017-09-01
xgboost_temp,2018-03-01,6930.0,6809.5791015625,34,6,2017-09-01
xgboost_temp,2017-11-01,6830.0,7122.3798828125,35,1,2017-10-01
xgboost_temp,2017-12-01,6946.0,6835.12841796875,35,2,2017-10-01
xgboost_temp,2018-01-01,6886.0,6812.72705078125,35,3,2017-10-01
xgboost_temp,2018-02-01,5960.0,6574.95361328125,35,4,2017-10-01
xgboost_temp,2018-03-01,6930.0,6790.72802734375,35,5,2017-10-01
xgboost_temp,2018-04-01,6769.0,6910.119140625,35,6,2017-10-01
xgboost_temp,2017-12-01,6946.0,6878.9443359375,36,1,2017-11-01
xgboost_temp,2018-01-01,6886.0,6764.21142578125,36,2,2017-11-01
xgboost_temp,2018-02-01,5960.0,6577.46826171875,36,3,2017-11-01
xgboost_temp,2018-03-01,6930.0,6798.41357421875,36,4,2017-11-01
xgboost_temp,2018-04-01,6769.0,6878.4306640625,36,5,2017-11-01
xgboost_temp,2018-05-01,7511.0,7731.71484375,36,6,2017-11-01
xgboost_temp,2018-01-01,6886.0,6769.63525390625,37,1,2017-12-01
xgboost_temp,2018-02-01,5960.0,6580.69677734375,37,2,2017-12-01
xgboost_temp,2018-03-01,6930.0,6784.9384765625,37,3,2017-12-01
xgboost_temp,2018-04-01,6769.0,6898.72119140625,37,4,2017-12-01
xgboost_temp,2018-05-01,7511.0,7744.69482421875,37,5,2017-12-01
xgboost_temp,2018-06-01,8057.0,8157.66064453125,37,6,2017-12-01
xgboost_temp,2018-02-01,5960.0,6557.8466796875,38,1,2018-01-01
xgboost_temp,2018-03-01,6930.0,6826.06103515625,38,2,2018-01-01
xgboost_temp,2018-04-01,6769.0,6916.19482421875,38,3,2018-01-01
xgboost_temp,2018-05-01,7511.0,7739.59326171875,38,4,2018-01-01
xgboost_temp,2018-06-01,8057.0,8109.068359375,38,5,2018-01-01
xgboost_temp,2018-07-01,8175.0,8560.72265625,38,6,2018-01-01
xgboost_temp,2018-03-01,6930.0,6661.90966796875,39,1,2018-02-01
xgboost_temp,2018-04-01,6769.0,6841.4599609375,39,2,2018-02-01
xgboost_temp,2018-05-01,7511.0,7732.49853515625,39,3,2018-02-01
xgboost_temp,2018-06-01,8057.0,8090.388671875,39,4,2018-02-01
xgboost_temp,2018-07-01,8175.0,8600.14453125,39,5,2018-02-01
xgboost_temp,2018-08-01,8328.0,7929.572265625,39,6,2018-02-01
xgboost_temp,2018-04-01,6769.0,6876.10205078125,40,1,2018-03-01
xgboost_temp,2018-05-01,7511.0,7761.72802734375,40,2,2018-03-01
xgboost_temp,2018-06-01,8057.0,8118.20166015625,40,3,2018-03-01
xgboost_temp,2018-07-01,8175.0,8562.4140625,40,4,2018-03-01
xgboost_temp,2018-08-01,8328.0,8021.0400390625,40,5,2018-03-01
xgboost_temp,2018-09-01,7325.0,7520.28515625,40,6,2018-03-01
xgboost_temp,2018-05-01,7511.0,7714.6875,41,1,2018-04-01
xgboost_temp,2018-06-01,8057.0,8067.3408203125,41,2,2018-04-01
xgboost_temp,2018-07-01,8175.0,8583.181640625,41,3,2018-04-01
xgboost_temp,2018-08-01,8328.0,8013.26123046875,41,4,2018-04-01
xgboost_temp,2018-09-01,7325.0,7621.2763671875,41,5,2018-04-01
xgboost_temp,2018-10-01,7202.0,7298.056640625,41,6,2018-04-01
xgboost_temp,2018-06-01,8057.0,8007.2265625,42,1,2018-05-01
xgboost_temp,2018-07-01,8175.0,8561.919921875,42,2,2018-05-01
xgboost_temp,2018-08-01,8328.0,8021.337890625,42,3,2018-05-01
xgboost_temp,2018-09-01,7325.0,7630.16650390625,42,4,2018-05-01
xgboost_temp,2018-10-01,7202.0,7295.9853515625,42,5,2018-05-01
xgboost_temp,2018-11-01,7161.0,6921.00341796875,42,6,2018-05-01
xgboost_temp,2018-07-01,8175.0,8571.3857421875,43,1,2018-06-01
xgboost_temp,2018-08-01,8328.0,8023.08740234375,43,2,2018-06-01
xgboost_temp,2018-09-01,7325.0,7688.54931640625,43,3,2018-06-01
xgboost_temp,2018-10-01,7202.0,7294.8271484375,43,4,2018-06-01
xgboost_temp,2018-11-01,7161.0,6924.3505859375,43,5,2018-06-01
xgboost_temp,2018-12-01,7409.0,6933.80322265625,43,6,2018-06-01
xgboost_temp,2018-08-01,8328.0,8040.41845703125,44,1,2018-07-01
xgboost_temp,2018-09-01,7325.0,7603.57421875,44,2,2018-07-01
xgboost_temp,2018-10-01,7202.0,7301.24072265625,44,3,2018-07-01
xgboost_temp,2018-11-01,7161.0,6963.4482421875,44,4,2018-07-01
xgboost_temp,2018-12-01,7409.0,6934.96337890625,44,5,2018-07-01
xgboost_temp,2019-01-01,7117.0,6861.33837890625,44,6,2018-07-01
xgboost_temp,2018-09-01,7325.0,7600.330078125,45,1,2018-08-01
xgboost_temp,2018-10-01,7202.0,7292.75048828125,45,2,2018-08-01
xgboost_temp,2018-11-01,7161.0,7064.3779296875,45,3,2018-08-01
xgboost_temp,2018-12-01,7409.0,6931.5830078125,45,4,2018-08-01
xgboost_temp,2019-01-01,7117.0,6871.7236328125,45,5,2018-08-01
xgboost_temp,2019-02-01,6307.0,6338.50634765625,45,6,2018-08-01
xgboost_temp,2018-10-01,7202.0,7370.9833984375,46,1,2018-09-01
xgboost_temp,2018-11-01,7161.0,6931.0078125,46,2,2018-09-01
xgboost_temp,2018-12-01,7409.0,6929.07958984375,46,3,2018-09-01
xgboost_temp,2019-01-01,7117.0,6853.1318359375,46,4,2018-09-01
xgboost_temp,2019-02-01,6307.0,6211.509765625,46,5,2018-09-01
xgboost_temp,2019-03-01,7067.0,6729.9189453125,46,6,2018-09-01
xgboost_temp,2018-11-01,7161.0,6881.2783203125,47,1,2018-10-01
xgboost_temp,2018-12-01,7409.0,6900.24853515625,47,2,2018-10-01
xgboost_temp,2019-01-01,7117.0,6846.1748046875,47,3,2018-10-01
xgboost_temp,2019-02-01,6307.0,6197.5341796875,47,4,2018-10-01
xgboost_temp,2019-03-01,7067.0,6755.14697265625,47,5,2018-10-01
xgboost_temp,2019-04-01,7108.0,6792.53271484375,47,6,2018-10-01
xgboost_temp,2018-12-01,7409.0,6904.4482421875,48,1,2018-11-01
xgboost_temp,2019-01-01,7117.0,6872.462890625,48,2,2018-11-01
xgboost_temp,2019-02-01,6307.0,6292.9482421875,48,3,2018-11-01
xgboost_temp,2019-03-01,7067.0,6710.47021484375,48,4,2018-11-01
xgboost_temp,2019-04-01,7108.0,6810.486328125,48,5,2018-11-01
xgboost_temp,2019-05-01,7776.0,7578.58837890625,48,6,2018-11-01
xgboost_temp,2019-01-01,7117.0,6961.37451171875,49,1,2018-12-01
xgboost_temp,2019-02-01,6307.0,6436.9033203125,49,2,2018-12-01
xgboost_temp,2019-03-01,7067.0,6773.4951171875,49,3,2018-12-01
xgboost_temp,2019-04-01,7108.0,6839.3623046875,49,4,2018-12-01
xgboost_temp,2019-05-01,7776.0,7608.43994140625,49,5,2018-12-01
xgboost_temp,2019-06-01,8274.0,8145.1171875,49,6,2018-12-01
xgboost_temp,2019-02-01,6307.0,6329.46044921875,50,1,2019-01-01
xgboost_temp,2019-03-01,7067.0,6842.38232421875,50,2,2019-01-01
xgboost_temp,2019-04-01,7108.0,6870.4970703125,50,3,2019-01-01
xgboost_temp,2019-05-01,7776.0,7608.41455078125,50,4,2019-01-01
xgboost_temp,2019-06-01,8274.0,8136.3720703125,50,5,2019-01-01
xgboost_temp,2019-07-01,8919.0,8527.0859375,50,6,2019-01-01
xgboost_temp,2019-03-01,7067.0,6818.3505859375,51,1,2019-02-01
xgboost_temp,2019-04-01,7108.0,6881.162109375,51,2,2019-02-01
xgboost_temp,2019-05-01,7776.0,7611.49853515625,51,3,2019-02-01
xgboost_temp,2019-06-01,8274.0,8083.39404296875,51,4,2019-02-01
xgboost_temp,2019-07-01,8919.0,8489.255859375,51,5,2019-02-01
xgboost_temp,2019-08-01,8180.0,8112.82177734375,51,6,2019-02-01
xgboost_temp,2019-04-01,7108.0,6868.2841796875,52,1,2019-03-01
xgboost_temp,2019-05-01,7776.0,7582.548828125,52,2,2019-03-01
xgboost_temp,2019-06-01,8274.0,8105.5703125,52,3,2019-03-01
xgboost_temp,2019-07-01,8919.0,8560.306640625,52,4,2019-03-01
xgboost_temp,2019-08-01,8180.0,8103.96630859375,52,5,2019-03-01
xgboost_temp,2019-09-01,7664.0,7553.2265625,52,6,2019-03-01
xgboost_temp,2019-05-01,7776.0,7675.3388671875,53,1,2019-04-01
xgboost_temp,2019-06-01,8274.0,8083.87451171875,53,2,2019-04-01
xgboost_temp,2019-07-01,8919.0,8531.58984375,53,3,2019-04-01
xgboost_temp,2019-08-01,8180.0,8107.7255859375,53,4,2019-04-01
xgboost_temp,2019-09-01,7664.0,7543.96728515625,53,5,2019-04-01
xgboost_temp,2019-10-01,7254.0,7376.6240234375,53,6,2019-04-01
xgboost_temp,2019-06-01,8274.0,8095.09619140625,54,1,2019-05-01
xgboost_temp,2019-07-01,8919.0,8469.8662109375,54,2,2019-05-01
xgboost_temp,2019-08-01,8180.0,8085.28466796875,54,3,2019-05-01
xgboost_temp,2019-09-01,7664.0,7589.6630859375,54,4,2019-05-01
xgboost_temp,2019-10-01,7254.0,7328.2783203125,54,5,2019-05-01
xgboost_temp,2019-11-01,6785.0,7135.615234375,54,6,2019-05-01
xgboost_temp,2019-07-01,8919.0,8523.064453125,55,1,2019-06-01
xgboost_temp,2019-08-01,8180.0,8163.2421875,55,2,2019-06-01
xgboost_temp,2019-09-01,7664.0,7641.7255859375,55,3,2019-06-01
xgboost_temp,2019-10-01,7254.0,7418.40478515625,55,4,2019-06-01
xgboost_temp,2019-11-01,6785.0,7221.83349609375,55,5,2019-06-01
xgboost_temp,2019-12-01,6987.0,7424.88037109375,55,6,2019-06-01
xgboost_temp,2019-08-01,8180.0,8216.169921875,56,1,2019-07-01
xgboost_temp,2019-09-01,7664.0,7737.3935546875,56,2,2019-07-01
xgboost_temp,2019-10-01,7254.0,7458.36376953125,56,3,2019-07-01
xgboost_temp,2019-11-01,6785.0,7242.5595703125,56,4,2019-07-01
xgboost_temp,2019-12-01,6987.0,7440.173828125,56,5,2019-07-01
xgboost_temp,2020-01-01,7194.0,7046.9873046875,56,6,2019-07-01
xgboost_temp,2019-09-01,7664.0,7690.2529296875,57,1,2019-08-01
xgboost_temp,2019-10-01,7254.0,7430.08349609375,57,2,2019-08-01
xgboost_temp,2019-11-01,6785.0,7206.45849609375,57,3,2019-08-01
xgboost_temp,2019-12-01,6987.0,7445.298828125,57,4,2019-08-01
xgboost_temp,2020-01-01,7194.0,7013.8720703125,57,5,2019-08-01
xgboost_temp,2020-02-01,6848.0,6440.69580078125,57,6,2019-08-01
xgboost_temp,2019-10-01,7254.0,7452.19189453125,58,1,2019-09-01
xgboost_temp,2019-11-01,6785.0,7236.28369140625,58,2,2019-09-01
xgboost_temp,2019-12-01,6987.0,7437.69384765625,58,3,2019-09-01
xgboost_temp,2020-01-01,7194.0,7004.36474609375,58,4,2019-09-01
xgboost_temp,2020-02-01,6848.0,6470.1494140625,58,5,2019-09-01
xgboost_temp,2020-03-01,7324.0,6914.87353515625,58,6,2019-09-01
xgboost_temp,2019-11-01,6785.0,7237.7958984375,59,1,2019-10-01
xgboost_temp,2019-12-01,6987.0,7309.17041015625,59,2,2019-10-01
xgboost_temp,2020-01-01,7194.0,7075.00927734375,59,3,2019-10-01
xgboost_temp,2020-02-01,6848.0,6466.77880859375,59,4,2019-10-01
xgboost_temp,2020-03-01,7324.0,7004.21435546875,59,5,2019-10-01
xgboost_temp,2020-04-01,5978.0,6934.9169921875,59,6,2019-10-01
xgboost_temp,2019-12-01,6987.0,7364.33935546875,60,1,2019-11-01
xgboost_temp,2020-01-01,7194.0,6907.45703125,60,2,2019-11-01
xgboost_temp,2020-02-01,6848.0,6439.68505859375,60,3,2019-11-01
xgboost_temp,2020-03-01,7324.0,6895.41064453125,60,4,2019-11-01
xgboost_temp,2020-04-01,5978.0,6864.13427734375,60,5,2019-11-01
xgboost_temp,2020-05-01,7062.0,7600.123046875,60,6,2019-11-01
xgboost_temp,2020-01-01,7194.0,6869.97900390625,61,1,2019-12-01
xgboost_temp,2020-02-01,6848.0,6357.490234375,61,2,2019-12-01
xgboost_temp,2020-03-01,7324.0,6876.8408203125,61,3,2019-12-01
xgboost_temp,2020-04-01,5978.0,6850.74658203125,61,4,2019-12-01
xgboost_temp,2020-05-01,7062.0,7594.56298828125,61,5,2019-12-01
xgboost_temp,2020-06-01,6948.0,8061.81982421875,61,6,2019-12-01
xgboost_temp,2020-02-01,6848.0,6315.2490234375,62,1,2020-01-01
xgboost_temp,2020-03-01,7324.0,6954.154296875,62,2,2020-01-01
xgboost_temp,2020-04-01,5978.0,6988.07275390625,62,3,2020-01-01
xgboost_temp,2020-05-01,7062.0,7777.5537109375,62,4,2020-01-01
xgboost_temp,2020-06-01,6948.0,8196.9853515625,62,5,2020-01-01
xgboost_temp,2020-07-01,7392.0,8715.427734375,62,6,2020-01-01
xgboost_temp,2020-03-01,7324.0,6999.5458984375,63,1,2020-02-01
xgboost_temp,2020-04-01,5978.0,7003.61962890625,63,2,2020-02-01
xgboost_temp,2020-05-01,7062.0,7813.1396484375,63,3,2020-02-01
xgboost_temp,2020-06-01,6948.0,8261.8203125,63,4,2020-02-01
xgboost_temp,2020-07-01,7392.0,8709.3056640625,63,5,2020-02-01
xgboost_temp,2020-08-01,7678.0,8152.65966796875,63,6,2020-02-01
xgboost_temp,2020-04-01,5978.0,7060.12451171875,64,1,2020-03-01
xgboost_temp,2020-05-01,7062.0,7762.3837890625,64,2,2020-03-01
xgboost_temp,2020-06-01,6948.0,8263.5224609375,64,3,2020-03-01
xgboost_temp,2020-07-01,7392.0,8761.2001953125,64,4,2020-03-01
xgboost_temp,2020-08-01,7678.0,8189.44580078125,64,5,2020-03-01
xgboost_temp,2020-09-01,7005.0,7692.37646484375,64,6,2020-03-01
xgboost_temp,2020-05-01,7062.0,7582.1865234375,65,1,2020-04-01
xgboost_temp,2020-06-01,6948.0,7992.08544921875,65,2,2020-04-01
xgboost_temp,2020-07-01,7392.0,8579.056640625,65,3,2020-04-01
xgboost_temp,2020-08-01,7678.0,8146.45361328125,65,4,2020-04-01
xgboost_temp,2020-09-01,7005.0,7497.51953125,65,5,2020-04-01
xgboost_temp,2020-10-01,7385.0,7427.16064453125,65,6,2020-04-01
xgboost_temp,2020-06-01,6948.0,7801.146484375,66,1,2020-05-01
xgboost_temp,2020-07-01,7392.0,8336.2587890625,66,2,2020-05-01
xgboost_temp,2020-08-01,7678.0,8260.189453125,66,3,2020-05-01
xgboost_temp,2020-09-01,7005.0,7718.12109375,66,4,2020-05-01
xgboost_temp,2020-10-01,7385.0,7380.140625,66,5,2020-05-01
xgboost_temp,2020-11-01,6872.0,7057.5400390625,66,6,2020-05-01
xgboost_temp,2020-07-01,7392.0,7910.13134765625,67,1,2020-06-01
xgboost_temp,2020-08-01,7678.0,8234.765625,67,2,2020-06-01
xgboost_temp,2020-09-01,7005.0,7721.53369140625,67,3,2020-06-01
xgboost_temp,2020-10-01,7385.0,7422.5078125,67,4,2020-06-01
xgboost_temp,2020-11-01,6872.0,6994.591796875,67,5,2020-06-01
xgboost_temp,2020-12-01,6781.0,6948.5732421875,67,6,2020-06-01
xgboost_temp,2020-08-01,7678.0,7958.45947265625,68,1,2020-07-01
xgboost_temp,2020-09-01,7005.0,7716.09521484375,68,2,2020-07-01
xgboost_temp,2020-10-01,7385.0,7423.0986328125,68,3,2020-07-01
xgboost_temp,2020-11-01,6872.0,6986.1328125,68,4,2020-07-01
xgboost_temp,2020-12-01,6781.0,6965.59228515625,68,5,2020-07-01
xgboost_temp,2021-01-01,6917.0,6935.01708984375,68,6,2020-07-01
xgboost_temp,2020-09-01,7005.0,7563.1181640625,69,1,2020-08-01
xgboost_temp,2020-10-01,7385.0,7428.119140625,69,2,2020-08-01
xgboost_temp,2020-11-01,6872.0,6976.88916015625,69,3,2020-08-01
xgboost_temp,2020-12-01,6781.0,7007.3134765625,69,4,2020-08-01
xgboost_temp,2021-01-01,6917.0,6971.66015625,69,5,2020-08-01
xgboost_temp,2021-02-01,6217.0,7083.99658203125,69,6,2020-08-01
xgboost_temp,2020-10-01,7385.0,7317.2861328125,70,1,2020-09-01
xgboost_temp,2020-11-01,6872.0,6887.07080078125,70,2,2020-09-01
xgboost_temp,2020-12-01,6781.0,7027.34716796875,70,3,2020-09-01
xgboost_temp,2021-01-01,6917.0,6908.68505859375,70,4,2020-09-01
xgboost_temp,2021-02-01,6217.0,7057.67333984375,70,5,2020-09-01
xgboost_temp,2021-03-01,7569.0,7121.5869140625,70,6,2020-09-01
xgboost_temp,2020-11-01,6872.0,6866.41259765625,71,1,2020-10-01
xgboost_temp,2020-12-01,6781.0,7048.68798828125,71,2,2020-10-01
xgboost_temp,2021-01-01,6917.0,6939.78857421875,71,3,2020-10-01
xgboost_temp,2021-02-01,6217.0,7043.43603515625,71,4,2020-10-01
xgboost_temp,2021-03-01,7569.0,7115.5859375,71,5,2020-10-01
xgboost_temp,2021-04-01,6917.0,6343.9169921875,71,6,2020-10-01
xgboost_temp,2020-12-01,6781.0,7062.95751953125,72,1,2020-11-01
xgboost_temp,2021-01-01,6917.0,6952.12109375,72,2,2020-11-01
xgboost_temp,2021-02-01,6217.0,7060.138671875,72,3,2020-11-01
xgboost_temp,2021-03-01,7569.0,7146.9951171875,72,4,2020-11-01
xgboost_temp,2021-04-01,6917.0,6314.623046875,72,5,2020-11-01
xgboost_temp,2021-05-01,8253.0,7092.810546875,72,6,2020-11-01
xgboost_temp,2021-01-01,6917.0,6904.60595703125,73,1,2020-12-01
xgboost_temp,2021-02-01,6217.0,6906.0615234375,73,2,2020-12-01
xgboost_temp,2021-03-01,7569.0,7079.1376953125,73,3,2020-12-01
xgboost_temp,2021-04-01,6917.0,6350.50341796875,73,4,2020-12-01
xgboost_temp,2021-05-01,8253.0,7031.82470703125,73,5,2020-12-01
xgboost_temp,2021-06-01,8153.0,6943.7041015625,73,6,2020-12-01
xgboost_temp,2021-02-01,6217.0,6919.85888671875,74,1,2021-01-01
xgboost_temp,2021-03-01,7569.0,7057.087890625,74,2,2021-01-01
xgboost_temp,2021-04-01,6917.0,6348.08154296875,74,3,2021-01-01
xgboost_temp,2021-05-01,8253.0,7069.3955078125,74,4,2021-01-01
xgboost_temp,2021-06-01,8153.0,7017.4853515625,74,5,2021-01-01
xgboost_temp,2021-07-01,9251.0,7778.1884765625,74,6,2021-01-01
xgboost_temp,2021-03-01,7569.0,7104.333984375,75,1,2021-02-01
xgboost_temp,2021-04-01,6917.0,6406.3623046875,75,2,2021-02-01
xgboost_temp,2021-05-01,8253.0,7119.5361328125,75,3,2021-02-01
xgboost_temp,2021-06-01,8153.0,7156.0009765625,75,4,2021-02-01
xgboost_temp,2021-07-01,9251.0,7883.7919921875,75,5,2021-02-01
xgboost_temp,2021-08-01,8830.0,7849.30615234375,75,6,2021-02-01
xgboost_temp,2021-04-01,6917.0,6436.7822265625,76,1,2021-03-01
xgboost_temp,2021-05-01,8253.0,7095.84423828125,76,2,2021-03-01
xgboost_temp,2021-06-01,8153.0,7127.52978515625,76,3,2021-03-01
xgboost_temp,2021-07-01,9251.0,7769.59326171875,76,4,2021-03-01
xgboost_temp,2021-08-01,8830.0,7913.36376953125,76,5,2021-03-01
xgboost_temp,2021-09-01,7512.0,7076.6201171875,76,6,2021-03-01
xgboost_temp,2021-05-01,8253.0,7112.037109375,77,1,2021-04-01
xgboost_temp,2021-06-01,8153.0,7110.2314453125,77,2,2021-04-01
xgboost_temp,2021-07-01,9251.0,7813.66455078125,77,3,2021-04-01
xgboost_temp,2021-08-01,8830.0,7890.5146484375,77,4,2021-04-01
xgboost_temp,2021-09-01,7512.0,7074.49755859375,77,5,2021-04-01
xgboost_temp,2021-10-01,7656.0,7421.294921875,77,6,2021-04-01
xgboost_temp,2021-06-01,8153.0,7496.9931640625,78,1,2021-05-01
xgboost_temp,2021-07-01,9251.0,7879.1171875,78,2,2021-05-01
xgboost_temp,2021-08-01,8830.0,7898.32177734375,78,3,2021-05-01
xgboost_temp,2021-09-01,7512.0,7224.97607421875,78,4,2021-05-01
xgboost_temp,2021-10-01,7656.0,7348.09228515625,78,5,2021-05-01
xgboost_temp,2021-11-01,7603.0,6949.86474609375,78,6,2021-05-01
xgboost_temp,2021-07-01,9251.0,7976.74853515625,79,1,2021-06-01
xgboost_temp,2021-08-01,8830.0,7903.3662109375,79,2,2021-06-01
xgboost_temp,2021-09-01,7512.0,7237.33154296875,79,3,2021-06-01
xgboost_temp,2021-10-01,7656.0,7298.14453125,79,4,2021-06-01
xgboost_temp,2021-11-01,7603.0,6972.505859375,79,5,2021-06-01
xgboost_temp,2021-12-01,8237.0,6925.0166015625,79,6,2021-06-01
xgboost_temp,2021-08-01,8830.0,7998.7607421875,80,1,2021-07-01
xgboost_temp,2021-09-01,7512.0,7329.29248046875,80,2,2021-07-01
xgboost_temp,2021-10-01,7656.0,7322.4814453125,80,3,2021-07-01
xgboost_temp,2021-11-01,7603.0,6966.5234375,80,4,2021-07-01
xgboost_temp,2021-12-01,8237.0,6979.07958984375,80,5,2021-07-01
xgboost_temp,2022-01-01,9582.0,7056.4189453125,80,6,2021-07-01
xgboost_temp,2021-09-01,7512.0,7309.91357421875,81,1,2021-08-01
xgboost_temp,2021-10-01,7656.0,7421.41748046875,81,2,2021-08-01
xgboost_temp,2021-11-01,7603.0,7090.75244140625,81,3,2021-08-01
xgboost_temp,2021-12-01,8237.0,7051.69091796875,81,4,2021-08-01
xgboost_temp,2022-01-01,9582.0,7090.53466796875,81,5,2021-08-01
xgboost_temp,2022-02-01,7227.0,6659.1298828125,81,6,2021-08-01
xgboost_temp,2021-10-01,7656.0,7321.51025390625,82,1,2021-09-01
xgboost_temp,2021-11-01,7603.0,7093.740234375,82,2,2021-09-01
xgboost_temp,2021-12-01,8237.0,7021.388671875,82,3,2021-09-01
xgboost_temp,2022-01-01,9582.0,7137.95703125,82,4,2021-09-01
xgboost_temp,2022-02-01,7227.0,6739.0654296875,82,5,2021-09-01
xgboost_temp,2022-03-01,7504.0,7218.8505859375,82,6,2021-09-01
xgboost_temp,2021-11-01,7603.0,7087.5029296875,83,1,2021-10-01
xgboost_temp,2021-12-01,8237.0,7071.75341796875,83,2,2021-10-01
xgboost_temp,2022-01-01,9582.0,7091.6240234375,83,3,2021-10-01
xgboost_temp,2022-02-01,7227.0,6819.4140625,83,4,2021-10-01
xgboost_temp,2022-03-01,7504.0,7261.828125,83,5,2021-10-01
xgboost_temp,2022-04-01,7589.0,6411.865234375,83,6,2021-10-01
xgboost_temp,2021-12-01,8237.0,7021.3720703125,84,1,2021-11-01
xgboost_temp,2022-01-01,9582.0,7138.10107421875,84,2,2021-11-01
xgboost_temp,2022-02-01,7227.0,6777.36328125,84,3,2021-11-01
xgboost_temp,2022-03-01,7504.0,7219.02587890625,84,4,2021-11-01
xgboost_temp,2022-04-01,7589.0,6447.7958984375,84,5,2021-11-01
xgboost_temp,2022-05-01,8846.0,7182.291015625,84,6,2021-11-01
xgboost_temp,2022-01-01,9582.0,7575.22314453125,85,1,2021-12-01
xgboost_temp,2022-02-01,7227.0,7248.83056640625,85,2,2021-12-01
xgboost_temp,2022-03-01,7504.0,7351.83349609375,85,3,2021-12-01
xgboost_temp,2022-04-01,7589.0,6620.46435546875,85,4,2021-12-01
xgboost_temp,2022-05-01,8846.0,6940.7109375,85,5,2021-12-01
xgboost_temp,2022-06-01,9057.0,7138.3017578125,85,6,2021-12-01
xgboost_temp,2022-02-01,7227.0,7605.42626953125,86,1,2022-01-01
xgboost_temp,2022-03-01,7504.0,7624.61279296875,86,2,2022-01-01
xgboost_temp,2022-04-01,7589.0,7306.80615234375,86,3,2022-01-01
xgboost_temp,2022-05-01,8846.0,6994.92138671875,86,4,2022-01-01
xgboost_temp,2022-06-01,9057.0,7126.0380859375,86,5,2022-01-01
xgboost_temp,2022-07-01,8699.0,7602.57421875,86,6,2022-01-01
xgboost_temp,2022-03-01,7504.0,7252.21923828125,87,1,2022-02-01
xgboost_temp,2022-04-01,7589.0,6655.021484375,87,2,2022-02-01
xgboost_temp,2022-05-01,8846.0,6870.63818359375,87,3,2022-02-01
xgboost_temp,2022-06-01,9057.0,7120.634765625,87,4,2022-02-01
xgboost_temp,2022-07-01,8699.0,7738.48974609375,87,5,2022-02-01
xgboost_temp,2022-08-01,8834.0,7898.02294921875,87,6,2022-02-01
xgboost_temp,2022-04-01,7589.0,6722.8955078125,88,1,2022-03-01
xgboost_temp,2022-05-01,8846.0,6849.1005859375,88,2,2022-03-01
xgboost_temp,2022-06-01,9057.0,7215.8349609375,88,3,2022-03-01
xgboost_temp,2022-07-01,8699.0,7646.83740234375,88,4,2022-03-01
xgboost_temp,2022-08-01,8834.0,7882.61083984375,88,5,2022-03-01
xgboost_temp,2022-09-01,8228.0,8217.8603515625,88,6,2022-03-01
xgboost_temp,2022-05-01,8846.0,7592.92529296875,89,1,2022-04-01
xgboost_temp,2022-06-01,9057.0,8174.97412109375,89,2,2022-04-01
xgboost_temp,2022-07-01,8699.0,8836.935546875,89,3,2022-04-01
xgboost_temp,2022-08-01,8834.0,8370.189453125,89,4,2022-04-01
xgboost_temp,2022-09-01,8228.0,8426.8271484375,89,5,2022-04-01
xgboost_temp,2022-10-01,8388.0,8161.90283203125,89,6,2022-04-01
xgboost_temp,2022-06-01,9057.0,9040.8681640625,90,1,2022-05-01
xgboost_temp,2022-07-01,8699.0,8665.7255859375,90,2,2022-05-01
xgboost_temp,2022-08-01,8834.0,8168.8427734375,90,3,2022-05-01
xgboost_temp,2022-09-01,8228.0,8032.8701171875,90,4,2022-05-01
xgboost_temp,2022-10-01,8388.0,8110.93310546875,90,5,2022-05-01
xgboost_temp,2022-11-01,7588.0,8402.3671875,90,6,2022-05-01
xgboost_temp,2022-07-01,8699.0,8797.78515625,91,1,2022-06-01
xgboost_temp,2022-08-01,8834.0,8302.2509765625,91,2,2022-06-01
xgboost_temp,2022-09-01,8228.0,7977.14111328125,91,3,2022-06-01
xgboost_temp,2022-10-01,8388.0,8006.5244140625,91,4,2022-06-01
xgboost_temp,2022-11-01,7588.0,8229.220703125,91,5,2022-06-01
xgboost_temp,2022-12-01,7850.0,8794.4970703125,91,6,2022-06-01
xgboost_temp,2022-08-01,8834.0,8406.3515625,92,1,2022-07-01
xgboost_temp,2022-09-01,8228.0,8278.626953125,92,2,2022-07-01
xgboost_temp,2022-10-01,8388.0,8467.048828125,92,3,2022-07-01
xgboost_temp,2022-11-01,7588.0,8560.4697265625,92,4,2022-07-01
xgboost_temp,2022-12-01,7850.0,8476.796875,92,5,2022-07-01
xgboost_temp,2023-01-01,7563.0,8496.703125,92,6,2022-07-01
xgboost_temp,2022-09-01,8228.0,8194.521484375,93,1,2022-08-01
xgboost_temp,2022-10-01,8388.0,8489.306640625,93,2,2022-08-01
xgboost_temp,2022-11-01,7588.0,8726.455078125,93,3,2022-08-01
xgboost_temp,2022-12-01,7850.0,8785.1748046875,93,4,2022-08-01
xgboost_temp,2023-01-01,7563.0,8714.5302734375,93,5,2022-08-01
xgboost_temp,2023-02-01,6551.0,8509.66796875,93,6,2022-08-01
xgboost_temp,2022-10-01,8388.0,8385.859375,94,1,2022-09-01
xgboost_temp,2022-11-01,7588.0,8567.05078125,94,2,2022-09-01
xgboost_temp,2022-12-01,7850.0,8645.6025390625,94,3,2022-09-01
xgboost_temp,2023-01-01,7563.0,8611.7646484375,94,4,2022-09-01
xgboost_temp,2023-02-01,6551.0,8460.03125,94,5,2022-09-01
xgboost_temp,2023-03-01,7507.0,8458.16015625,94,6,2022-09-01
xgboost_temp,2022-11-01,7588.0,8526.5341796875,95,1,2022-10-01
xgboost_temp,2022-12-01,7850.0,8613.439453125,95,2,2022-10-01
xgboost_temp,2023-01-01,7563.0,8548.8505859375,95,3,2022-10-01
xgboost_temp,2023-02-01,6551.0,8387.3369140625,95,4,2022-10-01
xgboost_temp,2023-03-01,7507.0,8476.84765625,95,5,2022-10-01
xgboost_temp,2023-04-01,7745.0,8558.6982421875,95,6,2022-10-01
xgboost_temp,2022-12-01,7850.0,8357.65234375,96,1,2022-11-01
xgboost_temp,2023-01-01,7563.0,8541.4501953125,96,2,2022-11-01
xgboost_temp,2023-02-01,6551.0,8352.337890625,96,3,2022-11-01
xgboost_temp,2023-03-01,7507.0,8307.3740234375,96,4,2022-11-01
xgboost_temp,2023-04-01,7745.0,8022.5390625,96,5,2022-11-01
xgboost_temp,2023-05-01,8600.0,8326.1455078125,96,6,2022-11-01
xgboost_temp,2023-01-01,7563.0,8383.1787109375,97,1,2022-12-01
xgboost_temp,2023-02-01,6551.0,8414.619140625,97,2,2022-12-01
xgboost_temp,2023-03-01,7507.0,8349.61328125,97,3,2022-12-01
xgboost_temp,2023-04-01,7745.0,8010.97998046875,97,4,2022-12-01
xgboost_temp,2023-05-01,8600.0,8303.2255859375,97,5,2022-12-01
xgboost_temp,2023-06-01,9151.0,8329.3525390625,97,6,2022-12-01
xgboost_temp,2023-02-01,6551.0,7790.828125,98,1,2023-01-01
xgboost_temp,2023-03-01,7507.0,7754.25244140625,98,2,2023-01-01
xgboost_temp,2023-04-01,7745.0,7987.40185546875,98,3,2023-01-01
xgboost_temp,2023-05-01,8600.0,8023.1923828125,98,4,2023-01-01
xgboost_temp,2023-06-01,9151.0,8274.4384765625,98,5,2023-01-01
xgboost_temp,2023-07-01,9183.0,8604.44921875,98,6,2023-01-01
xgboost_temp,2023-03-01,7507.0,6933.3984375,99,1,2023-02-01
xgboost_temp,2023-04-01,7745.0,7106.64453125,99,2,2023-02-01
xgboost_temp,2023-05-01,8600.0,7190.52734375,99,3,2023-02-01
xgboost_temp,2023-06-01,9151.0,7677.7861328125,99,4,2023-02-01
xgboost_temp,2023-07-01,9183.0,8321.49609375,99,5,2023-02-01
xgboost_temp,2023-08-01,8297.0,8526.205078125,99,6,2023-02-01
xgboost_temp,2023-04-01,7745.0,7431.05615234375,100,1,2023-03-01
xgboost_temp,2023-05-01,8600.0,7740.5869140625,100,2,2023-03-01
xgboost_temp,2023-06-01,9151.0,8306.4326171875,100,3,2023-03-01
xgboost_temp,2023-07-01,9183.0,8717.3701171875,100,4,2023-03-01
xgboost_temp,2023-08-01,8297.0,8495.90625,100,5,2023-03-01
xgboost_temp,2023-09-01,7823.0,8092.8427734375,100,6,2023-03-01
xgboost_temp,2023-05-01,8600.0,8070.2392578125,101,1,2023-04-01
xgboost_temp,2023-06-01,9151.0,8495.8857421875,101,2,2023-04-01
xgboost_temp,2023-07-01,9183.0,8469.54296875,101,3,2023-04-01
xgboost_temp,2023-08-01,8297.0,8381.11328125,101,4,2023-04-01
xgboost_temp,2023-09-01,7823.0,8135.2060546875,101,5,2023-04-01
xgboost_temp,2023-10-01,7507.0,7966.9921875,101,6,2023-04-01
xgboost_temp,2023-06-01,9151.0,8654.6806640625,102,1,2023-05-01
xgboost_temp,2023-07-01,9183.0,8537.19921875,102,2,2023-05-01
xgboost_temp,2023-08-01,8297.0,8376.529296875,102,3,2023-05-01
xgboost_temp,2023-09-01,7823.0,8089.00732421875,102,4,2023-05-01
xgboost_temp,2023-10-01,7507.0,8094.78662109375,102,5,2023-05-01
xgboost_temp,2023-11-01,8107.0,7724.0830078125,102,6,2023-05-01
xgboost_temp,2023-07-01,9183.0,8626.408203125,103,1,2023-06-01
xgboost_temp,2023-08-01,8297.0,8608.474609375,103,2,2023-06-01
xgboost_temp,2023-09-01,7823.0,8041.86376953125,103,3,2023-06-01
xgboost_temp,2023-10-01,7507.0,8032.5986328125,103,4,2023-06-01
xgboost_temp,2023-11-01,8107.0,7545.525390625,103,5,2023-06-01
xgboost_temp,2023-12-01,7504.0,7509.11474609375,103,6,2023-06-01
catboost_temp,2015-01-01,7184.0,6364.529365438785,1,1,2014-12-01
catboost_temp,2015-02-01,5958.0,6290.753995105812,1,2,2014-12-01
catboost_temp,2015-03-01,6658.0,6310.350766689586,1,3,2014-12-01
catboost_temp,2015-04-01,7069.0,6402.0878388576475,1,4,2014-12-01
catboost_temp,2015-05-01,8099.0,7386.834934858754,1,5,2014-12-01
catboost_temp,2015-06-01,7868.0,7327.620478924753,1,6,2014-12-01
catboost_temp,2015-02-01,5958.0,6309.8291160978015,2,1,2015-01-01
catboost_temp,2015-03-01,6658.0,6399.075637285431,2,2,2015-01-01
catboost_temp,2015-04-01,7069.0,6382.783103378471,2,3,2015-01-01
catboost_temp,2015-05-01,8099.0,7273.349781691245,2,4,2015-01-01
catboost_temp,2015-06-01,7868.0,7241.054892918752,2,5,2015-01-01
catboost_temp,2015-07-01,7986.0,7744.258628991394,2,6,2015-01-01
catboost_temp,2015-03-01,6658.0,6381.731175892162,3,1,2015-02-01
catboost_temp,2015-04-01,7069.0,6379.540654889329,3,2,2015-02-01
catboost_temp,2015-05-01,8099.0,7191.484429007991,3,3,2015-02-01
catboost_temp,2015-06-01,7868.0,7222.854720786375,3,4,2015-02-01
catboost_temp,2015-07-01,7986.0,7743.8983460597865,3,5,2015-02-01
catboost_temp,2015-08-01,7251.0,7587.8842226028655,3,6,2015-02-01
catboost_temp,2015-04-01,7069.0,6297.145829123851,4,1,2015-03-01
catboost_temp,2015-05-01,8099.0,7185.484605615314,4,2,2015-03-01
catboost_temp,2015-06-01,7868.0,7266.192490077112,4,3,2015-03-01
catboost_temp,2015-07-01,7986.0,7739.949600351611,4,4,2015-03-01
catboost_temp,2015-08-01,7251.0,7586.6731802345275,4,5,2015-03-01
catboost_temp,2015-09-01,7163.0,6810.3082056886615,4,6,2015-03-01
catboost_temp,2015-05-01,8099.0,7247.6964888728,5,1,2015-04-01
catboost_temp,2015-06-01,7868.0,7429.386979901586,5,2,2015-04-01
catboost_temp,2015-07-01,7986.0,7643.488758726218,5,3,2015-04-01
catboost_temp,2015-08-01,7251.0,7443.7546956854785,5,4,2015-04-01
catboost_temp,2015-09-01,7163.0,6830.715086957713,5,5,2015-04-01
catboost_temp,2015-10-01,6690.0,6909.424729499139,5,6,2015-04-01
catboost_temp,2015-06-01,7868.0,7352.46635638679,6,1,2015-05-01
catboost_temp,2015-07-01,7986.0,7574.46514332942,6,2,2015-05-01
catboost_temp,2015-08-01,7251.0,7472.428448166329,6,3,2015-05-01
catboost_temp,2015-09-01,7163.0,6731.050656160111,6,4,2015-05-01
catboost_temp,2015-10-01,6690.0,6942.393269377197,6,5,2015-05-01
catboost_temp,2015-11-01,6392.0,6434.9156615070215,6,6,2015-05-01
catboost_temp,2015-07-01,7986.0,7570.320427430373,7,1,2015-06-01
catboost_temp,2015-08-01,7251.0,7374.966934940518,7,2,2015-06-01
catboost_temp,2015-09-01,7163.0,6835.15706203382,7,3,2015-06-01
catboost_temp,2015-10-01,6690.0,6807.007333240558,7,4,2015-06-01
catboost_temp,2015-11-01,6392.0,6475.374179281847,7,5,2015-06-01
catboost_temp,2015-12-01,6753.0,6523.129314232191,7,6,2015-06-01
catboost_temp,2015-08-01,7251.0,7479.836427363134,8,1,2015-07-01
catboost_temp,2015-09-01,7163.0,6814.352679385117,8,2,2015-07-01
catboost_temp,2015-10-01,6690.0,6931.121136940879,8,3,2015-07-01
catboost_temp,2015-11-01,6392.0,6465.532335609133,8,4,2015-07-01
catboost_temp,2015-12-01,6753.0,6578.064179919185,8,5,2015-07-01
catboost_temp,2016-01-01,6753.0,6792.745696741,8,6,2015-07-01
catboost_temp,2015-09-01,7163.0,6812.852692089391,9,1,2015-08-01
catboost_temp,2015-10-01,6690.0,6953.830887702388,9,2,2015-08-01
catboost_temp,2015-11-01,6392.0,6457.064606877662,9,3,2015-08-01
catboost_temp,2015-12-01,6753.0,6571.074726201866,9,4,2015-08-01
catboost_temp,2016-01-01,6753.0,6793.797733204221,9,5,2015-08-01
catboost_temp,2016-02-01,6385.0,6226.929652040262,9,6,2015-08-01
catboost_temp,2015-10-01,6690.0,6922.926888224604,10,1,2015-09-01
catboost_temp,2015-11-01,6392.0,6418.374205644639,10,2,2015-09-01
catboost_temp,2015-12-01,6753.0,6672.00975962516,10,3,2015-09-01
catboost_temp,2016-01-01,6753.0,6805.866449351311,10,4,2015-09-01
catboost_temp,2016-02-01,6385.0,6326.99974711518,10,5,2015-09-01
catboost_temp,2016-03-01,7164.0,6639.178873119308,10,6,2015-09-01
catboost_temp,2015-11-01,6392.0,6440.517850590303,11,1,2015-10-01
catboost_temp,2015-12-01,6753.0,6610.144783880679,11,2,2015-10-01
catboost_temp,2016-01-01,6753.0,6724.007449136472,11,3,2015-10-01
catboost_temp,2016-02-01,6385.0,6228.092531417947,11,4,2015-10-01
catboost_temp,2016-03-01,7164.0,6567.619143392398,11,5,2015-10-01
catboost_temp,2016-04-01,7192.0,7035.750268416541,11,6,2015-10-01
catboost_temp,2015-12-01,6753.0,6607.028186326745,12,1,2015-11-01
catboost_temp,2016-01-01,6753.0,6683.813647746822,12,2,2015-11-01
catboost_temp,2016-02-01,6385.0,6173.875526636318,12,3,2015-11-01
catboost_temp,2016-03-01,7164.0,6597.701104414485,12,4,2015-11-01
catboost_temp,2016-04-01,7192.0,7020.9676440650865,12,5,2015-11-01
catboost_temp,2016-05-01,7743.0,7573.7208071584555,12,6,2015-11-01
catboost_temp,2016-01-01,6753.0,6727.6354062886685,13,1,2015-12-01
catboost_temp,2016-02-01,6385.0,6224.392813973513,13,2,2015-12-01
catboost_temp,2016-03-01,7164.0,6657.379827013458,13,3,2015-12-01
catboost_temp,2016-04-01,7192.0,7158.619174074147,13,4,2015-12-01
catboost_temp,2016-05-01,7743.0,7649.732623600306,13,5,2015-12-01
catboost_temp,2016-06-01,8767.0,7731.388994116731,13,6,2015-12-01
catboost_temp,2016-02-01,6385.0,6204.874347130331,14,1,2016-01-01
catboost_temp,2016-03-01,7164.0,6606.239270445923,14,2,2016-01-01
catboost_temp,2016-04-01,7192.0,7047.0140312571475,14,3,2016-01-01
catboost_temp,2016-05-01,7743.0,7655.853082818499,14,4,2016-01-01
catboost_temp,2016-06-01,8767.0,7642.419061279273,14,5,2016-01-01
catboost_temp,2016-07-01,8479.0,7567.8207786758,14,6,2016-01-01
catboost_temp,2016-03-01,7164.0,6595.841892570918,15,1,2016-02-01
catboost_temp,2016-04-01,7192.0,6990.582514042263,15,2,2016-02-01
catboost_temp,2016-05-01,7743.0,7599.008665531062,15,3,2016-02-01
catboost_temp,2016-06-01,8767.0,7676.367508840118,15,4,2016-02-01
catboost_temp,2016-07-01,8479.0,7669.473263612716,15,5,2016-02-01
catboost_temp,2016-08-01,7890.0,7412.641891764277,15,6,2016-02-01
catboost_temp,2016-04-01,7192.0,7192.755299186509,16,1,2016-03-01
catboost_temp,2016-05-01,7743.0,7670.2587638639825,16,2,2016-03-01
catboost_temp,2016-06-01,8767.0,7650.2911214568685,16,3,2016-03-01
catboost_temp,2016-07-01,8479.0,7537.239754651701,16,4,2016-03-01
catboost_temp,2016-08-01,7890.0,7476.467428182861,16,5,2016-03-01
catboost_temp,2016-09-01,7317.0,7013.911593513834,16,6,2016-03-01
catboost_temp,2016-05-01,7743.0,7654.437745496564,17,1,2016-04-01
catboost_temp,2016-06-01,8767.0,7686.041120395779,17,2,2016-04-01
catboost_temp,2016-07-01,8479.0,7527.2045435737045,17,3,2016-04-01
catboost_temp,2016-08-01,7890.0,7510.4870441929415,17,4,2016-04-01
catboost_temp,2016-09-01,7317.0,7040.181110284118,17,5,2016-04-01
catboost_temp,2016-10-01,7426.0,6720.489366538488,17,6,2016-04-01
catboost_temp,2016-06-01,8767.0,7708.893731946235,18,1,2016-05-01
catboost_temp,2016-07-01,8479.0,7549.505853607003,18,2,2016-05-01
catboost_temp,2016-08-01,7890.0,7474.253008171139,18,3,2016-05-01
catboost_temp,2016-09-01,7317.0,6961.620340683834,18,4,2016-05-01
catboost_temp,2016-10-01,7426.0,6659.7013849578425,18,5,2016-05-01
catboost_temp,2016-11-01,6700.0,6552.469407850587,18,6,2016-05-01
catboost_temp,2016-07-01,8479.0,7660.963054375848,19,1,2016-06-01
catboost_temp,2016-08-01,7890.0,7515.572348267739,19,2,2016-06-01
catboost_temp,2016-09-01,7317.0,7040.985754003344,19,3,2016-06-01
catboost_temp,2016-10-01,7426.0,6682.572420033069,19,4,2016-06-01
catboost_temp,2016-11-01,6700.0,6572.9002547002565,19,5,2016-06-01
catboost_temp,2016-12-01,6994.0,6652.315691327332,19,6,2016-06-01
catboost_temp,2016-08-01,7890.0,7511.368028428742,20,1,2016-07-01
catboost_temp,2016-09-01,7317.0,7073.807523073753,20,2,2016-07-01
catboost_temp,2016-10-01,7426.0,6629.004862696782,20,3,2016-07-01
catboost_temp,2016-11-01,6700.0,6496.429593156677,20,4,2016-07-01
catboost_temp,2016-12-01,6994.0,6616.384936050295,20,5,2016-07-01
catboost_temp,2017-01-01,6788.0,6523.567210031684,20,6,2016-07-01
catboost_temp,2016-09-01,7317.0,7072.208406806734,21,1,2016-08-01
catboost_temp,2016-10-01,7426.0,6555.243108421362,21,2,2016-08-01
catboost_temp,2016-11-01,6700.0,6522.825204346005,21,3,2016-08-01
catboost_temp,2016-12-01,6994.0,6666.949578675393,21,4,2016-08-01
catboost_temp,2017-01-01,6788.0,6442.8932335307,21,5,2016-08-01
catboost_temp,2017-02-01,6271.0,6623.200734482149,21,6,2016-08-01
catboost_temp,2016-10-01,7426.0,6737.033140786265,22,1,2016-09-01
catboost_temp,2016-11-01,6700.0,6526.82399516127,22,2,2016-09-01
catboost_temp,2016-12-01,6994.0,6612.127929545419,22,3,2016-09-01
catboost_temp,2017-01-01,6788.0,6576.168905166307,22,4,2016-09-01
catboost_temp,2017-02-01,6271.0,6614.004398829428,22,5,2016-09-01
catboost_temp,2017-03-01,6794.0,7115.264385166407,22,6,2016-09-01
catboost_temp,2016-11-01,6700.0,6918.479728749889,23,1,2016-10-01
catboost_temp,2016-12-01,6994.0,6788.746990859799,23,2,2016-10-01
catboost_temp,2017-01-01,6788.0,6729.191510371421,23,3,2016-10-01
catboost_temp,2017-02-01,6271.0,6869.837098524529,23,4,2016-10-01
catboost_temp,2017-03-01,6794.0,7268.372827659578,23,5,2016-10-01
catboost_temp,2017-04-01,6884.0,7449.391083416809,23,6,2016-10-01
catboost_temp,2016-12-01,6994.0,6766.471103726549,24,1,2016-11-01
catboost_temp,2017-01-01,6788.0,6695.200285681311,24,2,2016-11-01
catboost_temp,2017-02-01,6271.0,6817.250575005509,24,3,2016-11-01
catboost_temp,2017-03-01,6794.0,7169.629448956453,24,4,2016-11-01
catboost_temp,2017-04-01,6884.0,7342.308329290061,24,5,2016-11-01
catboost_temp,2017-05-01,7651.0,7820.189069098537,24,6,2016-11-01
catboost_temp,2017-01-01,6788.0,6758.632240283261,25,1,2016-12-01
catboost_temp,2017-02-01,6271.0,6790.967216857173,25,2,2016-12-01
catboost_temp,2017-03-01,6794.0,7269.643288923073,25,3,2016-12-01
catboost_temp,2017-04-01,6884.0,7484.286009810367,25,4,2016-12-01
catboost_temp,2017-05-01,7651.0,7879.926805610592,25,5,2016-12-01
catboost_temp,2017-06-01,8009.0,8069.426506828055,25,6,2016-12-01
catboost_temp,2017-02-01,6271.0,6855.6326460380005,26,1,2017-01-01
catboost_temp,2017-03-01,6794.0,7263.189907742585,26,2,2017-01-01
catboost_temp,2017-04-01,6884.0,7441.879520161736,26,3,2017-01-01
catboost_temp,2017-05-01,7651.0,7910.795530584622,26,4,2017-01-01
catboost_temp,2017-06-01,8009.0,8032.948935948546,26,5,2017-01-01
catboost_temp,2017-07-01,8694.0,8067.693663631382,26,6,2017-01-01
catboost_temp,2017-03-01,6794.0,7125.896321379416,27,1,2017-02-01
catboost_temp,2017-04-01,6884.0,7424.238534409099,27,2,2017-02-01
catboost_temp,2017-05-01,7651.0,7744.109646233665,27,3,2017-02-01
catboost_temp,2017-06-01,8009.0,8009.042784872346,27,4,2017-02-01
catboost_temp,2017-07-01,8694.0,7933.250818279097,27,5,2017-02-01
catboost_temp,2017-08-01,8130.0,7948.249398118612,27,6,2017-02-01
catboost_temp,2017-04-01,6884.0,7387.268619251393,28,1,2017-03-01
catboost_temp,2017-05-01,7651.0,7746.836592483929,28,2,2017-03-01
catboost_temp,2017-06-01,8009.0,8018.362606411981,28,3,2017-03-01
catboost_temp,2017-07-01,8694.0,7946.961997577841,28,4,2017-03-01
catboost_temp,2017-08-01,8130.0,7986.45146806391,28,5,2017-03-01
catboost_temp,2017-09-01,7446.0,7614.6882598141965,28,6,2017-03-01
catboost_temp,2017-05-01,7651.0,7676.602284949384,29,1,2017-04-01
catboost_temp,2017-06-01,8009.0,7992.101933307205,29,2,2017-04-01
catboost_temp,2017-07-01,8694.0,7867.313824443799,29,3,2017-04-01
catboost_temp,2017-08-01,8130.0,7958.5306400890895,29,4,2017-04-01
catboost_temp,2017-09-01,7446.0,7773.869978351451,29,5,2017-04-01
catboost_temp,2017-10-01,7282.0,7460.423730727147,29,6,2017-04-01
catboost_temp,2017-06-01,8009.0,7974.100213583039,30,1,2017-05-01
catboost_temp,2017-07-01,8694.0,7932.385224342047,30,2,2017-05-01
catboost_temp,2017-08-01,8130.0,7945.7689567155685,30,3,2017-05-01
catboost_temp,2017-09-01,7446.0,7675.12537149593,30,4,2017-05-01
catboost_temp,2017-10-01,7282.0,7458.575478937495,30,5,2017-05-01
catboost_temp,2017-11-01,6830.0,6909.673387145541,30,6,2017-05-01
catboost_temp,2017-07-01,8694.0,7892.22496338649,31,1,2017-06-01
catboost_temp,2017-08-01,8130.0,7981.9287055386085,31,2,2017-06-01
catboost_temp,2017-09-01,7446.0,7790.116707602708,31,3,2017-06-01
catboost_temp,2017-10-01,7282.0,7526.202300207362,31,4,2017-06-01
catboost_temp,2017-11-01,6830.0,6915.095278262674,31,5,2017-06-01
catboost_temp,2017-12-01,6946.0,6979.448727090055,31,6,2017-06-01
catboost_temp,2017-08-01,8130.0,8018.818773143736,32,1,2017-07-01
catboost_temp,2017-09-01,7446.0,7825.673083889912,32,2,2017-07-01
catboost_temp,2017-10-01,7282.0,7624.715219340735,32,3,2017-07-01
catboost_temp,2017-11-01,6830.0,7035.635718074654,32,4,2017-07-01
catboost_temp,2017-12-01,6946.0,6932.078874088512,32,5,2017-07-01
catboost_temp,2018-01-01,6886.0,6768.274310861977,32,6,2017-07-01
catboost_temp,2017-09-01,7446.0,7805.870909463241,33,1,2017-08-01
catboost_temp,2017-10-01,7282.0,7599.917248801958,33,2,2017-08-01
catboost_temp,2017-11-01,6830.0,7147.805763822988,33,3,2017-08-01
catboost_temp,2017-12-01,6946.0,6967.996334592592,33,4,2017-08-01
catboost_temp,2018-01-01,6886.0,6819.225166487572,33,5,2017-08-01
catboost_temp,2018-02-01,5960.0,6539.91867185659,33,6,2017-08-01
catboost_temp,2017-10-01,7282.0,7545.639000321987,34,1,2017-09-01
catboost_temp,2017-11-01,6830.0,7058.517343022222,34,2,2017-09-01
catboost_temp,2017-12-01,6946.0,6953.318065569007,34,3,2017-09-01
catboost_temp,2018-01-01,6886.0,6782.584925612084,34,4,2017-09-01
catboost_temp,2018-02-01,5960.0,6456.499057101515,34,5,2017-09-01
catboost_temp,2018-03-01,6930.0,6673.168399478623,34,6,2017-09-01
catboost_temp,2017-11-01,6830.0,7082.26913399689,35,1,2017-10-01
catboost_temp,2017-12-01,6946.0,6881.706112736354,35,2,2017-10-01
catboost_temp,2018-01-01,6886.0,6733.859076423457,35,3,2017-10-01
catboost_temp,2018-02-01,5960.0,6569.992354381594,35,4,2017-10-01
catboost_temp,2018-03-01,6930.0,6625.9645754453895,35,5,2017-10-01
catboost_temp,2018-04-01,6769.0,6852.332028696577,35,6,2017-10-01
catboost_temp,2017-12-01,6946.0,6892.945118111124,36,1,2017-11-01
catboost_temp,2018-01-01,6886.0,6749.373728941205,36,2,2017-11-01
catboost_temp,2018-02-01,5960.0,6463.601868263104,36,3,2017-11-01
catboost_temp,2018-03-01,6930.0,6595.636226257312,36,4,2017-11-01
catboost_temp,2018-04-01,6769.0,6841.030268298501,36,5,2017-11-01
catboost_temp,2018-05-01,7511.0,7470.337467875391,36,6,2017-11-01
catboost_temp,2018-01-01,6886.0,6755.615060794472,37,1,2017-12-01
catboost_temp,2018-02-01,5960.0,6536.1512752899735,37,2,2017-12-01
catboost_temp,2018-03-01,6930.0,6618.363764039039,37,3,2017-12-01
catboost_temp,2018-04-01,6769.0,6883.234245685379,37,4,2017-12-01
catboost_temp,2018-05-01,7511.0,7550.064420359282,37,5,2017-12-01
catboost_temp,2018-06-01,8057.0,8014.883594871266,37,6,2017-12-01
catboost_temp,2018-02-01,5960.0,6463.381692933821,38,1,2018-01-01
catboost_temp,2018-03-01,6930.0,6611.997880444631,38,2,2018-01-01
catboost_temp,2018-04-01,6769.0,6861.32691750908,38,3,2018-01-01
catboost_temp,2018-05-01,7511.0,7525.124426448546,38,4,2018-01-01
catboost_temp,2018-06-01,8057.0,7980.289744320908,38,5,2018-01-01
catboost_temp,2018-07-01,8175.0,8366.829968976874,38,6,2018-01-01
catboost_temp,2018-03-01,6930.0,6553.706405917325,39,1,2018-02-01
catboost_temp,2018-04-01,6769.0,6825.611641393089,39,2,2018-02-01
catboost_temp,2018-05-01,7511.0,7515.7450981450265,39,3,2018-02-01
catboost_temp,2018-06-01,8057.0,7948.23010039765,39,4,2018-02-01
catboost_temp,2018-07-01,8175.0,8422.6833029882,39,5,2018-02-01
catboost_temp,2018-08-01,8328.0,7908.582134949735,39,6,2018-02-01
catboost_temp,2018-04-01,6769.0,6896.11204841465,40,1,2018-03-01
catboost_temp,2018-05-01,7511.0,7625.301223840787,40,2,2018-03-01
catboost_temp,2018-06-01,8057.0,8059.427569724537,40,3,2018-03-01
catboost_temp,2018-07-01,8175.0,8450.371514791776,40,4,2018-03-01
catboost_temp,2018-08-01,8328.0,7937.4616766329855,40,5,2018-03-01
catboost_temp,2018-09-01,7325.0,7544.518665673482,40,6,2018-03-01
catboost_temp,2018-05-01,7511.0,7524.455361068697,41,1,2018-04-01
catboost_temp,2018-06-01,8057.0,7993.127750961375,41,2,2018-04-01
catboost_temp,2018-07-01,8175.0,8392.876376591747,41,3,2018-04-01
catboost_temp,2018-08-01,8328.0,7906.127027343674,41,4,2018-04-01
catboost_temp,2018-09-01,7325.0,7633.779550183783,41,5,2018-04-01
catboost_temp,2018-10-01,7202.0,7373.848580216388,41,6,2018-04-01
catboost_temp,2018-06-01,8057.0,7999.155044474688,42,1,2018-05-01
catboost_temp,2018-07-01,8175.0,8351.94838384195,42,2,2018-05-01
catboost_temp,2018-08-01,8328.0,7904.129802242876,42,3,2018-05-01
catboost_temp,2018-09-01,7325.0,7652.456857830451,42,4,2018-05-01
catboost_temp,2018-10-01,7202.0,7363.04574605685,42,5,2018-05-01
catboost_temp,2018-11-01,7161.0,6759.493908758297,42,6,2018-05-01
catboost_temp,2018-07-01,8175.0,8385.146057116577,43,1,2018-06-01
catboost_temp,2018-08-01,8328.0,7926.147269576247,43,2,2018-06-01
catboost_temp,2018-09-01,7325.0,7651.320694363063,43,3,2018-06-01
catboost_temp,2018-10-01,7202.0,7321.664924996299,43,4,2018-06-01
catboost_temp,2018-11-01,7161.0,6784.777236277597,43,5,2018-06-01
catboost_temp,2018-12-01,7409.0,6841.690663630818,43,6,2018-06-01
catboost_temp,2018-08-01,8328.0,7949.7957923102,44,1,2018-07-01
catboost_temp,2018-09-01,7325.0,7695.854514502158,44,2,2018-07-01
catboost_temp,2018-10-01,7202.0,7361.90995401363,44,3,2018-07-01
catboost_temp,2018-11-01,7161.0,6803.078177478768,44,4,2018-07-01
catboost_temp,2018-12-01,7409.0,6885.764233896071,44,5,2018-07-01
catboost_temp,2019-01-01,7117.0,6839.269504851354,44,6,2018-07-01
catboost_temp,2018-09-01,7325.0,7713.822772530503,45,1,2018-08-01
catboost_temp,2018-10-01,7202.0,7336.371635310683,45,2,2018-08-01
catboost_temp,2018-11-01,7161.0,6856.526186806789,45,3,2018-08-01
catboost_temp,2018-12-01,7409.0,6942.119340059638,45,4,2018-08-01
catboost_temp,2019-01-01,7117.0,6861.765331360109,45,5,2018-08-01
catboost_temp,2019-02-01,6307.0,6282.617600735786,45,6,2018-08-01
catboost_temp,2018-10-01,7202.0,7297.346217743165,46,1,2018-09-01
catboost_temp,2018-11-01,7161.0,6844.930266163892,46,2,2018-09-01
catboost_temp,2018-12-01,7409.0,6914.225474806852,46,3,2018-09-01
catboost_temp,2019-01-01,7117.0,6842.1618710645,46,4,2018-09-01
catboost_temp,2019-02-01,6307.0,6301.613904845274,46,5,2018-09-01
catboost_temp,2019-03-01,7067.0,6698.062636482033,46,6,2018-09-01
catboost_temp,2018-11-01,7161.0,6825.159465596803,47,1,2018-10-01
catboost_temp,2018-12-01,7409.0,6879.200377236149,47,2,2018-10-01
catboost_temp,2019-01-01,7117.0,6818.47702930624,47,3,2018-10-01
catboost_temp,2019-02-01,6307.0,6328.05306189591,47,4,2018-10-01
catboost_temp,2019-03-01,7067.0,6684.549172733722,47,5,2018-10-01
catboost_temp,2019-04-01,7108.0,6791.222161454192,47,6,2018-10-01
catboost_temp,2018-12-01,7409.0,6930.713017372415,48,1,2018-11-01
catboost_temp,2019-01-01,7117.0,6862.690678134955,48,2,2018-11-01
catboost_temp,2019-02-01,6307.0,6291.465277321913,48,3,2018-11-01
catboost_temp,2019-03-01,7067.0,6595.453065366645,48,4,2018-11-01
catboost_temp,2019-04-01,7108.0,6839.2667656955055,48,5,2018-11-01
catboost_temp,2019-05-01,7776.0,7526.945238795128,48,6,2018-11-01
catboost_temp,2019-01-01,7117.0,7029.17527635335,49,1,2018-12-01
catboost_temp,2019-02-01,6307.0,6469.016944647602,49,2,2018-12-01
catboost_temp,2019-03-01,7067.0,6811.98729400358,49,3,2018-12-01
catboost_temp,2019-04-01,7108.0,6830.843838029332,49,4,2018-12-01
catboost_temp,2019-05-01,7776.0,7469.443737317053,49,5,2018-12-01
catboost_temp,2019-06-01,8274.0,7976.715094999026,49,6,2018-12-01
catboost_temp,2019-02-01,6307.0,6503.409492834612,50,1,2019-01-01
catboost_temp,2019-03-01,7067.0,6818.780941980838,50,2,2019-01-01
catboost_temp,2019-04-01,7108.0,6851.553883343674,50,3,2019-01-01
catboost_temp,2019-05-01,7776.0,7498.312419162338,50,4,2019-01-01
catboost_temp,2019-06-01,8274.0,7927.805704883712,50,5,2019-01-01
catboost_temp,2019-07-01,8919.0,8363.230246509012,50,6,2019-01-01
catboost_temp,2019-03-01,7067.0,6780.504140262135,51,1,2019-02-01
catboost_temp,2019-04-01,7108.0,6922.842431674234,51,2,2019-02-01
catboost_temp,2019-05-01,7776.0,7512.830688847416,51,3,2019-02-01
catboost_temp,2019-06-01,8274.0,7940.608348413014,51,4,2019-02-01
catboost_temp,2019-07-01,8919.0,8390.701969939473,51,5,2019-02-01
catboost_temp,2019-08-01,8180.0,8033.017084085754,51,6,2019-02-01
catboost_temp,2019-04-01,7108.0,6906.889769574674,52,1,2019-03-01
catboost_temp,2019-05-01,7776.0,7507.568001286234,52,2,2019-03-01
catboost_temp,2019-06-01,8274.0,8065.124670970801,52,3,2019-03-01
catboost_temp,2019-07-01,8919.0,8388.632872739734,52,4,2019-03-01
catboost_temp,2019-08-01,8180.0,8025.52300387375,52,5,2019-03-01
catboost_temp,2019-09-01,7664.0,7560.132434182538,52,6,2019-03-01
catboost_temp,2019-05-01,7776.0,7497.188271438916,53,1,2019-04-01
catboost_temp,2019-06-01,8274.0,8055.8936060480755,53,2,2019-04-01
catboost_temp,2019-07-01,8919.0,8416.247116640225,53,3,2019-04-01
catboost_temp,2019-08-01,8180.0,8033.563461526816,53,4,2019-04-01
catboost_temp,2019-09-01,7664.0,7522.751284057589,53,5,2019-04-01
catboost_temp,2019-10-01,7254.0,7497.363004878237,53,6,2019-04-01
catboost_temp,2019-06-01,8274.0,8093.020009447207,54,1,2019-05-01
catboost_temp,2019-07-01,8919.0,8446.959191038091,54,2,2019-05-01
catboost_temp,2019-08-01,8180.0,8009.046119046417,54,3,2019-05-01
catboost_temp,2019-09-01,7664.0,7547.742389318271,54,4,2019-05-01
catboost_temp,2019-10-01,7254.0,7569.233962706952,54,5,2019-05-01
catboost_temp,2019-11-01,6785.0,7267.041201604836,54,6,2019-05-01
catboost_temp,2019-07-01,8919.0,8410.787785994506,55,1,2019-06-01
catboost_temp,2019-08-01,8180.0,7974.724190636045,55,2,2019-06-01
catboost_temp,2019-09-01,7664.0,7547.562310974463,55,3,2019-06-01
catboost_temp,2019-10-01,7254.0,7522.555856969462,55,4,2019-06-01
catboost_temp,2019-11-01,6785.0,7353.428066461233,55,5,2019-06-01
catboost_temp,2019-12-01,6987.0,7378.785994636821,55,6,2019-06-01
catboost_temp,2019-08-01,8180.0,8095.05759173029,56,1,2019-07-01
catboost_temp,2019-09-01,7664.0,7570.051131875975,56,2,2019-07-01
catboost_temp,2019-10-01,7254.0,7544.469689831328,56,3,2019-07-01
catboost_temp,2019-11-01,6785.0,7515.371878724703,56,4,2019-07-01
catboost_temp,2019-12-01,6987.0,7417.214423381591,56,5,2019-07-01
catboost_temp,2020-01-01,7194.0,7122.787890429815,56,6,2019-07-01
catboost_temp,2019-09-01,7664.0,7630.415244055659,57,1,2019-08-01
catboost_temp,2019-10-01,7254.0,7604.349845892596,57,2,2019-08-01
catboost_temp,2019-11-01,6785.0,7561.36204669402,57,3,2019-08-01
catboost_temp,2019-12-01,6987.0,7425.710061401514,57,4,2019-08-01
catboost_temp,2020-01-01,7194.0,7120.295322210515,57,5,2019-08-01
catboost_temp,2020-02-01,6848.0,6459.598549683235,57,6,2019-08-01
catboost_temp,2019-10-01,7254.0,7633.493048480556,58,1,2019-09-01
catboost_temp,2019-11-01,6785.0,7538.807082630457,58,2,2019-09-01
catboost_temp,2019-12-01,6987.0,7510.191458601942,58,3,2019-09-01
catboost_temp,2020-01-01,7194.0,7098.195531644739,58,4,2019-09-01
catboost_temp,2020-02-01,6848.0,6531.348857482464,58,5,2019-09-01
catboost_temp,2020-03-01,7324.0,7041.150660312936,58,6,2019-09-01
catboost_temp,2019-11-01,6785.0,7452.998423112181,59,1,2019-10-01
catboost_temp,2019-12-01,6987.0,7439.0725045399295,59,2,2019-10-01
catboost_temp,2020-01-01,7194.0,7082.724987984263,59,3,2019-10-01
catboost_temp,2020-02-01,6848.0,6504.374978836962,59,4,2019-10-01
catboost_temp,2020-03-01,7324.0,7068.255022826451,59,5,2019-10-01
catboost_temp,2020-04-01,5978.0,7113.483239007906,59,6,2019-10-01
catboost_temp,2019-12-01,6987.0,7270.228862113064,60,1,2019-11-01
catboost_temp,2020-01-01,7194.0,6947.078170096854,60,2,2019-11-01
catboost_temp,2020-02-01,6848.0,6323.62763083814,60,3,2019-11-01
catboost_temp,2020-03-01,7324.0,7026.711536101157,60,4,2019-11-01
catboost_temp,2020-04-01,5978.0,6963.569393469615,60,5,2019-11-01
catboost_temp,2020-05-01,7062.0,7773.214390039993,60,6,2019-11-01
catboost_temp,2020-01-01,7194.0,6920.26707867394,61,1,2019-12-01
catboost_temp,2020-02-01,6848.0,6271.523152447442,61,2,2019-12-01
catboost_temp,2020-03-01,7324.0,6953.308780742141,61,3,2019-12-01
catboost_temp,2020-04-01,5978.0,6946.113993445947,61,4,2019-12-01
catboost_temp,2020-05-01,7062.0,7720.4591293961985,61,5,2019-12-01
catboost_temp,2020-06-01,6948.0,8138.59088380998,61,6,2019-12-01
catboost_temp,2020-02-01,6848.0,6279.25309435664,62,1,2020-01-01
catboost_temp,2020-03-01,7324.0,7000.132153411842,62,2,2020-01-01
catboost_temp,2020-04-01,5978.0,7063.13178801433,62,3,2020-01-01
catboost_temp,2020-05-01,7062.0,7848.2507200377995,62,4,2020-01-01
catboost_temp,2020-06-01,6948.0,8204.356163695807,62,5,2020-01-01
catboost_temp,2020-07-01,7392.0,8692.813608331384,62,6,2020-01-01
catboost_temp,2020-03-01,7324.0,7000.483104517494,63,1,2020-02-01
catboost_temp,2020-04-01,5978.0,7135.196125006691,63,2,2020-02-01
catboost_temp,2020-05-01,7062.0,7854.875768021511,63,3,2020-02-01
catboost_temp,2020-06-01,6948.0,8196.913346790629,63,4,2020-02-01
catboost_temp,2020-07-01,7392.0,8672.204010562346,63,5,2020-02-01
catboost_temp,2020-08-01,7678.0,8099.657447390653,63,6,2020-02-01
catboost_temp,2020-04-01,5978.0,7217.211315993735,64,1,2020-03-01
catboost_temp,2020-05-01,7062.0,7860.420199809791,64,2,2020-03-01
catboost_temp,2020-06-01,6948.0,8282.755032766932,64,3,2020-03-01
catboost_temp,2020-07-01,7392.0,8545.630964155534,64,4,2020-03-01
catboost_temp,2020-08-01,7678.0,8035.591656912874,64,5,2020-03-01
catboost_temp,2020-09-01,7005.0,7736.708167008935,64,6,2020-03-01
catboost_temp,2020-05-01,7062.0,7824.5797875091375,65,1,2020-04-01
catboost_temp,2020-06-01,6948.0,8087.486415040249,65,2,2020-04-01
catboost_temp,2020-07-01,7392.0,8473.667190953345,65,3,2020-04-01
catboost_temp,2020-08-01,7678.0,8012.668247817064,65,4,2020-04-01
catboost_temp,2020-09-01,7005.0,7678.999398333711,65,5,2020-04-01
catboost_temp,2020-10-01,7385.0,7301.6171230793,65,6,2020-04-01
catboost_temp,2020-06-01,6948.0,7881.04125705316,66,1,2020-05-01
catboost_temp,2020-07-01,7392.0,8217.344039153164,66,2,2020-05-01
catboost_temp,2020-08-01,7678.0,8077.781072092532,66,3,2020-05-01
catboost_temp,2020-09-01,7005.0,7768.928222227573,66,4,2020-05-01
catboost_temp,2020-10-01,7385.0,7242.421438907131,66,5,2020-05-01
catboost_temp,2020-11-01,6872.0,6913.832470379009,66,6,2020-05-01
catboost_temp,2020-07-01,7392.0,7890.561278422376,67,1,2020-06-01
catboost_temp,2020-08-01,7678.0,8013.188039458362,67,2,2020-06-01
catboost_temp,2020-09-01,7005.0,7822.359455828254,67,3,2020-06-01
catboost_temp,2020-10-01,7385.0,7220.633993457814,67,4,2020-06-01
catboost_temp,2020-11-01,6872.0,6880.165887635563,67,5,2020-06-01
catboost_temp,2020-12-01,6781.0,7028.223348739118,67,6,2020-06-01
catboost_temp,2020-08-01,7678.0,7805.468382056392,68,1,2020-07-01
catboost_temp,2020-09-01,7005.0,7793.324733952945,68,2,2020-07-01
catboost_temp,2020-10-01,7385.0,7193.478374154747,68,3,2020-07-01
catboost_temp,2020-11-01,6872.0,6889.883130271753,68,4,2020-07-01
catboost_temp,2020-12-01,6781.0,7010.632869257122,68,5,2020-07-01
catboost_temp,2021-01-01,6917.0,6924.9879964952615,68,6,2020-07-01
catboost_temp,2020-09-01,7005.0,7726.288649564623,69,1,2020-08-01
catboost_temp,2020-10-01,7385.0,7241.117894423091,69,2,2020-08-01
catboost_temp,2020-11-01,6872.0,6891.201981054799,69,3,2020-08-01
catboost_temp,2020-12-01,6781.0,7038.508188985734,69,4,2020-08-01
catboost_temp,2021-01-01,6917.0,6939.526446324606,69,5,2020-08-01
catboost_temp,2021-02-01,6217.0,6982.965245305233,69,6,2020-08-01
catboost_temp,2020-10-01,7385.0,7082.1406737597135,70,1,2020-09-01
catboost_temp,2020-11-01,6872.0,6774.874461761406,70,2,2020-09-01
catboost_temp,2020-12-01,6781.0,6958.966246286173,70,3,2020-09-01
catboost_temp,2021-01-01,6917.0,6924.962766500588,70,4,2020-09-01
catboost_temp,2021-02-01,6217.0,6907.443309094665,70,5,2020-09-01
catboost_temp,2021-03-01,7569.0,7008.126853957161,70,6,2020-09-01
catboost_temp,2020-11-01,6872.0,6834.222400180966,71,1,2020-10-01
catboost_temp,2020-12-01,6781.0,7008.968268050083,71,2,2020-10-01
catboost_temp,2021-01-01,6917.0,6972.8183509991695,71,3,2020-10-01
catboost_temp,2021-02-01,6217.0,6894.535387679264,71,4,2020-10-01
catboost_temp,2021-03-01,7569.0,7083.245571296895,71,5,2020-10-01
catboost_temp,2021-04-01,6917.0,6303.596047192075,71,6,2020-10-01
catboost_temp,2020-12-01,6781.0,7084.109175034157,72,1,2020-11-01
catboost_temp,2021-01-01,6917.0,7007.246573086751,72,2,2020-11-01
catboost_temp,2021-02-01,6217.0,6910.114856610681,72,3,2020-11-01
catboost_temp,2021-03-01,7569.0,7057.598210815615,72,4,2020-11-01
catboost_temp,2021-04-01,6917.0,6307.67792323415,72,5,2020-11-01
catboost_temp,2021-05-01,8253.0,7202.311644840612,72,6,2020-11-01
catboost_temp,2021-01-01,6917.0,6984.259228043328,73,1,2020-12-01
catboost_temp,2021-02-01,6217.0,6858.116763682524,73,2,2020-12-01
catboost_temp,2021-03-01,7569.0,7086.816158248923,73,3,2020-12-01
catboost_temp,2021-04-01,6917.0,6321.999781213758,73,4,2020-12-01
catboost_temp,2021-05-01,8253.0,7109.316441877465,73,5,2020-12-01
catboost_temp,2021-06-01,8153.0,7212.125242979151,73,6,2020-12-01
catboost_temp,2021-02-01,6217.0,6787.376288090438,74,1,2021-01-01
catboost_temp,2021-03-01,7569.0,7067.550782584351,74,2,2021-01-01
catboost_temp,2021-04-01,6917.0,6291.782541741535,74,3,2021-01-01
catboost_temp,2021-05-01,8253.0,7087.3867326055015,74,4,2021-01-01
catboost_temp,2021-06-01,8153.0,7171.084047292638,74,5,2021-01-01
catboost_temp,2021-07-01,9251.0,7791.74595069435,74,6,2021-01-01
catboost_temp,2021-03-01,7569.0,6973.800491015983,75,1,2021-02-01
catboost_temp,2021-04-01,6917.0,6271.473733769633,75,2,2021-02-01
catboost_temp,2021-05-01,8253.0,7060.672049241866,75,3,2021-02-01
catboost_temp,2021-06-01,8153.0,7171.019313904593,75,4,2021-02-01
catboost_temp,2021-07-01,9251.0,7680.572951062427,75,5,2021-02-01
catboost_temp,2021-08-01,8830.0,7828.770302197111,75,6,2021-02-01
catboost_temp,2021-04-01,6917.0,6398.336503558855,76,1,2021-03-01
catboost_temp,2021-05-01,8253.0,7203.672175611592,76,2,2021-03-01
catboost_temp,2021-06-01,8153.0,7326.867041477013,76,3,2021-03-01
catboost_temp,2021-07-01,9251.0,7768.303869545507,76,4,2021-03-01
catboost_temp,2021-08-01,8830.0,7813.3212900230155,76,5,2021-03-01
catboost_temp,2021-09-01,7512.0,7134.1935813848595,76,6,2021-03-01
catboost_temp,2021-05-01,8253.0,7240.213879495528,77,1,2021-04-01
catboost_temp,2021-06-01,8153.0,7335.68829437682,77,2,2021-04-01
catboost_temp,2021-07-01,9251.0,7797.980707444901,77,3,2021-04-01
catboost_temp,2021-08-01,8830.0,7864.109371245886,77,4,2021-04-01
catboost_temp,2021-09-01,7512.0,7199.87736857746,77,5,2021-04-01
catboost_temp,2021-10-01,7656.0,7296.212880976023,77,6,2021-04-01
catboost_temp,2021-06-01,8153.0,7618.748014542679,78,1,2021-05-01
catboost_temp,2021-07-01,9251.0,8089.061400081635,78,2,2021-05-01
catboost_temp,2021-08-01,8830.0,7897.7350204582535,78,3,2021-05-01
catboost_temp,2021-09-01,7512.0,7283.571430598285,78,4,2021-05-01
catboost_temp,2021-10-01,7656.0,7294.4786181966,78,5,2021-05-01
catboost_temp,2021-11-01,7603.0,6884.166094742398,78,6,2021-05-01
catboost_temp,2021-07-01,9251.0,8126.753779017728,79,1,2021-06-01
catboost_temp,2021-08-01,8830.0,7939.530628701939,79,2,2021-06-01
catboost_temp,2021-09-01,7512.0,7262.285589904188,79,3,2021-06-01
catboost_temp,2021-10-01,7656.0,7292.097269572363,79,4,2021-06-01
catboost_temp,2021-11-01,7603.0,6903.205482115243,79,5,2021-06-01
catboost_temp,2021-12-01,8237.0,6902.116259205616,79,6,2021-06-01
catboost_temp,2021-08-01,8830.0,7965.226087731933,80,1,2021-07-01
catboost_temp,2021-09-01,7512.0,7199.931405130077,80,2,2021-07-01
catboost_temp,2021-10-01,7656.0,7308.909181552042,80,3,2021-07-01
catboost_temp,2021-11-01,7603.0,6914.352641062484,80,4,2021-07-01
catboost_temp,2021-12-01,8237.0,6835.937491530574,80,5,2021-07-01
catboost_temp,2022-01-01,9582.0,6995.978268648504,80,6,2021-07-01
catboost_temp,2021-09-01,7512.0,7329.764227775304,81,1,2021-08-01
catboost_temp,2021-10-01,7656.0,7380.330935851866,81,2,2021-08-01
catboost_temp,2021-11-01,7603.0,7029.814809061321,81,3,2021-08-01
catboost_temp,2021-12-01,8237.0,6916.1440460955555,81,4,2021-08-01
catboost_temp,2022-01-01,9582.0,7064.9797603981,81,5,2021-08-01
catboost_temp,2022-02-01,7227.0,6503.26715276564,81,6,2021-08-01
catboost_temp,2021-10-01,7656.0,7348.968034376714,82,1,2021-09-01
catboost_temp,2021-11-01,7603.0,7008.484641213159,82,2,2021-09-01
catboost_temp,2021-12-01,8237.0,6877.820313392693,82,3,2021-09-01
catboost_temp,2022-01-01,9582.0,7087.765050573955,82,4,2021-09-01
catboost_temp,2022-02-01,7227.0,6580.953793887981,82,5,2021-09-01
catboost_temp,2022-03-01,7504.0,7196.321688517306,82,6,2021-09-01
catboost_temp,2021-11-01,7603.0,7090.09205983682,83,1,2021-10-01
catboost_temp,2021-12-01,8237.0,6966.389844500435,83,2,2021-10-01
catboost_temp,2022-01-01,9582.0,7083.285585536351,83,3,2021-10-01
catboost_temp,2022-02-01,7227.0,6676.721587722883,83,4,2021-10-01
catboost_temp,2022-03-01,7504.0,7216.401333275158,83,5,2021-10-01
catboost_temp,2022-04-01,7589.0,6302.237872626097,83,6,2021-10-01
catboost_temp,2021-12-01,8237.0,7102.092275235819,84,1,2021-11-01
catboost_temp,2022-01-01,9582.0,7212.847663175179,84,2,2021-11-01
catboost_temp,2022-02-01,7227.0,6711.134411357967,84,3,2021-11-01
catboost_temp,2022-03-01,7504.0,7284.959313941667,84,4,2021-11-01
catboost_temp,2022-04-01,7589.0,6521.905332826206,84,5,2021-11-01
catboost_temp,2022-05-01,8846.0,7277.520152369998,84,6,2021-11-01
catboost_temp,2022-01-01,9582.0,7480.225500003942,85,1,2021-12-01
catboost_temp,2022-02-01,7227.0,7008.685367183573,85,2,2021-12-01
catboost_temp,2022-03-01,7504.0,7386.901011844149,85,3,2021-12-01
catboost_temp,2022-04-01,7589.0,6436.237288126635,85,4,2021-12-01
catboost_temp,2022-05-01,8846.0,7232.673969268157,85,5,2021-12-01
catboost_temp,2022-06-01,9057.0,7507.263170182159,85,6,2021-12-01
catboost_temp,2022-02-01,7227.0,7628.788916805622,86,1,2022-01-01
catboost_temp,2022-03-01,7504.0,7824.409728553075,86,2,2022-01-01
catboost_temp,2022-04-01,7589.0,7132.669343410734,86,3,2022-01-01
catboost_temp,2022-05-01,8846.0,7394.378311405253,86,4,2022-01-01
catboost_temp,2022-06-01,9057.0,7712.289279544342,86,5,2022-01-01
catboost_temp,2022-07-01,8699.0,8281.145240057054,86,6,2022-01-01
catboost_temp,2022-03-01,7504.0,7520.203788088813,87,1,2022-02-01
catboost_temp,2022-04-01,7589.0,6619.500520483776,87,2,2022-02-01
catboost_temp,2022-05-01,8846.0,7291.7383427057075,87,3,2022-02-01
catboost_temp,2022-06-01,9057.0,7643.293642465465,87,4,2022-02-01
catboost_temp,2022-07-01,8699.0,8085.538977058288,87,5,2022-02-01
catboost_temp,2022-08-01,8834.0,8133.780913467682,87,6,2022-02-01
catboost_temp,2022-04-01,7589.0,6571.179288705804,88,1,2022-03-01
catboost_temp,2022-05-01,8846.0,7286.940560170642,88,2,2022-03-01
catboost_temp,2022-06-01,9057.0,7591.353624730251,88,3,2022-03-01
catboost_temp,2022-07-01,8699.0,8216.701791507236,88,4,2022-03-01
catboost_temp,2022-08-01,8834.0,8287.914466097829,88,5,2022-03-01
catboost_temp,2022-09-01,8228.0,7928.217645588398,88,6,2022-03-01
catboost_temp,2022-05-01,8846.0,7410.208415996697,89,1,2022-04-01
catboost_temp,2022-06-01,9057.0,7786.3034816657855,89,2,2022-04-01
catboost_temp,2022-07-01,8699.0,8106.668510896746,89,3,2022-04-01
catboost_temp,2022-08-01,8834.0,8239.041282243343,89,4,2022-04-01
catboost_temp,2022-09-01,8228.0,8102.158886462035,89,5,2022-04-01
catboost_temp,2022-10-01,8388.0,7424.659136615695,89,6,2022-04-01
catboost_temp,2022-06-01,9057.0,8696.660766848727,90,1,2022-05-01
catboost_temp,2022-07-01,8699.0,8607.388996449858,90,2,2022-05-01
catboost_temp,2022-08-01,8834.0,8295.832366887618,90,3,2022-05-01
catboost_temp,2022-09-01,8228.0,8225.78173196105,90,4,2022-05-01
catboost_temp,2022-10-01,8388.0,8004.842220127577,90,5,2022-05-01
catboost_temp,2022-11-01,7588.0,8081.007834257965,90,6,2022-05-01
catboost_temp,2022-07-01,8699.0,8607.997033775317,91,1,2022-06-01
catboost_temp,2022-08-01,8834.0,8332.573137346491,91,2,2022-06-01
catboost_temp,2022-09-01,8228.0,8326.355433442111,91,3,2022-06-01
catboost_temp,2022-10-01,8388.0,8283.726686510421,91,4,2022-06-01
catboost_temp,2022-11-01,7588.0,8420.798581078565,91,5,2022-06-01
catboost_temp,2022-12-01,7850.0,8281.315888042935,91,6,2022-06-01
catboost_temp,2022-08-01,8834.0,8404.14556095424,92,1,2022-07-01
catboost_temp,2022-09-01,8228.0,8321.2106568279,92,2,2022-07-01
catboost_temp,2022-10-01,8388.0,8248.126605848292,92,3,2022-07-01
catboost_temp,2022-11-01,7588.0,8428.00524584596,92,4,2022-07-01
catboost_temp,2022-12-01,7850.0,8283.879912303486,92,5,2022-07-01
catboost_temp,2023-01-01,7563.0,8349.596804086192,92,6,2022-07-01
catboost_temp,2022-09-01,8228.0,8218.957654450598,93,1,2022-08-01
catboost_temp,2022-10-01,8388.0,8224.360863291125,93,2,2022-08-01
catboost_temp,2022-11-01,7588.0,8453.1525779169,93,3,2022-08-01
catboost_temp,2022-12-01,7850.0,8183.018581745513,93,4,2022-08-01
catboost_temp,2023-01-01,7563.0,8368.099573608082,93,5,2022-08-01
catboost_temp,2023-02-01,6551.0,8265.264384275522,93,6,2022-08-01
catboost_temp,2022-10-01,8388.0,8290.561176144383,94,1,2022-09-01
catboost_temp,2022-11-01,7588.0,8336.458499407952,94,2,2022-09-01
catboost_temp,2022-12-01,7850.0,8196.206334011498,94,3,2022-09-01
catboost_temp,2023-01-01,7563.0,8296.08659041188,94,4,2022-09-01
catboost_temp,2023-02-01,6551.0,8212.538151970299,94,5,2022-09-01
catboost_temp,2023-03-01,7507.0,8101.226237322162,94,6,2022-09-01
catboost_temp,2022-11-01,7588.0,8483.639123369503,95,1,2022-10-01
catboost_temp,2022-12-01,7850.0,8283.407783883633,95,2,2022-10-01
catboost_temp,2023-01-01,7563.0,8374.128478998087,95,3,2022-10-01
catboost_temp,2023-02-01,6551.0,8302.15183721753,95,4,2022-10-01
catboost_temp,2023-03-01,7507.0,8193.371834651562,95,5,2022-10-01
catboost_temp,2023-04-01,7745.0,8351.318651874408,95,6,2022-10-01
catboost_temp,2022-12-01,7850.0,8040.170860306565,96,1,2022-11-01
catboost_temp,2023-01-01,7563.0,8156.310318614384,96,2,2022-11-01
catboost_temp,2023-02-01,6551.0,8187.307660672929,96,3,2022-11-01
catboost_temp,2023-03-01,7507.0,8215.667686825393,96,4,2022-11-01
catboost_temp,2023-04-01,7745.0,8019.298670231872,96,5,2022-11-01
catboost_temp,2023-05-01,8600.0,8257.704957355167,96,6,2022-11-01
catboost_temp,2023-01-01,7563.0,8097.472123621267,97,1,2022-12-01
catboost_temp,2023-02-01,6551.0,8123.769955660335,97,2,2022-12-01
catboost_temp,2023-03-01,7507.0,8009.751106543614,97,3,2022-12-01
catboost_temp,2023-04-01,7745.0,7889.8052357034085,97,4,2022-12-01
catboost_temp,2023-05-01,8600.0,8259.765422212238,97,5,2022-12-01
catboost_temp,2023-06-01,9151.0,8479.26407749841,97,6,2022-12-01
catboost_temp,2023-02-01,6551.0,7731.023107691649,98,1,2023-01-01
catboost_temp,2023-03-01,7507.0,7917.856579081894,98,2,2023-01-01
catboost_temp,2023-04-01,7745.0,7783.051391233805,98,3,2023-01-01
catboost_temp,2023-05-01,8600.0,8073.423093843443,98,4,2023-01-01
catboost_temp,2023-06-01,9151.0,8259.35739190184,98,5,2023-01-01
catboost_temp,2023-07-01,9183.0,8458.011906656257,98,6,2023-01-01
catboost_temp,2023-03-01,7507.0,7074.223352300115,99,1,2023-02-01
catboost_temp,2023-04-01,7745.0,7173.990246866857,99,2,2023-02-01
catboost_temp,2023-05-01,8600.0,7464.101218383092,99,3,2023-02-01
catboost_temp,2023-06-01,9151.0,7848.5909110991215,99,4,2023-02-01
catboost_temp,2023-07-01,9183.0,8218.286277093654,99,5,2023-02-01
catboost_temp,2023-08-01,8297.0,8416.889081330215,99,6,2023-02-01
catboost_temp,2023-04-01,7745.0,7318.592547715019,100,1,2023-03-01
catboost_temp,2023-05-01,8600.0,7724.667465271847,100,2,2023-03-01
catboost_temp,2023-06-01,9151.0,8230.898164995937,100,3,2023-03-01
catboost_temp,2023-07-01,9183.0,8464.437455104278,100,4,2023-03-01
catboost_temp,2023-08-01,8297.0,8567.063594646086,100,5,2023-03-01
catboost_temp,2023-09-01,7823.0,8211.542575801108,100,6,2023-03-01
catboost_temp,2023-05-01,8600.0,8065.775972325133,101,1,2023-04-01
catboost_temp,2023-06-01,9151.0,8395.170542966827,101,2,2023-04-01
catboost_temp,2023-07-01,9183.0,8392.605745349818,101,3,2023-04-01
catboost_temp,2023-08-01,8297.0,8539.819279493611,101,4,2023-04-01
catboost_temp,2023-09-01,7823.0,8161.862541291913,101,5,2023-04-01
catboost_temp,2023-10-01,7507.0,7921.255470095485,101,6,2023-04-01
catboost_temp,2023-06-01,9151.0,8624.304074270796,102,1,2023-05-01
catboost_temp,2023-07-01,9183.0,8489.592522426652,102,2,2023-05-01
catboost_temp,2023-08-01,8297.0,8549.959841571223,102,3,2023-05-01
catboost_temp,2023-09-01,7823.0,8055.236198542042,102,4,2023-05-01
catboost_temp,2023-10-01,7507.0,7852.467947684987,102,5,2023-05-01
catboost_temp,2023-11-01,8107.0,7694.985116923295,102,6,2023-05-01
catboost_temp,2023-07-01,9183.0,8552.198900738922,103,1,2023-06-01
catboost_temp,2023-08-01,8297.0,8667.44019111085,103,2,2023-06-01
catboost_temp,2023-09-01,7823.0,8137.539708672268,103,3,2023-06-01
catboost_temp,2023-10-01,7507.0,8087.441211373763,103,4,2023-06-01
catboost_temp,2023-11-01,8107.0,7940.793600636101,103,5,2023-06-01
catboost_temp,2023-12-01,7504.0,7820.645686701517,103,6,2023-06-01
