model,mae,rmse,smape,n_predictions
sarima,1.0680087369061453,1.2768263759377734,0.5005444214914281,114
timesfm,1.4645440620288515,1.898701355561261,0.6801833613021016,114
prophet,2.6240748358791173,3.5761913866328086,1.233644810925936,114
