model,date,y_true,y_pred,window,horizon,train_end
sarima_slide60,2015-01-01,7184.0,6487.787468985783,1,1,2014-12-01
sarima_slide60,2015-02-01,5958.0,6225.908196659557,1,2,2014-12-01
sarima_slide60,2015-03-01,6658.0,6486.16379192088,1,3,2014-12-01
sarima_slide60,2015-04-01,7069.0,6494.618875283324,1,4,2014-12-01
sarima_slide60,2015-05-01,8099.0,7380.472721494108,1,5,2014-12-01
sarima_slide60,2015-06-01,7868.0,7661.1473181174915,1,6,2014-12-01
sarima_slide60,2015-02-01,5958.0,6293.620389003935,2,1,2015-01-01
sarima_slide60,2015-03-01,6658.0,6629.963097651941,2,2,2015-01-01
sarima_slide60,2015-04-01,7069.0,6628.775808997431,2,3,2015-01-01
sarima_slide60,2015-05-01,8099.0,7524.874135563662,2,4,2015-01-01
sarima_slide60,2015-06-01,7868.0,7787.552846771981,2,5,2015-01-01
sarima_slide60,2015-07-01,7986.0,8059.3922226051245,2,6,2015-01-01
sarima_slide60,2015-03-01,6658.0,6578.65831590379,3,1,2015-02-01
sarima_slide60,2015-04-01,7069.0,6539.7835286452855,3,2,2015-02-01
sarima_slide60,2015-05-01,8099.0,7431.913588120214,3,3,2015-02-01
sarima_slide60,2015-06-01,7868.0,7712.11080011124,3,4,2015-02-01
sarima_slide60,2015-07-01,7986.0,7978.03236516898,3,5,2015-02-01
sarima_slide60,2015-08-01,7251.0,7662.709325826257,3,6,2015-02-01
sarima_slide60,2015-04-01,7069.0,6479.94046995031,4,1,2015-03-01
sarima_slide60,2015-05-01,8099.0,7384.36840546087,4,2,2015-03-01
sarima_slide60,2015-06-01,7868.0,7662.8767549715185,4,3,2015-03-01
sarima_slide60,2015-07-01,7986.0,7929.386705630384,4,4,2015-03-01
sarima_slide60,2015-08-01,7251.0,7614.384697307841,4,5,2015-03-01
sarima_slide60,2015-09-01,7163.0,7060.914014280899,4,6,2015-03-01
sarima_slide60,2015-05-01,8099.0,7566.148557575199,5,1,2015-04-01
sarima_slide60,2015-06-01,7868.0,7865.418005477583,5,2,2015-04-01
sarima_slide60,2015-07-01,7986.0,8130.379041879653,5,3,2015-04-01
sarima_slide60,2015-08-01,7251.0,7876.701672168352,5,4,2015-04-01
sarima_slide60,2015-09-01,7163.0,7269.873739720206,5,5,2015-04-01
sarima_slide60,2015-10-01,6690.0,7264.757801322824,5,6,2015-04-01
sarima_slide60,2015-06-01,7868.0,7895.684361202402,6,1,2015-05-01
sarima_slide60,2015-07-01,7986.0,8229.303278735888,6,2,2015-05-01
sarima_slide60,2015-08-01,7251.0,8087.450539562949,6,3,2015-05-01
sarima_slide60,2015-09-01,7163.0,7394.607941747332,6,4,2015-05-01
sarima_slide60,2015-10-01,6690.0,7487.425248458017,6,5,2015-05-01
sarima_slide60,2015-11-01,6392.0,6826.190355437164,6,6,2015-05-01
sarima_slide60,2015-07-01,7986.0,8284.352557373732,7,1,2015-06-01
sarima_slide60,2015-08-01,7251.0,7970.802241619284,7,2,2015-06-01
sarima_slide60,2015-09-01,7163.0,7417.434886543446,7,3,2015-06-01
sarima_slide60,2015-10-01,6690.0,7357.000178907669,7,4,2015-06-01
sarima_slide60,2015-11-01,6392.0,6846.850140720688,7,5,2015-06-01
sarima_slide60,2015-12-01,6753.0,7112.251616174271,7,6,2015-06-01
sarima_slide60,2015-08-01,7251.0,7940.363609578269,8,1,2015-07-01
sarima_slide60,2015-09-01,7163.0,7257.064501879671,8,2,2015-07-01
sarima_slide60,2015-10-01,6690.0,7321.500295951794,8,3,2015-07-01
sarima_slide60,2015-11-01,6392.0,6684.846900466453,8,4,2015-07-01
sarima_slide60,2015-12-01,6753.0,7018.655837801912,8,5,2015-07-01
sarima_slide60,2016-01-01,6753.0,7131.511079318912,8,6,2015-07-01
sarima_slide60,2015-09-01,7163.0,6996.56066019213,9,1,2015-08-01
sarima_slide60,2015-10-01,6690.0,7101.076355547717,9,2,2015-08-01
sarima_slide60,2015-11-01,6392.0,6462.853858323973,9,3,2015-08-01
sarima_slide60,2015-12-01,6753.0,6799.198686213851,9,4,2015-08-01
sarima_slide60,2016-01-01,6753.0,6919.762948173752,9,5,2015-08-01
sarima_slide60,2016-02-01,6385.0,6273.215796963773,9,6,2015-08-01
sarima_slide60,2015-10-01,6690.0,7118.194461788065,10,1,2015-09-01
sarima_slide60,2015-11-01,6392.0,6503.786708363685,10,2,2015-09-01
sarima_slide60,2015-12-01,6753.0,6819.001293270763,10,3,2015-09-01
sarima_slide60,2016-01-01,6753.0,6887.297205053031,10,4,2015-09-01
sarima_slide60,2016-02-01,6385.0,6304.938427177665,10,5,2015-09-01
sarima_slide60,2016-03-01,7164.0,6670.187737591489,10,6,2015-09-01
sarima_slide60,2015-11-01,6392.0,6476.383478657668,11,1,2015-10-01
sarima_slide60,2015-12-01,6753.0,6804.368802720647,11,2,2015-10-01
sarima_slide60,2016-01-01,6753.0,6875.516358998691,11,3,2015-10-01
sarima_slide60,2016-02-01,6385.0,6290.628217175187,11,4,2015-10-01
sarima_slide60,2016-03-01,7164.0,6655.813428733041,11,5,2015-10-01
sarima_slide60,2016-04-01,7192.0,6804.773131051601,11,6,2015-10-01
sarima_slide60,2015-12-01,6753.0,6834.346466128125,12,1,2015-11-01
sarima_slide60,2016-01-01,6753.0,6812.347177146639,12,2,2015-11-01
sarima_slide60,2016-02-01,6385.0,6332.8501197794785,12,3,2015-11-01
sarima_slide60,2016-03-01,7164.0,6689.309670531326,12,4,2015-11-01
sarima_slide60,2016-04-01,7192.0,6730.445374303341,12,5,2015-11-01
sarima_slide60,2016-05-01,7743.0,7698.975743483044,12,6,2015-11-01
sarima_slide60,2016-01-01,6753.0,6852.81136188875,13,1,2015-12-01
sarima_slide60,2016-02-01,6385.0,6323.4477261425445,13,2,2015-12-01
sarima_slide60,2016-03-01,7164.0,6681.129277278815,13,3,2015-12-01
sarima_slide60,2016-04-01,7192.0,6779.047560698224,13,4,2015-12-01
sarima_slide60,2016-05-01,7743.0,7767.747261243594,13,5,2015-12-01
sarima_slide60,2016-06-01,8767.0,7830.311032077232,13,6,2015-12-01
sarima_slide60,2016-02-01,6385.0,6296.977715315425,14,1,2016-01-01
sarima_slide60,2016-03-01,7164.0,6687.620828752563,14,2,2016-01-01
sarima_slide60,2016-04-01,7192.0,6889.071306778744,14,3,2016-01-01
sarima_slide60,2016-05-01,7743.0,7910.752472350708,14,4,2016-01-01
sarima_slide60,2016-06-01,8767.0,7837.510756106952,14,5,2016-01-01
sarima_slide60,2016-07-01,8479.0,8059.687066354174,14,6,2016-01-01
sarima_slide60,2016-03-01,7164.0,6692.183613444219,15,1,2016-02-01
sarima_slide60,2016-04-01,7192.0,6844.827996634067,15,2,2016-02-01
sarima_slide60,2016-05-01,7743.0,7852.365037309272,15,3,2016-02-01
sarima_slide60,2016-06-01,8767.0,7838.389823269608,15,4,2016-02-01
sarima_slide60,2016-07-01,8479.0,8094.308262372589,15,5,2016-02-01
sarima_slide60,2016-08-01,7890.0,7631.762199722965,15,6,2016-02-01
sarima_slide60,2016-04-01,7192.0,6945.830323922934,16,1,2016-03-01
sarima_slide60,2016-05-01,7743.0,7939.276225757008,16,2,2016-03-01
sarima_slide60,2016-06-01,8767.0,7873.197076916797,16,3,2016-03-01
sarima_slide60,2016-07-01,8479.0,8100.72034561052,16,4,2016-03-01
sarima_slide60,2016-08-01,7890.0,7644.262154507962,16,5,2016-03-01
sarima_slide60,2016-09-01,7317.0,7242.697624755033,16,6,2016-03-01
sarima_slide60,2016-05-01,7743.0,8010.346079492976,17,1,2016-04-01
sarima_slide60,2016-06-01,8767.0,7885.529600908872,17,2,2016-04-01
sarima_slide60,2016-07-01,8479.0,8083.968637847212,17,3,2016-04-01
sarima_slide60,2016-08-01,7890.0,7623.058860243516,17,4,2016-04-01
sarima_slide60,2016-09-01,7317.0,7248.613956167529,17,5,2016-04-01
sarima_slide60,2016-10-01,7426.0,7047.18037810018,17,6,2016-04-01
sarima_slide60,2016-06-01,8767.0,7858.877775603013,18,1,2016-05-01
sarima_slide60,2016-07-01,8479.0,8080.7122522471755,18,2,2016-05-01
sarima_slide60,2016-08-01,7890.0,7623.711491955908,18,3,2016-05-01
sarima_slide60,2016-09-01,7317.0,7235.226568218728,18,4,2016-05-01
sarima_slide60,2016-10-01,7426.0,7046.651182344238,18,5,2016-05-01
sarima_slide60,2016-11-01,6700.0,6561.017231815766,18,6,2016-05-01
sarima_slide60,2016-07-01,8479.0,8144.658879522909,19,1,2016-06-01
sarima_slide60,2016-08-01,7890.0,7643.405906204495,19,2,2016-06-01
sarima_slide60,2016-09-01,7317.0,7286.0487704956595,19,3,2016-06-01
sarima_slide60,2016-10-01,7426.0,7067.934786160998,19,4,2016-06-01
sarima_slide60,2016-11-01,6700.0,6602.88776154708,19,5,2016-06-01
sarima_slide60,2016-12-01,6994.0,6964.445649796915,19,6,2016-06-01
sarima_slide60,2016-08-01,7890.0,7850.5774083383985,20,1,2016-07-01
sarima_slide60,2016-09-01,7317.0,7372.381182661681,20,2,2016-07-01
sarima_slide60,2016-10-01,7426.0,7226.615797353127,20,3,2016-07-01
sarima_slide60,2016-11-01,6700.0,6707.690479387155,20,4,2016-07-01
sarima_slide60,2016-12-01,6994.0,7056.551312060836,20,5,2016-07-01
sarima_slide60,2017-01-01,6788.0,7052.056189921151,20,6,2016-07-01
sarima_slide60,2016-09-01,7317.0,7362.4092079829425,21,1,2016-08-01
sarima_slide60,2016-10-01,7426.0,7176.407808725198,21,2,2016-08-01
sarima_slide60,2016-11-01,6700.0,6675.329766249135,21,3,2016-08-01
sarima_slide60,2016-12-01,6994.0,7030.648636812299,21,4,2016-08-01
sarima_slide60,2017-01-01,6788.0,7072.935776267362,21,5,2016-08-01
sarima_slide60,2017-02-01,6271.0,6584.671548521335,21,6,2016-08-01
sarima_slide60,2016-10-01,7426.0,7223.071766692293,22,1,2016-09-01
sarima_slide60,2016-11-01,6700.0,6707.652710173462,22,2,2016-09-01
sarima_slide60,2016-12-01,6994.0,7057.76214974794,22,3,2016-09-01
sarima_slide60,2017-01-01,6788.0,7064.73057031389,22,4,2016-09-01
sarima_slide60,2017-02-01,6271.0,6612.39606408165,22,5,2016-09-01
sarima_slide60,2017-03-01,6794.0,7083.538882695661,22,6,2016-09-01
sarima_slide60,2016-11-01,6700.0,6756.667870031621,23,1,2016-10-01
sarima_slide60,2016-12-01,6994.0,7083.628109732408,23,2,2016-10-01
sarima_slide60,2017-01-01,6788.0,7071.979543722657,23,3,2016-10-01
sarima_slide60,2017-02-01,6271.0,6636.926211782938,23,4,2016-10-01
sarima_slide60,2017-03-01,6794.0,7083.445836701279,23,5,2016-10-01
sarima_slide60,2017-04-01,6884.0,7213.327586069878,23,6,2016-10-01
sarima_slide60,2016-12-01,6994.0,7115.331870914236,24,1,2016-11-01
sarima_slide60,2017-01-01,6788.0,7073.225707642359,24,2,2016-11-01
sarima_slide60,2017-02-01,6271.0,6669.913813171655,24,3,2016-11-01
sarima_slide60,2017-03-01,6794.0,7075.773399320169,24,4,2016-11-01
sarima_slide60,2017-04-01,6884.0,7201.987548416277,24,5,2016-11-01
sarima_slide60,2017-05-01,7651.0,8100.038753887769,24,6,2016-11-01
sarima_slide60,2017-01-01,6788.0,7074.878585925044,25,1,2016-12-01
sarima_slide60,2017-02-01,6271.0,6700.916478519325,25,2,2016-12-01
sarima_slide60,2017-03-01,6794.0,7074.360542912768,25,3,2016-12-01
sarima_slide60,2017-04-01,6884.0,7195.300700746604,25,4,2016-12-01
sarima_slide60,2017-05-01,7651.0,8113.0503349903165,25,5,2016-12-01
sarima_slide60,2017-06-01,8009.0,8275.524436997206,25,6,2016-12-01
sarima_slide60,2017-02-01,6271.0,6619.102466424515,26,1,2017-01-01
sarima_slide60,2017-03-01,6794.0,7072.994138548054,26,2,2017-01-01
sarima_slide60,2017-04-01,6884.0,7203.772457506353,26,3,2017-01-01
sarima_slide60,2017-05-01,7651.0,8086.85765214789,26,4,2017-01-01
sarima_slide60,2017-06-01,8009.0,8327.512494443628,26,5,2017-01-01
sarima_slide60,2017-07-01,8694.0,8497.254294579972,26,6,2017-01-01
sarima_slide60,2017-03-01,6794.0,6996.721889809292,27,1,2017-02-01
sarima_slide60,2017-04-01,6884.0,7150.592298003991,27,2,2017-02-01
sarima_slide60,2017-05-01,7651.0,8076.405934276591,27,3,2017-02-01
sarima_slide60,2017-06-01,8009.0,8231.582032336617,27,4,2017-02-01
sarima_slide60,2017-07-01,8694.0,8504.340595787324,27,5,2017-02-01
sarima_slide60,2017-08-01,8130.0,8018.465352663572,27,6,2017-02-01
sarima_slide60,2017-04-01,6884.0,7144.469474701806,28,1,2017-03-01
sarima_slide60,2017-05-01,7651.0,8071.169219318072,28,2,2017-03-01
sarima_slide60,2017-06-01,8009.0,8271.815586428791,28,3,2017-03-01
sarima_slide60,2017-07-01,8694.0,8493.823546749445,28,4,2017-03-01
sarima_slide60,2017-08-01,8130.0,8006.770173726782,28,5,2017-03-01
sarima_slide60,2017-09-01,7446.0,7527.476985849836,28,6,2017-03-01
sarima_slide60,2017-05-01,7651.0,7997.235434367526,29,1,2017-04-01
sarima_slide60,2017-06-01,8009.0,8179.777147573464,29,2,2017-04-01
sarima_slide60,2017-07-01,8694.0,8457.517449890207,29,3,2017-04-01
sarima_slide60,2017-08-01,8130.0,7972.179067766796,29,4,2017-04-01
sarima_slide60,2017-09-01,7446.0,7492.630208514535,29,5,2017-04-01
sarima_slide60,2017-10-01,7282.0,7423.345101602226,29,6,2017-04-01
sarima_slide60,2017-06-01,8009.0,8123.5566423325945,30,1,2017-05-01
sarima_slide60,2017-07-01,8694.0,8436.751604720122,30,2,2017-05-01
sarima_slide60,2017-08-01,8130.0,7959.1278921574885,30,3,2017-05-01
sarima_slide60,2017-09-01,7446.0,7481.445029434784,30,4,2017-05-01
sarima_slide60,2017-10-01,7282.0,7413.08130488356,30,5,2017-05-01
sarima_slide60,2017-11-01,6830.0,6815.179603655443,30,6,2017-05-01
sarima_slide60,2017-07-01,8694.0,8131.813935674006,31,1,2017-06-01
sarima_slide60,2017-08-01,8130.0,7621.601141271916,31,2,2017-06-01
sarima_slide60,2017-09-01,7446.0,7143.516015209459,31,3,2017-06-01
sarima_slide60,2017-10-01,7282.0,7093.7490448344615,31,4,2017-06-01
sarima_slide60,2017-11-01,6830.0,6490.179426086028,31,5,2017-06-01
sarima_slide60,2017-12-01,6946.0,6824.479017670804,31,6,2017-06-01
sarima_slide60,2017-08-01,8130.0,8138.626703694364,32,1,2017-07-01
sarima_slide60,2017-09-01,7446.0,7572.138163443133,32,2,2017-07-01
sarima_slide60,2017-10-01,7282.0,7480.691694662162,32,3,2017-07-01
sarima_slide60,2017-11-01,6830.0,6871.021823783657,32,4,2017-07-01
sarima_slide60,2017-12-01,6946.0,7214.472353584139,32,5,2017-07-01
sarima_slide60,2018-01-01,6886.0,7175.519577441561,32,6,2017-07-01
sarima_slide60,2017-09-01,7446.0,7552.59761405352,33,1,2017-08-01
sarima_slide60,2017-10-01,7282.0,7449.727429278286,33,2,2017-08-01
sarima_slide60,2017-11-01,6830.0,6840.550663532178,33,3,2017-08-01
sarima_slide60,2017-12-01,6946.0,7189.255917944699,33,4,2017-08-01
sarima_slide60,2018-01-01,6886.0,7151.549891471427,33,5,2017-08-01
sarima_slide60,2018-02-01,5960.0,6692.833103622232,33,6,2017-08-01
sarima_slide60,2017-10-01,7282.0,7450.326191786262,34,1,2017-09-01
sarima_slide60,2017-11-01,6830.0,6840.999418830252,34,2,2017-09-01
sarima_slide60,2017-12-01,6946.0,7189.403626095991,34,3,2017-09-01
sarima_slide60,2018-01-01,6886.0,7151.762242141975,34,4,2017-09-01
sarima_slide60,2018-02-01,5960.0,6693.459888624469,34,5,2017-09-01
sarima_slide60,2018-03-01,6930.0,7125.137154382333,34,6,2017-09-01
sarima_slide60,2017-11-01,6830.0,6826.439723164547,35,1,2017-10-01
sarima_slide60,2017-12-01,6946.0,7184.356883748656,35,2,2017-10-01
sarima_slide60,2018-01-01,6886.0,7149.215173607025,35,3,2017-10-01
sarima_slide60,2018-02-01,5960.0,6691.718489616435,35,4,2017-10-01
sarima_slide60,2018-03-01,6930.0,7123.49766512335,35,5,2017-10-01
sarima_slide60,2018-04-01,6769.0,7294.966499360029,35,6,2017-10-01
sarima_slide60,2017-12-01,6946.0,7197.417690858205,36,1,2017-11-01
sarima_slide60,2018-01-01,6886.0,7147.7142077831995,36,2,2017-11-01
sarima_slide60,2018-02-01,5960.0,6686.918239987942,36,3,2017-11-01
sarima_slide60,2018-03-01,6930.0,7117.715675604589,36,4,2017-11-01
sarima_slide60,2018-04-01,6769.0,7289.284145672382,36,5,2017-11-01
sarima_slide60,2018-05-01,7511.0,8114.526110258604,36,6,2017-11-01
sarima_slide60,2018-01-01,6886.0,7126.114040493322,37,1,2017-12-01
sarima_slide60,2018-02-01,5960.0,6687.6381487522485,37,2,2017-12-01
sarima_slide60,2018-03-01,6930.0,7125.576576146948,37,3,2017-12-01
sarima_slide60,2018-04-01,6769.0,7298.225885350246,37,4,2017-12-01
sarima_slide60,2018-05-01,7511.0,8124.131463830046,37,5,2017-12-01
sarima_slide60,2018-06-01,8057.0,8339.249881790696,37,6,2017-12-01
sarima_slide60,2018-02-01,5960.0,6617.975027134144,38,1,2018-01-01
sarima_slide60,2018-03-01,6930.0,7084.033235757807,38,2,2018-01-01
sarima_slide60,2018-04-01,6769.0,7264.732645985164,38,3,2018-01-01
sarima_slide60,2018-05-01,7511.0,8092.378078295257,38,4,2018-01-01
sarima_slide60,2018-06-01,8057.0,8308.463659736975,38,5,2018-01-01
sarima_slide60,2018-07-01,8175.0,8552.463835968174,38,6,2018-01-01
sarima_slide60,2018-03-01,6930.0,6869.506394995574,39,1,2018-02-01
sarima_slide60,2018-04-01,6769.0,7162.133928138359,39,2,2018-02-01
sarima_slide60,2018-05-01,7511.0,8025.524412783733,39,3,2018-02-01
sarima_slide60,2018-06-01,8057.0,8252.610330549205,39,4,2018-02-01
sarima_slide60,2018-07-01,8175.0,8500.397595812594,39,5,2018-02-01
sarima_slide60,2018-08-01,8328.0,8133.572367781557,39,6,2018-02-01
sarima_slide60,2018-04-01,6769.0,7185.219747946577,40,1,2018-03-01
sarima_slide60,2018-05-01,7511.0,7998.212461746639,40,2,2018-03-01
sarima_slide60,2018-06-01,8057.0,8315.499806892407,40,3,2018-03-01
sarima_slide60,2018-07-01,8175.0,8581.51181952081,40,4,2018-03-01
sarima_slide60,2018-08-01,8328.0,8133.197510514094,40,5,2018-03-01
sarima_slide60,2018-09-01,7325.0,7551.407573643249,40,6,2018-03-01
sarima_slide60,2018-05-01,7511.0,7872.139213863255,41,1,2018-04-01
sarima_slide60,2018-06-01,8057.0,8286.322574303813,41,2,2018-04-01
sarima_slide60,2018-07-01,8175.0,8585.14201580403,41,3,2018-04-01
sarima_slide60,2018-08-01,8328.0,8123.332074323501,41,4,2018-04-01
sarima_slide60,2018-09-01,7325.0,7542.964917661786,41,5,2018-04-01
sarima_slide60,2018-10-01,7202.0,7450.420082920428,41,6,2018-04-01
sarima_slide60,2018-06-01,8057.0,8041.892701625103,42,1,2018-05-01
sarima_slide60,2018-07-01,8175.0,8351.599821990036,42,2,2018-05-01
sarima_slide60,2018-08-01,8328.0,8008.337882531163,42,3,2018-05-01
sarima_slide60,2018-09-01,7325.0,7432.5197449517045,42,4,2018-05-01
sarima_slide60,2018-10-01,7202.0,7356.355600215146,42,5,2018-05-01
sarima_slide60,2018-11-01,7161.0,6802.638710107784,42,6,2018-05-01
sarima_slide60,2018-07-01,8175.0,8444.31966433078,43,1,2018-06-01
sarima_slide60,2018-08-01,8328.0,7967.353695434662,43,2,2018-06-01
sarima_slide60,2018-09-01,7325.0,7386.094689129415,43,3,2018-06-01
sarima_slide60,2018-10-01,7202.0,7289.972396626574,43,4,2018-06-01
sarima_slide60,2018-11-01,7161.0,6756.3553737700395,43,5,2018-06-01
sarima_slide60,2018-12-01,7409.0,6985.698003764621,43,6,2018-06-01
sarima_slide60,2018-08-01,8328.0,7866.1368117021075,44,1,2018-07-01
sarima_slide60,2018-09-01,7325.0,7293.806255503942,44,2,2018-07-01
sarima_slide60,2018-10-01,7202.0,7190.472904944068,44,3,2018-07-01
sarima_slide60,2018-11-01,7161.0,6673.0053505810865,44,4,2018-07-01
sarima_slide60,2018-12-01,7409.0,6869.722237836296,44,5,2018-07-01
sarima_slide60,2019-01-01,7117.0,6801.504320905053,44,6,2018-07-01
sarima_slide60,2018-09-01,7325.0,7482.522751720721,45,1,2018-08-01
sarima_slide60,2018-10-01,7202.0,7321.91943593999,45,2,2018-08-01
sarima_slide60,2018-11-01,7161.0,6782.105687770645,45,3,2018-08-01
sarima_slide60,2018-12-01,7409.0,6997.346286528191,45,4,2018-08-01
sarima_slide60,2019-01-01,7117.0,6944.418402070483,45,5,2018-08-01
sarima_slide60,2019-02-01,6307.0,6223.325614455339,45,6,2018-08-01
sarima_slide60,2018-10-01,7202.0,7262.848178412151,46,1,2018-09-01
sarima_slide60,2018-11-01,7161.0,6743.005627794881,46,2,2018-09-01
sarima_slide60,2018-12-01,7409.0,6948.474226078546,46,3,2018-09-01
sarima_slide60,2019-01-01,7117.0,6885.852389980529,46,4,2018-09-01
sarima_slide60,2019-02-01,6307.0,6139.607369123814,46,5,2018-09-01
sarima_slide60,2019-03-01,7067.0,6925.217952143537,46,6,2018-09-01
sarima_slide60,2018-11-01,7161.0,6734.277398287181,47,1,2018-10-01
sarima_slide60,2018-12-01,7409.0,6961.13851430267,47,2,2018-10-01
sarima_slide60,2019-01-01,7117.0,6914.540491696637,47,3,2018-10-01
sarima_slide60,2019-02-01,6307.0,6205.312956856201,47,4,2018-10-01
sarima_slide60,2019-03-01,7067.0,6942.35175113998,47,5,2018-10-01
sarima_slide60,2019-04-01,7108.0,6927.949638897284,47,6,2018-10-01
sarima_slide60,2018-12-01,7409.0,7066.3149090296,48,1,2018-11-01
sarima_slide60,2019-01-01,7117.0,6967.705005537217,48,2,2018-11-01
sarima_slide60,2019-02-01,6307.0,6222.030269868303,48,3,2018-11-01
sarima_slide60,2019-03-01,7067.0,7000.908918161793,48,4,2018-11-01
sarima_slide60,2019-04-01,7108.0,6962.475881448328,48,5,2018-11-01
sarima_slide60,2019-05-01,7776.0,7718.2421267430955,48,6,2018-11-01
sarima_slide60,2019-01-01,7117.0,7114.386762120232,49,1,2018-12-01
sarima_slide60,2019-02-01,6307.0,6328.6468319177575,49,2,2018-12-01
sarima_slide60,2019-03-01,7067.0,7078.138308493123,49,3,2018-12-01
sarima_slide60,2019-04-01,7108.0,7047.130539454655,49,4,2018-12-01
sarima_slide60,2019-05-01,7776.0,7806.905237691285,49,5,2018-12-01
sarima_slide60,2019-06-01,8274.0,8286.864701925371,49,6,2018-12-01
sarima_slide60,2019-02-01,6307.0,6397.724662993753,50,1,2019-01-01
sarima_slide60,2019-03-01,7067.0,7100.4151429397125,50,2,2019-01-01
sarima_slide60,2019-04-01,7108.0,7098.19145245683,50,3,2019-01-01
sarima_slide60,2019-05-01,7776.0,7874.312483795887,50,4,2019-01-01
sarima_slide60,2019-06-01,8274.0,8323.77219988795,50,5,2019-01-01
sarima_slide60,2019-07-01,8919.0,8513.57428090156,50,6,2019-01-01
sarima_slide60,2019-03-01,7067.0,7191.0736323774145,51,1,2019-02-01
sarima_slide60,2019-04-01,7108.0,7170.47301657011,51,2,2019-02-01
sarima_slide60,2019-05-01,7776.0,7940.657181943486,51,3,2019-02-01
sarima_slide60,2019-06-01,8274.0,8404.957428566402,51,4,2019-02-01
sarima_slide60,2019-07-01,8919.0,8601.878680535605,51,5,2019-02-01
sarima_slide60,2019-08-01,8180.0,8398.711504798348,51,6,2019-02-01
sarima_slide60,2019-04-01,7108.0,7107.9965660725475,52,1,2019-03-01
sarima_slide60,2019-05-01,7776.0,7862.570077743993,52,2,2019-03-01
sarima_slide60,2019-06-01,8274.0,8347.598753133972,52,3,2019-03-01
sarima_slide60,2019-07-01,8919.0,8553.86557194398,52,4,2019-03-01
sarima_slide60,2019-08-01,8180.0,8383.98654941884,52,5,2019-03-01
sarima_slide60,2019-09-01,7664.0,7577.491250884771,52,6,2019-03-01
sarima_slide60,2019-05-01,7776.0,7893.904218988331,53,1,2019-04-01
sarima_slide60,2019-06-01,8274.0,8352.776797908675,53,2,2019-04-01
sarima_slide60,2019-07-01,8919.0,8546.172710208555,53,3,2019-04-01
sarima_slide60,2019-08-01,8180.0,8334.054142645737,53,4,2019-04-01
sarima_slide60,2019-09-01,7664.0,7569.537731156204,53,5,2019-04-01
sarima_slide60,2019-10-01,7254.0,7466.086794407938,53,6,2019-04-01
sarima_slide60,2019-06-01,8274.0,8336.72303559587,54,1,2019-05-01
sarima_slide60,2019-07-01,8919.0,8459.627730038692,54,2,2019-05-01
sarima_slide60,2019-08-01,8180.0,8152.164449509346,54,3,2019-05-01
sarima_slide60,2019-09-01,7664.0,7525.317944883343,54,4,2019-05-01
sarima_slide60,2019-10-01,7254.0,7455.7511422300295,54,5,2019-05-01
sarima_slide60,2019-11-01,6785.0,7004.108220990512,54,6,2019-05-01
sarima_slide60,2019-07-01,8919.0,8471.044393019127,55,1,2019-06-01
sarima_slide60,2019-08-01,8180.0,8167.759771954947,55,2,2019-06-01
sarima_slide60,2019-09-01,7664.0,7533.866560186074,55,3,2019-06-01
sarima_slide60,2019-10-01,7254.0,7462.581684046013,55,4,2019-06-01
sarima_slide60,2019-11-01,6785.0,7017.912953074287,55,5,2019-06-01
sarima_slide60,2019-12-01,6987.0,7293.646453877519,55,6,2019-06-01
sarima_slide60,2019-08-01,8180.0,8491.348334901139,56,1,2019-07-01
sarima_slide60,2019-09-01,7664.0,7699.835756540623,56,2,2019-07-01
sarima_slide60,2019-10-01,7254.0,7587.891321875916,56,3,2019-07-01
sarima_slide60,2019-11-01,6785.0,7320.486627330616,56,4,2019-07-01
sarima_slide60,2019-12-01,6987.0,7552.717442750847,56,5,2019-07-01
sarima_slide60,2020-01-01,7194.0,7373.711778322147,56,6,2019-07-01
sarima_slide60,2019-09-01,7664.0,7470.892131551937,57,1,2019-08-01
sarima_slide60,2019-10-01,7254.0,7384.667587884229,57,2,2019-08-01
sarima_slide60,2019-11-01,6785.0,7128.2196713468,57,3,2019-08-01
sarima_slide60,2019-12-01,6987.0,7362.678926963489,57,4,2019-08-01
sarima_slide60,2020-01-01,7194.0,7182.8381048338415,57,5,2019-08-01
sarima_slide60,2020-02-01,6848.0,6391.794467629951,57,6,2019-08-01
sarima_slide60,2019-10-01,7254.0,7458.516064049211,58,1,2019-09-01
sarima_slide60,2019-11-01,6785.0,7067.7944746965895,58,2,2019-09-01
sarima_slide60,2019-12-01,6987.0,7303.276293002369,58,3,2019-09-01
sarima_slide60,2020-01-01,7194.0,7182.119482019909,58,4,2019-09-01
sarima_slide60,2020-02-01,6848.0,6408.63660995576,58,5,2019-09-01
sarima_slide60,2020-03-01,7324.0,7172.389232920802,58,6,2019-09-01
sarima_slide60,2019-11-01,6785.0,7039.56199797006,59,1,2019-10-01
sarima_slide60,2019-12-01,6987.0,7304.42176456678,59,2,2019-10-01
sarima_slide60,2020-01-01,7194.0,7178.955679990483,59,3,2019-10-01
sarima_slide60,2020-02-01,6848.0,6405.433495452439,59,4,2019-10-01
sarima_slide60,2020-03-01,7324.0,7175.520100717983,59,5,2019-10-01
sarima_slide60,2020-04-01,5978.0,7203.356440914387,59,6,2019-10-01
sarima_slide60,2019-12-01,6987.0,7197.702235227982,60,1,2019-11-01
sarima_slide60,2020-01-01,7194.0,7138.495189976002,60,2,2019-11-01
sarima_slide60,2020-02-01,6848.0,6385.602917473343,60,3,2019-11-01
sarima_slide60,2020-03-01,7324.0,7152.276137874597,60,4,2019-11-01
sarima_slide60,2020-04-01,5978.0,7194.901811960984,60,5,2019-11-01
sarima_slide60,2020-05-01,7062.0,7918.040819848104,60,6,2019-11-01
sarima_slide60,2020-01-01,7194.0,7068.685548930733,61,1,2019-12-01
sarima_slide60,2020-02-01,6848.0,6351.1093738560885,61,2,2019-12-01
sarima_slide60,2020-03-01,7324.0,7121.149384192859,61,3,2019-12-01
sarima_slide60,2020-04-01,5978.0,7179.519128959817,61,4,2019-12-01
sarima_slide60,2020-05-01,7062.0,7909.96161846312,61,5,2019-12-01
sarima_slide60,2020-06-01,6948.0,8374.463376222197,61,6,2019-12-01
sarima_slide60,2020-02-01,6848.0,6460.685538334604,62,1,2020-01-01
sarima_slide60,2020-03-01,7324.0,7196.323210457985,62,2,2020-01-01
sarima_slide60,2020-04-01,5978.0,7224.898939893885,62,3,2020-01-01
sarima_slide60,2020-05-01,7062.0,7942.788440628659,62,4,2020-01-01
sarima_slide60,2020-06-01,6948.0,8415.057961880322,62,5,2020-01-01
sarima_slide60,2020-07-01,7392.0,8764.916393430802,62,6,2020-01-01
sarima_slide60,2020-03-01,7324.0,7409.044047450691,63,1,2020-02-01
sarima_slide60,2020-04-01,5978.0,7393.596709649179,63,2,2020-02-01
sarima_slide60,2020-05-01,7062.0,8093.045940341862,63,3,2020-02-01
sarima_slide60,2020-06-01,6948.0,8509.59686806266,63,4,2020-02-01
sarima_slide60,2020-07-01,7392.0,8753.370475951806,63,5,2020-02-01
sarima_slide60,2020-08-01,7678.0,8261.221021846502,63,6,2020-02-01
sarima_slide60,2020-04-01,5978.0,7341.817977216409,64,1,2020-03-01
sarima_slide60,2020-05-01,7062.0,8044.099596880525,64,2,2020-03-01
sarima_slide60,2020-06-01,6948.0,8469.351961392835,64,3,2020-03-01
sarima_slide60,2020-07-01,7392.0,8726.789981161939,64,4,2020-03-01
sarima_slide60,2020-08-01,7678.0,8238.604700944836,64,5,2020-03-01
sarima_slide60,2020-09-01,7005.0,7662.654575300565,64,6,2020-03-01
sarima_slide60,2020-05-01,7062.0,7583.381804408633,65,1,2020-04-01
sarima_slide60,2020-06-01,6948.0,8157.6116228340325,65,2,2020-04-01
sarima_slide60,2020-07-01,7392.0,8559.246154580214,65,3,2020-04-01
sarima_slide60,2020-08-01,7678.0,8087.980220840829,65,4,2020-04-01
sarima_slide60,2020-09-01,7005.0,7450.262514302302,65,5,2020-04-01
sarima_slide60,2020-10-01,7385.0,7192.411561865539,65,6,2020-04-01
sarima_slide60,2020-06-01,6948.0,7824.263237338905,66,1,2020-05-01
sarima_slide60,2020-07-01,7392.0,8289.338741302188,66,2,2020-05-01
sarima_slide60,2020-08-01,7678.0,7816.610137169433,66,3,2020-05-01
sarima_slide60,2020-09-01,7005.0,7173.565359322921,66,4,2020-05-01
sarima_slide60,2020-10-01,7385.0,6900.7018217505865,66,5,2020-05-01
sarima_slide60,2020-11-01,6872.0,6532.860855750088,66,6,2020-05-01
sarima_slide60,2020-07-01,7392.0,7666.7290774635385,67,1,2020-06-01
sarima_slide60,2020-08-01,7678.0,7031.532059936843,67,2,2020-06-01
sarima_slide60,2020-09-01,7005.0,6536.798613914012,67,3,2020-06-01
sarima_slide60,2020-10-01,7385.0,6262.311624167037,67,4,2020-06-01
sarima_slide60,2020-11-01,6872.0,5909.9429555217785,67,5,2020-06-01
sarima_slide60,2020-12-01,6781.0,6125.679844328089,67,6,2020-06-01
sarima_slide60,2020-08-01,7678.0,7006.443401179911,68,1,2020-07-01
sarima_slide60,2020-09-01,7005.0,6363.706398280337,68,2,2020-07-01
sarima_slide60,2020-10-01,7385.0,6096.452838521,68,3,2020-07-01
sarima_slide60,2020-11-01,6872.0,5728.520833076427,68,4,2020-07-01
sarima_slide60,2020-12-01,6781.0,5944.821614623767,68,5,2020-07-01
sarima_slide60,2021-01-01,6917.0,5946.680494238211,68,6,2020-07-01
sarima_slide60,2020-09-01,7005.0,6804.557081193362,69,1,2020-08-01
sarima_slide60,2020-10-01,7385.0,6498.696382781067,69,2,2020-08-01
sarima_slide60,2020-11-01,6872.0,6128.430293796263,69,3,2020-08-01
sarima_slide60,2020-12-01,6781.0,6340.727841240155,69,4,2020-08-01
sarima_slide60,2021-01-01,6917.0,6369.829262118356,69,5,2020-08-01
sarima_slide60,2021-02-01,6217.0,5839.149972106276,69,6,2020-08-01
sarima_slide60,2020-10-01,7385.0,6687.870154699715,70,1,2020-09-01
sarima_slide60,2020-11-01,6872.0,6296.681324663859,70,2,2020-09-01
sarima_slide60,2020-12-01,6781.0,6503.565488651952,70,3,2020-09-01
sarima_slide60,2021-01-01,6917.0,6518.34257252152,70,4,2020-09-01
sarima_slide60,2021-02-01,6217.0,5976.01085729827,70,5,2020-09-01
sarima_slide60,2021-03-01,7569.0,6595.011212281852,70,6,2020-09-01
sarima_slide60,2020-11-01,6872.0,6920.119499904392,71,1,2020-10-01
sarima_slide60,2020-12-01,6781.0,7171.287960152921,71,2,2020-10-01
sarima_slide60,2021-01-01,6917.0,7141.176826154506,71,3,2020-10-01
sarima_slide60,2021-02-01,6217.0,6572.153749513803,71,4,2020-10-01
sarima_slide60,2021-03-01,7569.0,7224.394566494868,71,5,2020-10-01
sarima_slide60,2021-04-01,6917.0,6701.495653915162,71,6,2020-10-01
sarima_slide60,2020-12-01,6781.0,7070.78320710528,72,1,2020-11-01
sarima_slide60,2021-01-01,6917.0,7049.151330069605,72,2,2020-11-01
sarima_slide60,2021-02-01,6217.0,6480.97566107723,72,3,2020-11-01
sarima_slide60,2021-03-01,7569.0,7104.3055072268235,72,4,2020-11-01
sarima_slide60,2021-04-01,6917.0,6450.887231560728,72,5,2020-11-01
sarima_slide60,2021-05-01,8253.0,7324.148333109152,72,6,2020-11-01
sarima_slide60,2021-01-01,6917.0,6885.127516919369,73,1,2020-12-01
sarima_slide60,2021-02-01,6217.0,6373.60538279984,73,2,2020-12-01
sarima_slide60,2021-03-01,7569.0,7043.141672700666,73,3,2020-12-01
sarima_slide60,2021-04-01,6917.0,6457.376886523872,73,4,2020-12-01
sarima_slide60,2021-05-01,8253.0,7330.8081434741725,73,5,2020-12-01
sarima_slide60,2021-06-01,8153.0,7587.5949024870115,73,6,2020-12-01
sarima_slide60,2021-02-01,6217.0,6417.276749028166,74,1,2021-01-01
sarima_slide60,2021-03-01,7569.0,7062.9060065259055,74,2,2021-01-01
sarima_slide60,2021-04-01,6917.0,6407.51483106987,74,3,2021-01-01
sarima_slide60,2021-05-01,8253.0,7295.13636187362,74,4,2021-01-01
sarima_slide60,2021-06-01,8153.0,7514.813020447436,74,5,2021-01-01
sarima_slide60,2021-07-01,9251.0,7948.999426483625,74,6,2021-01-01
sarima_slide60,2021-03-01,7569.0,6958.5553813045935,75,1,2021-02-01
sarima_slide60,2021-04-01,6917.0,6417.613123090428,75,2,2021-02-01
sarima_slide60,2021-05-01,8253.0,7289.857618946567,75,3,2021-02-01
sarima_slide60,2021-06-01,8153.0,7567.717990328144,75,4,2021-02-01
sarima_slide60,2021-07-01,9251.0,7986.120364916678,75,5,2021-02-01
sarima_slide60,2021-08-01,8830.0,7851.355414717231,75,6,2021-02-01
sarima_slide60,2021-04-01,6917.0,6601.46771111763,76,1,2021-03-01
sarima_slide60,2021-05-01,8253.0,7404.806136538013,76,2,2021-03-01
sarima_slide60,2021-06-01,8153.0,7502.786483855128,76,3,2021-03-01
sarima_slide60,2021-07-01,9251.0,7922.146531469479,76,4,2021-03-01
sarima_slide60,2021-08-01,8830.0,7863.16412468532,76,5,2021-03-01
sarima_slide60,2021-09-01,7512.0,7188.087550467917,76,6,2021-03-01
sarima_slide60,2021-05-01,8253.0,7665.993472873994,77,1,2021-04-01
sarima_slide60,2021-06-01,8153.0,7886.8158505699375,77,2,2021-04-01
sarima_slide60,2021-07-01,9251.0,8219.978150176332,77,3,2021-04-01
sarima_slide60,2021-08-01,8830.0,8008.694406349949,77,4,2021-04-01
sarima_slide60,2021-09-01,7512.0,7314.520240040969,77,5,2021-04-01
sarima_slide60,2021-10-01,7656.0,7310.154203050698,77,6,2021-04-01
sarima_slide60,2021-06-01,8153.0,8162.440270499464,78,1,2021-05-01
sarima_slide60,2021-07-01,9251.0,8376.811617687383,78,2,2021-05-01
sarima_slide60,2021-08-01,8830.0,8140.954619795827,78,3,2021-05-01
sarima_slide60,2021-09-01,7512.0,7396.451999258429,78,4,2021-05-01
sarima_slide60,2021-10-01,7656.0,7401.828654655144,78,5,2021-05-01
sarima_slide60,2021-11-01,7603.0,6935.195806509137,78,6,2021-05-01
sarima_slide60,2021-07-01,9251.0,8838.791699443862,79,1,2021-06-01
sarima_slide60,2021-08-01,8830.0,8605.19820347706,79,2,2021-06-01
sarima_slide60,2021-09-01,7512.0,7941.903578069786,79,3,2021-06-01
sarima_slide60,2021-10-01,7656.0,7934.876945083202,79,4,2021-06-01
sarima_slide60,2021-11-01,7603.0,7504.14706639551,79,5,2021-06-01
sarima_slide60,2021-12-01,8237.0,7611.186507960441,79,6,2021-06-01
sarima_slide60,2021-08-01,8830.0,9001.878219898,80,1,2021-07-01
sarima_slide60,2021-09-01,7512.0,8419.910431806067,80,2,2021-07-01
sarima_slide60,2021-10-01,7656.0,8353.898617469666,80,3,2021-07-01
sarima_slide60,2021-11-01,7603.0,7946.199701518816,80,4,2021-07-01
sarima_slide60,2021-12-01,8237.0,8057.886997826272,80,5,2021-07-01
sarima_slide60,2022-01-01,9582.0,8055.594172311164,80,6,2021-07-01
sarima_slide60,2021-09-01,7512.0,8331.520923037186,81,1,2021-08-01
sarima_slide60,2021-10-01,7656.0,8278.594620524153,81,2,2021-08-01
sarima_slide60,2021-11-01,7603.0,7862.552239412864,81,3,2021-08-01
sarima_slide60,2021-12-01,8237.0,7976.96751882379,81,4,2021-08-01
sarima_slide60,2022-01-01,9582.0,7974.442046157148,81,5,2021-08-01
sarima_slide60,2022-02-01,7227.0,7334.8826751276265,81,6,2021-08-01
sarima_slide60,2021-10-01,7656.0,7548.92852405728,82,1,2021-09-01
sarima_slide60,2021-11-01,7603.0,7092.250588727625,82,2,2021-09-01
sarima_slide60,2021-12-01,8237.0,7183.629401592195,82,3,2021-09-01
sarima_slide60,2022-01-01,9582.0,7186.054979369971,82,4,2021-09-01
sarima_slide60,2022-02-01,7227.0,6542.1797971825,82,5,2021-09-01
sarima_slide60,2022-03-01,7504.0,7421.800244497553,82,6,2021-09-01
sarima_slide60,2021-11-01,7603.0,7244.586343127797,83,1,2021-10-01
sarima_slide60,2021-12-01,8237.0,7285.952991892701,83,2,2021-10-01
sarima_slide60,2022-01-01,9582.0,7297.164306932701,83,3,2021-10-01
sarima_slide60,2022-02-01,7227.0,6642.849845903633,83,4,2021-10-01
sarima_slide60,2022-03-01,7504.0,7560.606385220047,83,5,2021-10-01
sarima_slide60,2022-04-01,7589.0,6941.0050761131715,83,6,2021-10-01
sarima_slide60,2021-12-01,8237.0,7697.9285145691365,84,1,2021-11-01
sarima_slide60,2022-01-01,9582.0,7684.088857202308,84,2,2021-11-01
sarima_slide60,2022-02-01,7227.0,7036.667264054933,84,3,2021-11-01
sarima_slide60,2022-03-01,7504.0,7922.255556589475,84,4,2021-11-01
sarima_slide60,2022-04-01,7589.0,7373.297098761088,84,5,2021-11-01
sarima_slide60,2022-05-01,8846.0,8385.440266187736,84,6,2021-11-01
sarima_slide60,2022-01-01,9582.0,8181.598154497673,85,1,2021-12-01
sarima_slide60,2022-02-01,7227.0,7460.796349251549,85,2,2021-12-01
sarima_slide60,2022-03-01,7504.0,8300.173268210909,85,3,2021-12-01
sarima_slide60,2022-04-01,7589.0,7748.788121683121,85,4,2021-12-01
sarima_slide60,2022-05-01,8846.0,8739.877487640266,85,5,2021-12-01
sarima_slide60,2022-06-01,9057.0,8879.306855647714,85,6,2021-12-01
sarima_slide60,2022-02-01,7227.0,8887.914102139597,86,1,2022-01-01
sarima_slide60,2022-03-01,7504.0,9950.729250267652,86,2,2022-01-01
sarima_slide60,2022-04-01,7589.0,9216.554806108861,86,3,2022-01-01
sarima_slide60,2022-05-01,8846.0,10404.112406833825,86,4,2022-01-01
sarima_slide60,2022-06-01,9057.0,10361.87480289097,86,5,2022-01-01
sarima_slide60,2022-07-01,8699.0,11220.029580265482,86,6,2022-01-01
sarima_slide60,2022-03-01,7504.0,8347.379515014685,87,1,2022-02-01
sarima_slide60,2022-04-01,7589.0,7725.848640182245,87,2,2022-02-01
sarima_slide60,2022-05-01,8846.0,8852.998915020575,87,3,2022-02-01
sarima_slide60,2022-06-01,9057.0,8906.314799444328,87,4,2022-02-01
sarima_slide60,2022-07-01,8699.0,9688.141439361489,87,5,2022-02-01
sarima_slide60,2022-08-01,8834.0,9442.245897460185,87,6,2022-02-01
sarima_slide60,2022-04-01,7589.0,6888.369742019798,88,1,2022-03-01
sarima_slide60,2022-05-01,8846.0,8080.928862140672,88,2,2022-03-01
sarima_slide60,2022-06-01,9057.0,8114.876449290916,88,3,2022-03-01
sarima_slide60,2022-07-01,8699.0,8958.2485827727,88,4,2022-03-01
sarima_slide60,2022-08-01,8834.0,8715.609391350217,88,5,2022-03-01
sarima_slide60,2022-09-01,8228.0,7688.797040825816,88,6,2022-03-01
sarima_slide60,2022-05-01,8846.0,8689.168064622727,89,1,2022-04-01
sarima_slide60,2022-06-01,9057.0,8849.996001275653,89,2,2022-04-01
sarima_slide60,2022-07-01,8699.0,9476.86194375354,89,3,2022-04-01
sarima_slide60,2022-08-01,8834.0,9228.232492185452,89,4,2022-04-01
sarima_slide60,2022-09-01,8228.0,8364.250617644442,89,5,2022-04-01
sarima_slide60,2022-10-01,8388.0,8364.939425021681,89,6,2022-04-01
sarima_slide60,2022-06-01,9057.0,8863.025118883597,90,1,2022-05-01
sarima_slide60,2022-07-01,8699.0,9627.373251599623,90,2,2022-05-01
sarima_slide60,2022-08-01,8834.0,9360.931321443644,90,3,2022-05-01
sarima_slide60,2022-09-01,8228.0,8343.866765109302,90,4,2022-05-01
sarima_slide60,2022-10-01,8388.0,8445.711059407438,90,5,2022-05-01
sarima_slide60,2022-11-01,7588.0,8209.842253746363,90,6,2022-05-01
sarima_slide60,2022-07-01,8699.0,9762.33442869184,91,1,2022-06-01
sarima_slide60,2022-08-01,8834.0,9467.888522335303,91,2,2022-06-01
sarima_slide60,2022-09-01,8228.0,8549.468640659634,91,3,2022-06-01
sarima_slide60,2022-10-01,8388.0,8568.817563744273,91,4,2022-06-01
sarima_slide60,2022-11-01,7588.0,8288.531414907884,91,5,2022-06-01
sarima_slide60,2022-12-01,7850.0,8554.777297920893,91,6,2022-06-01
sarima_slide60,2022-08-01,8834.0,8836.074661514584,92,1,2022-07-01
sarima_slide60,2022-09-01,8228.0,7996.369235868073,92,2,2022-07-01
sarima_slide60,2022-10-01,8388.0,8135.193765686102,92,3,2022-07-01
sarima_slide60,2022-11-01,7588.0,7912.459194022863,92,4,2022-07-01
sarima_slide60,2022-12-01,7850.0,8244.369886380375,92,5,2022-07-01
sarima_slide60,2023-01-01,7563.0,8886.553950256113,92,6,2022-07-01
sarima_slide60,2022-09-01,8228.0,8094.892105092794,93,1,2022-08-01
sarima_slide60,2022-10-01,8388.0,8199.680076285933,93,2,2022-08-01
sarima_slide60,2022-11-01,7588.0,7957.833830789445,93,3,2022-08-01
sarima_slide60,2022-12-01,7850.0,8268.12644810685,93,4,2022-08-01
sarima_slide60,2023-01-01,7563.0,8856.943303829636,93,5,2022-08-01
sarima_slide60,2023-02-01,6551.0,7510.13903648982,93,6,2022-08-01
sarima_slide60,2022-10-01,8388.0,8414.706139876256,94,1,2022-09-01
sarima_slide60,2022-11-01,7588.0,8103.515317284515,94,2,2022-09-01
sarima_slide60,2022-12-01,7850.0,8316.111430774417,94,3,2022-09-01
sarima_slide60,2023-01-01,7563.0,8598.049688541052,94,4,2022-09-01
sarima_slide60,2023-02-01,6551.0,7578.602012808485,94,5,2022-09-01
sarima_slide60,2023-03-01,7507.0,8309.495107968094,94,6,2022-09-01
sarima_slide60,2022-11-01,7588.0,8193.196070720776,95,1,2022-10-01
sarima_slide60,2022-12-01,7850.0,8432.6402306288,95,2,2022-10-01
sarima_slide60,2023-01-01,7563.0,8902.046227013356,95,3,2022-10-01
sarima_slide60,2023-02-01,6551.0,7666.0106446031705,95,4,2022-10-01
sarima_slide60,2023-03-01,7507.0,8358.721733804176,95,5,2022-10-01
sarima_slide60,2023-04-01,7745.0,7998.71525946579,95,6,2022-10-01
sarima_slide60,2022-12-01,7850.0,8167.710195244275,96,1,2022-11-01
sarima_slide60,2023-01-01,7563.0,8471.472973787118,96,2,2022-11-01
sarima_slide60,2023-02-01,6551.0,7490.526436987753,96,3,2022-11-01
sarima_slide60,2023-03-01,7507.0,8229.171442522156,96,4,2022-11-01
sarima_slide60,2023-04-01,7745.0,7850.204745946858,96,5,2022-11-01
sarima_slide60,2023-05-01,8600.0,8840.178398938355,96,6,2022-11-01
sarima_slide60,2023-01-01,7563.0,8435.049958459493,97,1,2022-12-01
sarima_slide60,2023-02-01,6551.0,7471.170043772469,97,2,2022-12-01
sarima_slide60,2023-03-01,7507.0,8220.402113567885,97,3,2022-12-01
sarima_slide60,2023-04-01,7745.0,7840.69081216211,97,4,2022-12-01
sarima_slide60,2023-05-01,8600.0,8828.246785380166,97,5,2022-12-01
sarima_slide60,2023-06-01,9151.0,9036.595668760647,97,6,2022-12-01
sarima_slide60,2023-02-01,6551.0,6798.866059772354,98,1,2023-01-01
sarima_slide60,2023-03-01,7507.0,7675.425154048318,98,2,2023-01-01
sarima_slide60,2023-04-01,7745.0,7421.420056634992,98,3,2023-01-01
sarima_slide60,2023-05-01,8600.0,8571.767743225952,98,4,2023-01-01
sarima_slide60,2023-06-01,9151.0,8780.310479061689,98,5,2023-01-01
sarima_slide60,2023-07-01,9183.0,9130.874052913045,98,6,2023-01-01
sarima_slide60,2023-03-01,7507.0,7633.516483392598,99,1,2023-02-01
sarima_slide60,2023-04-01,7745.0,7334.857428364106,99,2,2023-02-01
sarima_slide60,2023-05-01,8600.0,8354.640034664766,99,3,2023-02-01
sarima_slide60,2023-06-01,9151.0,8579.073616002042,99,4,2023-02-01
sarima_slide60,2023-07-01,9183.0,8962.735122905642,99,5,2023-02-01
sarima_slide60,2023-08-01,8297.0,8850.586686535835,99,6,2023-02-01
sarima_slide60,2023-04-01,7745.0,7377.724407589336,100,1,2023-03-01
sarima_slide60,2023-05-01,8600.0,8374.38963378008,100,2,2023-03-01
sarima_slide60,2023-06-01,9151.0,8589.313048312926,100,3,2023-03-01
sarima_slide60,2023-07-01,9183.0,8968.289854139506,100,4,2023-03-01
sarima_slide60,2023-08-01,8297.0,8854.174321509556,100,5,2023-03-01
sarima_slide60,2023-09-01,7823.0,8059.7196980140025,100,6,2023-03-01
sarima_slide60,2023-05-01,8600.0,8906.648762897728,101,1,2023-04-01
sarima_slide60,2023-06-01,9151.0,9043.541994498259,101,2,2023-04-01
sarima_slide60,2023-07-01,9183.0,9374.557678404863,101,3,2023-04-01
sarima_slide60,2023-08-01,8297.0,9230.393588462575,101,4,2023-04-01
sarima_slide60,2023-09-01,7823.0,8414.766351307342,101,5,2023-04-01
sarima_slide60,2023-10-01,7507.0,8422.917018881328,101,6,2023-04-01
sarima_slide60,2023-06-01,9151.0,8930.77314565029,102,1,2023-05-01
sarima_slide60,2023-07-01,9183.0,9253.731146069775,102,2,2023-05-01
sarima_slide60,2023-08-01,8297.0,9141.974442615023,102,3,2023-05-01
sarima_slide60,2023-09-01,7823.0,8331.785439869458,102,4,2023-05-01
sarima_slide60,2023-10-01,7507.0,8382.443357590191,102,5,2023-05-01
sarima_slide60,2023-11-01,8107.0,7974.419849231057,102,6,2023-05-01
sarima_slide60,2023-07-01,9183.0,9603.73326966213,103,1,2023-06-01
sarima_slide60,2023-08-01,8297.0,9419.105692929987,103,2,2023-06-01
sarima_slide60,2023-09-01,7823.0,8554.913027969935,103,3,2023-06-01
sarima_slide60,2023-10-01,7507.0,8579.40101662954,103,4,2023-06-01
sarima_slide60,2023-11-01,8107.0,8137.649848308438,103,5,2023-06-01
sarima_slide60,2023-12-01,7504.0,8379.365602206079,103,6,2023-06-01
prophet_slide60,2015-01-01,7184.0,6475.526921658475,1,1,2014-12-01
prophet_slide60,2015-02-01,5958.0,6149.96906552468,1,2,2014-12-01
prophet_slide60,2015-03-01,6658.0,6534.807743739336,1,3,2014-12-01
prophet_slide60,2015-04-01,7069.0,6449.27591128713,1,4,2014-12-01
prophet_slide60,2015-05-01,8099.0,7208.730462542862,1,5,2014-12-01
prophet_slide60,2015-06-01,7868.0,7888.102746803634,1,6,2014-12-01
prophet_slide60,2015-02-01,5958.0,6201.5595494015915,2,1,2015-01-01
prophet_slide60,2015-03-01,6658.0,6575.2844258392915,2,2,2015-01-01
prophet_slide60,2015-04-01,7069.0,6501.408966749021,2,3,2015-01-01
prophet_slide60,2015-05-01,8099.0,7270.071573243007,2,4,2015-01-01
prophet_slide60,2015-06-01,7868.0,7955.509776294748,2,5,2015-01-01
prophet_slide60,2015-07-01,7986.0,7742.818104421715,2,6,2015-01-01
prophet_slide60,2015-03-01,6658.0,6551.68186288649,3,1,2015-02-01
prophet_slide60,2015-04-01,7069.0,6469.908838002165,3,2,2015-02-01
prophet_slide60,2015-05-01,8099.0,7231.180889615204,3,3,2015-02-01
prophet_slide60,2015-06-01,7868.0,7911.479007476004,3,4,2015-02-01
prophet_slide60,2015-07-01,7986.0,7694.099549018369,3,5,2015-02-01
prophet_slide60,2015-08-01,7251.0,7689.422070472281,3,6,2015-02-01
prophet_slide60,2015-04-01,7069.0,6475.86950937673,4,1,2015-03-01
prophet_slide60,2015-05-01,8099.0,7243.211464281397,4,2,2015-03-01
prophet_slide60,2015-06-01,7868.0,7928.287961887843,4,3,2015-03-01
prophet_slide60,2015-07-01,7986.0,7716.852464633727,4,4,2015-03-01
prophet_slide60,2015-08-01,7251.0,7714.107636790281,4,5,2015-03-01
prophet_slide60,2015-09-01,7163.0,7015.664626095199,4,6,2015-03-01
prophet_slide60,2015-05-01,8099.0,7265.404582355316,5,1,2015-04-01
prophet_slide60,2015-06-01,7868.0,7958.076651093536,5,2,2015-04-01
prophet_slide60,2015-07-01,7986.0,7757.692899896183,5,3,2015-04-01
prophet_slide60,2015-08-01,7251.0,7766.525263921784,5,4,2015-04-01
prophet_slide60,2015-09-01,7163.0,7077.781122662561,5,5,2015-04-01
prophet_slide60,2015-10-01,6690.0,7063.482758602586,5,6,2015-04-01
prophet_slide60,2015-06-01,7868.0,7975.23387020684,6,1,2015-05-01
prophet_slide60,2015-07-01,7986.0,7789.319607124425,6,2,2015-05-01
prophet_slide60,2015-08-01,7251.0,7815.74204787097,6,3,2015-05-01
prophet_slide60,2015-09-01,7163.0,7144.848984140992,6,4,2015-05-01
prophet_slide60,2015-10-01,6690.0,7144.361743850237,6,5,2015-05-01
prophet_slide60,2015-11-01,6392.0,6750.163670974933,6,6,2015-05-01
prophet_slide60,2015-07-01,7986.0,7788.42482650775,7,1,2015-06-01
prophet_slide60,2015-08-01,7251.0,7815.181138168271,7,2,2015-06-01
prophet_slide60,2015-09-01,7163.0,7143.616804788845,7,3,2015-06-01
prophet_slide60,2015-10-01,6690.0,7142.86527300502,7,4,2015-06-01
prophet_slide60,2015-11-01,6392.0,6748.17080464348,7,5,2015-06-01
prophet_slide60,2015-12-01,6753.0,6873.555999079075,7,6,2015-06-01
prophet_slide60,2015-08-01,7251.0,7795.158362256258,8,1,2015-07-01
prophet_slide60,2015-09-01,7163.0,7131.1006618432875,8,2,2015-07-01
prophet_slide60,2015-10-01,6690.0,7136.402202013682,8,3,2015-07-01
prophet_slide60,2015-11-01,6392.0,6748.117201375881,8,4,2015-07-01
prophet_slide60,2015-12-01,6753.0,6879.656883246206,8,5,2015-07-01
prophet_slide60,2016-01-01,6753.0,6929.97836563283,8,6,2015-07-01
prophet_slide60,2015-09-01,7163.0,7116.6745250385475,9,1,2015-08-01
prophet_slide60,2015-10-01,6690.0,7114.845225846075,9,2,2015-08-01
prophet_slide60,2015-11-01,6392.0,6715.285760694921,9,3,2015-08-01
prophet_slide60,2015-12-01,6753.0,6835.666067693821,9,4,2015-08-01
prophet_slide60,2016-01-01,6753.0,6873.474229235166,9,5,2015-08-01
prophet_slide60,2016-02-01,6385.0,6204.88181279575,9,6,2015-08-01
prophet_slide60,2015-10-01,6690.0,7125.811616245187,10,1,2015-09-01
prophet_slide60,2015-11-01,6392.0,6725.223660445247,10,2,2015-09-01
prophet_slide60,2015-12-01,6753.0,6842.932865237223,10,3,2015-09-01
prophet_slide60,2016-01-01,6753.0,6878.007018084077,10,4,2015-09-01
prophet_slide60,2016-02-01,6385.0,6206.748556761507,10,5,2015-09-01
prophet_slide60,2016-03-01,7164.0,6710.168648037925,10,6,2015-09-01
prophet_slide60,2015-11-01,6392.0,6704.222440454655,11,1,2015-10-01
prophet_slide60,2015-12-01,6753.0,6818.342354438517,11,2,2015-10-01
prophet_slide60,2016-01-01,6753.0,6847.620917994436,11,3,2015-10-01
prophet_slide60,2016-02-01,6385.0,6168.466137522849,11,4,2015-10-01
prophet_slide60,2016-03-01,7164.0,6680.2620464233105,11,5,2015-10-01
prophet_slide60,2016-04-01,7192.0,6673.104545554577,11,6,2015-10-01
prophet_slide60,2015-12-01,6753.0,6837.183269352514,12,1,2015-11-01
prophet_slide60,2016-01-01,6753.0,6850.563157022738,12,2,2015-11-01
prophet_slide60,2016-02-01,6385.0,6150.273502926448,12,3,2015-11-01
prophet_slide60,2016-03-01,7164.0,6658.3533888397415,12,4,2015-11-01
prophet_slide60,2016-04-01,7192.0,6656.142449773204,12,5,2015-11-01
prophet_slide60,2016-05-01,7743.0,7716.2267008208,12,6,2015-11-01
prophet_slide60,2016-01-01,6753.0,6854.463249674173,13,1,2015-12-01
prophet_slide60,2016-02-01,6385.0,6150.563410579464,13,2,2015-12-01
prophet_slide60,2016-03-01,7164.0,6652.980642908526,13,3,2015-12-01
prophet_slide60,2016-04-01,7192.0,6653.161313747644,13,4,2015-12-01
prophet_slide60,2016-05-01,7743.0,7714.580992268706,13,5,2015-12-01
prophet_slide60,2016-06-01,8767.0,7587.5312018751265,13,6,2015-12-01
prophet_slide60,2016-02-01,6385.0,6176.415827956719,14,1,2016-01-01
prophet_slide60,2016-03-01,7164.0,6658.678136992343,14,2,2016-01-01
prophet_slide60,2016-04-01,7192.0,6661.77612808396,14,3,2016-01-01
prophet_slide60,2016-05-01,7743.0,7725.318653436019,14,4,2016-01-01
prophet_slide60,2016-06-01,8767.0,7599.516958523034,14,5,2016-01-01
prophet_slide60,2016-07-01,8479.0,8394.410646781613,14,6,2016-01-01
prophet_slide60,2016-03-01,7164.0,6686.441989431613,15,1,2016-02-01
prophet_slide60,2016-04-01,7192.0,6684.559699238525,15,2,2016-02-01
prophet_slide60,2016-05-01,7743.0,7742.526023244329,15,3,2016-02-01
prophet_slide60,2016-06-01,8767.0,7611.661482965129,15,4,2016-02-01
prophet_slide60,2016-07-01,8479.0,8402.188174576979,15,5,2016-02-01
prophet_slide60,2016-08-01,7890.0,7685.824394511639,15,6,2016-02-01
prophet_slide60,2016-04-01,7192.0,6657.640666741088,16,1,2016-03-01
prophet_slide60,2016-05-01,7743.0,7736.330549709724,16,2,2016-03-01
prophet_slide60,2016-06-01,8767.0,7631.598126890894,16,3,2016-03-01
prophet_slide60,2016-07-01,8479.0,8447.240667066919,16,4,2016-03-01
prophet_slide60,2016-08-01,7890.0,7748.216059023234,16,5,2016-03-01
prophet_slide60,2016-09-01,7317.0,7232.534135032601,16,6,2016-03-01
prophet_slide60,2016-05-01,7743.0,7730.410095614715,17,1,2016-04-01
prophet_slide60,2016-06-01,8767.0,7632.052515377936,17,2,2016-04-01
prophet_slide60,2016-07-01,8479.0,8456.06254028951,17,3,2016-04-01
prophet_slide60,2016-08-01,7890.0,7765.154333910992,17,4,2016-04-01
prophet_slide60,2016-09-01,7317.0,7255.48187977173,17,5,2016-04-01
prophet_slide60,2016-10-01,7426.0,7217.415332491338,17,6,2016-04-01
prophet_slide60,2016-06-01,8767.0,7656.57751378215,18,1,2016-05-01
prophet_slide60,2016-07-01,8479.0,8472.355756978413,18,2,2016-05-01
prophet_slide60,2016-08-01,7890.0,7769.99448051969,18,3,2016-05-01
prophet_slide60,2016-09-01,7317.0,7249.587825978174,18,4,2016-05-01
prophet_slide60,2016-10-01,7426.0,7203.100709871019,18,5,2016-05-01
prophet_slide60,2016-11-01,6700.0,6468.608341085279,18,6,2016-05-01
prophet_slide60,2016-07-01,8479.0,8515.651804566936,19,1,2016-06-01
prophet_slide60,2016-08-01,7890.0,7840.873647427501,19,2,2016-06-01
prophet_slide60,2016-09-01,7317.0,7352.613159226406,19,3,2016-06-01
prophet_slide60,2016-10-01,7426.0,7347.407842837428,19,4,2016-06-01
prophet_slide60,2016-11-01,6700.0,6652.415307059138,19,5,2016-06-01
prophet_slide60,2016-12-01,6994.0,7134.496911684004,19,6,2016-06-01
prophet_slide60,2016-08-01,7890.0,7789.427019729719,20,1,2016-07-01
prophet_slide60,2016-09-01,7317.0,7311.735317747528,20,2,2016-07-01
prophet_slide60,2016-10-01,7426.0,7320.880181664866,20,3,2016-07-01
prophet_slide60,2016-11-01,6700.0,6638.566046547299,20,4,2016-07-01
prophet_slide60,2016-12-01,6994.0,7126.213641870268,20,5,2016-07-01
prophet_slide60,2017-01-01,6788.0,7010.268991025989,20,6,2016-07-01
prophet_slide60,2016-09-01,7317.0,7328.973430814725,21,1,2016-08-01
prophet_slide60,2016-10-01,7426.0,7338.43512624668,21,2,2016-08-01
prophet_slide60,2016-11-01,6700.0,6658.381300345621,21,3,2016-08-01
prophet_slide60,2016-12-01,6994.0,7150.51416752475,21,4,2016-08-01
prophet_slide60,2017-01-01,6788.0,7040.23389525669,21,5,2016-08-01
prophet_slide60,2017-02-01,6271.0,6764.64942273907,21,6,2016-08-01
prophet_slide60,2016-10-01,7426.0,7332.43873026073,22,1,2016-09-01
prophet_slide60,2016-11-01,6700.0,6653.571592820674,22,2,2016-09-01
prophet_slide60,2016-12-01,6994.0,7145.970071277421,22,3,2016-09-01
prophet_slide60,2017-01-01,6788.0,7035.3999875266145,22,4,2016-09-01
prophet_slide60,2017-02-01,6271.0,6758.2918130808785,22,5,2016-09-01
prophet_slide60,2017-03-01,6794.0,7070.131207041281,22,6,2016-09-01
prophet_slide60,2016-11-01,6700.0,6650.178886313913,23,1,2016-10-01
prophet_slide60,2016-12-01,6994.0,7146.095948549328,23,2,2016-10-01
prophet_slide60,2017-01-01,6788.0,7041.060544435188,23,3,2016-10-01
prophet_slide60,2017-02-01,6271.0,6769.703426766878,23,4,2016-10-01
prophet_slide60,2017-03-01,6794.0,7081.794952421631,23,5,2016-10-01
prophet_slide60,2017-04-01,6884.0,7166.702555941579,23,6,2016-10-01
prophet_slide60,2016-12-01,6994.0,7143.013071285012,24,1,2016-11-01
prophet_slide60,2017-01-01,6788.0,7042.159542102679,24,2,2016-11-01
prophet_slide60,2017-02-01,6271.0,6774.780995524528,24,3,2016-11-01
prophet_slide60,2017-03-01,6794.0,7100.977695083987,24,4,2016-11-01
prophet_slide60,2017-04-01,6884.0,7186.556515142838,24,5,2016-11-01
prophet_slide60,2017-05-01,7651.0,8111.625718838519,24,6,2016-11-01
prophet_slide60,2017-01-01,6788.0,6993.70981159867,25,1,2016-12-01
prophet_slide60,2017-02-01,6271.0,6721.213741656965,25,2,2016-12-01
prophet_slide60,2017-03-01,6794.0,7060.997905484391,25,3,2016-12-01
prophet_slide60,2017-04-01,6884.0,7143.004548259871,25,4,2016-12-01
prophet_slide60,2017-05-01,7651.0,8064.519864485788,25,5,2016-12-01
prophet_slide60,2017-06-01,8009.0,8258.49049673784,25,6,2016-12-01
prophet_slide60,2017-02-01,6271.0,6749.0832654523365,26,1,2017-01-01
prophet_slide60,2017-03-01,6794.0,7049.203513789045,26,2,2017-01-01
prophet_slide60,2017-04-01,6884.0,7130.519755172437,26,3,2017-01-01
prophet_slide60,2017-05-01,7651.0,8051.696498248062,26,4,2017-01-01
prophet_slide60,2017-06-01,8009.0,8245.86406122009,26,5,2017-01-01
prophet_slide60,2017-07-01,8694.0,8536.81484458973,26,6,2017-01-01
prophet_slide60,2017-03-01,6794.0,7026.405822241765,27,1,2017-02-01
prophet_slide60,2017-04-01,6884.0,7104.953702390319,27,2,2017-02-01
prophet_slide60,2017-05-01,7651.0,8023.775004416508,27,3,2017-02-01
prophet_slide60,2017-06-01,8009.0,8215.891521894951,27,4,2017-02-01
prophet_slide60,2017-07-01,8694.0,8505.526947131042,27,5,2017-02-01
prophet_slide60,2017-08-01,8130.0,7978.906156757049,27,6,2017-02-01
prophet_slide60,2017-04-01,6884.0,7074.745567697116,28,1,2017-03-01
prophet_slide60,2017-05-01,7651.0,7993.129159365724,28,2,2017-03-01
prophet_slide60,2017-06-01,8009.0,8186.077008178703,28,3,2017-03-01
prophet_slide60,2017-07-01,8694.0,8475.905058585766,28,4,2017-03-01
prophet_slide60,2017-08-01,8130.0,7950.097309190132,28,5,2017-03-01
prophet_slide60,2017-09-01,7446.0,7461.685134604526,28,6,2017-03-01
prophet_slide60,2017-05-01,7651.0,7957.757632374596,29,1,2017-04-01
prophet_slide60,2017-06-01,8009.0,8152.003339957872,29,2,2017-04-01
prophet_slide60,2017-07-01,8694.0,8443.54909084144,29,3,2017-04-01
prophet_slide60,2017-08-01,8130.0,7918.345256868095,29,4,2017-04-01
prophet_slide60,2017-09-01,7446.0,7430.16676946357,29,5,2017-04-01
prophet_slide60,2017-10-01,7282.0,7390.1208375213955,29,6,2017-04-01
prophet_slide60,2017-06-01,8009.0,8153.644475465924,30,1,2017-05-01
prophet_slide60,2017-07-01,8694.0,8443.695059489908,30,2,2017-05-01
prophet_slide60,2017-08-01,8130.0,7917.731851087424,30,3,2017-05-01
prophet_slide60,2017-09-01,7446.0,7428.808946119801,30,4,2017-05-01
prophet_slide60,2017-10-01,7282.0,7387.798057244704,30,5,2017-05-01
prophet_slide60,2017-11-01,6830.0,6763.662223370374,30,6,2017-05-01
prophet_slide60,2017-07-01,8694.0,8414.917346427204,31,1,2017-06-01
prophet_slide60,2017-08-01,8130.0,7889.595020099602,31,2,2017-06-01
prophet_slide60,2017-09-01,7446.0,7401.23390317913,31,3,2017-06-01
prophet_slide60,2017-10-01,7282.0,7361.107241119782,31,4,2017-06-01
prophet_slide60,2017-11-01,6830.0,6737.008669257242,31,5,2017-06-01
prophet_slide60,2017-12-01,6946.0,7108.242290121172,31,6,2017-06-01
prophet_slide60,2017-08-01,8130.0,7929.809308626791,32,1,2017-07-01
prophet_slide60,2017-09-01,7446.0,7440.027143563426,32,2,2017-07-01
prophet_slide60,2017-10-01,7282.0,7398.933676797886,32,3,2017-07-01
prophet_slide60,2017-11-01,6830.0,6773.752865716524,32,4,2017-07-01
prophet_slide60,2017-12-01,6946.0,7144.989779674897,32,5,2017-07-01
prophet_slide60,2018-01-01,6886.0,7083.549975217521,32,6,2017-07-01
prophet_slide60,2017-09-01,7446.0,7425.380786672361,33,1,2017-08-01
prophet_slide60,2017-10-01,7282.0,7384.833764157823,33,2,2017-08-01
prophet_slide60,2017-11-01,6830.0,6760.816950176426,33,3,2017-08-01
prophet_slide60,2017-12-01,6946.0,7132.84132017492,33,4,2017-08-01
prophet_slide60,2018-01-01,6886.0,7072.711581909637,33,5,2017-08-01
prophet_slide60,2018-02-01,5960.0,6625.813491606397,33,6,2017-08-01
prophet_slide60,2017-10-01,7282.0,7403.612566702334,34,1,2017-09-01
prophet_slide60,2017-11-01,6830.0,6779.178783518145,34,2,2017-09-01
prophet_slide60,2017-12-01,6946.0,7150.523747163757,34,3,2017-09-01
prophet_slide60,2018-01-01,6886.0,7089.31283766711,34,4,2017-09-01
prophet_slide60,2018-02-01,5960.0,6642.904401883898,34,5,2017-09-01
prophet_slide60,2018-03-01,6930.0,6996.111222824876,34,6,2017-09-01
prophet_slide60,2017-11-01,6830.0,6773.719610480661,35,1,2017-10-01
prophet_slide60,2017-12-01,6946.0,7144.972699331511,35,2,2017-10-01
prophet_slide60,2018-01-01,6886.0,7083.621905767403,35,3,2017-10-01
prophet_slide60,2018-02-01,5960.0,6637.057747652447,35,4,2017-10-01
prophet_slide60,2018-03-01,6930.0,6990.155845218471,35,5,2017-10-01
prophet_slide60,2018-04-01,6769.0,7231.08770513168,35,6,2017-10-01
prophet_slide60,2017-12-01,6946.0,7145.790348902892,36,1,2017-11-01
prophet_slide60,2018-01-01,6886.0,7084.5146229405,36,2,2017-11-01
prophet_slide60,2018-02-01,5960.0,6638.00513338537,36,3,2017-11-01
prophet_slide60,2018-03-01,6930.0,6991.22864626541,36,4,2017-11-01
prophet_slide60,2018-04-01,6769.0,7231.937535038824,36,5,2017-11-01
prophet_slide60,2018-05-01,7511.0,8219.370965734854,36,6,2017-11-01
prophet_slide60,2018-01-01,6886.0,7084.37618947471,37,1,2017-12-01
prophet_slide60,2018-02-01,5960.0,6637.16135048646,37,2,2017-12-01
prophet_slide60,2018-03-01,6930.0,6986.440996053132,37,3,2017-12-01
prophet_slide60,2018-04-01,6769.0,7229.451462301114,37,4,2017-12-01
prophet_slide60,2018-05-01,7511.0,8218.272519003654,37,5,2017-12-01
prophet_slide60,2018-06-01,8057.0,8230.957516537736,37,6,2017-12-01
prophet_slide60,2018-02-01,5960.0,6619.030413522468,38,1,2018-01-01
prophet_slide60,2018-03-01,6930.0,6970.225470639718,38,2,2018-01-01
prophet_slide60,2018-04-01,6769.0,7211.961400860077,38,3,2018-01-01
prophet_slide60,2018-05-01,7511.0,8197.718637859742,38,4,2018-01-01
prophet_slide60,2018-06-01,8057.0,8212.345302969801,38,5,2018-01-01
prophet_slide60,2018-07-01,8175.0,8482.717284707864,38,6,2018-01-01
prophet_slide60,2018-03-01,6930.0,6873.705815807407,39,1,2018-02-01
prophet_slide60,2018-04-01,6769.0,7109.243302173292,39,2,2018-02-01
prophet_slide60,2018-05-01,7511.0,8092.738655555168,39,3,2018-02-01
prophet_slide60,2018-06-01,8057.0,8102.0395404392275,39,4,2018-02-01
prophet_slide60,2018-07-01,8175.0,8369.904122102034,39,5,2018-02-01
prophet_slide60,2018-08-01,8328.0,8000.823382626301,39,6,2018-02-01
prophet_slide60,2018-04-01,6769.0,7110.7738645931,40,1,2018-03-01
prophet_slide60,2018-05-01,7511.0,8095.193218400938,40,2,2018-03-01
prophet_slide60,2018-06-01,8057.0,8102.486977608711,40,3,2018-03-01
prophet_slide60,2018-07-01,8175.0,8370.541557024471,40,4,2018-03-01
prophet_slide60,2018-08-01,8328.0,8002.156107206206,40,5,2018-03-01
prophet_slide60,2018-09-01,7325.0,7491.2135159264635,40,6,2018-03-01
prophet_slide60,2018-05-01,7511.0,8051.098676947523,41,1,2018-04-01
prophet_slide60,2018-06-01,8057.0,8055.147074725205,41,2,2018-04-01
prophet_slide60,2018-07-01,8175.0,8319.8719966473,41,3,2018-04-01
prophet_slide60,2018-08-01,8328.0,7948.287313142828,41,4,2018-04-01
prophet_slide60,2018-09-01,7325.0,7434.163372162928,41,5,2018-04-01
prophet_slide60,2018-10-01,7202.0,7270.690299062462,41,6,2018-04-01
prophet_slide60,2018-06-01,8057.0,7994.027774654528,42,1,2018-05-01
prophet_slide60,2018-07-01,8175.0,8255.908696342249,42,2,2018-05-01
prophet_slide60,2018-08-01,8328.0,7881.141712939378,42,3,2018-05-01
prophet_slide60,2018-09-01,7325.0,7363.967945794652,42,4,2018-05-01
prophet_slide60,2018-10-01,7202.0,7197.923577966237,42,5,2018-05-01
prophet_slide60,2018-11-01,7161.0,6649.2517067509625,42,6,2018-05-01
prophet_slide60,2018-07-01,8175.0,8241.447957978902,43,1,2018-06-01
prophet_slide60,2018-08-01,8328.0,7863.154148908797,43,2,2018-06-01
prophet_slide60,2018-09-01,7325.0,7341.777403517897,43,3,2018-06-01
prophet_slide60,2018-10-01,7202.0,7171.794982021711,43,4,2018-06-01
prophet_slide60,2018-11-01,7161.0,6621.136522268998,43,5,2018-06-01
prophet_slide60,2018-12-01,7409.0,6895.05121441852,43,6,2018-06-01
prophet_slide60,2018-08-01,8328.0,7867.958228637977,44,1,2018-07-01
prophet_slide60,2018-09-01,7325.0,7348.783511056542,44,2,2018-07-01
prophet_slide60,2018-10-01,7202.0,7180.743396440607,44,3,2018-07-01
prophet_slide60,2018-11-01,7161.0,6630.874279132069,44,4,2018-07-01
prophet_slide60,2018-12-01,7409.0,6904.361126012762,44,5,2018-07-01
prophet_slide60,2019-01-01,7117.0,6965.552221600422,44,6,2018-07-01
prophet_slide60,2018-09-01,7325.0,7402.27997056545,45,1,2018-08-01
prophet_slide60,2018-10-01,7202.0,7237.1006026549785,45,2,2018-08-01
prophet_slide60,2018-11-01,7161.0,6691.76576175715,45,3,2018-08-01
prophet_slide60,2018-12-01,7409.0,6970.191196803116,45,4,2018-08-01
prophet_slide60,2019-01-01,7117.0,7036.033331038538,45,5,2018-08-01
prophet_slide60,2019-02-01,6307.0,6394.838595980028,45,6,2018-08-01
prophet_slide60,2018-10-01,7202.0,7233.205781233073,46,1,2018-09-01
prophet_slide60,2018-11-01,7161.0,6687.494077713522,46,2,2018-09-01
prophet_slide60,2018-12-01,7409.0,6965.163627577683,46,3,2018-09-01
prophet_slide60,2019-01-01,7117.0,7029.374604485848,46,4,2018-09-01
prophet_slide60,2019-02-01,6307.0,6385.659500879783,46,5,2018-09-01
prophet_slide60,2019-03-01,7067.0,6765.278527143294,46,6,2018-09-01
prophet_slide60,2018-11-01,7161.0,6680.266114122449,47,1,2018-10-01
prophet_slide60,2018-12-01,7409.0,6957.979479528853,47,2,2018-10-01
prophet_slide60,2019-01-01,7117.0,7022.449156782141,47,3,2018-10-01
prophet_slide60,2019-02-01,6307.0,6378.741932784516,47,4,2018-10-01
prophet_slide60,2019-03-01,7067.0,6758.074477899668,47,5,2018-10-01
prophet_slide60,2019-04-01,7108.0,6979.244428699256,47,6,2018-10-01
prophet_slide60,2018-12-01,7409.0,7007.695728478832,48,1,2018-11-01
prophet_slide60,2019-01-01,7117.0,7075.7316707062555,48,2,2018-11-01
prophet_slide60,2019-02-01,6307.0,6436.375775524615,48,3,2018-11-01
prophet_slide60,2019-03-01,7067.0,6813.68291521758,48,4,2018-11-01
prophet_slide60,2019-04-01,7108.0,7043.818928617257,48,5,2018-11-01
prophet_slide60,2019-05-01,7776.0,8186.72283650325,48,6,2018-11-01
prophet_slide60,2019-01-01,7117.0,7119.126174928226,49,1,2018-12-01
prophet_slide60,2019-02-01,6307.0,6483.577410426458,49,2,2018-12-01
prophet_slide60,2019-03-01,7067.0,6854.326723462919,49,3,2018-12-01
prophet_slide60,2019-04-01,7108.0,7094.594482310545,49,4,2018-12-01
prophet_slide60,2019-05-01,7776.0,8244.932192702154,49,5,2018-12-01
prophet_slide60,2019-06-01,8274.0,8079.521908428447,49,6,2018-12-01
prophet_slide60,2019-02-01,6307.0,6479.529513504477,50,1,2019-01-01
prophet_slide60,2019-03-01,7067.0,6848.6993061355715,50,2,2019-01-01
prophet_slide60,2019-04-01,7108.0,7088.646986198131,50,3,2019-01-01
prophet_slide60,2019-05-01,7776.0,8238.299831027627,50,4,2019-01-01
prophet_slide60,2019-06-01,8274.0,8073.660557809975,50,5,2019-01-01
prophet_slide60,2019-07-01,8919.0,8300.946459065204,50,6,2019-01-01
prophet_slide60,2019-03-01,7067.0,6834.807222366425,51,1,2019-02-01
prophet_slide60,2019-04-01,7108.0,7072.52871238069,51,2,2019-02-01
prophet_slide60,2019-05-01,7776.0,8221.607866915809,51,3,2019-02-01
prophet_slide60,2019-06-01,8274.0,8056.298444699167,51,4,2019-02-01
prophet_slide60,2019-07-01,8919.0,8285.417067281787,51,5,2019-02-01
prophet_slide60,2019-08-01,8180.0,8068.907945566575,51,6,2019-02-01
prophet_slide60,2019-04-01,7108.0,7066.863662043441,52,1,2019-03-01
prophet_slide60,2019-05-01,7776.0,8222.551055837106,52,2,2019-03-01
prophet_slide60,2019-06-01,8274.0,8066.697315951664,52,3,2019-03-01
prophet_slide60,2019-07-01,8919.0,8300.507449430646,52,4,2019-03-01
prophet_slide60,2019-08-01,8180.0,8086.553693335023,52,5,2019-03-01
prophet_slide60,2019-09-01,7664.0,7550.506532049395,52,6,2019-03-01
prophet_slide60,2019-05-01,7776.0,8222.964200029095,53,1,2019-04-01
prophet_slide60,2019-06-01,8274.0,8069.419399379385,53,2,2019-04-01
prophet_slide60,2019-07-01,8919.0,8308.049600031864,53,3,2019-04-01
prophet_slide60,2019-08-01,8180.0,8097.416290552117,53,4,2019-04-01
prophet_slide60,2019-09-01,7664.0,7564.553806945908,53,5,2019-04-01
prophet_slide60,2019-10-01,7254.0,7266.615664428067,53,6,2019-04-01
prophet_slide60,2019-06-01,8274.0,8052.082363161416,54,1,2019-05-01
prophet_slide60,2019-07-01,8919.0,8281.451264616388,54,2,2019-05-01
prophet_slide60,2019-08-01,8180.0,8060.445182523312,54,3,2019-05-01
prophet_slide60,2019-09-01,7664.0,7517.4503017763145,54,4,2019-05-01
prophet_slide60,2019-10-01,7254.0,7212.221037846687,54,5,2019-05-01
prophet_slide60,2019-11-01,6785.0,6851.038280686156,54,6,2019-05-01
prophet_slide60,2019-07-01,8919.0,8276.662832858725,55,1,2019-06-01
prophet_slide60,2019-08-01,8180.0,8062.073778883514,55,2,2019-06-01
prophet_slide60,2019-09-01,7664.0,7525.981331398971,55,3,2019-06-01
prophet_slide60,2019-10-01,7254.0,7226.843435065661,55,4,2019-06-01
prophet_slide60,2019-11-01,6785.0,6870.709350638796,55,5,2019-06-01
prophet_slide60,2019-12-01,6987.0,7138.528089029395,55,6,2019-06-01
prophet_slide60,2019-08-01,8180.0,8060.470265710562,56,1,2019-07-01
prophet_slide60,2019-09-01,7664.0,7537.974492790314,56,2,2019-07-01
prophet_slide60,2019-10-01,7254.0,7254.793591704066,56,3,2019-07-01
prophet_slide60,2019-11-01,6785.0,6915.609724737458,56,4,2019-07-01
prophet_slide60,2019-12-01,6987.0,7198.770644372509,56,5,2019-07-01
prophet_slide60,2020-01-01,7194.0,7242.409496678424,56,6,2019-07-01
prophet_slide60,2019-09-01,7664.0,7539.207480838403,57,1,2019-08-01
prophet_slide60,2019-10-01,7254.0,7258.096492752633,57,2,2019-08-01
prophet_slide60,2019-11-01,6785.0,6921.641318297148,57,3,2019-08-01
prophet_slide60,2019-12-01,6987.0,7208.427335759921,57,4,2019-08-01
prophet_slide60,2020-01-01,7194.0,7255.854602997443,57,5,2019-08-01
prophet_slide60,2020-02-01,6848.0,6481.0490649598805,57,6,2019-08-01
prophet_slide60,2019-10-01,7254.0,7230.422174643651,58,1,2019-09-01
prophet_slide60,2019-11-01,6785.0,6900.3807287534155,58,2,2019-09-01
prophet_slide60,2019-12-01,6987.0,7191.997074561611,58,3,2019-09-01
prophet_slide60,2020-01-01,7194.0,7244.051445755978,58,4,2019-09-01
prophet_slide60,2020-02-01,6848.0,6472.169509939711,58,5,2019-09-01
prophet_slide60,2020-03-01,7324.0,7326.248536594874,58,6,2019-09-01
prophet_slide60,2019-11-01,6785.0,6916.737731270437,59,1,2019-10-01
prophet_slide60,2019-12-01,6987.0,7207.230611602087,59,2,2019-10-01
prophet_slide60,2020-01-01,7194.0,7258.4595540291175,59,3,2019-10-01
prophet_slide60,2020-02-01,6848.0,6487.0005114581,59,4,2019-10-01
prophet_slide60,2020-03-01,7324.0,7342.208298480809,59,5,2019-10-01
prophet_slide60,2020-04-01,5978.0,7270.7288949740105,59,6,2019-10-01
prophet_slide60,2019-12-01,6987.0,7188.719840041715,60,1,2019-11-01
prophet_slide60,2020-01-01,7194.0,7238.858392232993,60,2,2019-11-01
prophet_slide60,2020-02-01,6848.0,6464.783678690578,60,3,2019-11-01
prophet_slide60,2020-03-01,7324.0,7316.61126095609,60,4,2019-11-01
prophet_slide60,2020-04-01,5978.0,7248.611961757748,60,5,2019-11-01
prophet_slide60,2020-05-01,7062.0,7787.901999257962,60,6,2019-11-01
prophet_slide60,2020-01-01,7194.0,7229.512510303685,61,1,2019-12-01
prophet_slide60,2020-02-01,6848.0,6452.747505035424,61,2,2019-12-01
prophet_slide60,2020-03-01,7324.0,7291.964475865612,61,3,2019-12-01
prophet_slide60,2020-04-01,5978.0,7230.475807909384,61,4,2019-12-01
prophet_slide60,2020-05-01,7062.0,7773.947020548362,61,5,2019-12-01
prophet_slide60,2020-06-01,6948.0,8608.115860027257,61,6,2019-12-01
prophet_slide60,2020-02-01,6848.0,6481.970948053207,62,1,2020-01-01
prophet_slide60,2020-03-01,7324.0,7307.258858872419,62,2,2020-01-01
prophet_slide60,2020-04-01,5978.0,7246.791805842986,62,3,2020-01-01
prophet_slide60,2020-05-01,7062.0,7790.78697367588,62,4,2020-01-01
prophet_slide60,2020-06-01,6948.0,8625.410674551995,62,5,2020-01-01
prophet_slide60,2020-07-01,7392.0,8603.90014782153,62,6,2020-01-01
prophet_slide60,2020-03-01,7324.0,7358.366782755001,63,1,2020-02-01
prophet_slide60,2020-04-01,5978.0,7289.273943595993,63,2,2020-02-01
prophet_slide60,2020-05-01,7062.0,7823.416267711472,63,3,2020-02-01
prophet_slide60,2020-06-01,6948.0,8647.078377139094,63,4,2020-02-01
prophet_slide60,2020-07-01,7392.0,8621.295267392283,63,5,2020-02-01
prophet_slide60,2020-08-01,7678.0,8180.235474443174,63,6,2020-02-01
prophet_slide60,2020-04-01,5978.0,7288.323135626959,64,1,2020-03-01
prophet_slide60,2020-05-01,7062.0,7822.007524916546,64,2,2020-03-01
prophet_slide60,2020-06-01,6948.0,8646.584803445472,64,3,2020-03-01
prophet_slide60,2020-07-01,7392.0,8620.416648738757,64,4,2020-03-01
prophet_slide60,2020-08-01,7678.0,8179.382435866115,64,5,2020-03-01
prophet_slide60,2020-09-01,7005.0,7439.7712023462855,64,6,2020-03-01
prophet_slide60,2020-05-01,7062.0,7817.630900661038,65,1,2020-04-01
prophet_slide60,2020-06-01,6948.0,8626.877755286603,65,2,2020-04-01
prophet_slide60,2020-07-01,7392.0,8579.672790088804,65,3,2020-04-01
prophet_slide60,2020-08-01,7678.0,8115.856665173435,65,4,2020-04-01
prophet_slide60,2020-09-01,7005.0,7359.232480562427,65,5,2020-04-01
prophet_slide60,2020-10-01,7385.0,7476.605853790132,65,6,2020-04-01
prophet_slide60,2020-06-01,6948.0,8464.218916177344,66,1,2020-05-01
prophet_slide60,2020-07-01,7392.0,8433.007186407433,66,2,2020-05-01
prophet_slide60,2020-08-01,7678.0,7978.105366572798,66,3,2020-05-01
prophet_slide60,2020-09-01,7005.0,7227.949197330263,66,4,2020-05-01
prophet_slide60,2020-10-01,7385.0,7337.266328695826,66,5,2020-05-01
prophet_slide60,2020-11-01,6872.0,6783.147080637169,66,6,2020-05-01
prophet_slide60,2020-07-01,7392.0,8112.617204938447,67,1,2020-06-01
prophet_slide60,2020-08-01,7678.0,7624.733439034471,67,2,2020-06-01
prophet_slide60,2020-09-01,7005.0,6850.101055147337,67,3,2020-06-01
prophet_slide60,2020-10-01,7385.0,6928.104385622414,67,4,2020-06-01
prophet_slide60,2020-11-01,6872.0,6331.8767863518015,67,5,2020-06-01
prophet_slide60,2020-12-01,6781.0,6541.855268805293,67,6,2020-06-01
prophet_slide60,2020-08-01,7678.0,7464.746740991222,68,1,2020-07-01
prophet_slide60,2020-09-01,7005.0,6654.468553624616,68,2,2020-07-01
prophet_slide60,2020-10-01,7385.0,6696.935879829814,68,3,2020-07-01
prophet_slide60,2020-11-01,6872.0,6065.224888365021,68,4,2020-07-01
prophet_slide60,2020-12-01,6781.0,6244.291135011618,68,5,2020-07-01
prophet_slide60,2021-01-01,6917.0,5962.0910670105095,68,6,2020-07-01
prophet_slide60,2020-09-01,7005.0,6784.013655354925,69,1,2020-08-01
prophet_slide60,2020-10-01,7385.0,6824.480577627885,69,2,2020-08-01
prophet_slide60,2020-11-01,6872.0,6177.599579182632,69,3,2020-08-01
prophet_slide60,2020-12-01,6781.0,6349.391757338205,69,4,2020-08-01
prophet_slide60,2021-01-01,6917.0,6067.555037070238,69,5,2020-08-01
prophet_slide60,2021-02-01,6217.0,5251.288584479525,69,6,2020-08-01
prophet_slide60,2020-10-01,7385.0,6837.585727523123,70,1,2020-09-01
prophet_slide60,2020-11-01,6872.0,6191.017857311176,70,2,2020-09-01
prophet_slide60,2020-12-01,6781.0,6363.098187405578,70,3,2020-09-01
prophet_slide60,2021-01-01,6917.0,6088.59296682545,70,4,2020-09-01
prophet_slide60,2021-02-01,6217.0,5282.297350207613,70,5,2020-09-01
prophet_slide60,2021-03-01,7569.0,6308.415889072119,70,6,2020-09-01
prophet_slide60,2020-11-01,6872.0,6304.154577235132,71,1,2020-10-01
prophet_slide60,2020-12-01,6781.0,6483.45425739409,71,2,2020-10-01
prophet_slide60,2021-01-01,6917.0,6224.198959483549,71,3,2020-10-01
prophet_slide60,2021-02-01,6217.0,5441.258575048902,71,4,2020-10-01
prophet_slide60,2021-03-01,7569.0,6458.520534380841,71,5,2020-10-01
prophet_slide60,2021-04-01,6917.0,6111.743379394461,71,6,2020-10-01
prophet_slide60,2020-12-01,6781.0,6600.767528078438,72,1,2020-11-01
prophet_slide60,2021-01-01,6917.0,6348.443218282568,72,2,2020-11-01
prophet_slide60,2021-02-01,6217.0,5581.090195371629,72,3,2020-11-01
prophet_slide60,2021-03-01,7569.0,6596.396547012482,72,4,2020-11-01
prophet_slide60,2021-04-01,6917.0,6260.078149195432,72,5,2020-11-01
prophet_slide60,2021-05-01,8253.0,7011.862202844602,72,6,2020-11-01
prophet_slide60,2021-01-01,6917.0,6382.623036091258,73,1,2020-12-01
prophet_slide60,2021-02-01,6217.0,5620.46801084691,73,2,2020-12-01
prophet_slide60,2021-03-01,7569.0,6611.297830717366,73,3,2020-12-01
prophet_slide60,2021-04-01,6917.0,6276.310270078941,73,4,2020-12-01
prophet_slide60,2021-05-01,8253.0,7030.163809807854,73,5,2020-12-01
prophet_slide60,2021-06-01,8153.0,7465.534704189813,73,6,2020-12-01
prophet_slide60,2021-02-01,6217.0,5731.237720107846,74,1,2021-01-01
prophet_slide60,2021-03-01,7569.0,6702.134961355245,74,2,2021-01-01
prophet_slide60,2021-04-01,6917.0,6374.970577494465,74,3,2021-01-01
prophet_slide60,2021-05-01,8253.0,7136.573924073293,74,4,2021-01-01
prophet_slide60,2021-06-01,8153.0,7580.022198413656,74,5,2021-01-01
prophet_slide60,2021-07-01,9251.0,7859.4014663128655,74,6,2021-01-01
prophet_slide60,2021-03-01,7569.0,6770.218968571757,75,1,2021-02-01
prophet_slide60,2021-04-01,6917.0,6448.93196122368,75,2,2021-02-01
prophet_slide60,2021-05-01,8253.0,7215.494927888991,75,3,2021-02-01
prophet_slide60,2021-06-01,8153.0,7665.853082108218,75,4,2021-02-01
prophet_slide60,2021-07-01,9251.0,7951.536707816157,75,5,2021-02-01
prophet_slide60,2021-08-01,8830.0,7672.337290635223,75,6,2021-02-01
prophet_slide60,2021-04-01,6917.0,6557.067228743312,76,1,2021-03-01
prophet_slide60,2021-05-01,8253.0,7333.768838918292,76,2,2021-03-01
prophet_slide60,2021-06-01,8153.0,7792.483662529348,76,3,2021-03-01
prophet_slide60,2021-07-01,9251.0,8085.727929488915,76,4,2021-03-01
prophet_slide60,2021-08-01,8830.0,7813.39551026703,76,5,2021-03-01
prophet_slide60,2021-09-01,7512.0,7121.933547607543,76,6,2021-03-01
prophet_slide60,2021-05-01,8253.0,7398.239484804298,77,1,2021-04-01
prophet_slide60,2021-06-01,8153.0,7856.162644574157,77,2,2021-04-01
prophet_slide60,2021-07-01,9251.0,8148.633547936076,77,3,2021-04-01
prophet_slide60,2021-08-01,8830.0,7875.794098253849,77,4,2021-04-01
prophet_slide60,2021-09-01,7512.0,7184.23609833842,77,5,2021-04-01
prophet_slide60,2021-10-01,7656.0,7174.238593713816,77,6,2021-04-01
prophet_slide60,2021-06-01,8153.0,7919.636206224644,78,1,2021-05-01
prophet_slide60,2021-07-01,9251.0,8213.54229054784,78,2,2021-05-01
prophet_slide60,2021-08-01,8830.0,7942.262555507887,78,3,2021-05-01
prophet_slide60,2021-09-01,7512.0,7252.323276930249,78,4,2021-05-01
prophet_slide60,2021-10-01,7656.0,7243.919316892607,78,5,2021-05-01
prophet_slide60,2021-11-01,7603.0,6775.407385107094,78,6,2021-05-01
prophet_slide60,2021-07-01,9251.0,8290.023184604315,79,1,2021-06-01
prophet_slide60,2021-08-01,8830.0,8015.280234643755,79,2,2021-06-01
prophet_slide60,2021-09-01,7512.0,7322.407542648794,79,3,2021-06-01
prophet_slide60,2021-10-01,7656.0,7311.354403247048,79,4,2021-06-01
prophet_slide60,2021-11-01,7603.0,6841.059725482307,79,5,2021-06-01
prophet_slide60,2021-12-01,8237.0,6983.110401076841,79,6,2021-06-01
prophet_slide60,2021-08-01,8830.0,8421.690692586668,80,1,2021-07-01
prophet_slide60,2021-09-01,7512.0,7762.557081571789,80,2,2021-07-01
prophet_slide60,2021-10-01,7656.0,7784.457310516572,80,3,2021-07-01
prophet_slide60,2021-11-01,7603.0,7347.362766826357,80,4,2021-07-01
prophet_slide60,2021-12-01,8237.0,7519.938922591866,80,5,2021-07-01
prophet_slide60,2022-01-01,9582.0,7501.935311122028,80,6,2021-07-01
prophet_slide60,2021-09-01,7512.0,8088.005219468426,81,1,2021-08-01
prophet_slide60,2021-10-01,7656.0,8142.590715984337,81,2,2021-08-01
prophet_slide60,2021-11-01,7603.0,7740.043571366725,81,3,2021-08-01
prophet_slide60,2021-12-01,8237.0,7946.601358370608,81,4,2021-08-01
prophet_slide60,2022-01-01,9582.0,7963.184442408006,81,5,2021-08-01
prophet_slide60,2022-02-01,7227.0,7364.39043423509,81,6,2021-08-01
prophet_slide60,2021-10-01,7656.0,7924.952264440791,82,1,2021-09-01
prophet_slide60,2021-11-01,7603.0,7502.662211643377,82,2,2021-09-01
prophet_slide60,2021-12-01,8237.0,7689.723265246897,82,3,2021-09-01
prophet_slide60,2022-01-01,9582.0,7686.2650742563565,82,4,2021-09-01
prophet_slide60,2022-02-01,7227.0,7067.7729625147,82,5,2021-09-01
prophet_slide60,2022-03-01,7504.0,7777.976899401239,82,6,2021-09-01
prophet_slide60,2021-11-01,7603.0,7407.811307958299,83,1,2021-10-01
prophet_slide60,2021-12-01,8237.0,7591.770801418987,83,2,2021-10-01
prophet_slide60,2022-01-01,9582.0,7585.682991635628,83,3,2021-10-01
prophet_slide60,2022-02-01,7227.0,6965.132785290586,83,4,2021-10-01
prophet_slide60,2022-03-01,7504.0,7673.456463821212,83,5,2021-10-01
prophet_slide60,2022-04-01,7589.0,7532.242259324861,83,6,2021-10-01
prophet_slide60,2021-12-01,8237.0,7623.588366925893,84,1,2021-11-01
prophet_slide60,2022-01-01,9582.0,7618.425301625863,84,2,2021-11-01
prophet_slide60,2022-02-01,7227.0,6998.364105813724,84,3,2021-11-01
prophet_slide60,2022-03-01,7504.0,7706.023958342606,84,4,2021-11-01
prophet_slide60,2022-04-01,7589.0,7566.677033729534,84,5,2021-11-01
prophet_slide60,2022-05-01,8846.0,8426.341934926497,84,6,2021-11-01
prophet_slide60,2022-01-01,9582.0,7742.065142697894,85,1,2021-12-01
prophet_slide60,2022-02-01,7227.0,7131.684423159858,85,2,2021-12-01
prophet_slide60,2022-03-01,7504.0,7850.118939240185,85,3,2021-12-01
prophet_slide60,2022-04-01,7589.0,7718.589939011661,85,4,2021-12-01
prophet_slide60,2022-05-01,8846.0,8578.199247818544,85,5,2021-12-01
prophet_slide60,2022-06-01,9057.0,9010.354001829828,85,6,2021-12-01
prophet_slide60,2022-02-01,7227.0,7301.541503517489,86,1,2022-01-01
prophet_slide60,2022-03-01,7504.0,8048.26586967,86,2,2022-01-01
prophet_slide60,2022-04-01,7589.0,7918.79454408083,86,3,2022-01-01
prophet_slide60,2022-05-01,8846.0,8780.536713837138,86,4,2022-01-01
prophet_slide60,2022-06-01,9057.0,9210.401488951878,86,5,2022-01-01
prophet_slide60,2022-07-01,8699.0,9855.38365909142,86,6,2022-01-01
prophet_slide60,2022-03-01,7504.0,8058.885985439969,87,1,2022-02-01
prophet_slide60,2022-04-01,7589.0,7929.003164234806,87,2,2022-02-01
prophet_slide60,2022-05-01,8846.0,8791.638649792463,87,3,2022-02-01
prophet_slide60,2022-06-01,9057.0,9223.715907692449,87,4,2022-02-01
prophet_slide60,2022-07-01,8699.0,9871.636738877505,87,5,2022-02-01
prophet_slide60,2022-08-01,8834.0,9584.454485289298,87,6,2022-02-01
prophet_slide60,2022-04-01,7589.0,7830.598022362424,88,1,2022-03-01
prophet_slide60,2022-05-01,8846.0,8686.497365306861,88,2,2022-03-01
prophet_slide60,2022-06-01,9057.0,9109.423386564242,88,3,2022-03-01
prophet_slide60,2022-07-01,8699.0,9747.850296177063,88,4,2022-03-01
prophet_slide60,2022-08-01,8834.0,9451.361444080116,88,5,2022-03-01
prophet_slide60,2022-09-01,8228.0,8737.51578851848,88,6,2022-03-01
prophet_slide60,2022-05-01,8846.0,8629.659573534176,89,1,2022-04-01
prophet_slide60,2022-06-01,9057.0,9046.80916844474,89,2,2022-04-01
prophet_slide60,2022-07-01,8699.0,9678.679626903337,89,3,2022-04-01
prophet_slide60,2022-08-01,8834.0,9375.036720988212,89,4,2022-04-01
prophet_slide60,2022-09-01,8228.0,8651.15205994609,89,5,2022-04-01
prophet_slide60,2022-10-01,8388.0,8557.677306055666,89,6,2022-04-01
prophet_slide60,2022-06-01,9057.0,9094.596567485278,90,1,2022-05-01
prophet_slide60,2022-07-01,8699.0,9732.109434496026,90,2,2022-05-01
prophet_slide60,2022-08-01,8834.0,9434.769633103042,90,3,2022-05-01
prophet_slide60,2022-09-01,8228.0,8720.266034173217,90,4,2022-05-01
prophet_slide60,2022-10-01,8388.0,8632.54237409019,90,5,2022-05-01
prophet_slide60,2022-11-01,7588.0,8433.458114341134,90,6,2022-05-01
prophet_slide60,2022-07-01,8699.0,9708.559390547236,91,1,2022-06-01
prophet_slide60,2022-08-01,8834.0,9405.112667642341,91,2,2022-06-01
prophet_slide60,2022-09-01,8228.0,8684.035202042325,91,3,2022-06-01
prophet_slide60,2022-10-01,8388.0,8592.5679963152,91,4,2022-06-01
prophet_slide60,2022-11-01,7588.0,8390.819528750857,91,5,2022-06-01
prophet_slide60,2022-12-01,7850.0,8720.476694124083,91,6,2022-06-01
prophet_slide60,2022-08-01,8834.0,9265.721428248913,92,1,2022-07-01
prophet_slide60,2022-09-01,8228.0,8537.662136162691,92,2,2022-07-01
prophet_slide60,2022-10-01,8388.0,8439.687152757388,92,3,2022-07-01
prophet_slide60,2022-11-01,7588.0,8229.123444887166,92,4,2022-07-01
prophet_slide60,2022-12-01,7850.0,8547.973774848382,92,5,2022-07-01
prophet_slide60,2023-01-01,7563.0,8794.529582025238,92,6,2022-07-01
prophet_slide60,2022-09-01,8228.0,8460.351627532777,93,1,2022-08-01
prophet_slide60,2022-10-01,8388.0,8357.702318956013,93,2,2022-08-01
prophet_slide60,2022-11-01,7588.0,8142.456329556072,93,3,2022-08-01
prophet_slide60,2022-12-01,7850.0,8457.287798238343,93,4,2022-08-01
prophet_slide60,2023-01-01,7563.0,8700.457152791536,93,5,2022-08-01
prophet_slide60,2023-02-01,6551.0,7832.379205467544,93,6,2022-08-01
prophet_slide60,2022-10-01,8388.0,8354.804003346771,94,1,2022-09-01
prophet_slide60,2022-11-01,7588.0,8139.318930122765,94,2,2022-09-01
prophet_slide60,2022-12-01,7850.0,8452.033752918223,94,3,2022-09-01
prophet_slide60,2023-01-01,7563.0,8690.818027985832,94,4,2022-09-01
prophet_slide60,2023-02-01,6551.0,7817.437219857697,94,5,2022-09-01
prophet_slide60,2023-03-01,7507.0,8043.488775778372,94,6,2022-09-01
prophet_slide60,2022-11-01,7588.0,8120.306760916974,95,1,2022-10-01
prophet_slide60,2022-12-01,7850.0,8433.57837661576,95,2,2022-10-01
prophet_slide60,2023-01-01,7563.0,8674.470925378695,95,3,2022-10-01
prophet_slide60,2023-02-01,6551.0,7803.4309591724295,95,4,2022-10-01
prophet_slide60,2023-03-01,7507.0,8020.624764305157,95,5,2022-10-01
prophet_slide60,2023-04-01,7745.0,8269.591692359103,95,6,2022-10-01
prophet_slide60,2022-12-01,7850.0,8358.308761298056,96,1,2022-11-01
prophet_slide60,2023-01-01,7563.0,8595.996452151292,96,2,2022-11-01
prophet_slide60,2023-02-01,6551.0,7720.4847843544885,96,3,2022-11-01
prophet_slide60,2023-03-01,7507.0,7935.8707383491665,96,4,2022-11-01
prophet_slide60,2023-04-01,7745.0,8175.061990984444,96,5,2022-11-01
prophet_slide60,2023-05-01,8600.0,8936.220286697691,96,6,2022-11-01
prophet_slide60,2023-01-01,7563.0,8564.586124215028,97,1,2022-12-01
prophet_slide60,2023-02-01,6551.0,7683.90409640308,97,2,2022-12-01
prophet_slide60,2023-03-01,7507.0,7913.801138145818,97,3,2022-12-01
prophet_slide60,2023-04-01,7745.0,8138.163721990222,97,4,2022-12-01
prophet_slide60,2023-05-01,8600.0,8892.580717121447,97,5,2022-12-01
prophet_slide60,2023-06-01,9151.0,9432.410571854454,97,6,2022-12-01
prophet_slide60,2023-02-01,6551.0,7571.751864048075,98,1,2023-01-01
prophet_slide60,2023-03-01,7507.0,7815.6514202724275,98,2,2023-01-01
prophet_slide60,2023-04-01,7745.0,8015.500547992456,98,3,2023-01-01
prophet_slide60,2023-05-01,8600.0,8749.46005732808,98,4,2023-01-01
prophet_slide60,2023-06-01,9151.0,9273.742905076093,98,5,2023-01-01
prophet_slide60,2023-07-01,9183.0,9564.293316285928,98,6,2023-01-01
prophet_slide60,2023-03-01,7507.0,7764.891570729158,99,1,2023-02-01
prophet_slide60,2023-04-01,7745.0,7933.3679656224485,99,2,2023-02-01
prophet_slide60,2023-05-01,8600.0,8644.09083966079,99,3,2023-02-01
prophet_slide60,2023-06-01,9151.0,9150.411150135718,99,4,2023-02-01
prophet_slide60,2023-07-01,9183.0,9424.567688945677,99,5,2023-02-01
prophet_slide60,2023-08-01,8297.0,9127.715836169213,99,6,2023-02-01
prophet_slide60,2023-04-01,7745.0,7915.997470623227,100,1,2023-03-01
prophet_slide60,2023-05-01,8600.0,8622.550810685058,100,2,2023-03-01
prophet_slide60,2023-06-01,9151.0,9122.62757885372,100,3,2023-03-01
prophet_slide60,2023-07-01,9183.0,9396.5580263005,100,4,2023-03-01
prophet_slide60,2023-08-01,8297.0,9092.455908540258,100,5,2023-03-01
prophet_slide60,2023-09-01,7823.0,8536.56865382881,100,6,2023-03-01
prophet_slide60,2023-05-01,8600.0,8624.369539280207,101,1,2023-04-01
prophet_slide60,2023-06-01,9151.0,9122.441848862814,101,2,2023-04-01
prophet_slide60,2023-07-01,9183.0,9387.962052422716,101,3,2023-04-01
prophet_slide60,2023-08-01,8297.0,9083.922550236965,101,4,2023-04-01
prophet_slide60,2023-09-01,7823.0,8528.960131174606,101,5,2023-04-01
prophet_slide60,2023-10-01,7507.0,8384.57236174552,101,6,2023-04-01
prophet_slide60,2023-06-01,9151.0,9105.289356448116,102,1,2023-05-01
prophet_slide60,2023-07-01,9183.0,9378.52289637499,102,2,2023-05-01
prophet_slide60,2023-08-01,8297.0,9072.630688247933,102,3,2023-05-01
prophet_slide60,2023-09-01,7823.0,8515.872691271155,102,4,2023-05-01
prophet_slide60,2023-10-01,7507.0,8369.85353163967,102,5,2023-05-01
prophet_slide60,2023-11-01,8107.0,8113.541210135532,102,6,2023-05-01
prophet_slide60,2023-07-01,9183.0,9379.644266166177,103,1,2023-06-01
prophet_slide60,2023-08-01,8297.0,9073.910288681018,103,2,2023-06-01
prophet_slide60,2023-09-01,7823.0,8517.827596154448,103,3,2023-06-01
prophet_slide60,2023-10-01,7507.0,8372.405780699839,103,4,2023-06-01
prophet_slide60,2023-11-01,8107.0,8116.94986816389,103,5,2023-06-01
prophet_slide60,2023-12-01,7504.0,8538.077590992023,103,6,2023-06-01
timesfm_slide60,2015-01-01,7184.0,6496.42333984375,1,1,2014-12-01
timesfm_slide60,2015-02-01,5958.0,6256.396484375,1,2,2014-12-01
timesfm_slide60,2015-03-01,6658.0,6413.01708984375,1,3,2014-12-01
timesfm_slide60,2015-04-01,7069.0,6573.40576171875,1,4,2014-12-01
timesfm_slide60,2015-05-01,8099.0,7187.89013671875,1,5,2014-12-01
timesfm_slide60,2015-06-01,7868.0,7574.8544921875,1,6,2014-12-01
timesfm_slide60,2015-02-01,5958.0,6386.64794921875,2,1,2015-01-01
timesfm_slide60,2015-03-01,6658.0,6491.95947265625,2,2,2015-01-01
timesfm_slide60,2015-04-01,7069.0,6639.58447265625,2,3,2015-01-01
timesfm_slide60,2015-05-01,8099.0,7278.98486328125,2,4,2015-01-01
timesfm_slide60,2015-06-01,7868.0,7648.33056640625,2,5,2015-01-01
timesfm_slide60,2015-07-01,7986.0,7824.3955078125,2,6,2015-01-01
timesfm_slide60,2015-03-01,6658.0,6333.26318359375,3,1,2015-02-01
timesfm_slide60,2015-04-01,7069.0,6569.47705078125,3,2,2015-02-01
timesfm_slide60,2015-05-01,8099.0,7209.87109375,3,3,2015-02-01
timesfm_slide60,2015-06-01,7868.0,7578.6162109375,3,4,2015-02-01
timesfm_slide60,2015-07-01,7986.0,7736.06005859375,3,5,2015-02-01
timesfm_slide60,2015-08-01,7251.0,7427.93212890625,3,6,2015-02-01
timesfm_slide60,2015-04-01,7069.0,6590.80517578125,4,1,2015-03-01
timesfm_slide60,2015-05-01,8099.0,7222.69873046875,4,2,2015-03-01
timesfm_slide60,2015-06-01,7868.0,7600.41796875,4,3,2015-03-01
timesfm_slide60,2015-07-01,7986.0,7780.46728515625,4,4,2015-03-01
timesfm_slide60,2015-08-01,7251.0,7482.89013671875,4,5,2015-03-01
timesfm_slide60,2015-09-01,7163.0,7062.30810546875,4,6,2015-03-01
timesfm_slide60,2015-05-01,8099.0,7363.701171875,5,1,2015-04-01
timesfm_slide60,2015-06-01,7868.0,7651.2783203125,5,2,2015-04-01
timesfm_slide60,2015-07-01,7986.0,7851.95654296875,5,3,2015-04-01
timesfm_slide60,2015-08-01,7251.0,7541.4892578125,5,4,2015-04-01
timesfm_slide60,2015-09-01,7163.0,7138.7919921875,5,5,2015-04-01
timesfm_slide60,2015-10-01,6690.0,6950.6142578125,5,6,2015-04-01
timesfm_slide60,2015-06-01,7868.0,7903.810546875,6,1,2015-05-01
timesfm_slide60,2015-07-01,7986.0,8091.85986328125,6,2,2015-05-01
timesfm_slide60,2015-08-01,7251.0,7773.96044921875,6,3,2015-05-01
timesfm_slide60,2015-09-01,7163.0,7279.84423828125,6,4,2015-05-01
timesfm_slide60,2015-10-01,6690.0,7042.52099609375,6,5,2015-05-01
timesfm_slide60,2015-11-01,6392.0,6680.74169921875,6,6,2015-05-01
timesfm_slide60,2015-07-01,7986.0,8057.80029296875,7,1,2015-06-01
timesfm_slide60,2015-08-01,7251.0,7741.32568359375,7,2,2015-06-01
timesfm_slide60,2015-09-01,7163.0,7327.95947265625,7,3,2015-06-01
timesfm_slide60,2015-10-01,6690.0,7051.673828125,7,4,2015-06-01
timesfm_slide60,2015-11-01,6392.0,6737.6298828125,7,5,2015-06-01
timesfm_slide60,2015-12-01,6753.0,6806.3017578125,7,6,2015-06-01
timesfm_slide60,2015-08-01,7251.0,7718.34521484375,8,1,2015-07-01
timesfm_slide60,2015-09-01,7163.0,7227.06884765625,8,2,2015-07-01
timesfm_slide60,2015-10-01,6690.0,7001.59375,8,3,2015-07-01
timesfm_slide60,2015-11-01,6392.0,6611.61865234375,8,4,2015-07-01
timesfm_slide60,2015-12-01,6753.0,6725.4599609375,8,5,2015-07-01
timesfm_slide60,2016-01-01,6753.0,6751.185546875,8,6,2015-07-01
timesfm_slide60,2015-09-01,7163.0,7141.27294921875,9,1,2015-08-01
timesfm_slide60,2015-10-01,6690.0,6924.98095703125,9,2,2015-08-01
timesfm_slide60,2015-11-01,6392.0,6647.939453125,9,3,2015-08-01
timesfm_slide60,2015-12-01,6753.0,6750.32470703125,9,4,2015-08-01
timesfm_slide60,2016-01-01,6753.0,6737.35888671875,9,5,2015-08-01
timesfm_slide60,2016-02-01,6385.0,6488.3564453125,9,6,2015-08-01
timesfm_slide60,2015-10-01,6690.0,6947.3427734375,10,1,2015-09-01
timesfm_slide60,2015-11-01,6392.0,6618.20556640625,10,2,2015-09-01
timesfm_slide60,2015-12-01,6753.0,6805.4189453125,10,3,2015-09-01
timesfm_slide60,2016-01-01,6753.0,6731.0322265625,10,4,2015-09-01
timesfm_slide60,2016-02-01,6385.0,6496.5546875,10,5,2015-09-01
timesfm_slide60,2016-03-01,7164.0,6596.69677734375,10,6,2015-09-01
timesfm_slide60,2015-11-01,6392.0,6539.53466796875,11,1,2015-10-01
timesfm_slide60,2015-12-01,6753.0,6651.77880859375,11,2,2015-10-01
timesfm_slide60,2016-01-01,6753.0,6603.10205078125,11,3,2015-10-01
timesfm_slide60,2016-02-01,6385.0,6404.95068359375,11,4,2015-10-01
timesfm_slide60,2016-03-01,7164.0,6499.4365234375,11,5,2015-10-01
timesfm_slide60,2016-04-01,7192.0,6869.08837890625,11,6,2015-10-01
timesfm_slide60,2015-12-01,6753.0,6629.82470703125,12,1,2015-11-01
timesfm_slide60,2016-01-01,6753.0,6591.79248046875,12,2,2015-11-01
timesfm_slide60,2016-02-01,6385.0,6430.478515625,12,3,2015-11-01
timesfm_slide60,2016-03-01,7164.0,6538.74658203125,12,4,2015-11-01
timesfm_slide60,2016-04-01,7192.0,6859.9296875,12,5,2015-11-01
timesfm_slide60,2016-05-01,7743.0,7475.412109375,12,6,2015-11-01
timesfm_slide60,2016-01-01,6753.0,6628.98779296875,13,1,2015-12-01
timesfm_slide60,2016-02-01,6385.0,6382.09228515625,13,2,2015-12-01
timesfm_slide60,2016-03-01,7164.0,6520.6865234375,13,3,2015-12-01
timesfm_slide60,2016-04-01,7192.0,6881.4013671875,13,4,2015-12-01
timesfm_slide60,2016-05-01,7743.0,7499.7998046875,13,5,2015-12-01
timesfm_slide60,2016-06-01,8767.0,7785.16552734375,13,6,2015-12-01
timesfm_slide60,2016-02-01,6385.0,6453.8818359375,14,1,2016-01-01
timesfm_slide60,2016-03-01,7164.0,6592.16943359375,14,2,2016-01-01
timesfm_slide60,2016-04-01,7192.0,6949.31591796875,14,3,2016-01-01
timesfm_slide60,2016-05-01,7743.0,7638.5283203125,14,4,2016-01-01
timesfm_slide60,2016-06-01,8767.0,7850.85498046875,14,5,2016-01-01
timesfm_slide60,2016-07-01,8479.0,7988.42138671875,14,6,2016-01-01
timesfm_slide60,2016-03-01,7164.0,6517.85400390625,15,1,2016-02-01
timesfm_slide60,2016-04-01,7192.0,6873.55908203125,15,2,2016-02-01
timesfm_slide60,2016-05-01,7743.0,7557.8505859375,15,3,2016-02-01
timesfm_slide60,2016-06-01,8767.0,7850.580078125,15,4,2016-02-01
timesfm_slide60,2016-07-01,8479.0,7979.27001953125,15,5,2016-02-01
timesfm_slide60,2016-08-01,7890.0,7505.9462890625,15,6,2016-02-01
timesfm_slide60,2016-04-01,7192.0,7088.11865234375,16,1,2016-03-01
timesfm_slide60,2016-05-01,7743.0,7656.4580078125,16,2,2016-03-01
timesfm_slide60,2016-06-01,8767.0,7883.6279296875,16,3,2016-03-01
timesfm_slide60,2016-07-01,8479.0,8017.572265625,16,4,2016-03-01
timesfm_slide60,2016-08-01,7890.0,7577.08056640625,16,5,2016-03-01
timesfm_slide60,2016-09-01,7317.0,7225.08935546875,16,6,2016-03-01
timesfm_slide60,2016-05-01,7743.0,7656.86669921875,17,1,2016-04-01
timesfm_slide60,2016-06-01,8767.0,7952.78466796875,17,2,2016-04-01
timesfm_slide60,2016-07-01,8479.0,8042.43212890625,17,3,2016-04-01
timesfm_slide60,2016-08-01,7890.0,7620.34521484375,17,4,2016-04-01
timesfm_slide60,2016-09-01,7317.0,7237.8427734375,17,5,2016-04-01
timesfm_slide60,2016-10-01,7426.0,6929.0107421875,17,6,2016-04-01
timesfm_slide60,2016-06-01,8767.0,7968.291015625,18,1,2016-05-01
timesfm_slide60,2016-07-01,8479.0,8083.84033203125,18,2,2016-05-01
timesfm_slide60,2016-08-01,7890.0,7655.126953125,18,3,2016-05-01
timesfm_slide60,2016-09-01,7317.0,7219.25,18,4,2016-05-01
timesfm_slide60,2016-10-01,7426.0,6933.46826171875,18,5,2016-05-01
timesfm_slide60,2016-11-01,6700.0,6688.533203125,18,6,2016-05-01
timesfm_slide60,2016-07-01,8479.0,8356.880859375,19,1,2016-06-01
timesfm_slide60,2016-08-01,7890.0,7770.35791015625,19,2,2016-06-01
timesfm_slide60,2016-09-01,7317.0,7340.1533203125,19,3,2016-06-01
timesfm_slide60,2016-10-01,7426.0,7044.84228515625,19,4,2016-06-01
timesfm_slide60,2016-11-01,6700.0,6770.32177734375,19,5,2016-06-01
timesfm_slide60,2016-12-01,6994.0,6939.2392578125,19,6,2016-06-01
timesfm_slide60,2016-08-01,7890.0,7929.8505859375,20,1,2016-07-01
timesfm_slide60,2016-09-01,7317.0,7421.1708984375,20,2,2016-07-01
timesfm_slide60,2016-10-01,7426.0,7081.5517578125,20,3,2016-07-01
timesfm_slide60,2016-11-01,6700.0,6755.80322265625,20,4,2016-07-01
timesfm_slide60,2016-12-01,6994.0,7016.2705078125,20,5,2016-07-01
timesfm_slide60,2017-01-01,6788.0,6992.31103515625,20,6,2016-07-01
timesfm_slide60,2016-09-01,7317.0,7421.39111328125,21,1,2016-08-01
timesfm_slide60,2016-10-01,7426.0,7076.0126953125,21,2,2016-08-01
timesfm_slide60,2016-11-01,6700.0,6801.7412109375,21,3,2016-08-01
timesfm_slide60,2016-12-01,6994.0,6975.33056640625,21,4,2016-08-01
timesfm_slide60,2017-01-01,6788.0,6972.330078125,21,5,2016-08-01
timesfm_slide60,2017-02-01,6271.0,6751.3525390625,21,6,2016-08-01
timesfm_slide60,2016-10-01,7426.0,7039.91357421875,22,1,2016-09-01
timesfm_slide60,2016-11-01,6700.0,6768.56103515625,22,2,2016-09-01
timesfm_slide60,2016-12-01,6994.0,7036.24072265625,22,3,2016-09-01
timesfm_slide60,2017-01-01,6788.0,6992.0078125,22,4,2016-09-01
timesfm_slide60,2017-02-01,6271.0,6822.9765625,22,5,2016-09-01
timesfm_slide60,2017-03-01,6794.0,6930.5908203125,22,6,2016-09-01
timesfm_slide60,2016-11-01,6700.0,6873.7294921875,23,1,2016-10-01
timesfm_slide60,2016-12-01,6994.0,7075.51708984375,23,2,2016-10-01
timesfm_slide60,2017-01-01,6788.0,7108.24658203125,23,3,2016-10-01
timesfm_slide60,2017-02-01,6271.0,6927.33984375,23,4,2016-10-01
timesfm_slide60,2017-03-01,6794.0,7033.62841796875,23,5,2016-10-01
timesfm_slide60,2017-04-01,6884.0,7393.38134765625,23,6,2016-10-01
timesfm_slide60,2016-12-01,6994.0,6886.2470703125,24,1,2016-11-01
timesfm_slide60,2017-01-01,6788.0,6977.2333984375,24,2,2016-11-01
timesfm_slide60,2017-02-01,6271.0,6817.705078125,24,3,2016-11-01
timesfm_slide60,2017-03-01,6794.0,6994.435546875,24,4,2016-11-01
timesfm_slide60,2017-04-01,6884.0,7382.03515625,24,5,2016-11-01
timesfm_slide60,2017-05-01,7651.0,8015.21240234375,24,6,2016-11-01
timesfm_slide60,2017-01-01,6788.0,6949.67333984375,25,1,2016-12-01
timesfm_slide60,2017-02-01,6271.0,6744.23291015625,25,2,2016-12-01
timesfm_slide60,2017-03-01,6794.0,6965.6201171875,25,3,2016-12-01
timesfm_slide60,2017-04-01,6884.0,7298.955078125,25,4,2016-12-01
timesfm_slide60,2017-05-01,7651.0,8015.56201171875,25,5,2016-12-01
timesfm_slide60,2017-06-01,8009.0,8344.6015625,25,6,2016-12-01
timesfm_slide60,2017-02-01,6271.0,6713.5771484375,26,1,2017-01-01
timesfm_slide60,2017-03-01,6794.0,6963.34423828125,26,2,2017-01-01
timesfm_slide60,2017-04-01,6884.0,7334.365234375,26,3,2017-01-01
timesfm_slide60,2017-05-01,7651.0,8024.18408203125,26,4,2017-01-01
timesfm_slide60,2017-06-01,8009.0,8262.265625,26,5,2017-01-01
timesfm_slide60,2017-07-01,8694.0,8270.42578125,26,6,2017-01-01
timesfm_slide60,2017-03-01,6794.0,6661.802734375,27,1,2017-02-01
timesfm_slide60,2017-04-01,6884.0,7127.22216796875,27,2,2017-02-01
timesfm_slide60,2017-05-01,7651.0,7934.21875,27,3,2017-02-01
timesfm_slide60,2017-06-01,8009.0,8233.896484375,27,4,2017-02-01
timesfm_slide60,2017-07-01,8694.0,8299.298828125,27,5,2017-02-01
timesfm_slide60,2017-08-01,8130.0,7833.3583984375,27,6,2017-02-01
timesfm_slide60,2017-04-01,6884.0,7173.626953125,28,1,2017-03-01
timesfm_slide60,2017-05-01,7651.0,7875.72509765625,28,2,2017-03-01
timesfm_slide60,2017-06-01,8009.0,8163.0400390625,28,3,2017-03-01
timesfm_slide60,2017-07-01,8694.0,8211.57421875,28,4,2017-03-01
timesfm_slide60,2017-08-01,8130.0,7765.59326171875,28,5,2017-03-01
timesfm_slide60,2017-09-01,7446.0,7380.556640625,28,6,2017-03-01
timesfm_slide60,2017-05-01,7651.0,7742.49462890625,29,1,2017-04-01
timesfm_slide60,2017-06-01,8009.0,8084.6767578125,29,2,2017-04-01
timesfm_slide60,2017-07-01,8694.0,8149.27734375,29,3,2017-04-01
timesfm_slide60,2017-08-01,8130.0,7720.763671875,29,4,2017-04-01
timesfm_slide60,2017-09-01,7446.0,7308.47314453125,29,5,2017-04-01
timesfm_slide60,2017-10-01,7282.0,7038.58642578125,29,6,2017-04-01
timesfm_slide60,2017-06-01,8009.0,7962.65185546875,30,1,2017-05-01
timesfm_slide60,2017-07-01,8694.0,8055.072265625,30,2,2017-05-01
timesfm_slide60,2017-08-01,8130.0,7629.3515625,30,3,2017-05-01
timesfm_slide60,2017-09-01,7446.0,7224.4677734375,30,4,2017-05-01
timesfm_slide60,2017-10-01,7282.0,6995.4013671875,30,5,2017-05-01
timesfm_slide60,2017-11-01,6830.0,6683.99853515625,30,6,2017-05-01
timesfm_slide60,2017-07-01,8694.0,8127.0048828125,31,1,2017-06-01
timesfm_slide60,2017-08-01,8130.0,7720.26953125,31,2,2017-06-01
timesfm_slide60,2017-09-01,7446.0,7292.76025390625,31,3,2017-06-01
timesfm_slide60,2017-10-01,7282.0,7057.701171875,31,4,2017-06-01
timesfm_slide60,2017-11-01,6830.0,6762.94189453125,31,5,2017-06-01
timesfm_slide60,2017-12-01,6946.0,6973.15673828125,31,6,2017-06-01
timesfm_slide60,2017-08-01,8130.0,7954.1513671875,32,1,2017-07-01
timesfm_slide60,2017-09-01,7446.0,7374.5,32,2,2017-07-01
timesfm_slide60,2017-10-01,7282.0,7089.44677734375,32,3,2017-07-01
timesfm_slide60,2017-11-01,6830.0,6717.14990234375,32,4,2017-07-01
timesfm_slide60,2017-12-01,6946.0,6949.95361328125,32,5,2017-07-01
timesfm_slide60,2018-01-01,6886.0,6864.74365234375,32,6,2017-07-01
timesfm_slide60,2017-09-01,7446.0,7520.19970703125,33,1,2017-08-01
timesfm_slide60,2017-10-01,7282.0,7177.96240234375,33,2,2017-08-01
timesfm_slide60,2017-11-01,6830.0,6794.37744140625,33,3,2017-08-01
timesfm_slide60,2017-12-01,6946.0,7032.27783203125,33,4,2017-08-01
timesfm_slide60,2018-01-01,6886.0,6952.4697265625,33,5,2017-08-01
timesfm_slide60,2018-02-01,5960.0,6662.38330078125,33,6,2017-08-01
timesfm_slide60,2017-10-01,7282.0,7151.68896484375,34,1,2017-09-01
timesfm_slide60,2017-11-01,6830.0,6760.9619140625,34,2,2017-09-01
timesfm_slide60,2017-12-01,6946.0,7006.359375,34,3,2017-09-01
timesfm_slide60,2018-01-01,6886.0,6881.29052734375,34,4,2017-09-01
timesfm_slide60,2018-02-01,5960.0,6672.7021484375,34,5,2017-09-01
timesfm_slide60,2018-03-01,6930.0,6845.267578125,34,6,2017-09-01
timesfm_slide60,2017-11-01,6830.0,6843.93359375,35,1,2017-10-01
timesfm_slide60,2017-12-01,6946.0,6988.45556640625,35,2,2017-10-01
timesfm_slide60,2018-01-01,6886.0,6919.63818359375,35,3,2017-10-01
timesfm_slide60,2018-02-01,5960.0,6695.4853515625,35,4,2017-10-01
timesfm_slide60,2018-03-01,6930.0,6893.05615234375,35,5,2017-10-01
timesfm_slide60,2018-04-01,6769.0,7206.9365234375,35,6,2017-10-01
timesfm_slide60,2017-12-01,6946.0,6940.97412109375,36,1,2017-11-01
timesfm_slide60,2018-01-01,6886.0,6854.09033203125,36,2,2017-11-01
timesfm_slide60,2018-02-01,5960.0,6711.28271484375,36,3,2017-11-01
timesfm_slide60,2018-03-01,6930.0,6950.22412109375,36,4,2017-11-01
timesfm_slide60,2018-04-01,6769.0,7243.7666015625,36,5,2017-11-01
timesfm_slide60,2018-05-01,7511.0,7956.189453125,36,6,2017-11-01
timesfm_slide60,2018-01-01,6886.0,6877.68994140625,37,1,2017-12-01
timesfm_slide60,2018-02-01,5960.0,6650.03857421875,37,2,2017-12-01
timesfm_slide60,2018-03-01,6930.0,6898.4423828125,37,3,2017-12-01
timesfm_slide60,2018-04-01,6769.0,7197.87744140625,37,4,2017-12-01
timesfm_slide60,2018-05-01,7511.0,7879.076171875,37,5,2017-12-01
timesfm_slide60,2018-06-01,8057.0,8285.7119140625,37,6,2017-12-01
timesfm_slide60,2018-02-01,5960.0,6626.748046875,38,1,2018-01-01
timesfm_slide60,2018-03-01,6930.0,6900.76220703125,38,2,2018-01-01
timesfm_slide60,2018-04-01,6769.0,7166.8388671875,38,3,2018-01-01
timesfm_slide60,2018-05-01,7511.0,7905.1396484375,38,4,2018-01-01
timesfm_slide60,2018-06-01,8057.0,8228.21484375,38,5,2018-01-01
timesfm_slide60,2018-07-01,8175.0,8386.056640625,38,6,2018-01-01
timesfm_slide60,2018-03-01,6930.0,6592.8125,39,1,2018-02-01
timesfm_slide60,2018-04-01,6769.0,6945.2548828125,39,2,2018-02-01
timesfm_slide60,2018-05-01,7511.0,7735.681640625,39,3,2018-02-01
timesfm_slide60,2018-06-01,8057.0,8072.53857421875,39,4,2018-02-01
timesfm_slide60,2018-07-01,8175.0,8194.5234375,39,5,2018-02-01
timesfm_slide60,2018-08-01,8328.0,7836.78955078125,39,6,2018-02-01
timesfm_slide60,2018-04-01,6769.0,7113.0087890625,40,1,2018-03-01
timesfm_slide60,2018-05-01,7511.0,7835.3818359375,40,2,2018-03-01
timesfm_slide60,2018-06-01,8057.0,8176.525390625,40,3,2018-03-01
timesfm_slide60,2018-07-01,8175.0,8319.71875,40,4,2018-03-01
timesfm_slide60,2018-08-01,8328.0,7953.1015625,40,5,2018-03-01
timesfm_slide60,2018-09-01,7325.0,7479.681640625,40,6,2018-03-01
timesfm_slide60,2018-05-01,7511.0,7677.89208984375,41,1,2018-04-01
timesfm_slide60,2018-06-01,8057.0,8128.740234375,41,2,2018-04-01
timesfm_slide60,2018-07-01,8175.0,8275.056640625,41,3,2018-04-01
timesfm_slide60,2018-08-01,8328.0,7914.7900390625,41,4,2018-04-01
timesfm_slide60,2018-09-01,7325.0,7397.26171875,41,5,2018-04-01
timesfm_slide60,2018-10-01,7202.0,7101.62109375,41,6,2018-04-01
timesfm_slide60,2018-06-01,8057.0,8053.53125,42,1,2018-05-01
timesfm_slide60,2018-07-01,8175.0,8208.701171875,42,2,2018-05-01
timesfm_slide60,2018-08-01,8328.0,7883.28466796875,42,3,2018-05-01
timesfm_slide60,2018-09-01,7325.0,7356.8408203125,42,4,2018-05-01
timesfm_slide60,2018-10-01,7202.0,7053.7568359375,42,5,2018-05-01
timesfm_slide60,2018-11-01,7161.0,6727.78857421875,42,6,2018-05-01
timesfm_slide60,2018-07-01,8175.0,8175.833984375,43,1,2018-06-01
timesfm_slide60,2018-08-01,8328.0,7791.025390625,43,2,2018-06-01
timesfm_slide60,2018-09-01,7325.0,7337.65478515625,43,3,2018-06-01
timesfm_slide60,2018-10-01,7202.0,7021.72216796875,43,4,2018-06-01
timesfm_slide60,2018-11-01,7161.0,6734.556640625,43,5,2018-06-01
timesfm_slide60,2018-12-01,7409.0,6858.34326171875,43,6,2018-06-01
timesfm_slide60,2018-08-01,8328.0,7836.3955078125,44,1,2018-07-01
timesfm_slide60,2018-09-01,7325.0,7306.87255859375,44,2,2018-07-01
timesfm_slide60,2018-10-01,7202.0,7018.02001953125,44,3,2018-07-01
timesfm_slide60,2018-11-01,7161.0,6736.2421875,44,4,2018-07-01
timesfm_slide60,2018-12-01,7409.0,6846.90869140625,44,5,2018-07-01
timesfm_slide60,2019-01-01,7117.0,6768.71826171875,44,6,2018-07-01
timesfm_slide60,2018-09-01,7325.0,7593.11962890625,45,1,2018-08-01
timesfm_slide60,2018-10-01,7202.0,7199.19873046875,45,2,2018-08-01
timesfm_slide60,2018-11-01,7161.0,6861.96875,45,3,2018-08-01
timesfm_slide60,2018-12-01,7409.0,6977.00732421875,45,4,2018-08-01
timesfm_slide60,2019-01-01,7117.0,6927.60986328125,45,5,2018-08-01
timesfm_slide60,2019-02-01,6307.0,6547.7490234375,45,6,2018-08-01
timesfm_slide60,2018-10-01,7202.0,7195.75048828125,46,1,2018-09-01
timesfm_slide60,2018-11-01,7161.0,6810.576171875,46,2,2018-09-01
timesfm_slide60,2018-12-01,7409.0,6904.29833984375,46,3,2018-09-01
timesfm_slide60,2019-01-01,7117.0,6855.58544921875,46,4,2018-09-01
timesfm_slide60,2019-02-01,6307.0,6522.16064453125,46,5,2018-09-01
timesfm_slide60,2019-03-01,7067.0,6817.408203125,46,6,2018-09-01
timesfm_slide60,2018-11-01,7161.0,6838.2763671875,47,1,2018-10-01
timesfm_slide60,2018-12-01,7409.0,6882.95068359375,47,2,2018-10-01
timesfm_slide60,2019-01-01,7117.0,6831.79443359375,47,3,2018-10-01
timesfm_slide60,2019-02-01,6307.0,6500.08251953125,47,4,2018-10-01
timesfm_slide60,2019-03-01,7067.0,6803.2451171875,47,5,2018-10-01
timesfm_slide60,2019-04-01,7108.0,7106.197265625,47,6,2018-10-01
timesfm_slide60,2018-12-01,7409.0,7072.0849609375,48,1,2018-11-01
timesfm_slide60,2019-01-01,7117.0,6921.24951171875,48,2,2018-11-01
timesfm_slide60,2019-02-01,6307.0,6621.73974609375,48,3,2018-11-01
timesfm_slide60,2019-03-01,7067.0,6888.36767578125,48,4,2018-11-01
timesfm_slide60,2019-04-01,7108.0,7204.521484375,48,5,2018-11-01
timesfm_slide60,2019-05-01,7776.0,7830.37451171875,48,6,2018-11-01
timesfm_slide60,2019-01-01,7117.0,7118.93798828125,49,1,2018-12-01
timesfm_slide60,2019-02-01,6307.0,6669.984375,49,2,2018-12-01
timesfm_slide60,2019-03-01,7067.0,7026.69921875,49,3,2018-12-01
timesfm_slide60,2019-04-01,7108.0,7266.87060546875,49,4,2018-12-01
timesfm_slide60,2019-05-01,7776.0,7920.306640625,49,5,2018-12-01
timesfm_slide60,2019-06-01,8274.0,8338.271484375,49,6,2018-12-01
timesfm_slide60,2019-02-01,6307.0,6634.0849609375,50,1,2019-01-01
timesfm_slide60,2019-03-01,7067.0,6990.85693359375,50,2,2019-01-01
timesfm_slide60,2019-04-01,7108.0,7241.8671875,50,3,2019-01-01
timesfm_slide60,2019-05-01,7776.0,7914.80126953125,50,4,2019-01-01
timesfm_slide60,2019-06-01,8274.0,8331.181640625,50,5,2019-01-01
timesfm_slide60,2019-07-01,8919.0,8459.3701171875,50,6,2019-01-01
timesfm_slide60,2019-03-01,7067.0,6896.875,51,1,2019-02-01
timesfm_slide60,2019-04-01,7108.0,7231.951171875,51,2,2019-02-01
timesfm_slide60,2019-05-01,7776.0,7879.9287109375,51,3,2019-02-01
timesfm_slide60,2019-06-01,8274.0,8286.171875,51,4,2019-02-01
timesfm_slide60,2019-07-01,8919.0,8404.419921875,51,5,2019-02-01
timesfm_slide60,2019-08-01,8180.0,8112.85791015625,51,6,2019-02-01
timesfm_slide60,2019-04-01,7108.0,7207.373046875,52,1,2019-03-01
timesfm_slide60,2019-05-01,7776.0,7848.3076171875,52,2,2019-03-01
timesfm_slide60,2019-06-01,8274.0,8258.76171875,52,3,2019-03-01
timesfm_slide60,2019-07-01,8919.0,8421.58984375,52,4,2019-03-01
timesfm_slide60,2019-08-01,8180.0,8101.70654296875,52,5,2019-03-01
timesfm_slide60,2019-09-01,7664.0,7623.201171875,52,6,2019-03-01
timesfm_slide60,2019-05-01,7776.0,7781.22021484375,53,1,2019-04-01
timesfm_slide60,2019-06-01,8274.0,8260.869140625,53,2,2019-04-01
timesfm_slide60,2019-07-01,8919.0,8414.080078125,53,3,2019-04-01
timesfm_slide60,2019-08-01,8180.0,8097.9326171875,53,4,2019-04-01
timesfm_slide60,2019-09-01,7664.0,7588.98876953125,53,5,2019-04-01
timesfm_slide60,2019-10-01,7254.0,7338.63037109375,53,6,2019-04-01
timesfm_slide60,2019-06-01,8274.0,8242.7587890625,54,1,2019-05-01
timesfm_slide60,2019-07-01,8919.0,8418.884765625,54,2,2019-05-01
timesfm_slide60,2019-08-01,8180.0,8110.73974609375,54,3,2019-05-01
timesfm_slide60,2019-09-01,7664.0,7564.03564453125,54,4,2019-05-01
timesfm_slide60,2019-10-01,7254.0,7287.85302734375,54,5,2019-05-01
timesfm_slide60,2019-11-01,6785.0,7041.55322265625,54,6,2019-05-01
timesfm_slide60,2019-07-01,8919.0,8415.701171875,55,1,2019-06-01
timesfm_slide60,2019-08-01,8180.0,8139.15478515625,55,2,2019-06-01
timesfm_slide60,2019-09-01,7664.0,7590.47802734375,55,3,2019-06-01
timesfm_slide60,2019-10-01,7254.0,7309.6103515625,55,4,2019-06-01
timesfm_slide60,2019-11-01,6785.0,7115.19091796875,55,5,2019-06-01
timesfm_slide60,2019-12-01,6987.0,7253.677734375,55,6,2019-06-01
timesfm_slide60,2019-08-01,8180.0,8318.4189453125,56,1,2019-07-01
timesfm_slide60,2019-09-01,7664.0,7699.44287109375,56,2,2019-07-01
timesfm_slide60,2019-10-01,7254.0,7483.10791015625,56,3,2019-07-01
timesfm_slide60,2019-11-01,6785.0,7202.466796875,56,4,2019-07-01
timesfm_slide60,2019-12-01,6987.0,7306.0068359375,56,5,2019-07-01
timesfm_slide60,2020-01-01,7194.0,7129.52587890625,56,6,2019-07-01
timesfm_slide60,2019-09-01,7664.0,7659.20947265625,57,1,2019-08-01
timesfm_slide60,2019-10-01,7254.0,7451.02587890625,57,2,2019-08-01
timesfm_slide60,2019-11-01,6785.0,7201.5263671875,57,3,2019-08-01
timesfm_slide60,2019-12-01,6987.0,7281.99365234375,57,4,2019-08-01
timesfm_slide60,2020-01-01,7194.0,7175.931640625,57,5,2019-08-01
timesfm_slide60,2020-02-01,6848.0,6705.8525390625,57,6,2019-08-01
timesfm_slide60,2019-10-01,7254.0,7417.13037109375,58,1,2019-09-01
timesfm_slide60,2019-11-01,6785.0,7142.41943359375,58,2,2019-09-01
timesfm_slide60,2019-12-01,6987.0,7272.03564453125,58,3,2019-09-01
timesfm_slide60,2020-01-01,7194.0,7113.20361328125,58,4,2019-09-01
timesfm_slide60,2020-02-01,6848.0,6699.3642578125,58,5,2019-09-01
timesfm_slide60,2020-03-01,7324.0,7066.10302734375,58,6,2019-09-01
timesfm_slide60,2019-11-01,6785.0,7082.17578125,59,1,2019-10-01
timesfm_slide60,2019-12-01,6987.0,7224.32568359375,59,2,2019-10-01
timesfm_slide60,2020-01-01,7194.0,7105.18994140625,59,3,2019-10-01
timesfm_slide60,2020-02-01,6848.0,6698.17333984375,59,4,2019-10-01
timesfm_slide60,2020-03-01,7324.0,7075.05810546875,59,5,2019-10-01
timesfm_slide60,2020-04-01,5978.0,7356.33203125,59,6,2019-10-01
timesfm_slide60,2019-12-01,6987.0,7022.126953125,60,1,2019-11-01
timesfm_slide60,2020-01-01,7194.0,6945.10302734375,60,2,2019-11-01
timesfm_slide60,2020-02-01,6848.0,6569.44580078125,60,3,2019-11-01
timesfm_slide60,2020-03-01,7324.0,6981.26806640625,60,4,2019-11-01
timesfm_slide60,2020-04-01,5978.0,7320.05615234375,60,5,2019-11-01
timesfm_slide60,2020-05-01,7062.0,7866.0185546875,60,6,2019-11-01
timesfm_slide60,2020-01-01,7194.0,6881.8837890625,61,1,2019-12-01
timesfm_slide60,2020-02-01,6848.0,6490.94482421875,61,2,2019-12-01
timesfm_slide60,2020-03-01,7324.0,6909.818359375,61,3,2019-12-01
timesfm_slide60,2020-04-01,5978.0,7223.3974609375,61,4,2019-12-01
timesfm_slide60,2020-05-01,7062.0,7799.38330078125,61,5,2019-12-01
timesfm_slide60,2020-06-01,6948.0,8325.5703125,61,6,2019-12-01
timesfm_slide60,2020-02-01,6848.0,6593.529296875,62,1,2020-01-01
timesfm_slide60,2020-03-01,7324.0,7064.0751953125,62,2,2020-01-01
timesfm_slide60,2020-04-01,5978.0,7280.36572265625,62,3,2020-01-01
timesfm_slide60,2020-05-01,7062.0,7878.935546875,62,4,2020-01-01
timesfm_slide60,2020-06-01,6948.0,8380.4296875,62,5,2020-01-01
timesfm_slide60,2020-07-01,7392.0,8621.609375,62,6,2020-01-01
timesfm_slide60,2020-03-01,7324.0,7033.314453125,63,1,2020-02-01
timesfm_slide60,2020-04-01,5978.0,7328.69775390625,63,2,2020-02-01
timesfm_slide60,2020-05-01,7062.0,7906.9345703125,63,3,2020-02-01
timesfm_slide60,2020-06-01,6948.0,8435.3876953125,63,4,2020-02-01
timesfm_slide60,2020-07-01,7392.0,8645.0712890625,63,5,2020-02-01
timesfm_slide60,2020-08-01,7678.0,8218.923828125,63,6,2020-02-01
timesfm_slide60,2020-04-01,5978.0,7352.58984375,64,1,2020-03-01
timesfm_slide60,2020-05-01,7062.0,7895.38037109375,64,2,2020-03-01
timesfm_slide60,2020-06-01,6948.0,8404.7265625,64,3,2020-03-01
timesfm_slide60,2020-07-01,7392.0,8628.5576171875,64,4,2020-03-01
timesfm_slide60,2020-08-01,7678.0,8222.7568359375,64,5,2020-03-01
timesfm_slide60,2020-09-01,7005.0,7691.0576171875,64,6,2020-03-01
timesfm_slide60,2020-05-01,7062.0,7566.26416015625,65,1,2020-04-01
timesfm_slide60,2020-06-01,6948.0,8162.19287109375,65,2,2020-04-01
timesfm_slide60,2020-07-01,7392.0,8408.2158203125,65,3,2020-04-01
timesfm_slide60,2020-08-01,7678.0,8068.400390625,65,4,2020-04-01
timesfm_slide60,2020-09-01,7005.0,7513.4013671875,65,5,2020-04-01
timesfm_slide60,2020-10-01,7385.0,7214.65283203125,65,6,2020-04-01
timesfm_slide60,2020-06-01,6948.0,8030.75390625,66,1,2020-05-01
timesfm_slide60,2020-07-01,7392.0,8288.64453125,66,2,2020-05-01
timesfm_slide60,2020-08-01,7678.0,7958.072265625,66,3,2020-05-01
timesfm_slide60,2020-09-01,7005.0,7445.64306640625,66,4,2020-05-01
timesfm_slide60,2020-10-01,7385.0,7116.30029296875,66,5,2020-05-01
timesfm_slide60,2020-11-01,6872.0,6886.380859375,66,6,2020-05-01
timesfm_slide60,2020-07-01,7392.0,7807.0478515625,67,1,2020-06-01
timesfm_slide60,2020-08-01,7678.0,7561.07958984375,67,2,2020-06-01
timesfm_slide60,2020-09-01,7005.0,7088.02294921875,67,3,2020-06-01
timesfm_slide60,2020-10-01,7385.0,6798.73291015625,67,4,2020-06-01
timesfm_slide60,2020-11-01,6872.0,6587.7158203125,67,5,2020-06-01
timesfm_slide60,2020-12-01,6781.0,6721.53857421875,67,6,2020-06-01
timesfm_slide60,2020-08-01,7678.0,7356.39501953125,68,1,2020-07-01
timesfm_slide60,2020-09-01,7005.0,6927.001953125,68,2,2020-07-01
timesfm_slide60,2020-10-01,7385.0,6727.16015625,68,3,2020-07-01
timesfm_slide60,2020-11-01,6872.0,6514.5224609375,68,4,2020-07-01
timesfm_slide60,2020-12-01,6781.0,6572.24560546875,68,5,2020-07-01
timesfm_slide60,2021-01-01,6917.0,6530.38232421875,68,6,2020-07-01
timesfm_slide60,2020-09-01,7005.0,7068.9462890625,69,1,2020-08-01
timesfm_slide60,2020-10-01,7385.0,6820.84814453125,69,2,2020-08-01
timesfm_slide60,2020-11-01,6872.0,6653.12939453125,69,3,2020-08-01
timesfm_slide60,2020-12-01,6781.0,6717.0703125,69,4,2020-08-01
timesfm_slide60,2021-01-01,6917.0,6646.51806640625,69,5,2020-08-01
timesfm_slide60,2021-02-01,6217.0,6384.70361328125,69,6,2020-08-01
timesfm_slide60,2020-10-01,7385.0,6836.28173828125,70,1,2020-09-01
timesfm_slide60,2020-11-01,6872.0,6616.205078125,70,2,2020-09-01
timesfm_slide60,2020-12-01,6781.0,6739.9619140625,70,3,2020-09-01
timesfm_slide60,2021-01-01,6917.0,6692.6767578125,70,4,2020-09-01
timesfm_slide60,2021-02-01,6217.0,6386.68115234375,70,5,2020-09-01
timesfm_slide60,2021-03-01,7569.0,6655.9443359375,70,6,2020-09-01
timesfm_slide60,2020-11-01,6872.0,6820.7763671875,71,1,2020-10-01
timesfm_slide60,2020-12-01,6781.0,6870.0859375,71,2,2020-10-01
timesfm_slide60,2021-01-01,6917.0,6814.16455078125,71,3,2020-10-01
timesfm_slide60,2021-02-01,6217.0,6464.34326171875,71,4,2020-10-01
timesfm_slide60,2021-03-01,7569.0,6763.20166015625,71,5,2020-10-01
timesfm_slide60,2021-04-01,6917.0,6708.86376953125,71,6,2020-10-01
timesfm_slide60,2020-12-01,6781.0,6903.8515625,72,1,2020-11-01
timesfm_slide60,2021-01-01,6917.0,6758.720703125,72,2,2020-11-01
timesfm_slide60,2021-02-01,6217.0,6439.408203125,72,3,2020-11-01
timesfm_slide60,2021-03-01,7569.0,6744.75244140625,72,4,2020-11-01
timesfm_slide60,2021-04-01,6917.0,6703.49951171875,72,5,2020-11-01
timesfm_slide60,2021-05-01,8253.0,7198.416015625,72,6,2020-11-01
timesfm_slide60,2021-01-01,6917.0,6690.25048828125,73,1,2020-12-01
timesfm_slide60,2021-02-01,6217.0,6329.2431640625,73,2,2020-12-01
timesfm_slide60,2021-03-01,7569.0,6701.98583984375,73,3,2020-12-01
timesfm_slide60,2021-04-01,6917.0,6611.23876953125,73,4,2020-12-01
timesfm_slide60,2021-05-01,8253.0,7163.125,73,5,2020-12-01
timesfm_slide60,2021-06-01,8153.0,7527.14208984375,73,6,2020-12-01
timesfm_slide60,2021-02-01,6217.0,6399.43896484375,74,1,2021-01-01
timesfm_slide60,2021-03-01,7569.0,6764.8369140625,74,2,2021-01-01
timesfm_slide60,2021-04-01,6917.0,6705.439453125,74,3,2021-01-01
timesfm_slide60,2021-05-01,8253.0,7227.8037109375,74,4,2021-01-01
timesfm_slide60,2021-06-01,8153.0,7653.1220703125,74,5,2021-01-01
timesfm_slide60,2021-07-01,9251.0,7938.47314453125,74,6,2021-01-01
timesfm_slide60,2021-03-01,7569.0,6665.59375,75,1,2021-02-01
timesfm_slide60,2021-04-01,6917.0,6673.6484375,75,2,2021-02-01
timesfm_slide60,2021-05-01,8253.0,7163.8603515625,75,3,2021-02-01
timesfm_slide60,2021-06-01,8153.0,7549.67431640625,75,4,2021-02-01
timesfm_slide60,2021-07-01,9251.0,7856.40234375,75,5,2021-02-01
timesfm_slide60,2021-08-01,8830.0,7662.71044921875,75,6,2021-02-01
timesfm_slide60,2021-04-01,6917.0,6962.53173828125,76,1,2021-03-01
timesfm_slide60,2021-05-01,8253.0,7491.16455078125,76,2,2021-03-01
timesfm_slide60,2021-06-01,8153.0,7867.7724609375,76,3,2021-03-01
timesfm_slide60,2021-07-01,9251.0,8117.4404296875,76,4,2021-03-01
timesfm_slide60,2021-08-01,8830.0,7922.47509765625,76,5,2021-03-01
timesfm_slide60,2021-09-01,7512.0,7437.25341796875,76,6,2021-03-01
timesfm_slide60,2021-05-01,8253.0,7524.97509765625,77,1,2021-04-01
timesfm_slide60,2021-06-01,8153.0,7912.0703125,77,2,2021-04-01
timesfm_slide60,2021-07-01,9251.0,8189.97265625,77,3,2021-04-01
timesfm_slide60,2021-08-01,8830.0,8019.93310546875,77,4,2021-04-01
timesfm_slide60,2021-09-01,7512.0,7530.1650390625,77,5,2021-04-01
timesfm_slide60,2021-10-01,7656.0,7375.7509765625,77,6,2021-04-01
timesfm_slide60,2021-06-01,8153.0,8200.3037109375,78,1,2021-05-01
timesfm_slide60,2021-07-01,9251.0,8451.625,78,2,2021-05-01
timesfm_slide60,2021-08-01,8830.0,8207.6142578125,78,3,2021-05-01
timesfm_slide60,2021-09-01,7512.0,7650.9697265625,78,4,2021-05-01
timesfm_slide60,2021-10-01,7656.0,7485.07666015625,78,5,2021-05-01
timesfm_slide60,2021-11-01,7603.0,7178.94140625,78,6,2021-05-01
timesfm_slide60,2021-07-01,9251.0,8537.1015625,79,1,2021-06-01
timesfm_slide60,2021-08-01,8830.0,8277.939453125,79,2,2021-06-01
timesfm_slide60,2021-09-01,7512.0,7682.82421875,79,3,2021-06-01
timesfm_slide60,2021-10-01,7656.0,7644.0107421875,79,4,2021-06-01
timesfm_slide60,2021-11-01,7603.0,7335.6796875,79,5,2021-06-01
timesfm_slide60,2021-12-01,8237.0,7464.3408203125,79,6,2021-06-01
timesfm_slide60,2021-08-01,8830.0,8625.9443359375,80,1,2021-07-01
timesfm_slide60,2021-09-01,7512.0,7897.9716796875,80,2,2021-07-01
timesfm_slide60,2021-10-01,7656.0,7787.33642578125,80,3,2021-07-01
timesfm_slide60,2021-11-01,7603.0,7430.03515625,80,4,2021-07-01
timesfm_slide60,2021-12-01,8237.0,7499.75634765625,80,5,2021-07-01
timesfm_slide60,2022-01-01,9582.0,7447.54345703125,80,6,2021-07-01
timesfm_slide60,2021-09-01,7512.0,8099.3544921875,81,1,2021-08-01
timesfm_slide60,2021-10-01,7656.0,7980.669921875,81,2,2021-08-01
timesfm_slide60,2021-11-01,7603.0,7524.033203125,81,3,2021-08-01
timesfm_slide60,2021-12-01,8237.0,7657.04638671875,81,4,2021-08-01
timesfm_slide60,2022-01-01,9582.0,7652.25390625,81,5,2021-08-01
timesfm_slide60,2022-02-01,7227.0,7158.0107421875,81,6,2021-08-01
timesfm_slide60,2021-10-01,7656.0,7634.0517578125,82,1,2021-09-01
timesfm_slide60,2021-11-01,7603.0,7230.66845703125,82,2,2021-09-01
timesfm_slide60,2021-12-01,8237.0,7358.345703125,82,3,2021-09-01
timesfm_slide60,2022-01-01,9582.0,7359.279296875,82,4,2021-09-01
timesfm_slide60,2022-02-01,7227.0,6886.81982421875,82,5,2021-09-01
timesfm_slide60,2022-03-01,7504.0,7463.61376953125,82,6,2021-09-01
timesfm_slide60,2021-11-01,7603.0,7198.62548828125,83,1,2021-10-01
timesfm_slide60,2021-12-01,8237.0,7360.19873046875,83,2,2021-10-01
timesfm_slide60,2022-01-01,9582.0,7285.74365234375,83,3,2021-10-01
timesfm_slide60,2022-02-01,7227.0,6798.1767578125,83,4,2021-10-01
timesfm_slide60,2022-03-01,7504.0,7444.50390625,83,5,2021-10-01
timesfm_slide60,2022-04-01,7589.0,7226.34814453125,83,6,2021-10-01
timesfm_slide60,2021-12-01,8237.0,7570.4716796875,84,1,2021-11-01
timesfm_slide60,2022-01-01,9582.0,7547.18310546875,84,2,2021-11-01
timesfm_slide60,2022-02-01,7227.0,7000.82568359375,84,3,2021-11-01
timesfm_slide60,2022-03-01,7504.0,7641.59814453125,84,4,2021-11-01
timesfm_slide60,2022-04-01,7589.0,7417.373046875,84,5,2021-11-01
timesfm_slide60,2022-05-01,8846.0,8102.6650390625,84,6,2021-11-01
timesfm_slide60,2022-01-01,9582.0,7942.2607421875,85,1,2021-12-01
timesfm_slide60,2022-02-01,7227.0,7404.48046875,85,2,2021-12-01
timesfm_slide60,2022-03-01,7504.0,7965.06884765625,85,3,2021-12-01
timesfm_slide60,2022-04-01,7589.0,7665.603515625,85,4,2021-12-01
timesfm_slide60,2022-05-01,8846.0,8385.21875,85,5,2021-12-01
timesfm_slide60,2022-06-01,9057.0,8614.291015625,85,6,2021-12-01
timesfm_slide60,2022-02-01,7227.0,8148.64794921875,86,1,2022-01-01
timesfm_slide60,2022-03-01,7504.0,8642.4638671875,86,2,2022-01-01
timesfm_slide60,2022-04-01,7589.0,8135.64306640625,86,3,2022-01-01
timesfm_slide60,2022-05-01,8846.0,8806.046875,86,4,2022-01-01
timesfm_slide60,2022-06-01,9057.0,9076.2529296875,86,5,2022-01-01
timesfm_slide60,2022-07-01,8699.0,9383.345703125,86,6,2022-01-01
timesfm_slide60,2022-03-01,7504.0,7912.88818359375,87,1,2022-02-01
timesfm_slide60,2022-04-01,7589.0,7641.89453125,87,2,2022-02-01
timesfm_slide60,2022-05-01,8846.0,8331.265625,87,3,2022-02-01
timesfm_slide60,2022-06-01,9057.0,8729.876953125,87,4,2022-02-01
timesfm_slide60,2022-07-01,8699.0,9146.7587890625,87,5,2022-02-01
timesfm_slide60,2022-08-01,8834.0,8927.52734375,87,6,2022-02-01
timesfm_slide60,2022-04-01,7589.0,7335.658203125,88,1,2022-03-01
timesfm_slide60,2022-05-01,8846.0,8178.0166015625,88,2,2022-03-01
timesfm_slide60,2022-06-01,9057.0,8535.458984375,88,3,2022-03-01
timesfm_slide60,2022-07-01,8699.0,9037.17578125,88,4,2022-03-01
timesfm_slide60,2022-08-01,8834.0,8791.6796875,88,5,2022-03-01
timesfm_slide60,2022-09-01,8228.0,8099.11328125,88,6,2022-03-01
timesfm_slide60,2022-05-01,8846.0,8090.8828125,89,1,2022-04-01
timesfm_slide60,2022-06-01,9057.0,8475.1484375,89,2,2022-04-01
timesfm_slide60,2022-07-01,8699.0,8808.3623046875,89,3,2022-04-01
timesfm_slide60,2022-08-01,8834.0,8677.45703125,89,4,2022-04-01
timesfm_slide60,2022-09-01,8228.0,7986.00439453125,89,5,2022-04-01
timesfm_slide60,2022-10-01,8388.0,7774.58447265625,89,6,2022-04-01
timesfm_slide60,2022-06-01,9057.0,8781.9619140625,90,1,2022-05-01
timesfm_slide60,2022-07-01,8699.0,9182.9208984375,90,2,2022-05-01
timesfm_slide60,2022-08-01,8834.0,8822.060546875,90,3,2022-05-01
timesfm_slide60,2022-09-01,8228.0,8164.56494140625,90,4,2022-05-01
timesfm_slide60,2022-10-01,8388.0,8004.16650390625,90,5,2022-05-01
timesfm_slide60,2022-11-01,7588.0,7772.375,90,6,2022-05-01
timesfm_slide60,2022-07-01,8699.0,9178.849609375,91,1,2022-06-01
timesfm_slide60,2022-08-01,8834.0,8896.330078125,91,2,2022-06-01
timesfm_slide60,2022-09-01,8228.0,8213.859375,91,3,2022-06-01
timesfm_slide60,2022-10-01,8388.0,8074.46826171875,91,4,2022-06-01
timesfm_slide60,2022-11-01,7588.0,7970.42333984375,91,5,2022-06-01
timesfm_slide60,2022-12-01,7850.0,7995.49658203125,91,6,2022-06-01
timesfm_slide60,2022-08-01,8834.0,8584.4228515625,92,1,2022-07-01
timesfm_slide60,2022-09-01,8228.0,7959.9384765625,92,2,2022-07-01
timesfm_slide60,2022-10-01,8388.0,7762.7119140625,92,3,2022-07-01
timesfm_slide60,2022-11-01,7588.0,7702.43603515625,92,4,2022-07-01
timesfm_slide60,2022-12-01,7850.0,7778.3466796875,92,5,2022-07-01
timesfm_slide60,2023-01-01,7563.0,7901.91455078125,92,6,2022-07-01
timesfm_slide60,2022-09-01,8228.0,8115.58203125,93,1,2022-08-01
timesfm_slide60,2022-10-01,8388.0,7893.72119140625,93,2,2022-08-01
timesfm_slide60,2022-11-01,7588.0,7770.49072265625,93,3,2022-08-01
timesfm_slide60,2022-12-01,7850.0,7934.2216796875,93,4,2022-08-01
timesfm_slide60,2023-01-01,7563.0,8067.29541015625,93,5,2022-08-01
timesfm_slide60,2023-02-01,6551.0,7347.419921875,93,6,2022-08-01
timesfm_slide60,2022-10-01,8388.0,8032.93505859375,94,1,2022-09-01
timesfm_slide60,2022-11-01,7588.0,7949.48388671875,94,2,2022-09-01
timesfm_slide60,2022-12-01,7850.0,8061.779296875,94,3,2022-09-01
timesfm_slide60,2023-01-01,7563.0,8136.8505859375,94,4,2022-09-01
timesfm_slide60,2023-02-01,6551.0,7483.51904296875,94,5,2022-09-01
timesfm_slide60,2023-03-01,7507.0,7746.89990234375,94,6,2022-09-01
timesfm_slide60,2022-11-01,7588.0,8036.076171875,95,1,2022-10-01
timesfm_slide60,2022-12-01,7850.0,8099.39111328125,95,2,2022-10-01
timesfm_slide60,2023-01-01,7563.0,8216.6943359375,95,3,2022-10-01
timesfm_slide60,2023-02-01,6551.0,7593.5771484375,95,4,2022-10-01
timesfm_slide60,2023-03-01,7507.0,7917.6826171875,95,5,2022-10-01
timesfm_slide60,2023-04-01,7745.0,7821.5615234375,95,6,2022-10-01
timesfm_slide60,2022-12-01,7850.0,7865.2666015625,96,1,2022-11-01
timesfm_slide60,2023-01-01,7563.0,8076.9853515625,96,2,2022-11-01
timesfm_slide60,2023-02-01,6551.0,7446.7216796875,96,3,2022-11-01
timesfm_slide60,2023-03-01,7507.0,7817.06884765625,96,4,2022-11-01
timesfm_slide60,2023-04-01,7745.0,7745.54296875,96,5,2022-11-01
timesfm_slide60,2023-05-01,8600.0,8259.306640625,96,6,2022-11-01
timesfm_slide60,2023-01-01,7563.0,8030.25732421875,97,1,2022-12-01
timesfm_slide60,2023-02-01,6551.0,7439.51953125,97,2,2022-12-01
timesfm_slide60,2023-03-01,7507.0,7777.4765625,97,3,2022-12-01
timesfm_slide60,2023-04-01,7745.0,7617.59326171875,97,4,2022-12-01
timesfm_slide60,2023-05-01,8600.0,8179.310546875,97,5,2022-12-01
timesfm_slide60,2023-06-01,9151.0,8381.0517578125,97,6,2022-12-01
timesfm_slide60,2023-02-01,6551.0,7207.48193359375,98,1,2023-01-01
timesfm_slide60,2023-03-01,7507.0,7564.22021484375,98,2,2023-01-01
timesfm_slide60,2023-04-01,7745.0,7517.4345703125,98,3,2023-01-01
timesfm_slide60,2023-05-01,8600.0,8105.27783203125,98,4,2023-01-01
timesfm_slide60,2023-06-01,9151.0,8305.953125,98,5,2023-01-01
timesfm_slide60,2023-07-01,9183.0,8548.8232421875,98,6,2023-01-01
timesfm_slide60,2023-03-01,7507.0,7255.18212890625,99,1,2023-02-01
timesfm_slide60,2023-04-01,7745.0,7246.8125,99,2,2023-02-01
timesfm_slide60,2023-05-01,8600.0,7933.26513671875,99,3,2023-02-01
timesfm_slide60,2023-06-01,9151.0,8252.662109375,99,4,2023-02-01
timesfm_slide60,2023-07-01,9183.0,8387.193359375,99,5,2023-02-01
timesfm_slide60,2023-08-01,8297.0,8128.962890625,99,6,2023-02-01
timesfm_slide60,2023-04-01,7745.0,7349.85546875,100,1,2023-03-01
timesfm_slide60,2023-05-01,8600.0,7963.45166015625,100,2,2023-03-01
timesfm_slide60,2023-06-01,9151.0,8239.1357421875,100,3,2023-03-01
timesfm_slide60,2023-07-01,9183.0,8516.92578125,100,4,2023-03-01
timesfm_slide60,2023-08-01,8297.0,8321.1474609375,100,5,2023-03-01
timesfm_slide60,2023-09-01,7823.0,7711.62353515625,100,6,2023-03-01
timesfm_slide60,2023-05-01,8600.0,8171.572265625,101,1,2023-04-01
timesfm_slide60,2023-06-01,9151.0,8399.18359375,101,2,2023-04-01
timesfm_slide60,2023-07-01,9183.0,8727.466796875,101,3,2023-04-01
timesfm_slide60,2023-08-01,8297.0,8509.203125,101,4,2023-04-01
timesfm_slide60,2023-09-01,7823.0,7929.31298828125,101,5,2023-04-01
timesfm_slide60,2023-10-01,7507.0,7723.41455078125,101,6,2023-04-01
timesfm_slide60,2023-06-01,9151.0,8656.662109375,102,1,2023-05-01
timesfm_slide60,2023-07-01,9183.0,8842.595703125,102,2,2023-05-01
timesfm_slide60,2023-08-01,8297.0,8685.8369140625,102,3,2023-05-01
timesfm_slide60,2023-09-01,7823.0,8048.34033203125,102,4,2023-05-01
timesfm_slide60,2023-10-01,7507.0,7835.6435546875,102,5,2023-05-01
timesfm_slide60,2023-11-01,8107.0,7593.9775390625,102,6,2023-05-01
timesfm_slide60,2023-07-01,9183.0,9083.3330078125,103,1,2023-06-01
timesfm_slide60,2023-08-01,8297.0,8756.595703125,103,2,2023-06-01
timesfm_slide60,2023-09-01,7823.0,8283.361328125,103,3,2023-06-01
timesfm_slide60,2023-10-01,7507.0,8110.185546875,103,4,2023-06-01
timesfm_slide60,2023-11-01,8107.0,7900.51708984375,103,5,2023-06-01
timesfm_slide60,2023-12-01,7504.0,7931.36572265625,103,6,2023-06-01
xgboost_slide60,2015-01-01,7184.0,6139.3212890625,1,1,2014-12-01
xgboost_slide60,2015-02-01,5958.0,6478.955078125,1,2,2014-12-01
xgboost_slide60,2015-03-01,6658.0,6195.302734375,1,3,2014-12-01
xgboost_slide60,2015-04-01,7069.0,6145.32080078125,1,4,2014-12-01
xgboost_slide60,2015-05-01,8099.0,7430.08544921875,1,5,2014-12-01
xgboost_slide60,2015-06-01,7868.0,7410.48974609375,1,6,2014-12-01
xgboost_slide60,2015-02-01,5958.0,6600.21728515625,2,1,2015-01-01
xgboost_slide60,2015-03-01,6658.0,6312.98095703125,2,2,2015-01-01
xgboost_slide60,2015-04-01,7069.0,6292.806640625,2,3,2015-01-01
xgboost_slide60,2015-05-01,8099.0,7331.4833984375,2,4,2015-01-01
xgboost_slide60,2015-06-01,7868.0,7429.44482421875,2,5,2015-01-01
xgboost_slide60,2015-07-01,7986.0,7491.30517578125,2,6,2015-01-01
xgboost_slide60,2015-03-01,6658.0,6533.693359375,3,1,2015-02-01
xgboost_slide60,2015-04-01,7069.0,6504.80517578125,3,2,2015-02-01
xgboost_slide60,2015-05-01,8099.0,7138.00439453125,3,3,2015-02-01
xgboost_slide60,2015-06-01,7868.0,7405.2138671875,3,4,2015-02-01
xgboost_slide60,2015-07-01,7986.0,7848.13623046875,3,5,2015-02-01
xgboost_slide60,2015-08-01,7251.0,7512.4384765625,3,6,2015-02-01
xgboost_slide60,2015-04-01,7069.0,6516.94921875,4,1,2015-03-01
xgboost_slide60,2015-05-01,8099.0,7280.6669921875,4,2,2015-03-01
xgboost_slide60,2015-06-01,7868.0,7429.73095703125,4,3,2015-03-01
xgboost_slide60,2015-07-01,7986.0,7850.35595703125,4,4,2015-03-01
xgboost_slide60,2015-08-01,7251.0,7453.85888671875,4,5,2015-03-01
xgboost_slide60,2015-09-01,7163.0,6857.1923828125,4,6,2015-03-01
xgboost_slide60,2015-05-01,8099.0,7226.90576171875,5,1,2015-04-01
xgboost_slide60,2015-06-01,7868.0,7463.6796875,5,2,2015-04-01
xgboost_slide60,2015-07-01,7986.0,7621.09814453125,5,3,2015-04-01
xgboost_slide60,2015-08-01,7251.0,7291.23486328125,5,4,2015-04-01
xgboost_slide60,2015-09-01,7163.0,6881.5849609375,5,5,2015-04-01
xgboost_slide60,2015-10-01,6690.0,7464.27197265625,5,6,2015-04-01
xgboost_slide60,2015-06-01,7868.0,7848.84375,6,1,2015-05-01
xgboost_slide60,2015-07-01,7986.0,7356.3701171875,6,2,2015-05-01
xgboost_slide60,2015-08-01,7251.0,7659.103515625,6,3,2015-05-01
xgboost_slide60,2015-09-01,7163.0,6785.37060546875,6,4,2015-05-01
xgboost_slide60,2015-10-01,6690.0,7495.37890625,6,5,2015-05-01
xgboost_slide60,2015-11-01,6392.0,6563.7841796875,6,6,2015-05-01
xgboost_slide60,2015-07-01,7986.0,7427.91259765625,7,1,2015-06-01
xgboost_slide60,2015-08-01,7251.0,7462.94091796875,7,2,2015-06-01
xgboost_slide60,2015-09-01,7163.0,6837.1064453125,7,3,2015-06-01
xgboost_slide60,2015-10-01,6690.0,7433.79248046875,7,4,2015-06-01
xgboost_slide60,2015-11-01,6392.0,6475.0478515625,7,5,2015-06-01
xgboost_slide60,2015-12-01,6753.0,6788.42578125,7,6,2015-06-01
xgboost_slide60,2015-08-01,7251.0,7703.10205078125,8,1,2015-07-01
xgboost_slide60,2015-09-01,7163.0,6792.08251953125,8,2,2015-07-01
xgboost_slide60,2015-10-01,6690.0,7502.7197265625,8,3,2015-07-01
xgboost_slide60,2015-11-01,6392.0,6408.642578125,8,4,2015-07-01
xgboost_slide60,2015-12-01,6753.0,6824.95654296875,8,5,2015-07-01
xgboost_slide60,2016-01-01,6753.0,7028.47021484375,8,6,2015-07-01
xgboost_slide60,2015-09-01,7163.0,6829.03369140625,9,1,2015-08-01
xgboost_slide60,2015-10-01,6690.0,7348.37353515625,9,2,2015-08-01
xgboost_slide60,2015-11-01,6392.0,6361.19482421875,9,3,2015-08-01
xgboost_slide60,2015-12-01,6753.0,6854.640625,9,4,2015-08-01
xgboost_slide60,2016-01-01,6753.0,7343.84619140625,9,5,2015-08-01
xgboost_slide60,2016-02-01,6385.0,6450.21240234375,9,6,2015-08-01
xgboost_slide60,2015-10-01,6690.0,7393.5546875,10,1,2015-09-01
xgboost_slide60,2015-11-01,6392.0,6504.87744140625,10,2,2015-09-01
xgboost_slide60,2015-12-01,6753.0,6854.3525390625,10,3,2015-09-01
xgboost_slide60,2016-01-01,6753.0,7352.1845703125,10,4,2015-09-01
xgboost_slide60,2016-02-01,6385.0,6502.00244140625,10,5,2015-09-01
xgboost_slide60,2016-03-01,7164.0,6860.63623046875,10,6,2015-09-01
xgboost_slide60,2015-11-01,6392.0,6490.77685546875,11,1,2015-10-01
xgboost_slide60,2015-12-01,6753.0,6810.99072265625,11,2,2015-10-01
xgboost_slide60,2016-01-01,6753.0,7117.1455078125,11,3,2015-10-01
xgboost_slide60,2016-02-01,6385.0,6486.26171875,11,4,2015-10-01
xgboost_slide60,2016-03-01,7164.0,6815.38671875,11,5,2015-10-01
xgboost_slide60,2016-04-01,7192.0,7241.26953125,11,6,2015-10-01
xgboost_slide60,2015-12-01,6753.0,6745.130859375,12,1,2015-11-01
xgboost_slide60,2016-01-01,6753.0,7082.38623046875,12,2,2015-11-01
xgboost_slide60,2016-02-01,6385.0,6414.6318359375,12,3,2015-11-01
xgboost_slide60,2016-03-01,7164.0,6890.55517578125,12,4,2015-11-01
xgboost_slide60,2016-04-01,7192.0,7299.31640625,12,5,2015-11-01
xgboost_slide60,2016-05-01,7743.0,7634.12158203125,12,6,2015-11-01
xgboost_slide60,2016-01-01,6753.0,6988.42626953125,13,1,2015-12-01
xgboost_slide60,2016-02-01,6385.0,6343.8212890625,13,2,2015-12-01
xgboost_slide60,2016-03-01,7164.0,6726.97705078125,13,3,2015-12-01
xgboost_slide60,2016-04-01,7192.0,7215.150390625,13,4,2015-12-01
xgboost_slide60,2016-05-01,7743.0,7637.84619140625,13,5,2015-12-01
xgboost_slide60,2016-06-01,8767.0,7630.3310546875,13,6,2015-12-01
xgboost_slide60,2016-02-01,6385.0,6434.61328125,14,1,2016-01-01
xgboost_slide60,2016-03-01,7164.0,6505.53515625,14,2,2016-01-01
xgboost_slide60,2016-04-01,7192.0,7158.75,14,3,2016-01-01
xgboost_slide60,2016-05-01,7743.0,7425.10888671875,14,4,2016-01-01
xgboost_slide60,2016-06-01,8767.0,7648.6669921875,14,5,2016-01-01
xgboost_slide60,2016-07-01,8479.0,7700.611328125,14,6,2016-01-01
xgboost_slide60,2016-03-01,7164.0,6474.10498046875,15,1,2016-02-01
xgboost_slide60,2016-04-01,7192.0,7165.544921875,15,2,2016-02-01
xgboost_slide60,2016-05-01,7743.0,7441.6513671875,15,3,2016-02-01
xgboost_slide60,2016-06-01,8767.0,7589.7060546875,15,4,2016-02-01
xgboost_slide60,2016-07-01,8479.0,7694.0341796875,15,5,2016-02-01
xgboost_slide60,2016-08-01,7890.0,7163.63134765625,15,6,2016-02-01
xgboost_slide60,2016-04-01,7192.0,7196.20263671875,16,1,2016-03-01
xgboost_slide60,2016-05-01,7743.0,7588.79736328125,16,2,2016-03-01
xgboost_slide60,2016-06-01,8767.0,7572.7197265625,16,3,2016-03-01
xgboost_slide60,2016-07-01,8479.0,7717.42626953125,16,4,2016-03-01
xgboost_slide60,2016-08-01,7890.0,7238.02392578125,16,5,2016-03-01
xgboost_slide60,2016-09-01,7317.0,6916.76220703125,16,6,2016-03-01
xgboost_slide60,2016-05-01,7743.0,7625.71630859375,17,1,2016-04-01
xgboost_slide60,2016-06-01,8767.0,7461.34423828125,17,2,2016-04-01
xgboost_slide60,2016-07-01,8479.0,7554.34375,17,3,2016-04-01
xgboost_slide60,2016-08-01,7890.0,7121.83056640625,17,4,2016-04-01
xgboost_slide60,2016-09-01,7317.0,6877.4248046875,17,5,2016-04-01
xgboost_slide60,2016-10-01,7426.0,6776.828125,17,6,2016-04-01
xgboost_slide60,2016-06-01,8767.0,7567.57177734375,18,1,2016-05-01
xgboost_slide60,2016-07-01,8479.0,7616.75537109375,18,2,2016-05-01
xgboost_slide60,2016-08-01,7890.0,7325.91943359375,18,3,2016-05-01
xgboost_slide60,2016-09-01,7317.0,6889.26708984375,18,4,2016-05-01
xgboost_slide60,2016-10-01,7426.0,6692.955078125,18,5,2016-05-01
xgboost_slide60,2016-11-01,6700.0,6622.49267578125,18,6,2016-05-01
xgboost_slide60,2016-07-01,8479.0,7779.501953125,19,1,2016-06-01
xgboost_slide60,2016-08-01,7890.0,7225.07958984375,19,2,2016-06-01
xgboost_slide60,2016-09-01,7317.0,6804.359375,19,3,2016-06-01
xgboost_slide60,2016-10-01,7426.0,6874.5927734375,19,4,2016-06-01
xgboost_slide60,2016-11-01,6700.0,6618.20458984375,19,5,2016-06-01
xgboost_slide60,2016-12-01,6994.0,6767.5927734375,19,6,2016-06-01
xgboost_slide60,2016-08-01,7890.0,7250.595703125,20,1,2016-07-01
xgboost_slide60,2016-09-01,7317.0,6805.10693359375,20,2,2016-07-01
xgboost_slide60,2016-10-01,7426.0,6820.38818359375,20,3,2016-07-01
xgboost_slide60,2016-11-01,6700.0,6545.23095703125,20,4,2016-07-01
xgboost_slide60,2016-12-01,6994.0,6803.75,20,5,2016-07-01
xgboost_slide60,2017-01-01,6788.0,6879.640625,20,6,2016-07-01
xgboost_slide60,2016-09-01,7317.0,6942.25341796875,21,1,2016-08-01
xgboost_slide60,2016-10-01,7426.0,6711.45703125,21,2,2016-08-01
xgboost_slide60,2016-11-01,6700.0,6569.13134765625,21,3,2016-08-01
xgboost_slide60,2016-12-01,6994.0,6801.828125,21,4,2016-08-01
xgboost_slide60,2017-01-01,6788.0,6667.2314453125,21,5,2016-08-01
xgboost_slide60,2017-02-01,6271.0,6445.32080078125,21,6,2016-08-01
xgboost_slide60,2016-10-01,7426.0,6885.40478515625,22,1,2016-09-01
xgboost_slide60,2016-11-01,6700.0,6566.31982421875,22,2,2016-09-01
xgboost_slide60,2016-12-01,6994.0,6741.29638671875,22,3,2016-09-01
xgboost_slide60,2017-01-01,6788.0,6694.23095703125,22,4,2016-09-01
xgboost_slide60,2017-02-01,6271.0,6447.47021484375,22,5,2016-09-01
xgboost_slide60,2017-03-01,6794.0,7150.92919921875,22,6,2016-09-01
xgboost_slide60,2016-11-01,6700.0,6677.34912109375,23,1,2016-10-01
xgboost_slide60,2016-12-01,6994.0,6925.00390625,23,2,2016-10-01
xgboost_slide60,2017-01-01,6788.0,6934.1201171875,23,3,2016-10-01
xgboost_slide60,2017-02-01,6271.0,6391.8291015625,23,4,2016-10-01
xgboost_slide60,2017-03-01,6794.0,7147.869140625,23,5,2016-10-01
xgboost_slide60,2017-04-01,6884.0,7121.53369140625,23,6,2016-10-01
xgboost_slide60,2016-12-01,6994.0,6949.6318359375,24,1,2016-11-01
xgboost_slide60,2017-01-01,6788.0,6893.39404296875,24,2,2016-11-01
xgboost_slide60,2017-02-01,6271.0,6482.7431640625,24,3,2016-11-01
xgboost_slide60,2017-03-01,6794.0,7272.26318359375,24,4,2016-11-01
xgboost_slide60,2017-04-01,6884.0,7364.0517578125,24,5,2016-11-01
xgboost_slide60,2017-05-01,7651.0,7867.34716796875,24,6,2016-11-01
xgboost_slide60,2017-01-01,6788.0,6997.19482421875,25,1,2016-12-01
xgboost_slide60,2017-02-01,6271.0,6511.04541015625,25,2,2016-12-01
xgboost_slide60,2017-03-01,6794.0,7241.92236328125,25,3,2016-12-01
xgboost_slide60,2017-04-01,6884.0,7273.75048828125,25,4,2016-12-01
xgboost_slide60,2017-05-01,7651.0,7912.70947265625,25,5,2016-12-01
xgboost_slide60,2017-06-01,8009.0,8411.88671875,25,6,2016-12-01
xgboost_slide60,2017-02-01,6271.0,6584.3359375,26,1,2017-01-01
xgboost_slide60,2017-03-01,6794.0,7180.158203125,26,2,2017-01-01
xgboost_slide60,2017-04-01,6884.0,7085.16650390625,26,3,2017-01-01
xgboost_slide60,2017-05-01,7651.0,7861.025390625,26,4,2017-01-01
xgboost_slide60,2017-06-01,8009.0,8283.6298828125,26,5,2017-01-01
xgboost_slide60,2017-07-01,8694.0,8148.1318359375,26,6,2017-01-01
xgboost_slide60,2017-03-01,6794.0,7153.22900390625,27,1,2017-02-01
xgboost_slide60,2017-04-01,6884.0,7116.47509765625,27,2,2017-02-01
xgboost_slide60,2017-05-01,7651.0,7773.17431640625,27,3,2017-02-01
xgboost_slide60,2017-06-01,8009.0,8095.76611328125,27,4,2017-02-01
xgboost_slide60,2017-07-01,8694.0,8389.9208984375,27,5,2017-02-01
xgboost_slide60,2017-08-01,8130.0,7861.56640625,27,6,2017-02-01
xgboost_slide60,2017-04-01,6884.0,7085.22265625,28,1,2017-03-01
xgboost_slide60,2017-05-01,7651.0,7846.01806640625,28,2,2017-03-01
xgboost_slide60,2017-06-01,8009.0,8123.52001953125,28,3,2017-03-01
xgboost_slide60,2017-07-01,8694.0,8371.0146484375,28,4,2017-03-01
xgboost_slide60,2017-08-01,8130.0,7876.56201171875,28,5,2017-03-01
xgboost_slide60,2017-09-01,7446.0,7751.2646484375,28,6,2017-03-01
xgboost_slide60,2017-05-01,7651.0,7820.83447265625,29,1,2017-04-01
xgboost_slide60,2017-06-01,8009.0,8125.75390625,29,2,2017-04-01
xgboost_slide60,2017-07-01,8694.0,8281.01953125,29,3,2017-04-01
xgboost_slide60,2017-08-01,8130.0,7849.37646484375,29,4,2017-04-01
xgboost_slide60,2017-09-01,7446.0,7733.5703125,29,5,2017-04-01
xgboost_slide60,2017-10-01,7282.0,7938.15576171875,29,6,2017-04-01
xgboost_slide60,2017-06-01,8009.0,8088.03857421875,30,1,2017-05-01
xgboost_slide60,2017-07-01,8694.0,8270.1162109375,30,2,2017-05-01
xgboost_slide60,2017-08-01,8130.0,7821.82373046875,30,3,2017-05-01
xgboost_slide60,2017-09-01,7446.0,7890.2646484375,30,4,2017-05-01
xgboost_slide60,2017-10-01,7282.0,8055.6279296875,30,5,2017-05-01
xgboost_slide60,2017-11-01,6830.0,7406.1396484375,30,6,2017-05-01
xgboost_slide60,2017-07-01,8694.0,8165.6142578125,31,1,2017-06-01
xgboost_slide60,2017-08-01,8130.0,7835.58837890625,31,2,2017-06-01
xgboost_slide60,2017-09-01,7446.0,7975.33203125,31,3,2017-06-01
xgboost_slide60,2017-10-01,7282.0,8007.466796875,31,4,2017-06-01
xgboost_slide60,2017-11-01,6830.0,7436.55029296875,31,5,2017-06-01
xgboost_slide60,2017-12-01,6946.0,7007.7919921875,31,6,2017-06-01
xgboost_slide60,2017-08-01,8130.0,7700.7978515625,32,1,2017-07-01
xgboost_slide60,2017-09-01,7446.0,8239.1494140625,32,2,2017-07-01
xgboost_slide60,2017-10-01,7282.0,7928.1572265625,32,3,2017-07-01
xgboost_slide60,2017-11-01,6830.0,7298.658203125,32,4,2017-07-01
xgboost_slide60,2017-12-01,6946.0,7009.27197265625,32,5,2017-07-01
xgboost_slide60,2018-01-01,6886.0,6871.37451171875,32,6,2017-07-01
xgboost_slide60,2017-09-01,7446.0,8027.0068359375,33,1,2017-08-01
xgboost_slide60,2017-10-01,7282.0,7747.3623046875,33,2,2017-08-01
xgboost_slide60,2017-11-01,6830.0,7337.33447265625,33,3,2017-08-01
xgboost_slide60,2017-12-01,6946.0,6953.197265625,33,4,2017-08-01
xgboost_slide60,2018-01-01,6886.0,6800.01708984375,33,5,2017-08-01
xgboost_slide60,2018-02-01,5960.0,6417.98876953125,33,6,2017-08-01
xgboost_slide60,2017-10-01,7282.0,7556.22998046875,34,1,2017-09-01
xgboost_slide60,2017-11-01,6830.0,7163.1318359375,34,2,2017-09-01
xgboost_slide60,2017-12-01,6946.0,6938.81494140625,34,3,2017-09-01
xgboost_slide60,2018-01-01,6886.0,6771.11572265625,34,4,2017-09-01
xgboost_slide60,2018-02-01,5960.0,6388.7744140625,34,5,2017-09-01
xgboost_slide60,2018-03-01,6930.0,6805.36328125,34,6,2017-09-01
xgboost_slide60,2017-11-01,6830.0,7138.7529296875,35,1,2017-10-01
xgboost_slide60,2017-12-01,6946.0,6701.81591796875,35,2,2017-10-01
xgboost_slide60,2018-01-01,6886.0,6785.625,35,3,2017-10-01
xgboost_slide60,2018-02-01,5960.0,6355.6962890625,35,4,2017-10-01
xgboost_slide60,2018-03-01,6930.0,6721.59375,35,5,2017-10-01
xgboost_slide60,2018-04-01,6769.0,6968.47998046875,35,6,2017-10-01
xgboost_slide60,2017-12-01,6946.0,6725.8583984375,36,1,2017-11-01
xgboost_slide60,2018-01-01,6886.0,6787.13818359375,36,2,2017-11-01
xgboost_slide60,2018-02-01,5960.0,6370.6025390625,36,3,2017-11-01
xgboost_slide60,2018-03-01,6930.0,6700.9970703125,36,4,2017-11-01
xgboost_slide60,2018-04-01,6769.0,7022.7734375,36,5,2017-11-01
xgboost_slide60,2018-05-01,7511.0,7618.1689453125,36,6,2017-11-01
xgboost_slide60,2018-01-01,6886.0,6730.7314453125,37,1,2017-12-01
xgboost_slide60,2018-02-01,5960.0,6400.8251953125,37,2,2017-12-01
xgboost_slide60,2018-03-01,6930.0,6809.322265625,37,3,2017-12-01
xgboost_slide60,2018-04-01,6769.0,6790.0341796875,37,4,2017-12-01
xgboost_slide60,2018-05-01,7511.0,7652.83544921875,37,5,2017-12-01
xgboost_slide60,2018-06-01,8057.0,8084.31201171875,37,6,2017-12-01
xgboost_slide60,2018-02-01,5960.0,6486.994140625,38,1,2018-01-01
xgboost_slide60,2018-03-01,6930.0,6769.578125,38,2,2018-01-01
xgboost_slide60,2018-04-01,6769.0,6873.9287109375,38,3,2018-01-01
xgboost_slide60,2018-05-01,7511.0,7598.931640625,38,4,2018-01-01
xgboost_slide60,2018-06-01,8057.0,7743.658203125,38,5,2018-01-01
xgboost_slide60,2018-07-01,8175.0,8268.4765625,38,6,2018-01-01
xgboost_slide60,2018-03-01,6930.0,6723.494140625,39,1,2018-02-01
xgboost_slide60,2018-04-01,6769.0,6955.4970703125,39,2,2018-02-01
xgboost_slide60,2018-05-01,7511.0,7684.2841796875,39,3,2018-02-01
xgboost_slide60,2018-06-01,8057.0,7988.02197265625,39,4,2018-02-01
xgboost_slide60,2018-07-01,8175.0,8425.6513671875,39,5,2018-02-01
xgboost_slide60,2018-08-01,8328.0,8122.79150390625,39,6,2018-02-01
xgboost_slide60,2018-04-01,6769.0,6904.5107421875,40,1,2018-03-01
xgboost_slide60,2018-05-01,7511.0,7664.07177734375,40,2,2018-03-01
xgboost_slide60,2018-06-01,8057.0,7988.76220703125,40,3,2018-03-01
xgboost_slide60,2018-07-01,8175.0,8378.1005859375,40,4,2018-03-01
xgboost_slide60,2018-08-01,8328.0,8097.3740234375,40,5,2018-03-01
xgboost_slide60,2018-09-01,7325.0,7458.12451171875,40,6,2018-03-01
xgboost_slide60,2018-05-01,7511.0,7671.29833984375,41,1,2018-04-01
xgboost_slide60,2018-06-01,8057.0,8016.091796875,41,2,2018-04-01
xgboost_slide60,2018-07-01,8175.0,8232.7080078125,41,3,2018-04-01
xgboost_slide60,2018-08-01,8328.0,8080.23486328125,41,4,2018-04-01
xgboost_slide60,2018-09-01,7325.0,7470.685546875,41,5,2018-04-01
xgboost_slide60,2018-10-01,7202.0,7297.0810546875,41,6,2018-04-01
xgboost_slide60,2018-06-01,8057.0,7847.1513671875,42,1,2018-05-01
xgboost_slide60,2018-07-01,8175.0,8363.79296875,42,2,2018-05-01
xgboost_slide60,2018-08-01,8328.0,8171.63427734375,42,3,2018-05-01
xgboost_slide60,2018-09-01,7325.0,7743.75,42,4,2018-05-01
xgboost_slide60,2018-10-01,7202.0,7375.56982421875,42,5,2018-05-01
xgboost_slide60,2018-11-01,7161.0,7114.05419921875,42,6,2018-05-01
xgboost_slide60,2018-07-01,8175.0,8255.30859375,43,1,2018-06-01
xgboost_slide60,2018-08-01,8328.0,8119.82763671875,43,2,2018-06-01
xgboost_slide60,2018-09-01,7325.0,7459.37060546875,43,3,2018-06-01
xgboost_slide60,2018-10-01,7202.0,7293.08837890625,43,4,2018-06-01
xgboost_slide60,2018-11-01,7161.0,6934.7587890625,43,5,2018-06-01
xgboost_slide60,2018-12-01,7409.0,6889.4853515625,43,6,2018-06-01
xgboost_slide60,2018-08-01,8328.0,8158.16845703125,44,1,2018-07-01
xgboost_slide60,2018-09-01,7325.0,7471.33837890625,44,2,2018-07-01
xgboost_slide60,2018-10-01,7202.0,7334.69873046875,44,3,2018-07-01
xgboost_slide60,2018-11-01,7161.0,6937.00146484375,44,4,2018-07-01
xgboost_slide60,2018-12-01,7409.0,6925.4931640625,44,5,2018-07-01
xgboost_slide60,2019-01-01,7117.0,6865.64111328125,44,6,2018-07-01
xgboost_slide60,2018-09-01,7325.0,7462.25634765625,45,1,2018-08-01
xgboost_slide60,2018-10-01,7202.0,7318.578125,45,2,2018-08-01
xgboost_slide60,2018-11-01,7161.0,6897.86669921875,45,3,2018-08-01
xgboost_slide60,2018-12-01,7409.0,6928.48388671875,45,4,2018-08-01
xgboost_slide60,2019-01-01,7117.0,6867.29150390625,45,5,2018-08-01
xgboost_slide60,2019-02-01,6307.0,6052.45166015625,45,6,2018-08-01
xgboost_slide60,2018-10-01,7202.0,7287.9658203125,46,1,2018-09-01
xgboost_slide60,2018-11-01,7161.0,6940.51611328125,46,2,2018-09-01
xgboost_slide60,2018-12-01,7409.0,6941.228515625,46,3,2018-09-01
xgboost_slide60,2019-01-01,7117.0,6858.02001953125,46,4,2018-09-01
xgboost_slide60,2019-02-01,6307.0,6095.15673828125,46,5,2018-09-01
xgboost_slide60,2019-03-01,7067.0,6827.11572265625,46,6,2018-09-01
xgboost_slide60,2018-11-01,7161.0,6930.71875,47,1,2018-10-01
xgboost_slide60,2018-12-01,7409.0,6886.2900390625,47,2,2018-10-01
xgboost_slide60,2019-01-01,7117.0,6845.04052734375,47,3,2018-10-01
xgboost_slide60,2019-02-01,6307.0,6063.27001953125,47,4,2018-10-01
xgboost_slide60,2019-03-01,7067.0,6826.4306640625,47,5,2018-10-01
xgboost_slide60,2019-04-01,7108.0,6904.1318359375,47,6,2018-10-01
xgboost_slide60,2018-12-01,7409.0,6867.26904296875,48,1,2018-11-01
xgboost_slide60,2019-01-01,7117.0,6852.193359375,48,2,2018-11-01
xgboost_slide60,2019-02-01,6307.0,6072.40771484375,48,3,2018-11-01
xgboost_slide60,2019-03-01,7067.0,6820.7841796875,48,4,2018-11-01
xgboost_slide60,2019-04-01,7108.0,6928.1337890625,48,5,2018-11-01
xgboost_slide60,2019-05-01,7776.0,7751.5625,48,6,2018-11-01
xgboost_slide60,2019-01-01,7117.0,6973.9423828125,49,1,2018-12-01
xgboost_slide60,2019-02-01,6307.0,6308.185546875,49,2,2018-12-01
xgboost_slide60,2019-03-01,7067.0,6802.10400390625,49,3,2018-12-01
xgboost_slide60,2019-04-01,7108.0,6862.0810546875,49,4,2018-12-01
xgboost_slide60,2019-05-01,7776.0,7548.4912109375,49,5,2018-12-01
xgboost_slide60,2019-06-01,8274.0,7933.6640625,49,6,2018-12-01
xgboost_slide60,2019-02-01,6307.0,6369.8486328125,50,1,2019-01-01
xgboost_slide60,2019-03-01,7067.0,6811.65673828125,50,2,2019-01-01
xgboost_slide60,2019-04-01,7108.0,6888.61376953125,50,3,2019-01-01
xgboost_slide60,2019-05-01,7776.0,7702.900390625,50,4,2019-01-01
xgboost_slide60,2019-06-01,8274.0,7949.2109375,50,5,2019-01-01
xgboost_slide60,2019-07-01,8919.0,8186.861328125,50,6,2019-01-01
xgboost_slide60,2019-03-01,7067.0,6720.06787109375,51,1,2019-02-01
xgboost_slide60,2019-04-01,7108.0,6846.6455078125,51,2,2019-02-01
xgboost_slide60,2019-05-01,7776.0,7569.8681640625,51,3,2019-02-01
xgboost_slide60,2019-06-01,8274.0,7946.14013671875,51,4,2019-02-01
xgboost_slide60,2019-07-01,8919.0,8176.21875,51,5,2019-02-01
xgboost_slide60,2019-08-01,8180.0,8145.69384765625,51,6,2019-02-01
xgboost_slide60,2019-04-01,7108.0,6885.86328125,52,1,2019-03-01
xgboost_slide60,2019-05-01,7776.0,7531.2314453125,52,2,2019-03-01
xgboost_slide60,2019-06-01,8274.0,7962.5576171875,52,3,2019-03-01
xgboost_slide60,2019-07-01,8919.0,8167.162109375,52,4,2019-03-01
xgboost_slide60,2019-08-01,8180.0,8184.6513671875,52,5,2019-03-01
xgboost_slide60,2019-09-01,7664.0,7379.0185546875,52,6,2019-03-01
xgboost_slide60,2019-05-01,7776.0,7705.51904296875,53,1,2019-04-01
xgboost_slide60,2019-06-01,8274.0,7937.07958984375,53,2,2019-04-01
xgboost_slide60,2019-07-01,8919.0,8204.046875,53,3,2019-04-01
xgboost_slide60,2019-08-01,8180.0,8141.83837890625,53,4,2019-04-01
xgboost_slide60,2019-09-01,7664.0,7390.25927734375,53,5,2019-04-01
xgboost_slide60,2019-10-01,7254.0,7298.9482421875,53,6,2019-04-01
xgboost_slide60,2019-06-01,8274.0,8115.421875,54,1,2019-05-01
xgboost_slide60,2019-07-01,8919.0,8277.2177734375,54,2,2019-05-01
xgboost_slide60,2019-08-01,8180.0,8259.8046875,54,3,2019-05-01
xgboost_slide60,2019-09-01,7664.0,7335.373046875,54,4,2019-05-01
xgboost_slide60,2019-10-01,7254.0,7297.8486328125,54,5,2019-05-01
xgboost_slide60,2019-11-01,6785.0,7100.3056640625,54,6,2019-05-01
xgboost_slide60,2019-07-01,8919.0,8294.1513671875,55,1,2019-06-01
xgboost_slide60,2019-08-01,8180.0,8250.1923828125,55,2,2019-06-01
xgboost_slide60,2019-09-01,7664.0,7371.49169921875,55,3,2019-06-01
xgboost_slide60,2019-10-01,7254.0,7283.4208984375,55,4,2019-06-01
xgboost_slide60,2019-11-01,6785.0,7139.626953125,55,5,2019-06-01
xgboost_slide60,2019-12-01,6987.0,7616.57373046875,55,6,2019-06-01
xgboost_slide60,2019-08-01,8180.0,8353.69921875,56,1,2019-07-01
xgboost_slide60,2019-09-01,7664.0,7389.61279296875,56,2,2019-07-01
xgboost_slide60,2019-10-01,7254.0,7368.76806640625,56,3,2019-07-01
xgboost_slide60,2019-11-01,6785.0,7189.806640625,56,4,2019-07-01
xgboost_slide60,2019-12-01,6987.0,7558.2392578125,56,5,2019-07-01
xgboost_slide60,2020-01-01,7194.0,7206.29638671875,56,6,2019-07-01
xgboost_slide60,2019-09-01,7664.0,7448.8671875,57,1,2019-08-01
xgboost_slide60,2019-10-01,7254.0,7335.6572265625,57,2,2019-08-01
xgboost_slide60,2019-11-01,6785.0,7209.2470703125,57,3,2019-08-01
xgboost_slide60,2019-12-01,6987.0,7328.060546875,57,4,2019-08-01
xgboost_slide60,2020-01-01,7194.0,7137.30029296875,57,5,2019-08-01
xgboost_slide60,2020-02-01,6848.0,6205.36083984375,57,6,2019-08-01
xgboost_slide60,2019-10-01,7254.0,7329.30126953125,58,1,2019-09-01
xgboost_slide60,2019-11-01,6785.0,7308.36865234375,58,2,2019-09-01
xgboost_slide60,2019-12-01,6987.0,7276.3984375,58,3,2019-09-01
xgboost_slide60,2020-01-01,7194.0,7054.74072265625,58,4,2019-09-01
xgboost_slide60,2020-02-01,6848.0,6205.58203125,58,5,2019-09-01
xgboost_slide60,2020-03-01,7324.0,6914.8291015625,58,6,2019-09-01
xgboost_slide60,2019-11-01,6785.0,7089.203125,59,1,2019-10-01
xgboost_slide60,2019-12-01,6987.0,7257.177734375,59,2,2019-10-01
xgboost_slide60,2020-01-01,7194.0,7092.80078125,59,3,2019-10-01
xgboost_slide60,2020-02-01,6848.0,6086.7998046875,59,4,2019-10-01
xgboost_slide60,2020-03-01,7324.0,6967.8203125,59,5,2019-10-01
xgboost_slide60,2020-04-01,5978.0,6792.71142578125,59,6,2019-10-01
xgboost_slide60,2019-12-01,6987.0,7097.42041015625,60,1,2019-11-01
xgboost_slide60,2020-01-01,7194.0,6891.72802734375,60,2,2019-11-01
xgboost_slide60,2020-02-01,6848.0,6013.13671875,60,3,2019-11-01
xgboost_slide60,2020-03-01,7324.0,6836.0107421875,60,4,2019-11-01
xgboost_slide60,2020-04-01,5978.0,6786.8720703125,60,5,2019-11-01
xgboost_slide60,2020-05-01,7062.0,7581.2177734375,60,6,2019-11-01
xgboost_slide60,2020-01-01,7194.0,6875.2412109375,61,1,2019-12-01
xgboost_slide60,2020-02-01,6848.0,6053.52734375,61,2,2019-12-01
xgboost_slide60,2020-03-01,7324.0,6874.67431640625,61,3,2019-12-01
xgboost_slide60,2020-04-01,5978.0,6794.25146484375,61,4,2019-12-01
xgboost_slide60,2020-05-01,7062.0,7612.87939453125,61,5,2019-12-01
xgboost_slide60,2020-06-01,6948.0,8053.91015625,61,6,2019-12-01
xgboost_slide60,2020-02-01,6848.0,6149.00537109375,62,1,2020-01-01
xgboost_slide60,2020-03-01,7324.0,6945.2001953125,62,2,2020-01-01
xgboost_slide60,2020-04-01,5978.0,6849.15625,62,3,2020-01-01
xgboost_slide60,2020-05-01,7062.0,7646.5224609375,62,4,2020-01-01
xgboost_slide60,2020-06-01,6948.0,8051.8681640625,62,5,2020-01-01
xgboost_slide60,2020-07-01,7392.0,8354.791015625,62,6,2020-01-01
xgboost_slide60,2020-03-01,7324.0,6904.876953125,63,1,2020-02-01
xgboost_slide60,2020-04-01,5978.0,7008.2353515625,63,2,2020-02-01
xgboost_slide60,2020-05-01,7062.0,7726.65283203125,63,3,2020-02-01
xgboost_slide60,2020-06-01,6948.0,8199.3017578125,63,4,2020-02-01
xgboost_slide60,2020-07-01,7392.0,8279.35546875,63,5,2020-02-01
xgboost_slide60,2020-08-01,7678.0,8359.1904296875,63,6,2020-02-01
xgboost_slide60,2020-04-01,5978.0,7048.84228515625,64,1,2020-03-01
xgboost_slide60,2020-05-01,7062.0,7759.21044921875,64,2,2020-03-01
xgboost_slide60,2020-06-01,6948.0,8254.158203125,64,3,2020-03-01
xgboost_slide60,2020-07-01,7392.0,8266.4892578125,64,4,2020-03-01
xgboost_slide60,2020-08-01,7678.0,8386.2548828125,64,5,2020-03-01
xgboost_slide60,2020-09-01,7005.0,7884.42333984375,64,6,2020-03-01
xgboost_slide60,2020-05-01,7062.0,7571.0419921875,65,1,2020-04-01
xgboost_slide60,2020-06-01,6948.0,8063.95556640625,65,2,2020-04-01
xgboost_slide60,2020-07-01,7392.0,8088.93115234375,65,3,2020-04-01
xgboost_slide60,2020-08-01,7678.0,8399.1591796875,65,4,2020-04-01
xgboost_slide60,2020-09-01,7005.0,7902.1318359375,65,5,2020-04-01
xgboost_slide60,2020-10-01,7385.0,7274.25341796875,65,6,2020-04-01
xgboost_slide60,2020-06-01,6948.0,7909.82275390625,66,1,2020-05-01
xgboost_slide60,2020-07-01,7392.0,8150.31005859375,66,2,2020-05-01
xgboost_slide60,2020-08-01,7678.0,8456.314453125,66,3,2020-05-01
xgboost_slide60,2020-09-01,7005.0,7375.32421875,66,4,2020-05-01
xgboost_slide60,2020-10-01,7385.0,7260.701171875,66,5,2020-05-01
xgboost_slide60,2020-11-01,6872.0,7316.45458984375,66,6,2020-05-01
xgboost_slide60,2020-07-01,7392.0,7558.7470703125,67,1,2020-06-01
xgboost_slide60,2020-08-01,7678.0,8192.46875,67,2,2020-06-01
xgboost_slide60,2020-09-01,7005.0,8197.0205078125,67,3,2020-06-01
xgboost_slide60,2020-10-01,7385.0,8079.447265625,67,4,2020-06-01
xgboost_slide60,2020-11-01,6872.0,7378.599609375,67,5,2020-06-01
xgboost_slide60,2020-12-01,6781.0,7246.86181640625,67,6,2020-06-01
xgboost_slide60,2020-08-01,7678.0,7449.54736328125,68,1,2020-07-01
xgboost_slide60,2020-09-01,7005.0,7174.48681640625,68,2,2020-07-01
xgboost_slide60,2020-10-01,7385.0,7481.61083984375,68,3,2020-07-01
xgboost_slide60,2020-11-01,6872.0,7242.6640625,68,4,2020-07-01
xgboost_slide60,2020-12-01,6781.0,7300.77685546875,68,5,2020-07-01
xgboost_slide60,2021-01-01,6917.0,7103.55517578125,68,6,2020-07-01
xgboost_slide60,2020-09-01,7005.0,8089.7939453125,69,1,2020-08-01
xgboost_slide60,2020-10-01,7385.0,7828.400390625,69,2,2020-08-01
xgboost_slide60,2020-11-01,6872.0,7531.2744140625,69,3,2020-08-01
xgboost_slide60,2020-12-01,6781.0,7263.25439453125,69,4,2020-08-01
xgboost_slide60,2021-01-01,6917.0,7047.833984375,69,5,2020-08-01
xgboost_slide60,2021-02-01,6217.0,7019.23876953125,69,6,2020-08-01
xgboost_slide60,2020-10-01,7385.0,7248.916015625,70,1,2020-09-01
xgboost_slide60,2020-11-01,6872.0,7254.82177734375,70,2,2020-09-01
xgboost_slide60,2020-12-01,6781.0,7358.478515625,70,3,2020-09-01
xgboost_slide60,2021-01-01,6917.0,7061.45263671875,70,4,2020-09-01
xgboost_slide60,2021-02-01,6217.0,7020.5810546875,70,5,2020-09-01
xgboost_slide60,2021-03-01,7569.0,7337.16357421875,70,6,2020-09-01
xgboost_slide60,2020-11-01,6872.0,7258.6162109375,71,1,2020-10-01
xgboost_slide60,2020-12-01,6781.0,7245.107421875,71,2,2020-10-01
xgboost_slide60,2021-01-01,6917.0,7094.73388671875,71,3,2020-10-01
xgboost_slide60,2021-02-01,6217.0,7168.3544921875,71,4,2020-10-01
xgboost_slide60,2021-03-01,7569.0,7406.67333984375,71,5,2020-10-01
xgboost_slide60,2021-04-01,6917.0,6570.48486328125,71,6,2020-10-01
xgboost_slide60,2020-12-01,6781.0,7172.53369140625,72,1,2020-11-01
xgboost_slide60,2021-01-01,6917.0,7063.71484375,72,2,2020-11-01
xgboost_slide60,2021-02-01,6217.0,7035.61328125,72,3,2020-11-01
xgboost_slide60,2021-03-01,7569.0,7285.9462890625,72,4,2020-11-01
xgboost_slide60,2021-04-01,6917.0,6563.27685546875,72,5,2020-11-01
xgboost_slide60,2021-05-01,8253.0,7181.19482421875,72,6,2020-11-01
xgboost_slide60,2021-01-01,6917.0,7073.1513671875,73,1,2020-12-01
xgboost_slide60,2021-02-01,6217.0,6984.83056640625,73,2,2020-12-01
xgboost_slide60,2021-03-01,7569.0,7376.580078125,73,3,2020-12-01
xgboost_slide60,2021-04-01,6917.0,6684.9287109375,73,4,2020-12-01
xgboost_slide60,2021-05-01,8253.0,6991.96142578125,73,5,2020-12-01
xgboost_slide60,2021-06-01,8153.0,6985.25537109375,73,6,2020-12-01
xgboost_slide60,2021-02-01,6217.0,6980.53466796875,74,1,2021-01-01
xgboost_slide60,2021-03-01,7569.0,7207.759765625,74,2,2021-01-01
xgboost_slide60,2021-04-01,6917.0,6854.43017578125,74,3,2021-01-01
xgboost_slide60,2021-05-01,8253.0,7132.88427734375,74,4,2021-01-01
xgboost_slide60,2021-06-01,8153.0,6988.91259765625,74,5,2021-01-01
xgboost_slide60,2021-07-01,9251.0,7219.85498046875,74,6,2021-01-01
xgboost_slide60,2021-03-01,7569.0,7112.7822265625,75,1,2021-02-01
xgboost_slide60,2021-04-01,6917.0,6579.099609375,75,2,2021-02-01
xgboost_slide60,2021-05-01,8253.0,7029.7333984375,75,3,2021-02-01
xgboost_slide60,2021-06-01,8153.0,6846.607421875,75,4,2021-02-01
xgboost_slide60,2021-07-01,9251.0,7397.80615234375,75,5,2021-02-01
xgboost_slide60,2021-08-01,8830.0,7405.8056640625,75,6,2021-02-01
xgboost_slide60,2021-04-01,6917.0,6745.1845703125,76,1,2021-03-01
xgboost_slide60,2021-05-01,8253.0,6994.43408203125,76,2,2021-03-01
xgboost_slide60,2021-06-01,8153.0,7067.064453125,76,3,2021-03-01
xgboost_slide60,2021-07-01,9251.0,7519.34326171875,76,4,2021-03-01
xgboost_slide60,2021-08-01,8830.0,7703.3896484375,76,5,2021-03-01
xgboost_slide60,2021-09-01,7512.0,6703.18798828125,76,6,2021-03-01
xgboost_slide60,2021-05-01,8253.0,7019.064453125,77,1,2021-04-01
xgboost_slide60,2021-06-01,8153.0,7112.826171875,77,2,2021-04-01
xgboost_slide60,2021-07-01,9251.0,7321.70263671875,77,3,2021-04-01
xgboost_slide60,2021-08-01,8830.0,7231.2353515625,77,4,2021-04-01
xgboost_slide60,2021-09-01,7512.0,6641.19970703125,77,5,2021-04-01
xgboost_slide60,2021-10-01,7656.0,7188.5302734375,77,6,2021-04-01
xgboost_slide60,2021-06-01,8153.0,7427.416015625,78,1,2021-05-01
xgboost_slide60,2021-07-01,9251.0,7395.56689453125,78,2,2021-05-01
xgboost_slide60,2021-08-01,8830.0,7359.47216796875,78,3,2021-05-01
xgboost_slide60,2021-09-01,7512.0,6813.0927734375,78,4,2021-05-01
xgboost_slide60,2021-10-01,7656.0,7199.17919921875,78,5,2021-05-01
xgboost_slide60,2021-11-01,7603.0,6940.04296875,78,6,2021-05-01
xgboost_slide60,2021-07-01,9251.0,7977.134765625,79,1,2021-06-01
xgboost_slide60,2021-08-01,8830.0,7690.962890625,79,2,2021-06-01
xgboost_slide60,2021-09-01,7512.0,6942.82421875,79,3,2021-06-01
xgboost_slide60,2021-10-01,7656.0,7277.73046875,79,4,2021-06-01
xgboost_slide60,2021-11-01,7603.0,6957.9619140625,79,5,2021-06-01
xgboost_slide60,2021-12-01,8237.0,6621.73779296875,79,6,2021-06-01
xgboost_slide60,2021-08-01,8830.0,7715.62353515625,80,1,2021-07-01
xgboost_slide60,2021-09-01,7512.0,6964.634765625,80,2,2021-07-01
xgboost_slide60,2021-10-01,7656.0,7196.19384765625,80,3,2021-07-01
xgboost_slide60,2021-11-01,7603.0,6994.830078125,80,4,2021-07-01
xgboost_slide60,2021-12-01,8237.0,6748.77197265625,80,5,2021-07-01
xgboost_slide60,2022-01-01,9582.0,6946.94873046875,80,6,2021-07-01
xgboost_slide60,2021-09-01,7512.0,7279.4423828125,81,1,2021-08-01
xgboost_slide60,2021-10-01,7656.0,7253.31005859375,81,2,2021-08-01
xgboost_slide60,2021-11-01,7603.0,7063.24560546875,81,3,2021-08-01
xgboost_slide60,2021-12-01,8237.0,7075.845703125,81,4,2021-08-01
xgboost_slide60,2022-01-01,9582.0,7116.44775390625,81,5,2021-08-01
xgboost_slide60,2022-02-01,7227.0,6559.0693359375,81,6,2021-08-01
xgboost_slide60,2021-10-01,7656.0,7335.638671875,82,1,2021-09-01
xgboost_slide60,2021-11-01,7603.0,7022.50537109375,82,2,2021-09-01
xgboost_slide60,2021-12-01,8237.0,6824.044921875,82,3,2021-09-01
xgboost_slide60,2022-01-01,9582.0,7060.04443359375,82,4,2021-09-01
xgboost_slide60,2022-02-01,7227.0,6414.7119140625,82,5,2021-09-01
xgboost_slide60,2022-03-01,7504.0,7108.51416015625,82,6,2021-09-01
xgboost_slide60,2021-11-01,7603.0,7050.0048828125,83,1,2021-10-01
xgboost_slide60,2021-12-01,8237.0,6931.5146484375,83,2,2021-10-01
xgboost_slide60,2022-01-01,9582.0,7007.01953125,83,3,2021-10-01
xgboost_slide60,2022-02-01,7227.0,6511.58447265625,83,4,2021-10-01
xgboost_slide60,2022-03-01,7504.0,7007.80908203125,83,5,2021-10-01
xgboost_slide60,2022-04-01,7589.0,6750.3984375,83,6,2021-10-01
xgboost_slide60,2021-12-01,8237.0,7227.05078125,84,1,2021-11-01
xgboost_slide60,2022-01-01,9582.0,7084.4296875,84,2,2021-11-01
xgboost_slide60,2022-02-01,7227.0,6741.1005859375,84,3,2021-11-01
xgboost_slide60,2022-03-01,7504.0,7196.16748046875,84,4,2021-11-01
xgboost_slide60,2022-04-01,7589.0,6566.767578125,84,5,2021-11-01
xgboost_slide60,2022-05-01,8846.0,7266.5615234375,84,6,2021-11-01
xgboost_slide60,2022-01-01,9582.0,8270.638671875,85,1,2021-12-01
xgboost_slide60,2022-02-01,7227.0,8242.4140625,85,2,2021-12-01
xgboost_slide60,2022-03-01,7504.0,8468.6533203125,85,3,2021-12-01
xgboost_slide60,2022-04-01,7589.0,8045.0498046875,85,4,2021-12-01
xgboost_slide60,2022-05-01,8846.0,8008.31103515625,85,5,2021-12-01
xgboost_slide60,2022-06-01,9057.0,8303.267578125,85,6,2021-12-01
xgboost_slide60,2022-02-01,7227.0,8677.3779296875,86,1,2022-01-01
xgboost_slide60,2022-03-01,7504.0,8393.8408203125,86,2,2022-01-01
xgboost_slide60,2022-04-01,7589.0,7860.84716796875,86,3,2022-01-01
xgboost_slide60,2022-05-01,8846.0,7819.15673828125,86,4,2022-01-01
xgboost_slide60,2022-06-01,9057.0,8373.6611328125,86,5,2022-01-01
xgboost_slide60,2022-07-01,8699.0,9028.7861328125,86,6,2022-01-01
xgboost_slide60,2022-03-01,7504.0,7399.5107421875,87,1,2022-02-01
xgboost_slide60,2022-04-01,7589.0,6748.52490234375,87,2,2022-02-01
xgboost_slide60,2022-05-01,8846.0,6915.6806640625,87,3,2022-02-01
xgboost_slide60,2022-06-01,9057.0,6967.6572265625,87,4,2022-02-01
xgboost_slide60,2022-07-01,8699.0,7315.244140625,87,5,2022-02-01
xgboost_slide60,2022-08-01,8834.0,7375.615234375,87,6,2022-02-01
xgboost_slide60,2022-04-01,7589.0,6917.9892578125,88,1,2022-03-01
xgboost_slide60,2022-05-01,8846.0,7092.1455078125,88,2,2022-03-01
xgboost_slide60,2022-06-01,9057.0,7024.9150390625,88,3,2022-03-01
xgboost_slide60,2022-07-01,8699.0,7312.181640625,88,4,2022-03-01
xgboost_slide60,2022-08-01,8834.0,7166.43310546875,88,5,2022-03-01
xgboost_slide60,2022-09-01,8228.0,7191.08349609375,88,6,2022-03-01
xgboost_slide60,2022-05-01,8846.0,7574.30224609375,89,1,2022-04-01
xgboost_slide60,2022-06-01,9057.0,7913.79638671875,89,2,2022-04-01
xgboost_slide60,2022-07-01,8699.0,9041.5478515625,89,3,2022-04-01
xgboost_slide60,2022-08-01,8834.0,8734.376953125,89,4,2022-04-01
xgboost_slide60,2022-09-01,8228.0,8414.1357421875,89,5,2022-04-01
xgboost_slide60,2022-10-01,8388.0,7759.94921875,89,6,2022-04-01
xgboost_slide60,2022-06-01,9057.0,9007.1328125,90,1,2022-05-01
xgboost_slide60,2022-07-01,8699.0,8909.5322265625,90,2,2022-05-01
xgboost_slide60,2022-08-01,8834.0,7983.876953125,90,3,2022-05-01
xgboost_slide60,2022-09-01,8228.0,7747.14453125,90,4,2022-05-01
xgboost_slide60,2022-10-01,8388.0,7789.82763671875,90,5,2022-05-01
xgboost_slide60,2022-11-01,7588.0,8517.59375,90,6,2022-05-01
xgboost_slide60,2022-07-01,8699.0,8797.2412109375,91,1,2022-06-01
xgboost_slide60,2022-08-01,8834.0,7865.88330078125,91,2,2022-06-01
xgboost_slide60,2022-09-01,8228.0,7687.54833984375,91,3,2022-06-01
xgboost_slide60,2022-10-01,8388.0,7862.62841796875,91,4,2022-06-01
xgboost_slide60,2022-11-01,7588.0,8580.2314453125,91,5,2022-06-01
xgboost_slide60,2022-12-01,7850.0,8799.0654296875,91,6,2022-06-01
xgboost_slide60,2022-08-01,8834.0,7817.435546875,92,1,2022-07-01
xgboost_slide60,2022-09-01,8228.0,7901.41259765625,92,2,2022-07-01
xgboost_slide60,2022-10-01,8388.0,8078.05029296875,92,3,2022-07-01
xgboost_slide60,2022-11-01,7588.0,8756.1181640625,92,4,2022-07-01
xgboost_slide60,2022-12-01,7850.0,8683.2392578125,92,5,2022-07-01
xgboost_slide60,2023-01-01,7563.0,8410.4189453125,92,6,2022-07-01
xgboost_slide60,2022-09-01,8228.0,8066.5673828125,93,1,2022-08-01
xgboost_slide60,2022-10-01,8388.0,8455.73046875,93,2,2022-08-01
xgboost_slide60,2022-11-01,7588.0,8618.6943359375,93,3,2022-08-01
xgboost_slide60,2022-12-01,7850.0,8509.78125,93,4,2022-08-01
xgboost_slide60,2023-01-01,7563.0,8639.177734375,93,5,2022-08-01
xgboost_slide60,2023-02-01,6551.0,8342.87890625,93,6,2022-08-01
xgboost_slide60,2022-10-01,8388.0,8442.99609375,94,1,2022-09-01
xgboost_slide60,2022-11-01,7588.0,8446.943359375,94,2,2022-09-01
xgboost_slide60,2022-12-01,7850.0,8363.013671875,94,3,2022-09-01
xgboost_slide60,2023-01-01,7563.0,8370.947265625,94,4,2022-09-01
xgboost_slide60,2023-02-01,6551.0,8261.861328125,94,5,2022-09-01
xgboost_slide60,2023-03-01,7507.0,8402.20703125,94,6,2022-09-01
xgboost_slide60,2022-11-01,7588.0,8455.359375,95,1,2022-10-01
xgboost_slide60,2022-12-01,7850.0,8246.9716796875,95,2,2022-10-01
xgboost_slide60,2023-01-01,7563.0,8329.02734375,95,3,2022-10-01
xgboost_slide60,2023-02-01,6551.0,8313.4560546875,95,4,2022-10-01
xgboost_slide60,2023-03-01,7507.0,8369.6611328125,95,5,2022-10-01
xgboost_slide60,2023-04-01,7745.0,8403.802734375,95,6,2022-10-01
xgboost_slide60,2022-12-01,7850.0,7572.2431640625,96,1,2022-11-01
xgboost_slide60,2023-01-01,7563.0,7842.99951171875,96,2,2022-11-01
xgboost_slide60,2023-02-01,6551.0,8206.5224609375,96,3,2022-11-01
xgboost_slide60,2023-03-01,7507.0,9136.4736328125,96,4,2022-11-01
xgboost_slide60,2023-04-01,7745.0,8620.2060546875,96,5,2022-11-01
xgboost_slide60,2023-05-01,8600.0,8108.81982421875,96,6,2022-11-01
xgboost_slide60,2023-01-01,7563.0,8099.36474609375,97,1,2022-12-01
xgboost_slide60,2023-02-01,6551.0,8364.35546875,97,2,2022-12-01
xgboost_slide60,2023-03-01,7507.0,8976.130859375,97,3,2022-12-01
xgboost_slide60,2023-04-01,7745.0,8025.59423828125,97,4,2022-12-01
xgboost_slide60,2023-05-01,8600.0,8139.61474609375,97,5,2022-12-01
xgboost_slide60,2023-06-01,9151.0,7939.42041015625,97,6,2022-12-01
xgboost_slide60,2023-02-01,6551.0,7706.83154296875,98,1,2023-01-01
xgboost_slide60,2023-03-01,7507.0,8374.8017578125,98,2,2023-01-01
xgboost_slide60,2023-04-01,7745.0,8150.91748046875,98,3,2023-01-01
xgboost_slide60,2023-05-01,8600.0,8839.30078125,98,4,2023-01-01
xgboost_slide60,2023-06-01,9151.0,7743.8720703125,98,5,2023-01-01
xgboost_slide60,2023-07-01,9183.0,8110.27392578125,98,6,2023-01-01
xgboost_slide60,2023-03-01,7507.0,7187.61767578125,99,1,2023-02-01
xgboost_slide60,2023-04-01,7745.0,7112.9765625,99,2,2023-02-01
xgboost_slide60,2023-05-01,8600.0,7549.8203125,99,3,2023-02-01
xgboost_slide60,2023-06-01,9151.0,7371.40283203125,99,4,2023-02-01
xgboost_slide60,2023-07-01,9183.0,7522.09912109375,99,5,2023-02-01
xgboost_slide60,2023-08-01,8297.0,7318.94970703125,99,6,2023-02-01
xgboost_slide60,2023-04-01,7745.0,7058.85009765625,100,1,2023-03-01
xgboost_slide60,2023-05-01,8600.0,7665.67822265625,100,2,2023-03-01
xgboost_slide60,2023-06-01,9151.0,8168.89013671875,100,3,2023-03-01
xgboost_slide60,2023-07-01,9183.0,9192.0478515625,100,4,2023-03-01
xgboost_slide60,2023-08-01,8297.0,8575.931640625,100,5,2023-03-01
xgboost_slide60,2023-09-01,7823.0,8002.79296875,100,6,2023-03-01
xgboost_slide60,2023-05-01,8600.0,8742.3681640625,101,1,2023-04-01
xgboost_slide60,2023-06-01,9151.0,8903.8681640625,101,2,2023-04-01
xgboost_slide60,2023-07-01,9183.0,8666.396484375,101,3,2023-04-01
xgboost_slide60,2023-08-01,8297.0,8000.55322265625,101,4,2023-04-01
xgboost_slide60,2023-09-01,7823.0,7951.49169921875,101,5,2023-04-01
xgboost_slide60,2023-10-01,7507.0,8072.82373046875,101,6,2023-04-01
xgboost_slide60,2023-06-01,9151.0,8766.6201171875,102,1,2023-05-01
xgboost_slide60,2023-07-01,9183.0,8718.8515625,102,2,2023-05-01
xgboost_slide60,2023-08-01,8297.0,7928.9921875,102,3,2023-05-01
xgboost_slide60,2023-09-01,7823.0,7896.556640625,102,4,2023-05-01
xgboost_slide60,2023-10-01,7507.0,7798.44482421875,102,5,2023-05-01
xgboost_slide60,2023-11-01,8107.0,7805.64501953125,102,6,2023-05-01
xgboost_slide60,2023-07-01,9183.0,8687.0498046875,103,1,2023-06-01
xgboost_slide60,2023-08-01,8297.0,8054.892578125,103,2,2023-06-01
xgboost_slide60,2023-09-01,7823.0,7849.68603515625,103,3,2023-06-01
xgboost_slide60,2023-10-01,7507.0,8140.0595703125,103,4,2023-06-01
xgboost_slide60,2023-11-01,8107.0,7544.2626953125,103,5,2023-06-01
xgboost_slide60,2023-12-01,7504.0,7316.80029296875,103,6,2023-06-01
catboost_slide60,2015-01-01,7184.0,6223.566036922057,1,1,2014-12-01
catboost_slide60,2015-02-01,5958.0,6246.839558541285,1,2,2014-12-01
catboost_slide60,2015-03-01,6658.0,6311.685455813439,1,3,2014-12-01
catboost_slide60,2015-04-01,7069.0,6324.795742965047,1,4,2014-12-01
catboost_slide60,2015-05-01,8099.0,7308.428575636532,1,5,2014-12-01
catboost_slide60,2015-06-01,7868.0,7295.564216593946,1,6,2014-12-01
catboost_slide60,2015-02-01,5958.0,6465.540623018526,2,1,2015-01-01
catboost_slide60,2015-03-01,6658.0,6440.341706414776,2,2,2015-01-01
catboost_slide60,2015-04-01,7069.0,6533.4381001896945,2,3,2015-01-01
catboost_slide60,2015-05-01,8099.0,7221.8649240083505,2,4,2015-01-01
catboost_slide60,2015-06-01,7868.0,7391.67426312333,2,5,2015-01-01
catboost_slide60,2015-07-01,7986.0,7355.274363653393,2,6,2015-01-01
catboost_slide60,2015-03-01,6658.0,6497.468969687394,3,1,2015-02-01
catboost_slide60,2015-04-01,7069.0,6397.98755777239,3,2,2015-02-01
catboost_slide60,2015-05-01,8099.0,7206.437973445765,3,3,2015-02-01
catboost_slide60,2015-06-01,7868.0,7387.483728037902,3,4,2015-02-01
catboost_slide60,2015-07-01,7986.0,7722.478012415548,3,5,2015-02-01
catboost_slide60,2015-08-01,7251.0,7336.813018172603,3,6,2015-02-01
catboost_slide60,2015-04-01,7069.0,6464.55763493688,4,1,2015-03-01
catboost_slide60,2015-05-01,8099.0,7209.158400671215,4,2,2015-03-01
catboost_slide60,2015-06-01,7868.0,7424.165439849257,4,3,2015-03-01
catboost_slide60,2015-07-01,7986.0,7712.113022246069,4,4,2015-03-01
catboost_slide60,2015-08-01,7251.0,7410.420848627374,4,5,2015-03-01
catboost_slide60,2015-09-01,7163.0,7050.564093705251,4,6,2015-03-01
catboost_slide60,2015-05-01,8099.0,7207.2249762088,5,1,2015-04-01
catboost_slide60,2015-06-01,7868.0,7519.518306504843,5,2,2015-04-01
catboost_slide60,2015-07-01,7986.0,7658.902155085635,5,3,2015-04-01
catboost_slide60,2015-08-01,7251.0,7323.817451532754,5,4,2015-04-01
catboost_slide60,2015-09-01,7163.0,7015.81157023433,5,5,2015-04-01
catboost_slide60,2015-10-01,6690.0,6939.096817357262,5,6,2015-04-01
catboost_slide60,2015-06-01,7868.0,7529.345994952969,6,1,2015-05-01
catboost_slide60,2015-07-01,7986.0,7650.432697786986,6,2,2015-05-01
catboost_slide60,2015-08-01,7251.0,7437.240120626034,6,3,2015-05-01
catboost_slide60,2015-09-01,7163.0,6842.663267146626,6,4,2015-05-01
catboost_slide60,2015-10-01,6690.0,6914.199317650364,6,5,2015-05-01
catboost_slide60,2015-11-01,6392.0,6706.702664466521,6,6,2015-05-01
catboost_slide60,2015-07-01,7986.0,7661.924843975857,7,1,2015-06-01
catboost_slide60,2015-08-01,7251.0,7434.1123881969925,7,2,2015-06-01
catboost_slide60,2015-09-01,7163.0,6907.654688890956,7,3,2015-06-01
catboost_slide60,2015-10-01,6690.0,6931.380253439091,7,4,2015-06-01
catboost_slide60,2015-11-01,6392.0,6701.371089141169,7,5,2015-06-01
catboost_slide60,2015-12-01,6753.0,6877.9429056448835,7,6,2015-06-01
catboost_slide60,2015-08-01,7251.0,7595.634424428928,8,1,2015-07-01
catboost_slide60,2015-09-01,7163.0,7002.777905363142,8,2,2015-07-01
catboost_slide60,2015-10-01,6690.0,6949.8876838116485,8,3,2015-07-01
catboost_slide60,2015-11-01,6392.0,6650.36968152186,8,4,2015-07-01
catboost_slide60,2015-12-01,6753.0,6821.398329342144,8,5,2015-07-01
catboost_slide60,2016-01-01,6753.0,6860.317516109416,8,6,2015-07-01
catboost_slide60,2015-09-01,7163.0,6861.06764678478,9,1,2015-08-01
catboost_slide60,2015-10-01,6690.0,6990.666644377394,9,2,2015-08-01
catboost_slide60,2015-11-01,6392.0,6538.2589187491085,9,3,2015-08-01
catboost_slide60,2015-12-01,6753.0,6760.29231475995,9,4,2015-08-01
catboost_slide60,2016-01-01,6753.0,6765.180444314394,9,5,2015-08-01
catboost_slide60,2016-02-01,6385.0,6442.450651186506,9,6,2015-08-01
catboost_slide60,2015-10-01,6690.0,6942.527562738585,10,1,2015-09-01
catboost_slide60,2015-11-01,6392.0,6546.752441188188,10,2,2015-09-01
catboost_slide60,2015-12-01,6753.0,6823.270531692201,10,3,2015-09-01
catboost_slide60,2016-01-01,6753.0,6839.612993649495,10,4,2015-09-01
catboost_slide60,2016-02-01,6385.0,6533.73840386396,10,5,2015-09-01
catboost_slide60,2016-03-01,7164.0,6764.548258671385,10,6,2015-09-01
catboost_slide60,2015-11-01,6392.0,6521.1191972404,11,1,2015-10-01
catboost_slide60,2015-12-01,6753.0,6765.243716527555,11,2,2015-10-01
catboost_slide60,2016-01-01,6753.0,6828.147360133385,11,3,2015-10-01
catboost_slide60,2016-02-01,6385.0,6500.610489971819,11,4,2015-10-01
catboost_slide60,2016-03-01,7164.0,6777.095051997791,11,5,2015-10-01
catboost_slide60,2016-04-01,7192.0,7236.637829997608,11,6,2015-10-01
catboost_slide60,2015-12-01,6753.0,6672.012313126733,12,1,2015-11-01
catboost_slide60,2016-01-01,6753.0,6730.06790022762,12,2,2015-11-01
catboost_slide60,2016-02-01,6385.0,6392.810429209367,12,3,2015-11-01
catboost_slide60,2016-03-01,7164.0,6765.831291107381,12,4,2015-11-01
catboost_slide60,2016-04-01,7192.0,7161.678441447127,12,5,2015-11-01
catboost_slide60,2016-05-01,7743.0,7524.967285508314,12,6,2015-11-01
catboost_slide60,2016-01-01,6753.0,6800.542506350629,13,1,2015-12-01
catboost_slide60,2016-02-01,6385.0,6352.841372438982,13,2,2015-12-01
catboost_slide60,2016-03-01,7164.0,6652.634599323067,13,3,2015-12-01
catboost_slide60,2016-04-01,7192.0,7134.585699334467,13,4,2015-12-01
catboost_slide60,2016-05-01,7743.0,7528.412810335805,13,5,2015-12-01
catboost_slide60,2016-06-01,8767.0,7581.557501642065,13,6,2015-12-01
catboost_slide60,2016-02-01,6385.0,6406.367719875985,14,1,2016-01-01
catboost_slide60,2016-03-01,7164.0,6775.108887993284,14,2,2016-01-01
catboost_slide60,2016-04-01,7192.0,7184.3608880031115,14,3,2016-01-01
catboost_slide60,2016-05-01,7743.0,7526.079565387301,14,4,2016-01-01
catboost_slide60,2016-06-01,8767.0,7632.483422051989,14,5,2016-01-01
catboost_slide60,2016-07-01,8479.0,7581.197295511489,14,6,2016-01-01
catboost_slide60,2016-03-01,7164.0,6746.61313312676,15,1,2016-02-01
catboost_slide60,2016-04-01,7192.0,7183.41663560319,15,2,2016-02-01
catboost_slide60,2016-05-01,7743.0,7515.682443645234,15,3,2016-02-01
catboost_slide60,2016-06-01,8767.0,7623.153447159201,15,4,2016-02-01
catboost_slide60,2016-07-01,8479.0,7588.125665781616,15,5,2016-02-01
catboost_slide60,2016-08-01,7890.0,7384.713876415466,15,6,2016-02-01
catboost_slide60,2016-04-01,7192.0,7260.43067935023,16,1,2016-03-01
catboost_slide60,2016-05-01,7743.0,7643.7755730338595,16,2,2016-03-01
catboost_slide60,2016-06-01,8767.0,7697.554506246492,16,3,2016-03-01
catboost_slide60,2016-07-01,8479.0,7585.514338210206,16,4,2016-03-01
catboost_slide60,2016-08-01,7890.0,7379.992990974441,16,5,2016-03-01
catboost_slide60,2016-09-01,7317.0,7014.289908991907,16,6,2016-03-01
catboost_slide60,2016-05-01,7743.0,7639.433719297118,17,1,2016-04-01
catboost_slide60,2016-06-01,8767.0,7563.5588201688015,17,2,2016-04-01
catboost_slide60,2016-07-01,8479.0,7464.326337581681,17,3,2016-04-01
catboost_slide60,2016-08-01,7890.0,7345.371776067374,17,4,2016-04-01
catboost_slide60,2016-09-01,7317.0,6957.419426801903,17,5,2016-04-01
catboost_slide60,2016-10-01,7426.0,6753.876422301957,17,6,2016-04-01
catboost_slide60,2016-06-01,8767.0,7628.1338088681405,18,1,2016-05-01
catboost_slide60,2016-07-01,8479.0,7527.584158282178,18,2,2016-05-01
catboost_slide60,2016-08-01,7890.0,7347.224358761433,18,3,2016-05-01
catboost_slide60,2016-09-01,7317.0,6893.451000658351,18,4,2016-05-01
catboost_slide60,2016-10-01,7426.0,6673.512672658997,18,5,2016-05-01
catboost_slide60,2016-11-01,6700.0,6712.109249381531,18,6,2016-05-01
catboost_slide60,2016-07-01,8479.0,7607.823381262509,19,1,2016-06-01
catboost_slide60,2016-08-01,7890.0,7366.905726115827,19,2,2016-06-01
catboost_slide60,2016-09-01,7317.0,7088.025583315821,19,3,2016-06-01
catboost_slide60,2016-10-01,7426.0,6688.268987566371,19,4,2016-06-01
catboost_slide60,2016-11-01,6700.0,6667.969459893261,19,5,2016-06-01
catboost_slide60,2016-12-01,6994.0,6656.214560145571,19,6,2016-06-01
catboost_slide60,2016-08-01,7890.0,7482.822743677069,20,1,2016-07-01
catboost_slide60,2016-09-01,7317.0,6961.837791199705,20,2,2016-07-01
catboost_slide60,2016-10-01,7426.0,6727.709324954761,20,3,2016-07-01
catboost_slide60,2016-11-01,6700.0,6611.432055526294,20,4,2016-07-01
catboost_slide60,2016-12-01,6994.0,6617.299909657372,20,5,2016-07-01
catboost_slide60,2017-01-01,6788.0,6681.71780171129,20,6,2016-07-01
catboost_slide60,2016-09-01,7317.0,7157.172465434918,21,1,2016-08-01
catboost_slide60,2016-10-01,7426.0,6653.2153209686485,21,2,2016-08-01
catboost_slide60,2016-11-01,6700.0,6629.891930089115,21,3,2016-08-01
catboost_slide60,2016-12-01,6994.0,6649.684829358936,21,4,2016-08-01
catboost_slide60,2017-01-01,6788.0,6601.200750275669,21,5,2016-08-01
catboost_slide60,2017-02-01,6271.0,6766.562860073633,21,6,2016-08-01
catboost_slide60,2016-10-01,7426.0,6814.425465689287,22,1,2016-09-01
catboost_slide60,2016-11-01,6700.0,6626.53514707616,22,2,2016-09-01
catboost_slide60,2016-12-01,6994.0,6563.143174570108,22,3,2016-09-01
catboost_slide60,2017-01-01,6788.0,6610.553722436453,22,4,2016-09-01
catboost_slide60,2017-02-01,6271.0,6779.1898170157465,22,5,2016-09-01
catboost_slide60,2017-03-01,6794.0,7058.244503239414,22,6,2016-09-01
catboost_slide60,2016-11-01,6700.0,6954.404883693349,23,1,2016-10-01
catboost_slide60,2016-12-01,6994.0,6744.733328069692,23,2,2016-10-01
catboost_slide60,2017-01-01,6788.0,6688.451546787583,23,3,2016-10-01
catboost_slide60,2017-02-01,6271.0,6812.354127542789,23,4,2016-10-01
catboost_slide60,2017-03-01,6794.0,7111.099649239943,23,5,2016-10-01
catboost_slide60,2017-04-01,6884.0,7185.8301939351395,23,6,2016-10-01
catboost_slide60,2016-12-01,6994.0,6736.029933855372,24,1,2016-11-01
catboost_slide60,2017-01-01,6788.0,6662.104438292373,24,2,2016-11-01
catboost_slide60,2017-02-01,6271.0,6717.456819540331,24,3,2016-11-01
catboost_slide60,2017-03-01,6794.0,7124.309857165976,24,4,2016-11-01
catboost_slide60,2017-04-01,6884.0,7203.461491419373,24,5,2016-11-01
catboost_slide60,2017-05-01,7651.0,7747.674796457903,24,6,2016-11-01
catboost_slide60,2017-01-01,6788.0,6789.305688245335,25,1,2016-12-01
catboost_slide60,2017-02-01,6271.0,6700.044653207411,25,2,2016-12-01
catboost_slide60,2017-03-01,6794.0,7151.5849818488705,25,3,2016-12-01
catboost_slide60,2017-04-01,6884.0,7265.303903658919,25,4,2016-12-01
catboost_slide60,2017-05-01,7651.0,7643.144870383549,25,5,2016-12-01
catboost_slide60,2017-06-01,8009.0,8074.853834098595,25,6,2016-12-01
catboost_slide60,2017-02-01,6271.0,6779.5213814146555,26,1,2017-01-01
catboost_slide60,2017-03-01,6794.0,7191.458162021176,26,2,2017-01-01
catboost_slide60,2017-04-01,6884.0,7344.136239948685,26,3,2017-01-01
catboost_slide60,2017-05-01,7651.0,7756.878212288651,26,4,2017-01-01
catboost_slide60,2017-06-01,8009.0,8164.57108786957,26,5,2017-01-01
catboost_slide60,2017-07-01,8694.0,8279.834796356778,26,6,2017-01-01
catboost_slide60,2017-03-01,6794.0,6986.94902297783,27,1,2017-02-01
catboost_slide60,2017-04-01,6884.0,7194.633224573763,27,2,2017-02-01
catboost_slide60,2017-05-01,7651.0,7690.000442477082,27,3,2017-02-01
catboost_slide60,2017-06-01,8009.0,8039.957739900199,27,4,2017-02-01
catboost_slide60,2017-07-01,8694.0,8160.826312807756,27,5,2017-02-01
catboost_slide60,2017-08-01,8130.0,7941.401032518292,27,6,2017-02-01
catboost_slide60,2017-04-01,6884.0,7019.3033428210565,28,1,2017-03-01
catboost_slide60,2017-05-01,7651.0,7572.4491199807735,28,2,2017-03-01
catboost_slide60,2017-06-01,8009.0,7860.7686779747355,28,3,2017-03-01
catboost_slide60,2017-07-01,8694.0,8043.9536006225935,28,4,2017-03-01
catboost_slide60,2017-08-01,8130.0,8075.133735918491,28,5,2017-03-01
catboost_slide60,2017-09-01,7446.0,7847.591949732719,28,6,2017-03-01
catboost_slide60,2017-05-01,7651.0,7452.806754008401,29,1,2017-04-01
catboost_slide60,2017-06-01,8009.0,7799.459396084975,29,2,2017-04-01
catboost_slide60,2017-07-01,8694.0,8058.802178254475,29,3,2017-04-01
catboost_slide60,2017-08-01,8130.0,8125.746848127044,29,4,2017-04-01
catboost_slide60,2017-09-01,7446.0,7887.779606855234,29,5,2017-04-01
catboost_slide60,2017-10-01,7282.0,7528.784652710371,29,6,2017-04-01
catboost_slide60,2017-06-01,8009.0,7877.900685561102,30,1,2017-05-01
catboost_slide60,2017-07-01,8694.0,8146.078554857637,30,2,2017-05-01
catboost_slide60,2017-08-01,8130.0,8143.590311707906,30,3,2017-05-01
catboost_slide60,2017-09-01,7446.0,7843.737327391119,30,4,2017-05-01
catboost_slide60,2017-10-01,7282.0,7564.478445362713,30,5,2017-05-01
catboost_slide60,2017-11-01,6830.0,7065.340043299793,30,6,2017-05-01
catboost_slide60,2017-07-01,8694.0,8135.087646542838,31,1,2017-06-01
catboost_slide60,2017-08-01,8130.0,8039.108963946814,31,2,2017-06-01
catboost_slide60,2017-09-01,7446.0,7761.978857976211,31,3,2017-06-01
catboost_slide60,2017-10-01,7282.0,7528.549048180326,31,4,2017-06-01
catboost_slide60,2017-11-01,6830.0,6999.469598320149,31,5,2017-06-01
catboost_slide60,2017-12-01,6946.0,6745.231333066682,31,6,2017-06-01
catboost_slide60,2017-08-01,8130.0,8123.439691265209,32,1,2017-07-01
catboost_slide60,2017-09-01,7446.0,7883.570682243222,32,2,2017-07-01
catboost_slide60,2017-10-01,7282.0,7432.617381639062,32,3,2017-07-01
catboost_slide60,2017-11-01,6830.0,7237.006733838971,32,4,2017-07-01
catboost_slide60,2017-12-01,6946.0,6821.737912662804,32,5,2017-07-01
catboost_slide60,2018-01-01,6886.0,6832.776331320179,32,6,2017-07-01
catboost_slide60,2017-09-01,7446.0,7883.435635974998,33,1,2017-08-01
catboost_slide60,2017-10-01,7282.0,7504.696466462026,33,2,2017-08-01
catboost_slide60,2017-11-01,6830.0,7183.360252815534,33,3,2017-08-01
catboost_slide60,2017-12-01,6946.0,6839.736577100659,33,4,2017-08-01
catboost_slide60,2018-01-01,6886.0,6787.73145178474,33,5,2017-08-01
catboost_slide60,2018-02-01,5960.0,6534.30470209673,33,6,2017-08-01
catboost_slide60,2017-10-01,7282.0,7340.5215373634155,34,1,2017-09-01
catboost_slide60,2017-11-01,6830.0,7173.797242463313,34,2,2017-09-01
catboost_slide60,2017-12-01,6946.0,6753.3056785636345,34,3,2017-09-01
catboost_slide60,2018-01-01,6886.0,6802.495214682872,34,4,2017-09-01
catboost_slide60,2018-02-01,5960.0,6517.053081659661,34,5,2017-09-01
catboost_slide60,2018-03-01,6930.0,6670.839001371905,34,6,2017-09-01
catboost_slide60,2017-11-01,6830.0,7122.831685934433,35,1,2017-10-01
catboost_slide60,2017-12-01,6946.0,6722.566452411408,35,2,2017-10-01
catboost_slide60,2018-01-01,6886.0,6841.2972075589505,35,3,2017-10-01
catboost_slide60,2018-02-01,5960.0,6508.567061223967,35,4,2017-10-01
catboost_slide60,2018-03-01,6930.0,6637.787266253309,35,5,2017-10-01
catboost_slide60,2018-04-01,6769.0,6926.452852248257,35,6,2017-10-01
catboost_slide60,2017-12-01,6946.0,6769.211948332922,36,1,2017-11-01
catboost_slide60,2018-01-01,6886.0,6751.955459113202,36,2,2017-11-01
catboost_slide60,2018-02-01,5960.0,6460.960275455221,36,3,2017-11-01
catboost_slide60,2018-03-01,6930.0,6709.692499199536,36,4,2017-11-01
catboost_slide60,2018-04-01,6769.0,6970.766977431919,36,5,2017-11-01
catboost_slide60,2018-05-01,7511.0,7391.633084546734,36,6,2017-11-01
catboost_slide60,2018-01-01,6886.0,6799.9744618477935,37,1,2017-12-01
catboost_slide60,2018-02-01,5960.0,6468.604907278159,37,2,2017-12-01
catboost_slide60,2018-03-01,6930.0,6762.389103504164,37,3,2017-12-01
catboost_slide60,2018-04-01,6769.0,6939.530682155689,37,4,2017-12-01
catboost_slide60,2018-05-01,7511.0,7452.532521494854,37,5,2017-12-01
catboost_slide60,2018-06-01,8057.0,7903.2198185476645,37,6,2017-12-01
catboost_slide60,2018-02-01,5960.0,6513.036320774092,38,1,2018-01-01
catboost_slide60,2018-03-01,6930.0,6722.407565605294,38,2,2018-01-01
catboost_slide60,2018-04-01,6769.0,6995.835993294294,38,3,2018-01-01
catboost_slide60,2018-05-01,7511.0,7523.991938644392,38,4,2018-01-01
catboost_slide60,2018-06-01,8057.0,7887.801923152954,38,5,2018-01-01
catboost_slide60,2018-07-01,8175.0,8334.041163318103,38,6,2018-01-01
catboost_slide60,2018-03-01,6930.0,6668.742803103892,39,1,2018-02-01
catboost_slide60,2018-04-01,6769.0,6889.284451642025,39,2,2018-02-01
catboost_slide60,2018-05-01,7511.0,7536.002937763494,39,3,2018-02-01
catboost_slide60,2018-06-01,8057.0,7828.589940653234,39,4,2018-02-01
catboost_slide60,2018-07-01,8175.0,8366.329583215433,39,5,2018-02-01
catboost_slide60,2018-08-01,8328.0,8120.928744035802,39,6,2018-02-01
catboost_slide60,2018-04-01,6769.0,6970.435976093489,40,1,2018-03-01
catboost_slide60,2018-05-01,7511.0,7467.146203847242,40,2,2018-03-01
catboost_slide60,2018-06-01,8057.0,7918.012793664973,40,3,2018-03-01
catboost_slide60,2018-07-01,8175.0,8358.891523818067,40,4,2018-03-01
catboost_slide60,2018-08-01,8328.0,8150.312704525248,40,5,2018-03-01
catboost_slide60,2018-09-01,7325.0,7646.323439883323,40,6,2018-03-01
catboost_slide60,2018-05-01,7511.0,7635.366069159238,41,1,2018-04-01
catboost_slide60,2018-06-01,8057.0,8054.129762266445,41,2,2018-04-01
catboost_slide60,2018-07-01,8175.0,8314.384677764097,41,3,2018-04-01
catboost_slide60,2018-08-01,8328.0,8103.101122680311,41,4,2018-04-01
catboost_slide60,2018-09-01,7325.0,7530.639977771277,41,5,2018-04-01
catboost_slide60,2018-10-01,7202.0,7234.736682578337,41,6,2018-04-01
catboost_slide60,2018-06-01,8057.0,7907.655671264627,42,1,2018-05-01
catboost_slide60,2018-07-01,8175.0,8240.283950648745,42,2,2018-05-01
catboost_slide60,2018-08-01,8328.0,8144.951163316953,42,3,2018-05-01
catboost_slide60,2018-09-01,7325.0,7737.197625318602,42,4,2018-05-01
catboost_slide60,2018-10-01,7202.0,7374.852385170284,42,5,2018-05-01
catboost_slide60,2018-11-01,7161.0,6946.230310746073,42,6,2018-05-01
catboost_slide60,2018-07-01,8175.0,8292.846265524138,43,1,2018-06-01
catboost_slide60,2018-08-01,8328.0,8145.265993957059,43,2,2018-06-01
catboost_slide60,2018-09-01,7325.0,7627.858829792237,43,3,2018-06-01
catboost_slide60,2018-10-01,7202.0,7272.036303032343,43,4,2018-06-01
catboost_slide60,2018-11-01,7161.0,6916.439891662016,43,5,2018-06-01
catboost_slide60,2018-12-01,7409.0,6873.268120749128,43,6,2018-06-01
catboost_slide60,2018-08-01,8328.0,8152.7840606374975,44,1,2018-07-01
catboost_slide60,2018-09-01,7325.0,7556.644931389218,44,2,2018-07-01
catboost_slide60,2018-10-01,7202.0,7267.966113084464,44,3,2018-07-01
catboost_slide60,2018-11-01,7161.0,6905.6097464332925,44,4,2018-07-01
catboost_slide60,2018-12-01,7409.0,6862.644243929103,44,5,2018-07-01
catboost_slide60,2019-01-01,7117.0,6878.3102053149505,44,6,2018-07-01
catboost_slide60,2018-09-01,7325.0,7637.548849657151,45,1,2018-08-01
catboost_slide60,2018-10-01,7202.0,7345.2587242680265,45,2,2018-08-01
catboost_slide60,2018-11-01,7161.0,6958.999562623308,45,3,2018-08-01
catboost_slide60,2018-12-01,7409.0,6835.352272509088,45,4,2018-08-01
catboost_slide60,2019-01-01,7117.0,6889.441941950343,45,5,2018-08-01
catboost_slide60,2019-02-01,6307.0,6159.349773596325,45,6,2018-08-01
catboost_slide60,2018-10-01,7202.0,7258.584716040138,46,1,2018-09-01
catboost_slide60,2018-11-01,7161.0,6897.859380681344,46,2,2018-09-01
catboost_slide60,2018-12-01,7409.0,6926.211586855938,46,3,2018-09-01
catboost_slide60,2019-01-01,7117.0,6819.344526188904,46,4,2018-09-01
catboost_slide60,2019-02-01,6307.0,6140.539604589578,46,5,2018-09-01
catboost_slide60,2019-03-01,7067.0,6870.15813273876,46,6,2018-09-01
catboost_slide60,2018-11-01,7161.0,6867.454921458353,47,1,2018-10-01
catboost_slide60,2018-12-01,7409.0,6940.859414176838,47,2,2018-10-01
catboost_slide60,2019-01-01,7117.0,6811.807299238953,47,3,2018-10-01
catboost_slide60,2019-02-01,6307.0,6101.017854954858,47,4,2018-10-01
catboost_slide60,2019-03-01,7067.0,6833.525020940126,47,5,2018-10-01
catboost_slide60,2019-04-01,7108.0,6869.256471053801,47,6,2018-10-01
catboost_slide60,2018-12-01,7409.0,6890.941964914035,48,1,2018-11-01
catboost_slide60,2019-01-01,7117.0,6839.385259061603,48,2,2018-11-01
catboost_slide60,2019-02-01,6307.0,6250.30440977873,48,3,2018-11-01
catboost_slide60,2019-03-01,7067.0,6797.166157229972,48,4,2018-11-01
catboost_slide60,2019-04-01,7108.0,6909.564302269392,48,5,2018-11-01
catboost_slide60,2019-05-01,7776.0,7490.065898603829,48,6,2018-11-01
catboost_slide60,2019-01-01,7117.0,6874.761224581162,49,1,2018-12-01
catboost_slide60,2019-02-01,6307.0,6379.820899776632,49,2,2018-12-01
catboost_slide60,2019-03-01,7067.0,6762.648582688422,49,3,2018-12-01
catboost_slide60,2019-04-01,7108.0,6870.065062356295,49,4,2018-12-01
catboost_slide60,2019-05-01,7776.0,7407.362389662429,49,5,2018-12-01
catboost_slide60,2019-06-01,8274.0,7779.036142238796,49,6,2018-12-01
catboost_slide60,2019-02-01,6307.0,6346.612412684919,50,1,2019-01-01
catboost_slide60,2019-03-01,7067.0,6801.912731769045,50,2,2019-01-01
catboost_slide60,2019-04-01,7108.0,6911.442735526314,50,3,2019-01-01
catboost_slide60,2019-05-01,7776.0,7401.631078401913,50,4,2019-01-01
catboost_slide60,2019-06-01,8274.0,7698.182684721797,50,5,2019-01-01
catboost_slide60,2019-07-01,8919.0,8060.740627094344,50,6,2019-01-01
catboost_slide60,2019-03-01,7067.0,6845.3507788479465,51,1,2019-02-01
catboost_slide60,2019-04-01,7108.0,6845.245514543231,51,2,2019-02-01
catboost_slide60,2019-05-01,7776.0,7379.334534827167,51,3,2019-02-01
catboost_slide60,2019-06-01,8274.0,7732.661727462819,51,4,2019-02-01
catboost_slide60,2019-07-01,8919.0,8035.783345124125,51,5,2019-02-01
catboost_slide60,2019-08-01,8180.0,8122.841409177541,51,6,2019-02-01
catboost_slide60,2019-04-01,7108.0,6905.586573748697,52,1,2019-03-01
catboost_slide60,2019-05-01,7776.0,7318.488234621497,52,2,2019-03-01
catboost_slide60,2019-06-01,8274.0,7754.952880498038,52,3,2019-03-01
catboost_slide60,2019-07-01,8919.0,8015.009077610158,52,4,2019-03-01
catboost_slide60,2019-08-01,8180.0,8071.733172872473,52,5,2019-03-01
catboost_slide60,2019-09-01,7664.0,7481.643004764053,52,6,2019-03-01
catboost_slide60,2019-05-01,7776.0,7363.864227430237,53,1,2019-04-01
catboost_slide60,2019-06-01,8274.0,7746.907886148061,53,2,2019-04-01
catboost_slide60,2019-07-01,8919.0,8044.447958573055,53,3,2019-04-01
catboost_slide60,2019-08-01,8180.0,8090.132583495153,53,4,2019-04-01
catboost_slide60,2019-09-01,7664.0,7506.497443714278,53,5,2019-04-01
catboost_slide60,2019-10-01,7254.0,7381.456351546751,53,6,2019-04-01
catboost_slide60,2019-06-01,8274.0,7923.880853447322,54,1,2019-05-01
catboost_slide60,2019-07-01,8919.0,8072.237420880247,54,2,2019-05-01
catboost_slide60,2019-08-01,8180.0,8002.514048882727,54,3,2019-05-01
catboost_slide60,2019-09-01,7664.0,7504.501288995312,54,4,2019-05-01
catboost_slide60,2019-10-01,7254.0,7342.638727404148,54,5,2019-05-01
catboost_slide60,2019-11-01,6785.0,7133.83141257036,54,6,2019-05-01
catboost_slide60,2019-07-01,8919.0,8113.781816025434,55,1,2019-06-01
catboost_slide60,2019-08-01,8180.0,8046.501436742242,55,2,2019-06-01
catboost_slide60,2019-09-01,7664.0,7550.729563769559,55,3,2019-06-01
catboost_slide60,2019-10-01,7254.0,7332.043827249561,55,4,2019-06-01
catboost_slide60,2019-11-01,6785.0,7121.787456351739,55,5,2019-06-01
catboost_slide60,2019-12-01,6987.0,7161.888541666466,55,6,2019-06-01
catboost_slide60,2019-08-01,8180.0,8096.156312234214,56,1,2019-07-01
catboost_slide60,2019-09-01,7664.0,7616.870818928357,56,2,2019-07-01
catboost_slide60,2019-10-01,7254.0,7453.1540025698305,56,3,2019-07-01
catboost_slide60,2019-11-01,6785.0,7273.505688055454,56,4,2019-07-01
catboost_slide60,2019-12-01,6987.0,7195.783275191932,56,5,2019-07-01
catboost_slide60,2020-01-01,7194.0,7043.323089844322,56,6,2019-07-01
catboost_slide60,2019-09-01,7664.0,7493.95545585918,57,1,2019-08-01
catboost_slide60,2019-10-01,7254.0,7471.940530695156,57,2,2019-08-01
catboost_slide60,2019-11-01,6785.0,7274.109952631158,57,3,2019-08-01
catboost_slide60,2019-12-01,6987.0,7288.583994611862,57,4,2019-08-01
catboost_slide60,2020-01-01,7194.0,7087.035156423864,57,5,2019-08-01
catboost_slide60,2020-02-01,6848.0,6282.041003685122,57,6,2019-08-01
catboost_slide60,2019-10-01,7254.0,7455.412409518759,58,1,2019-09-01
catboost_slide60,2019-11-01,6785.0,7339.484466850844,58,2,2019-09-01
catboost_slide60,2019-12-01,6987.0,7278.817678490336,58,3,2019-09-01
catboost_slide60,2020-01-01,7194.0,7072.416184203199,58,4,2019-09-01
catboost_slide60,2020-02-01,6848.0,6270.738493907421,58,5,2019-09-01
catboost_slide60,2020-03-01,7324.0,6964.611344276436,58,6,2019-09-01
catboost_slide60,2019-11-01,6785.0,7276.935946201099,59,1,2019-10-01
catboost_slide60,2019-12-01,6987.0,7261.394293586016,59,2,2019-10-01
catboost_slide60,2020-01-01,7194.0,7140.085740864038,59,3,2019-10-01
catboost_slide60,2020-02-01,6848.0,6286.143125451435,59,4,2019-10-01
catboost_slide60,2020-03-01,7324.0,6948.102629162566,59,5,2019-10-01
catboost_slide60,2020-04-01,5978.0,6925.902358098134,59,6,2019-10-01
catboost_slide60,2019-12-01,6987.0,7015.813975662499,60,1,2019-11-01
catboost_slide60,2020-01-01,7194.0,6887.656692595527,60,2,2019-11-01
catboost_slide60,2020-02-01,6848.0,6069.90240877341,60,3,2019-11-01
catboost_slide60,2020-03-01,7324.0,6858.610182934379,60,4,2019-11-01
catboost_slide60,2020-04-01,5978.0,6821.996818126258,60,5,2019-11-01
catboost_slide60,2020-05-01,7062.0,7694.9311037810685,60,6,2019-11-01
catboost_slide60,2020-01-01,7194.0,6888.964082682688,61,1,2019-12-01
catboost_slide60,2020-02-01,6848.0,6090.326505653912,61,2,2019-12-01
catboost_slide60,2020-03-01,7324.0,6872.682578231437,61,3,2019-12-01
catboost_slide60,2020-04-01,5978.0,6836.581505269553,61,4,2019-12-01
catboost_slide60,2020-05-01,7062.0,7664.742370199856,61,5,2019-12-01
catboost_slide60,2020-06-01,6948.0,8070.791885456937,61,6,2019-12-01
catboost_slide60,2020-02-01,6848.0,6126.841361214945,62,1,2020-01-01
catboost_slide60,2020-03-01,7324.0,6928.368363575487,62,2,2020-01-01
catboost_slide60,2020-04-01,5978.0,6903.420356078294,62,3,2020-01-01
catboost_slide60,2020-05-01,7062.0,7680.530139115559,62,4,2020-01-01
catboost_slide60,2020-06-01,6948.0,8087.308339381322,62,5,2020-01-01
catboost_slide60,2020-07-01,7392.0,8393.448030545518,62,6,2020-01-01
catboost_slide60,2020-03-01,7324.0,6869.634745173217,63,1,2020-02-01
catboost_slide60,2020-04-01,5978.0,7009.993042850768,63,2,2020-02-01
catboost_slide60,2020-05-01,7062.0,7722.322919497218,63,3,2020-02-01
catboost_slide60,2020-06-01,6948.0,8114.528476469774,63,4,2020-02-01
catboost_slide60,2020-07-01,7392.0,8337.675354476083,63,5,2020-02-01
catboost_slide60,2020-08-01,7678.0,8291.740725950962,63,6,2020-02-01
catboost_slide60,2020-04-01,5978.0,7106.1473114873115,64,1,2020-03-01
catboost_slide60,2020-05-01,7062.0,7850.841243133945,64,2,2020-03-01
catboost_slide60,2020-06-01,6948.0,8253.95206399672,64,3,2020-03-01
catboost_slide60,2020-07-01,7392.0,8277.590048545706,64,4,2020-03-01
catboost_slide60,2020-08-01,7678.0,8190.802020988754,64,5,2020-03-01
catboost_slide60,2020-09-01,7005.0,7528.941015808966,64,6,2020-03-01
catboost_slide60,2020-05-01,7062.0,7716.171310013882,65,1,2020-04-01
catboost_slide60,2020-06-01,6948.0,8136.322465378262,65,2,2020-04-01
catboost_slide60,2020-07-01,7392.0,8013.93622547665,65,3,2020-04-01
catboost_slide60,2020-08-01,7678.0,8251.974310336644,65,4,2020-04-01
catboost_slide60,2020-09-01,7005.0,7496.113731382656,65,5,2020-04-01
catboost_slide60,2020-10-01,7385.0,7345.041373502317,65,6,2020-04-01
catboost_slide60,2020-06-01,6948.0,7878.443668931518,66,1,2020-05-01
catboost_slide60,2020-07-01,7392.0,7996.8937593358805,66,2,2020-05-01
catboost_slide60,2020-08-01,7678.0,8406.08290788235,66,3,2020-05-01
catboost_slide60,2020-09-01,7005.0,7774.815669569824,66,4,2020-05-01
catboost_slide60,2020-10-01,7385.0,7441.829750367229,66,5,2020-05-01
catboost_slide60,2020-11-01,6872.0,7251.2047140480245,66,6,2020-05-01
catboost_slide60,2020-07-01,7392.0,7530.316096304377,67,1,2020-06-01
catboost_slide60,2020-08-01,7678.0,8050.567239260458,67,2,2020-06-01
catboost_slide60,2020-09-01,7005.0,8023.798607460515,67,3,2020-06-01
catboost_slide60,2020-10-01,7385.0,7803.359559609073,67,4,2020-06-01
catboost_slide60,2020-11-01,6872.0,7379.535734746326,67,5,2020-06-01
catboost_slide60,2020-12-01,6781.0,7255.035710937636,67,6,2020-06-01
catboost_slide60,2020-08-01,7678.0,7848.629809152762,68,1,2020-07-01
catboost_slide60,2020-09-01,7005.0,7828.278460903249,68,2,2020-07-01
catboost_slide60,2020-10-01,7385.0,7875.018550498885,68,3,2020-07-01
catboost_slide60,2020-11-01,6872.0,7457.18476892303,68,4,2020-07-01
catboost_slide60,2020-12-01,6781.0,7270.990170289618,68,5,2020-07-01
catboost_slide60,2021-01-01,6917.0,7061.382676194487,68,6,2020-07-01
catboost_slide60,2020-09-01,7005.0,7845.6907551312215,69,1,2020-08-01
catboost_slide60,2020-10-01,7385.0,7732.079222011316,69,2,2020-08-01
catboost_slide60,2020-11-01,6872.0,7451.147250097846,69,3,2020-08-01
catboost_slide60,2020-12-01,6781.0,7274.385879009203,69,4,2020-08-01
catboost_slide60,2021-01-01,6917.0,7044.492693747384,69,5,2020-08-01
catboost_slide60,2021-02-01,6217.0,7143.034147911461,69,6,2020-08-01
catboost_slide60,2020-10-01,7385.0,7383.966497220625,70,1,2020-09-01
catboost_slide60,2020-11-01,6872.0,7242.618964323393,70,2,2020-09-01
catboost_slide60,2020-12-01,6781.0,7182.927082957629,70,3,2020-09-01
catboost_slide60,2021-01-01,6917.0,7145.138554534055,70,4,2020-09-01
catboost_slide60,2021-02-01,6217.0,7222.968451843975,70,5,2020-09-01
catboost_slide60,2021-03-01,7569.0,7363.762062630048,70,6,2020-09-01
catboost_slide60,2020-11-01,6872.0,7203.728389259197,71,1,2020-10-01
catboost_slide60,2020-12-01,6781.0,7123.313007519371,71,2,2020-10-01
catboost_slide60,2021-01-01,6917.0,7181.209659918167,71,3,2020-10-01
catboost_slide60,2021-02-01,6217.0,7272.9928787071785,71,4,2020-10-01
catboost_slide60,2021-03-01,7569.0,7260.05357583705,71,5,2020-10-01
catboost_slide60,2021-04-01,6917.0,6693.846760029752,71,6,2020-10-01
catboost_slide60,2020-12-01,6781.0,7028.58813158724,72,1,2020-11-01
catboost_slide60,2021-01-01,6917.0,7110.3985656038685,72,2,2020-11-01
catboost_slide60,2021-02-01,6217.0,7166.028488909526,72,3,2020-11-01
catboost_slide60,2021-03-01,7569.0,7262.65500894469,72,4,2020-11-01
catboost_slide60,2021-04-01,6917.0,6695.071761834352,72,5,2020-11-01
catboost_slide60,2021-05-01,8253.0,7168.035822666018,72,6,2020-11-01
catboost_slide60,2021-01-01,6917.0,7087.51350276293,73,1,2020-12-01
catboost_slide60,2021-02-01,6217.0,7168.013825097398,73,2,2020-12-01
catboost_slide60,2021-03-01,7569.0,7301.956912567643,73,3,2020-12-01
catboost_slide60,2021-04-01,6917.0,6813.552920649994,73,4,2020-12-01
catboost_slide60,2021-05-01,8253.0,7185.504738528894,73,5,2020-12-01
catboost_slide60,2021-06-01,8153.0,7186.790884579122,73,6,2020-12-01
catboost_slide60,2021-02-01,6217.0,7064.06781025122,74,1,2021-01-01
catboost_slide60,2021-03-01,7569.0,7246.605486592817,74,2,2021-01-01
catboost_slide60,2021-04-01,6917.0,6794.328490767966,74,3,2021-01-01
catboost_slide60,2021-05-01,8253.0,7136.525276122191,74,4,2021-01-01
catboost_slide60,2021-06-01,8153.0,7135.588159151829,74,5,2021-01-01
catboost_slide60,2021-07-01,9251.0,7224.069917077415,74,6,2021-01-01
catboost_slide60,2021-03-01,7569.0,7104.489540547028,75,1,2021-02-01
catboost_slide60,2021-04-01,6917.0,6834.82299300336,75,2,2021-02-01
catboost_slide60,2021-05-01,8253.0,7086.051647891854,75,3,2021-02-01
catboost_slide60,2021-06-01,8153.0,7144.161877407409,75,4,2021-02-01
catboost_slide60,2021-07-01,9251.0,7228.231034350808,75,5,2021-02-01
catboost_slide60,2021-08-01,8830.0,7388.715596408195,75,6,2021-02-01
catboost_slide60,2021-04-01,6917.0,6961.934464022915,76,1,2021-03-01
catboost_slide60,2021-05-01,8253.0,7294.470656849156,76,2,2021-03-01
catboost_slide60,2021-06-01,8153.0,7268.321433857882,76,3,2021-03-01
catboost_slide60,2021-07-01,9251.0,7206.111145057912,76,4,2021-03-01
catboost_slide60,2021-08-01,8830.0,7309.827747843588,76,5,2021-03-01
catboost_slide60,2021-09-01,7512.0,6832.779380302409,76,6,2021-03-01
catboost_slide60,2021-05-01,8253.0,7250.668723914927,77,1,2021-04-01
catboost_slide60,2021-06-01,8153.0,7111.696426285833,77,2,2021-04-01
catboost_slide60,2021-07-01,9251.0,7357.016094385897,77,3,2021-04-01
catboost_slide60,2021-08-01,8830.0,7391.89385611886,77,4,2021-04-01
catboost_slide60,2021-09-01,7512.0,6757.151696652509,77,5,2021-04-01
catboost_slide60,2021-10-01,7656.0,7141.54444977441,77,6,2021-04-01
catboost_slide60,2021-06-01,8153.0,7640.601228345693,78,1,2021-05-01
catboost_slide60,2021-07-01,9251.0,7491.272179829553,78,2,2021-05-01
catboost_slide60,2021-08-01,8830.0,7602.173053809575,78,3,2021-05-01
catboost_slide60,2021-09-01,7512.0,7011.557351177249,78,4,2021-05-01
catboost_slide60,2021-10-01,7656.0,7271.374913751763,78,5,2021-05-01
catboost_slide60,2021-11-01,7603.0,6883.799133769295,78,6,2021-05-01
catboost_slide60,2021-07-01,9251.0,7737.0730191694465,79,1,2021-06-01
catboost_slide60,2021-08-01,8830.0,7846.428363409182,79,2,2021-06-01
catboost_slide60,2021-09-01,7512.0,7292.115535918947,79,3,2021-06-01
catboost_slide60,2021-10-01,7656.0,7148.024506127753,79,4,2021-06-01
catboost_slide60,2021-11-01,7603.0,6968.5824172335815,79,5,2021-06-01
catboost_slide60,2021-12-01,8237.0,6802.9453762270605,79,6,2021-06-01
catboost_slide60,2021-08-01,8830.0,7839.933221354501,80,1,2021-07-01
catboost_slide60,2021-09-01,7512.0,7183.988677292194,80,2,2021-07-01
catboost_slide60,2021-10-01,7656.0,7145.184970602414,80,3,2021-07-01
catboost_slide60,2021-11-01,7603.0,6884.784090583147,80,4,2021-07-01
catboost_slide60,2021-12-01,8237.0,6784.286341730139,80,5,2021-07-01
catboost_slide60,2022-01-01,9582.0,7042.651145157127,80,6,2021-07-01
catboost_slide60,2021-09-01,7512.0,7359.313531327268,81,1,2021-08-01
catboost_slide60,2021-10-01,7656.0,7153.778299458229,81,2,2021-08-01
catboost_slide60,2021-11-01,7603.0,6896.48102273673,81,3,2021-08-01
catboost_slide60,2021-12-01,8237.0,6783.702480455502,81,4,2021-08-01
catboost_slide60,2022-01-01,9582.0,7025.44500588359,81,5,2021-08-01
catboost_slide60,2022-02-01,7227.0,6534.732812222343,81,6,2021-08-01
catboost_slide60,2021-10-01,7656.0,7324.136785811242,82,1,2021-09-01
catboost_slide60,2021-11-01,7603.0,6878.7701618953315,82,2,2021-09-01
catboost_slide60,2021-12-01,8237.0,6849.141395930165,82,3,2021-09-01
catboost_slide60,2022-01-01,9582.0,7059.591129176036,82,4,2021-09-01
catboost_slide60,2022-02-01,7227.0,6498.16138706588,82,5,2021-09-01
catboost_slide60,2022-03-01,7504.0,7170.136219033639,82,6,2021-09-01
catboost_slide60,2021-11-01,7603.0,7091.934099449063,83,1,2021-10-01
catboost_slide60,2021-12-01,8237.0,6854.332434382795,83,2,2021-10-01
catboost_slide60,2022-01-01,9582.0,7013.8252937435145,83,3,2021-10-01
catboost_slide60,2022-02-01,7227.0,6631.507079859134,83,4,2021-10-01
catboost_slide60,2022-03-01,7504.0,7024.846570555188,83,5,2021-10-01
catboost_slide60,2022-04-01,7589.0,6686.154315647547,83,6,2021-10-01
catboost_slide60,2021-12-01,8237.0,7083.089661545033,84,1,2021-11-01
catboost_slide60,2022-01-01,9582.0,7073.302396786287,84,2,2021-11-01
catboost_slide60,2022-02-01,7227.0,6718.118856215077,84,3,2021-11-01
catboost_slide60,2022-03-01,7504.0,7122.582686895327,84,4,2021-11-01
catboost_slide60,2022-04-01,7589.0,6592.916922463602,84,5,2021-11-01
catboost_slide60,2022-05-01,8846.0,7082.779582122706,84,6,2021-11-01
catboost_slide60,2022-01-01,9582.0,7743.121062476037,85,1,2021-12-01
catboost_slide60,2022-02-01,7227.0,7408.478666716429,85,2,2021-12-01
catboost_slide60,2022-03-01,7504.0,7526.377379281679,85,3,2021-12-01
catboost_slide60,2022-04-01,7589.0,6958.843471913237,85,4,2021-12-01
catboost_slide60,2022-05-01,8846.0,6900.486804793156,85,5,2021-12-01
catboost_slide60,2022-06-01,9057.0,6837.313715467597,85,6,2021-12-01
catboost_slide60,2022-02-01,7227.0,8236.64803299433,86,1,2022-01-01
catboost_slide60,2022-03-01,7504.0,8480.024701905822,86,2,2022-01-01
catboost_slide60,2022-04-01,7589.0,7856.987827286787,86,3,2022-01-01
catboost_slide60,2022-05-01,8846.0,7572.9556578599395,86,4,2022-01-01
catboost_slide60,2022-06-01,9057.0,7598.907233510865,86,5,2022-01-01
catboost_slide60,2022-07-01,8699.0,8034.406294066666,86,6,2022-01-01
catboost_slide60,2022-03-01,7504.0,7351.955686672896,87,1,2022-02-01
catboost_slide60,2022-04-01,7589.0,6562.361194978852,87,2,2022-02-01
catboost_slide60,2022-05-01,8846.0,6529.763273733045,87,3,2022-02-01
catboost_slide60,2022-06-01,9057.0,6908.434350368709,87,4,2022-02-01
catboost_slide60,2022-07-01,8699.0,7590.768122400018,87,5,2022-02-01
catboost_slide60,2022-08-01,8834.0,7662.793710635431,87,6,2022-02-01
catboost_slide60,2022-04-01,7589.0,6818.678956349568,88,1,2022-03-01
catboost_slide60,2022-05-01,8846.0,6714.579075795842,88,2,2022-03-01
catboost_slide60,2022-06-01,9057.0,6867.373275545634,88,3,2022-03-01
catboost_slide60,2022-07-01,8699.0,7378.842146029877,88,4,2022-03-01
catboost_slide60,2022-08-01,8834.0,7402.378976516691,88,5,2022-03-01
catboost_slide60,2022-09-01,8228.0,7418.36297490703,88,6,2022-03-01
catboost_slide60,2022-05-01,8846.0,7432.585693593009,89,1,2022-04-01
catboost_slide60,2022-06-01,9057.0,7552.230683567772,89,2,2022-04-01
catboost_slide60,2022-07-01,8699.0,8012.174402959716,89,3,2022-04-01
catboost_slide60,2022-08-01,8834.0,8128.818057312545,89,4,2022-04-01
catboost_slide60,2022-09-01,8228.0,8231.77416908409,89,5,2022-04-01
catboost_slide60,2022-10-01,8388.0,8055.862238311804,89,6,2022-04-01
catboost_slide60,2022-06-01,9057.0,8466.125706068995,90,1,2022-05-01
catboost_slide60,2022-07-01,8699.0,8621.683403452862,90,2,2022-05-01
catboost_slide60,2022-08-01,8834.0,8166.332960157984,90,3,2022-05-01
catboost_slide60,2022-09-01,8228.0,8257.555246468704,90,4,2022-05-01
catboost_slide60,2022-10-01,8388.0,8283.45856054877,90,5,2022-05-01
catboost_slide60,2022-11-01,7588.0,8263.625679163013,90,6,2022-05-01
catboost_slide60,2022-07-01,8699.0,8840.08223446367,91,1,2022-06-01
catboost_slide60,2022-08-01,8834.0,8210.909828650147,91,2,2022-06-01
catboost_slide60,2022-09-01,8228.0,8136.115554676833,91,3,2022-06-01
catboost_slide60,2022-10-01,8388.0,8193.34819733294,91,4,2022-06-01
catboost_slide60,2022-11-01,7588.0,8618.166746681984,91,5,2022-06-01
catboost_slide60,2022-12-01,7850.0,8528.664863958507,91,6,2022-06-01
catboost_slide60,2022-08-01,8834.0,8263.243184331646,92,1,2022-07-01
catboost_slide60,2022-09-01,8228.0,8119.714366420013,92,2,2022-07-01
catboost_slide60,2022-10-01,8388.0,8248.234232877225,92,3,2022-07-01
catboost_slide60,2022-11-01,7588.0,8524.078476645265,92,4,2022-07-01
catboost_slide60,2022-12-01,7850.0,8357.125539467166,92,5,2022-07-01
catboost_slide60,2023-01-01,7563.0,8353.15847158484,92,6,2022-07-01
catboost_slide60,2022-09-01,8228.0,8326.230807714479,93,1,2022-08-01
catboost_slide60,2022-10-01,8388.0,8461.311460303206,93,2,2022-08-01
catboost_slide60,2022-11-01,7588.0,8533.030194553463,93,3,2022-08-01
catboost_slide60,2022-12-01,7850.0,8541.276588379757,93,4,2022-08-01
catboost_slide60,2023-01-01,7563.0,8651.670261271705,93,5,2022-08-01
catboost_slide60,2023-02-01,6551.0,8474.35604505104,93,6,2022-08-01
catboost_slide60,2022-10-01,8388.0,8402.507456796766,94,1,2022-09-01
catboost_slide60,2022-11-01,7588.0,8519.522255755517,94,2,2022-09-01
catboost_slide60,2022-12-01,7850.0,8503.695397196849,94,3,2022-09-01
catboost_slide60,2023-01-01,7563.0,8678.91948745838,94,4,2022-09-01
catboost_slide60,2023-02-01,6551.0,8309.770970083033,94,5,2022-09-01
catboost_slide60,2023-03-01,7507.0,8515.029486693293,94,6,2022-09-01
catboost_slide60,2022-11-01,7588.0,8504.570787211189,95,1,2022-10-01
catboost_slide60,2022-12-01,7850.0,8453.259286645838,95,2,2022-10-01
catboost_slide60,2023-01-01,7563.0,8579.18904933376,95,3,2022-10-01
catboost_slide60,2023-02-01,6551.0,8337.791233992015,95,4,2022-10-01
catboost_slide60,2023-03-01,7507.0,8474.202076311141,95,5,2022-10-01
catboost_slide60,2023-04-01,7745.0,8543.459160931774,95,6,2022-10-01
catboost_slide60,2022-12-01,7850.0,8148.515391664527,96,1,2022-11-01
catboost_slide60,2023-01-01,7563.0,8372.431001867268,96,2,2022-11-01
catboost_slide60,2023-02-01,6551.0,8304.73218556773,96,3,2022-11-01
catboost_slide60,2023-03-01,7507.0,8573.973007309012,96,4,2022-11-01
catboost_slide60,2023-04-01,7745.0,8149.824314433512,96,5,2022-11-01
catboost_slide60,2023-05-01,8600.0,8522.435332753215,96,6,2022-11-01
catboost_slide60,2023-01-01,7563.0,8338.436511960032,97,1,2022-12-01
catboost_slide60,2023-02-01,6551.0,8136.857728494034,97,2,2022-12-01
catboost_slide60,2023-03-01,7507.0,8475.727524759384,97,3,2022-12-01
catboost_slide60,2023-04-01,7745.0,8115.525295213437,97,4,2022-12-01
catboost_slide60,2023-05-01,8600.0,8592.42457426799,97,5,2022-12-01
catboost_slide60,2023-06-01,9151.0,8481.78562633576,97,6,2022-12-01
catboost_slide60,2023-02-01,6551.0,7756.647783354986,98,1,2023-01-01
catboost_slide60,2023-03-01,7507.0,8393.719970096708,98,2,2023-01-01
catboost_slide60,2023-04-01,7745.0,8029.398678397762,98,3,2023-01-01
catboost_slide60,2023-05-01,8600.0,8622.695112614034,98,4,2023-01-01
catboost_slide60,2023-06-01,9151.0,8313.51093589583,98,5,2023-01-01
catboost_slide60,2023-07-01,9183.0,8484.274234047072,98,6,2023-01-01
catboost_slide60,2023-03-01,7507.0,7545.120198849231,99,1,2023-02-01
catboost_slide60,2023-04-01,7745.0,7115.67335120198,99,2,2023-02-01
catboost_slide60,2023-05-01,8600.0,7809.115497360469,99,3,2023-02-01
catboost_slide60,2023-06-01,9151.0,8291.690365422848,99,4,2023-02-01
catboost_slide60,2023-07-01,9183.0,8865.77607517116,99,5,2023-02-01
catboost_slide60,2023-08-01,8297.0,8713.94964614688,99,6,2023-02-01
catboost_slide60,2023-04-01,7745.0,7088.440784058352,100,1,2023-03-01
catboost_slide60,2023-05-01,8600.0,7581.368798716946,100,2,2023-03-01
catboost_slide60,2023-06-01,9151.0,8008.562145171291,100,3,2023-03-01
catboost_slide60,2023-07-01,9183.0,8820.359356262987,100,4,2023-03-01
catboost_slide60,2023-08-01,8297.0,8770.04160553336,100,5,2023-03-01
catboost_slide60,2023-09-01,7823.0,8542.17529299632,100,6,2023-03-01
catboost_slide60,2023-05-01,8600.0,8440.827160559973,101,1,2023-04-01
catboost_slide60,2023-06-01,9151.0,8799.597327035344,101,2,2023-04-01
catboost_slide60,2023-07-01,9183.0,8799.553075327487,101,3,2023-04-01
catboost_slide60,2023-08-01,8297.0,8390.982553202619,101,4,2023-04-01
catboost_slide60,2023-09-01,7823.0,8305.363629416193,101,5,2023-04-01
catboost_slide60,2023-10-01,7507.0,8326.069546091898,101,6,2023-04-01
catboost_slide60,2023-06-01,9151.0,8755.094142480863,102,1,2023-05-01
catboost_slide60,2023-07-01,9183.0,8896.610065489454,102,2,2023-05-01
catboost_slide60,2023-08-01,8297.0,8527.226739153966,102,3,2023-05-01
catboost_slide60,2023-09-01,7823.0,8360.749012024107,102,4,2023-05-01
catboost_slide60,2023-10-01,7507.0,8386.326233678355,102,5,2023-05-01
catboost_slide60,2023-11-01,8107.0,7939.2778918725335,102,6,2023-05-01
catboost_slide60,2023-07-01,9183.0,8854.65306442002,103,1,2023-06-01
catboost_slide60,2023-08-01,8297.0,8486.051643524088,103,2,2023-06-01
catboost_slide60,2023-09-01,7823.0,8365.539758436667,103,3,2023-06-01
catboost_slide60,2023-10-01,7507.0,8469.318816772458,103,4,2023-06-01
catboost_slide60,2023-11-01,8107.0,7867.345461251048,103,5,2023-06-01
catboost_slide60,2023-12-01,7504.0,7730.935477933814,103,6,2023-06-01
