model,window,horizon,date,y_true,y_pred,lo,hi,dentro,largura,is
sarima,1,1,2015-01-01,7184.0,6487.787273418859,5947.630428870449,7027.9441179672685,False,1080.3136890968199,7322.548970406078
sarima,1,2,2015-02-01,5958.0,6225.908223901564,5685.513827670317,6766.302620132811,True,1080.7887924624938,1080.7887924624938
sarima,1,3,2015-03-01,6658.0,6486.163762665598,5933.831119117522,7038.496406213675,True,1104.6652870961534,1104.6652870961534
sarima,1,4,2015-04-01,7069.0,6494.618869868929,5933.689359555676,7055.548380182183,False,1121.8590206265071,1659.9238133391918
sarima,1,5,2015-05-01,8099.0,7380.472680402923,6810.562276658383,7950.383084147464,False,1139.8208074890808,7084.497441590533
sarima,1,6,2015-06-01,7868.0,7661.147359422328,7082.4872558637135,8239.807462980943,True,1157.32020711723,1157.32020711723
prophet,1,1,2015-01-01,7184.0,6475.526921658475,6102.259379428121,6862.546719525717,False,760.2873400975959,13618.418559068916
prophet,1,2,2015-02-01,5958.0,6149.96906552468,5776.803300450965,6518.367577789426,True,741.5642773384607,741.5642773384607
prophet,1,3,2015-03-01,6658.0,6534.807743739336,6160.504190779712,6919.621134486762,True,759.1169437070494,759.1169437070494
prophet,1,4,2015-04-01,7069.0,6449.27591128713,6066.842441490833,6811.86520694811,False,745.0227654572773,11030.41448753286
prophet,1,5,2015-05-01,8099.0,7208.730462542862,6812.4638122184515,7595.966041570922,False,783.5022293524707,20904.86056651558
prophet,1,6,2015-06-01,7868.0,7888.102746803634,7507.67745124982,8292.634457368682,True,784.9570061188624,784.9570061188624
sarima,2,1,2015-02-01,5958.0,6313.426942764022,5739.815489934429,6887.038395593615,True,1147.222905659186,1147.222905659186
sarima,2,2,2015-03-01,6658.0,6665.484544466236,6090.019726236492,7240.94936269598,True,1150.9296364594884,1150.9296364594884
sarima,2,3,2015-04-01,7069.0,6660.165964493035,6069.282728918548,7251.049200067522,True,1181.7664711489742,1181.7664711489742
sarima,2,4,2015-05-01,8099.0,7547.403949899166,6944.077570681536,8150.730329116796,True,1206.6527584352607,1206.6527584352607
sarima,2,5,2015-06-01,7868.0,7827.586265792528,7211.699575988764,8443.472955596293,True,1231.773379607529,1231.773379607529
sarima,2,6,2015-07-01,7986.0,8093.9868478265225,7465.8457757306305,8722.127919922415,True,1256.282144191785,1256.282144191785
prophet,2,1,2015-02-01,5958.0,6201.8473376795555,5782.544616332427,6613.596459047227,True,831.0518427147999,831.0518427147999
prophet,2,2,2015-03-01,6658.0,6576.568403742248,6197.1207554357925,6995.4463902592815,True,798.325634823489,798.325634823489
prophet,2,3,2015-04-01,7069.0,6503.920795512978,6106.70208147569,6913.557745068647,False,806.8556635929572,7024.545860847081
prophet,2,4,2015-05-01,8099.0,7273.072435194835,6869.372259375253,7679.186875291071,False,809.8146159158186,17602.339604272966
prophet,2,5,2015-06-01,7868.0,7958.550191738041,7557.347057746193,8389.803924234204,True,832.4568664880107,832.4568664880107
prophet,2,6,2015-07-01,7986.0,7745.471243991708,7336.72660068256,8156.80536310433,True,820.0787624217701,820.0787624217701
sarima,3,1,2015-03-01,6658.0,6621.724838924976,6054.674360399031,7188.775317450922,True,1134.1009570518909,1134.1009570518909
sarima,3,2,2015-04-01,7069.0,6560.9083682227965,5994.232214805606,7127.584521639987,True,1133.3523068343802,1133.3523068343802
sarima,3,3,2015-05-01,8099.0,7457.63151978839,6879.510723035603,8035.752316541176,False,1156.2415935055724,3686.148931858541
sarima,3,4,2015-06-01,7868.0,7736.728329720885,7150.486844447209,8322.969814994562,True,1172.482970547353,1172.482970547353
sarima,3,5,2015-07-01,7986.0,8003.115672038869,7408.360781665177,8597.870562412561,True,1189.5097807473849,1189.5097807473849
sarima,3,6,2015-08-01,7251.0,7687.574534959913,7084.514381540028,8290.634688379798,True,1206.12030683977,1206.12030683977
prophet,3,1,2015-03-01,6658.0,6559.590595604204,6155.6310984036645,6997.8274728491215,True,842.196374445457,842.196374445457
prophet,3,2,2015-04-01,7069.0,6481.505953752479,6072.058011672956,6889.664365929824,False,817.6063542568681,7991.031717063897
prophet,3,3,2015-05-01,8099.0,7245.485464942773,6845.60893992531,7641.653044923727,False,796.0441049984174,19089.922308049336
prophet,3,4,2015-06-01,7868.0,7927.134423883133,7504.99341260483,8329.825877553818,True,824.8324649489878,824.8324649489878
prophet,3,5,2015-07-01,7986.0,7710.787728642683,7297.791642029136,8131.99097155786,True,834.1993295287239,834.1993295287239
prophet,3,6,2015-08-01,7251.0,7705.000178861322,7288.259434738337,8137.228422060972,False,848.9689873226343,2339.3463768561305
sarima,4,1,2015-04-01,7069.0,6562.2079119048685,6001.591716623017,7122.82410718672,True,1121.2323905637022,1121.2323905637022
sarima,4,2,2015-05-01,8099.0,7465.967027321442,6905.5296462648985,8026.404408377986,False,1120.8747621130879,4024.6984269936347
sarima,4,3,2015-06-01,7868.0,7743.692399165598,7171.45772276962,8315.927075561574,True,1144.4693527919544,1144.4693527919544
sarima,4,4,2015-07-01,7986.0,8010.4071196679415,7429.956995156612,8590.857244179271,True,1160.9002490226594,1160.9002490226594
sarima,4,5,2015-08-01,7251.0,7694.7601635985775,7105.646945693915,8283.873381503241,True,1178.2264358093262,1178.2264358093262
sarima,4,6,2015-09-01,7163.0,7141.259042969471,6543.710617866407,7738.807468072535,True,1195.0968502061278,1195.0968502061278
prophet,4,1,2015-04-01,7069.0,6483.407567145964,6105.3217573386455,6880.045348693389,False,774.7235913547438,8332.909643619172
prophet,4,2,2015-05-01,8099.0,7250.012733684181,6839.638173303138,7671.431657433481,False,831.7934841303431,17934.527186791114
prophet,4,3,2015-06-01,7868.0,7933.811289653704,7529.952750946284,8366.690069150978,True,836.737318204694,836.737318204694
prophet,4,4,2015-07-01,7986.0,7720.212647496348,7302.9985136084415,8143.249861069314,True,840.2513474608722,840.2513474608722
prophet,4,5,2015-08-01,7251.0,7715.419837066167,7291.754802858172,8117.942630721847,False,826.187827863675,2456.379942190567
prophet,4,6,2015-09-01,7163.0,7013.3025702160285,6621.666221848798,7414.64077102468,True,792.9745491758822,792.9745491758822
sarima,5,1,2015-05-01,8099.0,7503.614350562349,6928.393401371932,8078.835299752765,False,1150.4418983808337,1957.0299082702168
sarima,5,2,2015-06-01,7868.0,7867.99584140998,7292.077181520788,8443.914501299172,True,1151.837319778384,1151.837319778384
sarima,5,3,2015-07-01,7986.0,8118.51091417352,7527.467303216795,8709.554525130246,True,1182.0872219134517,1182.0872219134517
sarima,5,4,2015-08-01,7251.0,7805.902729506044,7203.947884649669,8407.857574362419,True,1203.9096897127502,1203.9096897127502
sarima,5,5,2015-09-01,7163.0,7252.09327063192,6638.761332563124,7865.425208700716,True,1226.6638761375925,1226.6638761375925
sarima,5,6,2015-10-01,6690.0,7188.662778610993,6564.285148000668,7813.0404092213175,True,1248.7552612206491,1248.7552612206491
prophet,5,1,2015-05-01,8099.0,7261.154332157385,6816.75656218813,7671.867554591184,False,855.1109924030534,17940.408808755703
prophet,5,2,2015-06-01,7868.0,7953.995977209356,7555.136880239972,8381.996455142626,True,826.8595749026535,826.8595749026535
prophet,5,3,2015-07-01,7986.0,7751.7853305787185,7306.553048568633,8187.115207389514,True,880.5621588208805,880.5621588208805
prophet,5,4,2015-08-01,7251.0,7758.873408479127,7339.414326391568,8199.88528915428,False,860.4709627627117,4397.044018425414
prophet,5,5,2015-09-01,7163.0,7065.945919692059,6637.1315350360155,7492.858987625345,True,855.7274525893299,855.7274525893299
prophet,5,6,2015-10-01,6690.0,7047.64326183827,6635.358445323303,7470.664053927821,True,835.305608604518,835.305608604518
sarima,6,1,2015-06-01,7868.0,7960.92101260737,7365.713917493792,8556.12810772095,True,1190.4141902271576,1190.4141902271576
sarima,6,2,2015-07-01,7986.0,8290.233571221086,7690.026396902754,8890.44074553942,True,1200.4143486366656,1200.4143486366656
sarima,6,3,2015-08-01,7251.0,7966.273176536636,7346.195585484327,8586.350767588945,False,1240.1551821046178,5047.978601477707
sarima,6,4,2015-09-01,7163.0,7413.610419314246,6777.0564560871135,8050.164382541379,True,1273.107926454266,1273.107926454266
sarima,6,5,2015-10-01,6690.0,7351.622143077373,6698.609810848613,8004.634475306133,False,1306.02466445752,1650.417098402042
sarima,6,6,2015-11-01,6392.0,6846.645201318484,6177.64074446781,7515.649658169159,True,1338.0089137013492,1338.0089137013492
prophet,6,1,2015-06-01,7868.0,7997.7071829914785,7551.91919350446,8442.095287937236,True,890.1760944327762,890.1760944327762
prophet,6,2,2015-07-01,7986.0,7808.250421502756,7377.1486236147,8250.592461810555,True,873.4438381958544,873.4438381958544
prophet,6,3,2015-08-01,7251.0,7832.2107062621935,7400.3461106239265,8307.07325702746,False,906.727146403533,6880.571571360593
prophet,6,4,2015-09-01,7163.0,7156.153763378536,6733.596348532608,7609.65228662207,True,876.055938089462,876.055938089462
prophet,6,5,2015-10-01,6690.0,7152.094036316992,6734.100025897835,7608.879804375132,False,874.7797784772974,2638.780814390686
prophet,6,6,2015-11-01,6392.0,6756.27484263408,6328.8721511432195,7205.656798784972,True,876.7846476417526,876.7846476417526
sarima,7,1,2015-07-01,7986.0,8268.327633880912,7677.323771516298,8859.331496245526,True,1182.0077247292284,1182.0077247292284
sarima,7,2,2015-08-01,7251.0,7938.315081450579,7343.164145115817,8533.466017785342,False,1190.3018726695254,4876.86767730219
sarima,7,3,2015-09-01,7163.0,7382.706090115689,6769.152784206808,7996.25939602457,True,1227.1066118177623,1227.1066118177623
sarima,7,4,2015-10-01,6690.0,7325.412466725636,6696.713887635573,7954.111045815698,False,1257.3971581801252,1525.9526636030441
sarima,7,5,2015-11-01,6392.0,6814.622900178039,6170.747395351897,7458.498405004182,True,1287.7510096522856,1287.7510096522856
sarima,7,6,2015-12-01,6753.0,7024.210423509099,6365.996150937938,7682.42469608026,True,1316.428545142322,1316.428545142322
prophet,7,1,2015-07-01,7986.0,7796.947329298248,7379.677558992698,8207.421126215902,True,827.7435672232041,827.7435672232041
prophet,7,2,2015-08-01,7251.0,7818.7992929882175,7413.510764884706,8240.333612695771,False,826.822847811065,7327.253443199308
prophet,7,3,2015-09-01,7163.0,7140.492637219847,6701.7961121956905,7599.083845994842,True,897.2877337991513,897.2877337991513
prophet,7,4,2015-10-01,6690.0,7134.383114988276,6690.644160580001,7590.325999560697,False,899.6818389806958,925.4482621807347
prophet,7,5,2015-11-01,6392.0,6735.717006696815,6287.710815914231,7184.714559371103,True,897.0037434568721,897.0037434568721
prophet,7,6,2015-12-01,6753.0,6858.751117306978,6413.354647375942,7296.363732621215,True,883.0090852452731,883.0090852452731
sarima,8,1,2015-08-01,7251.0,7892.392612283387,7298.994018432168,8485.791206134607,False,1186.7971877024393,3106.5579249891452
sarima,8,2,2015-09-01,7163.0,7298.173694205577,6700.700604874377,7895.646783536777,True,1194.9461786623997,1194.9461786623997
sarima,8,3,2015-10-01,6690.0,7257.804566175467,6646.35593013907,7869.253202211864,True,1222.8972720727943,1222.8972720727943
sarima,8,4,2015-11-01,6392.0,6729.140822095934,6105.442704686726,7352.838939505142,True,1247.396234818416,1247.396234818416
sarima,8,5,2015-12-01,6753.0,6953.068321284358,6317.511606662232,7588.625035906483,True,1271.1134292442512,1271.1134292442512
sarima,8,6,2016-01-01,6753.0,6993.167934214937,6347.791830507823,7638.544037922052,True,1290.752207414229,1290.752207414229
prophet,8,1,2015-08-01,7251.0,7827.258395250297,7381.791997073994,8208.459247584637,False,826.6672505106426,6058.347133470404
prophet,8,2,2015-09-01,7163.0,7151.260635824382,6727.828152817743,7585.673419866659,True,857.845267048916,857.845267048916
prophet,8,3,2015-10-01,6690.0,7148.360204953472,6712.472051337129,7599.310535135946,False,886.8384837988169,1785.7205372839935
prophet,8,4,2015-11-01,6392.0,6753.256323668321,6344.584538935049,7188.523083560267,True,843.9385446252181,843.9385446252181
prophet,8,5,2015-12-01,6753.0,6879.329590777418,6457.1828900719565,7312.867023273267,True,855.68413320131,855.68413320131
prophet,8,6,2016-01-01,6753.0,6917.9522301108955,6478.923085887872,7362.713213580762,True,883.7901276928906,883.7901276928906
sarima,9,1,2015-09-01,7163.0,7180.835534326854,6583.058110877022,7778.612957776686,True,1195.554846899664,1195.554846899664
sarima,9,2,2015-10-01,6690.0,7116.595217258174,6514.347667618401,7718.842766897947,True,1204.4950992795457,1204.4950992795457
sarima,9,3,2015-11-01,6392.0,6602.974595222575,5995.928187002611,7210.021003442539,True,1214.0928164399284,1214.0928164399284
sarima,9,4,2015-12-01,6753.0,6799.957581507862,6188.525838451767,7411.389324563957,True,1222.86348611219,1222.86348611219
sarima,9,5,2016-01-01,6753.0,6827.987399492494,6215.411421766745,7440.563377218243,True,1225.151955451498,1225.151955451498
sarima,9,6,2016-02-01,6385.0,6385.365086477593,5768.18778326669,7002.542389688496,True,1234.3546064218062,1234.3546064218062
prophet,9,1,2015-09-01,7163.0,7122.164123309449,6678.831212391373,7584.02170883166,True,905.1904964402875,905.1904964402875
prophet,9,2,2015-10-01,6690.0,7113.298868234264,6657.26288121056,7574.621914905349,True,917.3590336947882,917.3590336947882
prophet,9,3,2015-11-01,6392.0,6707.635898744573,6272.372086956442,7177.173992620083,True,904.8019056636404,904.8019056636404
prophet,9,4,2015-12-01,6753.0,6821.310084981715,6385.032246980753,7248.7256597732,True,863.6934127924469,863.6934127924469
prophet,9,5,2016-01-01,6753.0,6846.361704364007,6407.748575142238,7305.050663160443,True,897.3020880182048,897.3020880182048
prophet,9,6,2016-02-01,6385.0,6171.190389202133,5740.857702460242,6616.682124094055,True,875.8244216338135,875.8244216338135
sarima,10,1,2015-10-01,6690.0,7113.1938768501595,6521.3159424250425,7705.071811275277,True,1183.755868850234,1183.755868850234
sarima,10,2,2015-11-01,6392.0,6599.126646986979,6002.9274850703105,7195.325808903647,True,1192.3983238333367,1192.3983238333367
sarima,10,3,2015-12-01,6753.0,6796.96237143112,6196.868532449255,7397.056210412985,True,1200.1876779637296,1200.1876779637296
sarima,10,4,2016-01-01,6753.0,6823.406816248442,6222.89406521268,7423.919567284203,True,1201.025502071523,1201.025502071523
sarima,10,5,2016-02-01,6385.0,6380.645868394668,5776.004051229179,6985.287685560156,True,1209.2836343309773,1209.2836343309773
sarima,10,6,2016-03-01,7164.0,6717.552933255861,6108.835088683698,7326.270777828024,True,1217.4356891443258,1217.4356891443258
prophet,10,1,2015-10-01,6690.0,7114.580850878238,6649.143107422808,7571.877453670555,True,922.7343462477475,922.7343462477475
prophet,10,2,2015-11-01,6392.0,6709.127736915668,6267.092230535547,7173.034317023379,True,905.9420864878321,905.9420864878321
prophet,10,3,2015-12-01,6753.0,6824.17707636814,6390.721629386545,7264.120906624609,True,873.3992772380643,873.3992772380643
prophet,10,4,2016-01-01,6753.0,6850.279957347897,6395.280095044775,7312.300058681904,True,917.019963637129,917.019963637129
prophet,10,5,2016-02-01,6385.0,6176.0575346530495,5714.845711035409,6623.718823118748,True,908.873112083339,908.873112083339
prophet,10,6,2016-03-01,7164.0,6676.098935559062,6215.168017630774,7139.7990260373845,False,924.6310084066108,1892.6699669112322
sarima,11,1,2015-11-01,6392.0,6515.020038471752,5926.884774875624,7103.155302067879,True,1176.270527192255,1176.270527192255
sarima,11,2,2015-12-01,6753.0,6729.989902369407,6139.694108590324,7320.28569614849,True,1180.5915875581668,1180.5915875581668
sarima,11,3,2016-01-01,6753.0,6757.05058276928,6169.834235128489,7344.26693041007,True,1174.432695281581,1174.432695281581
sarima,11,4,2016-02-01,6385.0,6314.501592891402,5727.250833563253,6901.752352219551,True,1174.5015186562978,1174.5015186562978
sarima,11,5,2016-03-01,7164.0,6651.849836664527,6064.5936255876595,7239.106047741395,True,1174.5124221537353,1174.5124221537353
sarima,11,6,2016-04-01,7192.0,6724.959790661862,6137.701967315372,7312.217614008352,True,1174.5156466929802,1174.5156466929802
prophet,11,1,2015-11-01,6392.0,6695.0040394131,6233.119662168419,7184.3914507037425,True,951.2717885353231,951.2717885353231
prophet,11,2,2015-12-01,6753.0,6803.031126983878,6373.681589447708,7256.737776817715,True,883.0561873700071,883.0561873700071
prophet,11,3,2016-01-01,6753.0,6818.516815522527,6379.042662418075,7316.213207715063,True,937.1705452969873,937.1705452969873
prophet,11,4,2016-02-01,6385.0,6129.962878907836,5702.047287203822,6573.538150420947,True,871.4908632171255,871.4908632171255
prophet,11,5,2016-03-01,7164.0,6638.55846433615,6172.039581777228,7100.25135433171,False,928.2117725544822,3478.1575992860826
prophet,11,6,2016-04-01,7192.0,6654.201508266947,6187.010805062934,7082.563058061367,False,895.5522529984328,5273.029930543754
sarima,12,1,2015-12-01,6753.0,6717.604300284713,6134.207219288912,7301.001381280514,True,1166.7941619916019,1166.7941619916019
sarima,12,2,2016-01-01,6753.0,6750.987136966598,6168.068411760493,7333.905862172703,True,1165.8374504122094,1165.8374504122094
sarima,12,3,2016-02-01,6385.0,6308.711145026076,5725.643643288399,6891.778646763753,True,1166.135003475354,1166.135003475354
sarima,12,4,2016-03-01,7164.0,6646.323811876028,6063.241064379491,7229.406559372565,True,1166.1654949930744,1166.1654949930744
sarima,12,5,2016-04-01,7192.0,6719.18376384152,6136.096627770749,7302.270899912291,True,1166.1742721415412,1166.1742721415412
sarima,12,6,2016-05-01,7743.0,7627.800418393575,7044.709880183982,8210.890956603167,True,1166.181076419185,1166.181076419185
prophet,12,1,2015-12-01,6753.0,6798.69753416281,6372.718126984201,7260.220556431511,True,887.5024294473096,887.5024294473096
prophet,12,2,2016-01-01,6753.0,6808.849972050207,6358.746070165211,7266.299504486586,True,907.5534343213749,907.5534343213749
prophet,12,3,2016-02-01,6385.0,6111.511633627261,5649.828873975801,6566.7610248143665,True,916.9321508385656,916.9321508385656
prophet,12,4,2016-03-01,7164.0,6614.878449710109,6156.943909660064,7094.182058152424,False,937.2381484923608,3729.9558223953863
prophet,12,5,2016-04-01,7192.0,6635.982159572082,6185.562983699363,7078.739776283079,False,893.1767925837157,5423.585741260566
prophet,12,6,2016-05-01,7743.0,7648.628220527748,7196.313098499264,8084.62327821837,True,888.3101797191057,888.3101797191057
sarima,13,1,2016-01-01,6753.0,6754.276641420706,6179.702463911601,7328.850818929812,True,1149.148355018211,1149.148355018211
sarima,13,2,2016-02-01,6385.0,6309.851915258026,5732.526702469606,6887.177128046445,True,1154.6504255768396,1154.6504255768396
sarima,13,3,2016-03-01,7164.0,6647.402493332362,6069.9604230059795,7224.844563658744,True,1154.8841406527645,1154.8841406527645
sarima,13,4,2016-04-01,7192.0,6720.177408306429,6142.727251205966,7297.627565406892,True,1154.900314200926,1154.900314200926
sarima,13,5,2016-05-01,7743.0,7628.965256904609,7051.5143641900595,8206.41614961916,True,1154.9017854290996,1154.9017854290996
sarima,13,6,2016-06-01,8767.0,7823.588068877375,7246.1369920544,8401.03914570035,False,1154.9021536459495,15793.336325631959
prophet,13,1,2016-01-01,6753.0,6804.148188848656,6329.874435809896,7244.904380651658,True,915.0299448417627,915.0299448417627
prophet,13,2,2016-02-01,6385.0,6104.58099425169,5664.401000919321,6555.908761363946,True,891.5077604446251,891.5077604446251
prophet,13,3,2016-03-01,7164.0,6605.296664556483,6174.783023876179,7095.551263444582,False,920.7682395684033,3658.7177017851145
prophet,13,4,2016-04-01,7192.0,6627.763446978085,6193.094275077879,7072.870122171825,False,879.7758470939461,5644.970960220957
prophet,13,5,2016-05-01,7743.0,7642.373631408634,7193.7817491052365,8109.873443271488,True,916.0916941662517,916.0916941662517
prophet,13,6,2016-06-01,8767.0,7549.894828916673,7074.740222300258,7986.242414451853,False,911.5021921515945,32141.805614077486
sarima,14,1,2016-02-01,6385.0,6309.3265886829295,5740.593661887013,6878.059515478846,True,1137.4658535918334,1137.4658535918334
sarima,14,2,2016-03-01,7164.0,6647.103643016652,6075.537053174041,7218.670232859264,True,1143.1331796852228,1143.1331796852228
sarima,14,3,2016-04-01,7192.0,6720.374622093478,6148.651684244591,7292.0975599423655,True,1143.4458756977747,1143.4458756977747
sarima,14,4,2016-05-01,7743.0,7629.930236644009,7058.161439319514,8201.699033968503,True,1143.5375946489894,1143.5375946489894
sarima,14,5,2016-06-01,8767.0,7823.157440893343,7251.349863841704,8394.965017944982,False,1143.6151541032777,16025.014436304005
sarima,14,6,2016-07-01,8479.0,8064.676142869697,7492.830271591672,8636.522014147722,True,1143.6917425560505,1143.6917425560505
prophet,14,1,2016-02-01,6385.0,6107.503528211128,5652.995475180184,6582.083553697115,True,929.0880785169311,929.0880785169311
prophet,14,2,2016-03-01,7164.0,6601.893770735792,6150.385846971585,7070.839262521181,False,920.4534155495958,4646.88291470236
prophet,14,3,2016-04-01,7192.0,6626.455937670604,6158.991942168256,7070.146337794274,False,911.1543956260175,5785.30088385507
prophet,14,4,2016-05-01,7743.0,7642.325666791634,7198.232477582196,8105.823455884661,True,907.5909783024645,907.5909783024645
prophet,14,5,2016-06-01,8767.0,7551.922374754704,7137.587479040449,8021.951888065603,False,884.3644090251546,30686.288886401024
prophet,14,6,2016-07-01,8479.0,8291.579182043977,7850.726791147566,8748.799670240769,True,898.0728790932035,898.0728790932035
sarima,15,1,2016-03-01,7164.0,6654.839487114497,6090.594182549783,7219.084791679212,True,1128.4906091294288,1128.4906091294288
sarima,15,2,2016-04-01,7192.0,6723.143244237996,6156.213385088681,7290.073103387312,True,1133.8597182986305,1133.8597182986305
sarima,15,3,2016-05-01,7743.0,7632.007386164134,7064.966099487969,8199.0486728403,True,1134.0825733523307,1134.0825733523307
sarima,15,4,2016-06-01,8767.0,7826.497768391426,7259.448693837196,8393.546842945656,False,1134.0981491084603,16072.224431282222
sarima,15,5,2016-07-01,8479.0,8068.012379301545,7500.962124044933,8635.062634558155,True,1134.1005105132217,1134.1005105132217
sarima,15,6,2016-08-01,7890.0,7684.980089158694,7117.92902418556,8252.031154131828,True,1134.1021299462682,1134.1021299462682
prophet,15,1,2016-03-01,7164.0,6638.759605321828,6181.282221665032,7085.042514911456,False,903.7602932464242,4062.0596967881747
prophet,15,2,2016-04-01,7192.0,6655.596598654884,6211.085386223161,7100.28790454741,False,889.2025183242495,4557.686336427845
prophet,15,3,2016-05-01,7743.0,7662.909867575583,7219.096943094501,8067.663898899545,True,848.566955805044,848.566955805044
prophet,15,4,2016-06-01,8767.0,7565.632377230935,7120.078231581252,8035.349649845764,False,915.2714182645122,30181.28542443394
prophet,15,5,2016-07-01,8479.0,8299.116583496058,7849.716703336659,8755.220687735597,True,905.503984398938,905.503984398938
prophet,15,6,2016-08-01,7890.0,7686.572307440889,7233.163094707395,8121.220650302121,True,888.0575555947253,888.0575555947253
sarima,16,1,2016-04-01,7192.0,6791.54459291751,6215.722708566094,7367.366477268926,True,1151.643768702832,1151.643768702832
sarima,16,2,2016-05-01,7743.0,7669.226025879499,7089.464543534261,8248.987508224736,True,1159.5229646904754,1159.5229646904754
sarima,16,3,2016-06-01,8767.0,7861.560177251031,7281.190749540056,8441.929604962006,False,1160.7388554219506,14163.554656941706
sarima,16,4,2016-07-01,8479.0,8102.831814990049,7522.008473338792,8683.655156641305,True,1161.6466833025133,1161.6466833025133
sarima,16,5,2016-08-01,7890.0,7719.923984965139,7138.657680457793,8301.190289472486,True,1162.5326090146937,1162.5326090146937
sarima,16,6,2016-09-01,7317.0,7241.6768854869,6659.967925360949,7823.38584561285,True,1163.4179202519008,1163.4179202519008
prophet,16,1,2016-04-01,7192.0,6651.127830978371,6189.569313418178,7099.6355136789825,False,910.0662002608042,4604.645653101503
prophet,16,2,2016-05-01,7743.0,7671.491962967286,7224.647627051172,8120.422932808552,True,895.77530575738,895.77530575738
prophet,16,3,2016-06-01,8767.0,7588.711115078963,7138.503356191705,8057.598785036471,False,919.0954288447656,29295.14402738593
prophet,16,4,2016-07-01,8479.0,8336.817559934303,7905.801558714057,8790.77713599745,True,884.9755772833932,884.9755772833932
prophet,16,5,2016-08-01,7890.0,7734.249980983562,7273.142326557745,8183.233544831593,True,910.0912182738475,910.0912182738475
prophet,16,6,2016-09-01,7317.0,7207.7523100172375,6741.969046453638,7655.90469906748,True,913.9356526138417,913.9356526138417
sarima,17,1,2016-05-01,7743.0,7728.6002438178575,7148.018070997161,8309.182416638554,True,1161.164345641393,1161.164345641393
sarima,17,2,2016-06-01,8767.0,7876.98566455519,7289.680293662569,8464.29103544781,False,1174.6107417852409,13282.969323872843
sarima,17,3,2016-07-01,8479.0,8113.466403382794,7525.749050711523,8701.183756054066,True,1175.4347053425436,1175.4347053425436
sarima,17,4,2016-08-01,7890.0,7729.870244776789,7142.107973820592,8317.632515732987,True,1175.5245419123949,1175.5245419123949
sarima,17,5,2016-09-01,7317.0,7251.749382376891,6663.977987569409,7839.5207771843725,True,1175.542789614963,1175.542789614963
sarima,17,6,2016-10-01,7426.0,7123.240472077916,6535.449125099035,7711.031819056797,True,1175.5826939577619,1175.5826939577619
prophet,17,1,2016-05-01,7743.0,7670.289389610379,7218.040140490795,8125.128192884583,True,907.0880523937876,907.0880523937876
prophet,17,2,2016-06-01,8767.0,7598.422688451173,7159.945169640735,8048.074435679073,False,888.1292660383378,29645.151838875423
prophet,17,3,2016-07-01,8479.0,8360.24073510342,7908.061989601705,8816.392424078478,True,908.330434476773,908.330434476773
prophet,17,4,2016-08-01,7890.0,7771.125937273939,7305.926887891528,8201.651994044534,True,895.725106153006,895.725106153006
prophet,17,5,2016-09-01,7317.0,7254.039875799215,6796.586192186528,7698.284838984274,True,901.6986467977458,901.6986467977458
prophet,17,6,2016-10-01,7426.0,7220.094251578841,6766.057260890023,7683.134838275409,True,917.0775773853857,917.0775773853857
sarima,18,1,2016-06-01,8767.0,7879.635613235531,7304.157468513959,8455.113757957104,False,1150.9562894431447,13626.40597115898
sarima,18,2,2016-07-01,8479.0,8114.546601527314,7532.4516396358595,8696.641563418769,True,1164.1899237829093,1164.1899237829093
sarima,18,3,2016-08-01,7890.0,7730.8445504491365,7148.349722927605,8313.339377970668,True,1164.9896550430622,1164.9896550430622
sarima,18,4,2016-09-01,7317.0,7252.437364324818,6669.8969645093275,7834.977764140309,True,1165.0807996309813,1165.0807996309813
sarima,18,5,2016-10-01,7426.0,7124.111787945365,6541.548420796632,7706.675155094098,True,1165.126734297466,1165.126734297466
sarima,18,6,2016-11-01,6700.0,6638.223959336392,6055.565345825775,7220.882572847009,True,1165.3172270212344,1165.3172270212344
prophet,18,1,2016-06-01,8767.0,7600.110976072883,7164.557185336229,8043.1948931785,False,878.6377078422711,29830.84198070227
prophet,18,2,2016-07-01,8479.0,8363.232693661943,7897.822498209038,8811.817912805536,True,913.9954145964984,913.9954145964984
prophet,18,3,2016-08-01,7890.0,7775.900842114825,7321.19966061683,8230.379139313334,True,909.1794786965038,909.1794786965038
prophet,18,4,2016-09-01,7317.0,7260.224877379504,6814.360965548689,7706.5144951490665,True,892.1535296003776,892.1535296003776
prophet,18,5,2016-10-01,7426.0,7227.415347994126,6789.450009839783,7674.410014494478,True,884.9600046546948,884.9600046546948
prophet,18,6,2016-11-01,6700.0,6550.647247561252,6127.007822552362,7017.356779449782,True,890.3489568974201,890.3489568974201
sarima,19,1,2016-07-01,8479.0,8428.867749244515,7814.259771297668,9043.475727191362,True,1229.2159558936946,1229.2159558936946
sarima,19,2,2016-08-01,7890.0,8101.106544450268,7473.488948552596,8728.72414034794,True,1255.2351917953438,1255.2351917953438
sarima,19,3,2016-09-01,7317.0,7617.54305809021,6966.311763368879,8268.774352811542,True,1302.4625894426636,1302.4625894426636
sarima,19,4,2016-10-01,7426.0,7489.9781311417855,6817.105713431292,8162.850548852279,True,1345.7448354209864,1345.7448354209864
sarima,19,5,2016-11-01,6700.0,7016.461282238,6322.518487407257,7710.404077068743,True,1387.885589661486,1387.885589661486
sarima,19,6,2016-12-01,6994.0,7244.328294401978,6530.215835018974,7958.440753784983,True,1428.224918766009,1428.224918766009
prophet,19,1,2016-07-01,8479.0,8436.872912571429,7965.602129632442,8911.507269073047,True,945.9051394406051,945.9051394406051
prophet,19,2,2016-08-01,7890.0,7868.56972473246,7388.921640773369,8359.171803501858,True,970.2501627284892,970.2501627284892
prophet,19,3,2016-09-01,7317.0,7374.311459634716,6872.858412155883,7872.700298717244,True,999.8418865613603,999.8418865613603
prophet,19,4,2016-10-01,7426.0,7368.586291514185,6861.210020746804,7844.032220444822,True,982.8221996980183,982.8221996980183
prophet,19,5,2016-11-01,6700.0,6719.6086369965615,6221.180502869655,7191.891302586452,True,970.7107997167968,970.7107997167968
prophet,19,6,2016-12-01,6994.0,7161.343543944833,6685.326913758421,7639.133496882476,True,953.8065831240547,953.8065831240547
sarima,20,1,2016-08-01,7890.0,8115.58382614244,7505.3413371323195,8725.82631515256,True,1220.4849780202412,1220.4849780202412
sarima,20,2,2016-09-01,7317.0,7635.356990197288,7011.520835364651,8259.193145029923,True,1247.6723096652722,1247.6723096652722
sarima,20,3,2016-10-01,7426.0,7507.567117372464,6859.4777046760755,8155.656530068853,True,1296.178825392777,1296.178825392777
sarima,20,4,2016-11-01,6700.0,7033.986645693265,6363.674419444418,7704.298871942112,True,1340.6244524976937,1340.6244524976937
sarima,20,5,2016-12-01,6994.0,7262.935515802329,6571.272414717519,7954.5986168871395,True,1383.326202169621,1383.326202169621
sarima,20,6,2017-01-01,6788.0,7302.765546924814,6592.159959250673,8013.371134598955,True,1421.2111753482823,1421.2111753482823
prophet,20,1,2016-08-01,7890.0,7861.584592645693,7397.075575845224,8351.795786403367,True,954.7202105581428,954.7202105581428
prophet,20,2,2016-09-01,7317.0,7367.668151966575,6880.697095875325,7839.746865250436,True,959.0497693751104,959.0497693751104
prophet,20,3,2016-10-01,7426.0,7362.90684466465,6870.903837760264,7866.4005354197725,True,995.4966976595088,995.4966976595088
prophet,20,4,2016-11-01,6700.0,6715.099082118559,6213.946818692057,7204.93534178921,True,990.9885230971531,990.9885230971531
prophet,20,5,2016-12-01,6994.0,7157.87356175446,6676.159457850908,7631.882916369081,True,955.7234585181723,955.7234585181723
prophet,20,6,2017-01-01,6788.0,7037.314058960559,6573.150198476123,7547.846159180157,True,974.6959607040344,974.6959607040344
sarima,21,1,2016-09-01,7317.0,7554.0943774001125,6947.767769445166,8160.420985355059,True,1212.6532159098933,1212.6532159098933
sarima,21,2,2016-10-01,7426.0,7420.108348047543,6801.286681289726,8038.930014805359,True,1237.6433335156325,1237.6433335156325
sarima,21,3,2016-11-01,6700.0,6943.96783943812,6308.411513598602,7579.524165277638,True,1271.1126516790355,1271.1126516790355
sarima,21,4,2016-12-01,6994.0,7172.012324032696,6520.630922073622,7823.393725991769,True,1302.7628039181473,1302.7628039181473
sarima,21,5,2017-01-01,6788.0,7210.131930656931,6545.399474965909,7874.864386347954,True,1329.464911382045,1329.464911382045
sarima,21,6,2017-02-01,6271.0,6778.375933500516,6098.522629718004,7458.229237283028,True,1359.7066075650237,1359.7066075650237
prophet,21,1,2016-09-01,7317.0,7372.507733614143,6895.1445620281365,7893.335702520961,True,998.1911404928242,998.1911404928242
prophet,21,2,2016-10-01,7426.0,7368.219169503309,6898.19305471458,7844.992503845027,True,946.7994491304471,946.7994491304471
prophet,21,3,2016-11-01,6700.0,6721.196998093537,6256.125555170947,7182.952325319567,True,926.8267701486193,926.8267701486193
prophet,21,4,2016-12-01,6994.0,7164.985523910033,6685.674917943549,7639.163454948712,True,953.4885370051625,953.4885370051625
prophet,21,5,2017-01-01,6788.0,7043.833353744749,6517.711179592109,7527.283825143641,True,1009.5726455515314,1009.5726455515314
prophet,21,6,2017-02-01,6271.0,6759.243670125995,6301.544477458255,7234.131340859215,False,932.5868634009603,2154.3659617311496
sarima,22,1,2016-10-01,7426.0,7342.476565136208,6740.399293168326,7944.553837104089,True,1204.1545439357633,1204.1545439357633
sarima,22,2,2016-11-01,6700.0,6865.1189232592305,6250.959517996782,7479.278328521679,True,1228.3188105248973,1228.3188105248973
sarima,22,3,2016-12-01,6994.0,7092.544990016442,6468.245801015391,7716.844179017493,True,1248.5983780021015,1248.5983780021015
sarima,22,4,2017-01-01,6788.0,7128.371854862812,6496.545596684346,7760.198113041279,True,1263.6525163569331,1263.6525163569331
sarima,22,5,2017-02-01,6271.0,6696.461214818363,6054.741362093653,7338.181067543073,True,1283.4397054494202,1283.4397054494202
sarima,22,6,2017-03-01,6794.0,7095.798602946779,6444.349919306337,7747.247286587221,True,1302.8973672808843,1302.8973672808843
prophet,22,1,2016-10-01,7426.0,7366.148068090151,6877.705145623102,7878.814553376918,True,1001.1094077538164,1001.1094077538164
prophet,22,2,2016-11-01,6700.0,6718.347956744188,6251.079466416762,7199.489132238334,True,948.4096658215713,948.4096658215713
prophet,22,3,2016-12-01,6994.0,7160.595732269605,6639.459674821973,7629.906738699848,True,990.4470638778748,990.4470638778748
prophet,22,4,2017-01-01,6788.0,7036.874177530219,6583.518466473236,7505.18800288053,True,921.6695364072939,921.6695364072939
prophet,22,5,2017-02-01,6271.0,6750.162187943549,6281.0793910792845,7238.366152478404,False,957.2867613991193,1360.4624045704995
prophet,22,6,2017-03-01,6794.0,7071.939514296397,6587.730695827463,7557.710629226106,True,969.979933398643,969.979933398643
sarima,23,1,2016-11-01,6700.0,6886.719901848365,6288.382735685816,7485.057068010914,True,1196.6743323250976,1196.6743323250976
sarima,23,2,2016-12-01,6994.0,7114.855560398108,6504.944265544782,7724.766855251433,True,1219.8225897066513,1219.8225897066513
sarima,23,3,2017-01-01,6788.0,7150.225775608299,6531.640559354455,7768.810991862143,True,1237.170432507688,1237.170432507688
sarima,23,4,2017-02-01,6271.0,6718.22395702815,6088.516115185006,7347.931798871294,True,1259.4156836862876,1259.4156836862876
sarima,23,5,2017-03-01,6794.0,7117.531069891335,6476.90855275802,7758.153587024651,True,1281.2450342666307,1281.2450342666307
sarima,23,6,2017-04-01,6884.0,7184.530467084842,6533.177148197934,7835.88378597175,True,1302.7066377738156,1302.7066377738156
prophet,23,1,2016-11-01,6700.0,6710.410538192185,6207.188337575749,7159.210056841165,True,952.0217192654163,952.0217192654163
prophet,23,2,2016-12-01,6994.0,7153.950606371897,6703.257707154697,7627.608533768642,True,924.3508266139452,924.3508266139452
prophet,23,3,2017-01-01,6788.0,7034.375624652781,6569.067445891081,7495.895818280572,True,926.828372389491,926.828372389491
prophet,23,4,2017-02-01,6271.0,6749.491302878026,6313.839326642685,7225.246752743894,False,911.4074261012092,2624.9804918085965
prophet,23,5,2017-03-01,6794.0,7069.69950091445,6626.191592649238,7549.511192175531,True,923.3195995262922,923.3195995262922
prophet,23,6,2017-04-01,6884.0,7119.536603404795,6651.27554216339,7605.052231939747,True,953.7766897763568,953.7766897763568
sarima,24,1,2016-12-01,6994.0,7068.6699947824,6474.375874653621,7662.9641149111785,True,1188.5882402575571,1188.5882402575571
sarima,24,2,2017-01-01,6788.0,7105.5703240192515,6503.054893287404,7708.085754751099,True,1205.0308614636942,1205.0308614636942
sarima,24,3,2017-02-01,6271.0,6673.557355325018,6062.022073998728,7285.092636651308,True,1223.0705626525796,1223.0705626525796
sarima,24,4,2017-03-01,6794.0,7073.0562914874945,6452.681767332977,7693.430815642012,True,1240.749048309035,1240.749048309035
sarima,24,5,2017-04-01,6884.0,7139.868854628593,6510.781349843485,7768.956359413701,True,1258.1750095702155,1258.1750095702155
sarima,24,6,2017-05-01,7651.0,7999.182534522216,7361.501216317996,8636.863852726436,True,1275.3626364084394,1275.3626364084394
prophet,24,1,2016-12-01,6994.0,7158.522558372588,6713.420861087051,7607.999067109843,True,894.5782060227921,894.5782060227921
prophet,24,2,2017-01-01,6788.0,7038.76650897298,6586.905659997826,7514.055097307076,True,927.1494373092501,927.1494373092501
prophet,24,3,2017-02-01,6271.0,6754.276144922391,6259.368076800779,7200.437303044433,True,941.0692262436542,941.0692262436542
prophet,24,4,2017-03-01,6794.0,7073.751337050503,6605.28650627463,7556.973790885637,True,951.6872846110073,951.6872846110073
prophet,24,5,2017-04-01,6884.0,7123.812616607326,6683.191919335391,7572.91192107428,True,889.7200017388896,889.7200017388896
prophet,24,6,2017-05-01,7651.0,7985.608914833529,7476.638790381746,8407.575591172928,True,930.9368007911826,930.9368007911826
sarima,25,1,2017-01-01,6788.0,7086.81652207394,6499.8241523187135,7673.808891829167,True,1173.9847395104534,1173.9847395104534
sarima,25,2,2017-02-01,6271.0,6656.624175497791,6058.671486550526,7254.576864445055,True,1195.905377894529,1195.905377894529
sarima,25,3,2017-03-01,6794.0,7056.366047033235,6450.470723504728,7662.261370561742,True,1211.7906470570142,1211.7906470570142
sarima,25,4,2017-04-01,6884.0,7123.020217180001,6509.377197150351,7736.663237209651,True,1227.2860400593,1227.2860400593
sarima,25,5,2017-05-01,7651.0,7982.442445499802,7361.151982741744,8603.732908257858,True,1242.580925516114,1242.580925516114
sarima,25,6,2017-06-01,8009.0,8292.965068493595,7664.120336631401,8921.80980035579,True,1257.6894637243886,1257.6894637243886
prophet,25,1,2017-01-01,6788.0,7033.919867562322,6601.834414004694,7499.33934711512,True,897.5049331104265,897.5049331104265
prophet,25,2,2017-02-01,6271.0,6744.939314089307,6301.43851763698,7232.3351714522605,False,930.8966538152808,2148.4373592944676
prophet,25,3,2017-03-01,6794.0,7060.6910533123855,6608.98260921473,7561.073203486639,True,952.0905942719091,952.0905942719091
prophet,25,4,2017-04-01,6884.0,7108.448199334104,6644.979279443115,7610.343742022146,True,965.3644625790312,965.3644625790312
prophet,25,5,2017-05-01,7651.0,7968.77822294236,7475.71021087961,8446.8307670369,True,971.1205561572897,971.1205561572897
prophet,25,6,2017-06-01,8009.0,8301.424485421036,7829.412180167736,8763.474641141052,True,934.0624609733168,934.0624609733168
sarima,26,1,2017-02-01,6271.0,6586.346431179893,6002.546959681329,7170.145902678458,True,1167.5989429971287,1167.5989429971287
sarima,26,2,2017-03-01,6794.0,7001.188874362566,6406.666271402964,7595.711477322167,True,1189.045205919203,1189.045205919203
sarima,26,3,2017-04-01,6884.0,7068.572671080514,6468.580537220688,7668.56480494034,True,1199.984267719652,1199.984267719652
sarima,26,4,2017-05-01,7651.0,7928.070098607689,7322.934725884897,8533.205471330482,True,1210.2707454455858,1210.2707454455858
sarima,26,5,2017-06-01,8009.0,8238.34647411617,7628.129315199551,8848.563633032789,True,1220.4343178332383,1220.4343178332383
sarima,26,6,2017-07-01,8694.0,8405.908018224838,7790.652277785678,9021.163758663999,True,1230.511480878321,1230.511480878321
prophet,26,1,2017-02-01,6271.0,6731.067304905908,6229.003479440779,7193.652558639564,True,964.6490791987844,964.6490791987844
prophet,26,2,2017-03-01,6794.0,7040.743501439486,6559.9014762661955,7523.20136575696,True,963.2998894907641,963.2998894907641
prophet,26,3,2017-04-01,6884.0,7085.101617037795,6604.8187495582115,7577.113520426526,True,972.2947708683141,972.2947708683141
prophet,26,4,2017-05-01,7651.0,7942.603500652903,7468.902077633535,8424.906038752086,True,956.0039611185512,956.0039611185512
prophet,26,5,2017-06-01,8009.0,8273.321182605061,7812.56794553405,8728.271992458369,True,915.7040469243193,915.7040469243193
prophet,26,6,2017-07-01,8694.0,8511.826430983416,8031.744944477328,8964.785386728494,True,933.0404422511656,933.0404422511656
sarima,27,1,2017-03-01,6794.0,6929.083440076418,6347.132971510444,7511.033908642392,True,1163.900937131948,1163.900937131948
sarima,27,2,2017-04-01,6884.0,7021.535888977721,6427.940393531915,7615.1313844235265,True,1187.1909908916114,1187.1909908916114
sarima,27,3,2017-05-01,7651.0,7883.716321736458,7286.240716810506,8481.19192666241,True,1194.9512098519044,1194.9512098519044
sarima,27,4,2017-06-01,8009.0,8193.935588139768,7593.168301055843,8794.702875223693,True,1201.5345741678502,1201.5345741678502
sarima,27,5,2017-07-01,8694.0,8361.638301624173,7757.652968511689,8965.623634736656,True,1207.9706662249664,1207.9706662249664
sarima,27,6,2017-08-01,8130.0,7949.28809829485,7342.107335151781,8556.46886143792,True,1214.3615262861385,1214.3615262861385
prophet,27,1,2017-03-01,6794.0,6998.263518496266,6547.941742213475,7494.713439567146,True,946.7716973536717,946.7716973536717
prophet,27,2,2017-04-01,6884.0,7036.074565427729,6585.4068068440765,7496.594849460414,True,911.188042616337,911.188042616337
prophet,27,3,2017-05-01,7651.0,7887.468505515526,7388.105360225275,8399.340529265173,True,1011.2351690398982,1011.2351690398982
prophet,27,4,2017-06-01,8009.0,8212.641106244517,7714.368831629294,8697.497808932056,True,983.128977302762,983.128977302762
prophet,27,5,2017-07-01,8694.0,8447.305418428181,7956.2299869245035,8913.763657045729,True,957.5336701212254,957.5336701212254
prophet,27,6,2017-08-01,8130.0,7974.5924276647165,7478.831997211326,8441.958801182034,True,963.1268039707084,963.1268039707084
sarima,28,1,2017-04-01,6884.0,6991.862061784144,6413.773521993801,7569.950601574487,True,1156.177079580686,1156.177079580686
sarima,28,2,2017-05-01,7651.0,7866.619635682781,7276.53612323023,8456.703148135333,True,1180.167024905103,1180.167024905103
sarima,28,3,2017-06-01,8009.0,8178.189842071167,7584.627559142033,8771.752125000301,True,1187.1245658582684,1187.1245658582684
sarima,28,4,2017-07-01,8694.0,8346.125874846814,7749.762031855319,8942.489717838307,True,1192.727685982988,1192.727685982988
sarima,28,5,2017-08-01,8130.0,7933.779923846627,7334.6991595917825,8532.860688101471,True,1198.1615285096887,1198.1615285096887
sarima,28,6,2017-09-01,7446.0,7442.0427309799825,6840.264090531671,8043.821371428294,True,1203.5572808966226,1203.5572808966226
prophet,28,1,2017-04-01,6884.0,7017.494997181311,6554.725685800377,7499.357690295426,True,944.6320044950498,944.6320044950498
prophet,28,2,2017-05-01,7651.0,7867.7952955179635,7414.524256483375,8376.217204248136,True,961.6929477647609,961.6929477647609
prophet,28,3,2017-06-01,8009.0,8191.397163884538,7704.762251875594,8660.295941642222,True,955.5336897666275,955.5336897666275
prophet,28,4,2017-07-01,8694.0,8424.466846306621,7942.049771911221,8863.552499113614,True,921.5027272023926,921.5027272023926
prophet,28,5,2017-08-01,8130.0,7950.55524393064,7489.958310642029,8420.661869603982,True,930.7035589619536,930.7035589619536
prophet,28,6,2017-09-01,7446.0,7449.649665716584,6977.072736651642,7954.156132041812,True,977.0833953901702,977.0833953901702
sarima,29,1,2017-05-01,7651.0,7843.779635510888,7269.6252459279785,8417.934025093797,True,1148.3087791658181,1148.3087791658181
sarima,29,2,2017-06-01,8009.0,8165.576864384753,7579.408514469032,8751.745214300474,True,1172.3366998314423,1172.3366998314423
sarima,29,3,2017-07-01,8694.0,8334.801841048347,7745.358108644838,8924.245573451857,True,1178.8874648070196,1178.8874648070196
sarima,29,4,2017-08-01,8130.0,7922.57217456935,7330.556581972364,8514.587767166335,True,1184.0311851939705,1184.0311851939705
sarima,29,5,2017-09-01,7446.0,7430.807253869745,6836.307081234089,8025.307426505401,True,1189.0003452713117,1189.0003452713117
sarima,29,6,2017-10-01,7282.0,7335.799557379367,6738.825884892571,7932.773229866163,True,1193.9473449735924,1193.9473449735924
prophet,29,1,2017-05-01,7651.0,7856.500131640686,7396.579813185637,8330.784320950377,True,934.2045077647399,934.2045077647399
prophet,29,2,2017-06-01,8009.0,8179.5479670881905,7721.671051609436,8653.93584471655,True,932.2647931071142,932.2647931071142
prophet,29,3,2017-07-01,8694.0,8412.007179628949,7951.452791876587,8897.911890128074,True,946.4590982514874,946.4590982514874
prophet,29,4,2017-08-01,8130.0,7937.5239504901565,7443.039482662369,8378.977879610822,True,935.9383969484534,935.9383969484534
prophet,29,5,2017-09-01,7446.0,7436.0260162063405,6956.326442536243,7888.635283585924,True,932.3088410496812,932.3088410496812
prophet,29,6,2017-10-01,7282.0,7400.526905059537,6936.678728126402,7893.702097927353,True,957.0233698009506,957.0233698009506
sarima,30,1,2017-06-01,8009.0,8125.00386965774,7553.5002435506585,8696.507495764823,True,1143.0072522141645,1143.0072522141645
sarima,30,2,2017-07-01,8694.0,8313.5746951454,7729.898959919202,8897.250430371598,True,1167.351470452396,1167.351470452396
sarima,30,3,2017-08-01,8130.0,7903.778613206567,7317.003940869551,8490.553285543581,True,1173.5493446740302,1173.5493446740302
sarima,30,4,2017-09-01,7446.0,7412.291042139801,6823.158426638305,8001.423657641297,True,1178.2652310029916,1178.2652310029916
sarima,30,5,2017-10-01,7282.0,7317.323140589893,6725.918939904118,7908.727341275669,True,1182.8084013715506,1182.8084013715506
sarima,30,6,2017-11-01,6830.0,6797.738899489722,6204.039753296889,7391.438045682555,True,1187.3982923856656,1187.3982923856656
prophet,30,1,2017-06-01,8009.0,8161.935029454313,7680.505911002151,8639.155018340563,True,958.6491073384123,958.6491073384123
prophet,30,2,2017-07-01,8694.0,8393.690260535339,7945.747459954088,8867.287428249134,True,921.5399682950456,921.5399682950456
prophet,30,3,2017-08-01,8130.0,7918.405989970719,7492.594094807444,8412.470674048263,True,919.8765792408194,919.8765792408194
prophet,30,4,2017-09-01,7446.0,7416.050707770375,6965.169805916874,7886.149268892141,True,920.9794629752669,920.9794629752669
prophet,30,5,2017-10-01,7282.0,7379.791346988338,6891.035627315082,7814.626537180156,True,923.5909098650745,923.5909098650745
prophet,30,6,2017-11-01,6830.0,6808.802430467502,6302.701196231326,7298.444294401974,True,995.7430981706475,995.7430981706475
sarima,31,1,2017-07-01,8694.0,8289.155607553017,7721.049018199859,8857.262196906175,True,1136.2131787063154,1136.2131787063154
sarima,31,2,2017-08-01,8130.0,7891.380895324095,7310.919777798566,8471.842012849624,True,1160.9222350510572,1160.9222350510572
sarima,31,3,2017-09-01,7446.0,7401.440738965185,6817.9436965990335,7984.937781331337,True,1166.9940847323032,1166.9940847323032
sarima,31,4,2017-10-01,7282.0,7306.718907777702,6720.950483492555,7892.487332062849,True,1171.5368485702948,1171.5368485702948
sarima,31,5,2017-11-01,6830.0,6786.973693628891,6198.9939626535015,7374.95342460428,True,1175.9594619507789,1175.9594619507789
sarima,31,6,2017-12-01,6946.0,7025.87639456564,6435.749235897421,7616.003553233859,True,1180.2543173364375,1180.2543173364375
prophet,31,1,2017-07-01,8694.0,8383.271044218272,7950.510649250316,8808.909792599266,True,858.39914334895,858.39914334895
prophet,31,2,2017-08-01,8130.0,7907.867083812402,7469.650759767929,8385.912896309763,True,916.2621365418336,916.2621365418336
prophet,31,3,2017-09-01,7446.0,7405.145797870905,6926.4240117669815,7858.434604659721,True,932.0105928927396,932.0105928927396
prophet,31,4,2017-10-01,7282.0,7368.375201401881,6899.542782985502,7850.476504802527,True,950.9337218170258,950.9337218170258
prophet,31,5,2017-11-01,6830.0,6797.258119181035,6296.1876407186455,7256.323960519264,True,960.1363198006184,960.1363198006184
prophet,31,6,2017-12-01,6946.0,7127.314647532179,6654.906991637975,7605.174245446951,True,950.2672538089764,950.2672538089764
sarima,32,1,2017-08-01,8130.0,7966.299582754296,7396.675970330814,8535.923195177778,True,1139.247224846964,1139.247224846964
sarima,32,2,2017-09-01,7446.0,7421.60236162921,6841.133426553452,8002.071296704967,True,1160.9378701515143,1160.9378701515143
sarima,32,3,2017-10-01,7282.0,7317.2536047345875,6735.9722831918225,7898.5349262773525,True,1162.56264308553,1162.56264308553
sarima,32,4,2017-11-01,6830.0,6794.394256275744,6212.904832307468,7375.88368024402,True,1162.9788479365525,1162.9788479365525
sarima,32,5,2017-12-01,6946.0,7032.90495221309,6451.248834403257,7614.561070022923,True,1163.3122356196654,1163.3122356196654
sarima,32,6,2018-01-01,6886.0,7035.913948494001,6455.507813320598,7616.320083667403,True,1160.8122703468052,1160.8122703468052
prophet,32,1,2017-08-01,8130.0,7927.955420347884,7471.6439833965505,8421.338719597125,True,949.694736200574,949.694736200574
prophet,32,2,2017-09-01,7446.0,7426.0746059429675,6925.367374503754,7906.137594766751,True,980.7702202629971,980.7702202629971
prophet,32,3,2017-10-01,7282.0,7390.519836726078,6918.216098428898,7855.399258812053,True,937.1831603831552,937.1831603831552
prophet,32,4,2017-11-01,6830.0,6820.404086851596,6364.566906051629,7312.466630423594,True,947.899724371965,947.899724371965
prophet,32,5,2017-12-01,6946.0,7151.618373435915,6698.804239638023,7617.516116612283,True,918.7118769742601,918.7118769742601
prophet,32,6,2018-01-01,6886.0,7058.694202477616,6584.114984695416,7515.464553068464,True,931.349568373048,931.349568373048
sarima,33,1,2017-09-01,7446.0,7456.205654995839,6888.9778145423315,8023.433495449346,True,1134.4556809070145,1134.4556809070145
sarima,33,2,2017-10-01,7282.0,7328.5235023956,6749.5049774454765,7907.542027345724,True,1158.0370499002474,1158.0370499002474
sarima,33,3,2017-11-01,6830.0,6801.127065782644,6221.115147358486,7381.138984206803,True,1160.023836848317,1160.023836848317
sarima,33,4,2017-12-01,6946.0,7039.7985436899235,6459.518263109218,7620.0788242706285,True,1160.56056116141,1160.56056116141
sarima,33,5,2018-01-01,6886.0,7043.014586677245,6464.013202756365,7622.015970598124,True,1158.0027678417591,1158.0027678417591
sarima,33,6,2018-02-01,5960.0,6599.815171057973,6020.804565363437,7178.825776752509,False,1158.021211389072,3590.203825926559
prophet,33,1,2017-09-01,7446.0,7432.074620722848,6908.919628384882,7891.641141812716,True,982.721513427834,982.721513427834
prophet,33,2,2017-10-01,7282.0,7396.492082636456,6961.4793492857525,7843.018964439318,True,881.5396151535651,881.5396151535651
prophet,33,3,2017-11-01,6830.0,6827.112481404151,6356.568812018673,7294.329645508379,True,937.7608334897059,937.7608334897059
prophet,33,4,2017-12-01,6946.0,7159.582552477637,6672.273589418287,7663.585167168385,True,991.311577750098,991.311577750098
prophet,33,5,2018-01-01,6886.0,7066.609452545405,6617.120007296088,7552.725004986385,True,935.6049976902968,935.6049976902968
prophet,33,6,2018-02-01,5960.0,6645.672998488072,6184.873116717807,7095.141099361708,False,910.2679826439016,9905.192651356167
sarima,34,1,2017-10-01,7282.0,7352.520138177405,6787.530222140942,7917.510054213868,True,1129.979832072926,1129.979832072926
sarima,34,2,2017-11-01,6830.0,6832.740852496627,6255.676049783965,7409.8056552092885,True,1154.1296054253235,1154.1296054253235
sarima,34,3,2017-12-01,6946.0,7072.243992332689,6492.584647966373,7651.903336699005,True,1159.318688732632,1159.318688732632
sarima,34,4,2018-01-01,6886.0,7070.58100664521,6490.9088225159185,7650.253190774502,True,1159.344368258584,1159.344368258584
sarima,34,5,2018-02-01,5960.0,6627.289889288598,6045.862955390617,7208.716823186579,False,1162.8538677959623,4597.372083420629
sarima,34,6,2018-03-01,6930.0,7043.10805849082,6459.947468161536,7626.268648820105,True,1166.3211806585696,1166.3211806585696
prophet,34,1,2017-10-01,7282.0,7403.642005523977,6923.0654524087595,7847.94737720614,True,924.8819247973806,924.8819247973806
prophet,34,2,2017-11-01,6830.0,6834.014110308868,6372.902560702952,7271.26462095151,True,898.362060248558,898.362060248558
prophet,34,3,2017-12-01,6946.0,7166.927424904119,6721.43929466505,7673.213082972961,True,951.7737883079117,951.7737883079117
prophet,34,4,2018-01-01,6886.0,7074.525658755601,6636.936701191271,7524.994783994408,True,888.058082803137,888.058082803137
prophet,34,5,2018-02-01,5960.0,6654.22437400133,6205.000127242083,7141.697566844592,False,936.6974396025089,10736.702529285836
prophet,34,6,2018-03-01,6930.0,7047.476314801891,6581.408297225523,7515.778910038105,True,934.3706128125823,934.3706128125823
sarima,35,1,2017-11-01,6830.0,6791.254803403003,6231.350605040068,7351.159001765938,True,1119.80839672587,1119.80839672587
sarima,35,2,2017-12-01,6946.0,7037.227864201575,6465.930350340918,7608.525378062232,True,1142.5950277213142,1142.5950277213142
sarima,35,3,2018-01-01,6886.0,7040.169266554575,6469.484206163796,7610.854326945354,True,1141.3701207815575,1141.3701207815575
sarima,35,4,2018-02-01,5960.0,6596.998641091261,6026.190433752414,7167.8068484301075,False,1141.6164146776937,3789.233764774246
sarima,35,5,2018-03-01,6930.0,7013.10896817083,6442.278541443064,7583.939394898596,True,1141.6608534555326,1141.6608534555326
sarima,35,6,2018-04-01,6769.0,7081.317080989193,6510.482483757212,7652.151678221173,True,1141.6691944639606,1141.6691944639606
prophet,35,1,2017-11-01,6830.0,6829.924950339233,6345.310714049132,7295.225042173287,True,949.914328124155,949.914328124155
prophet,35,2,2017-12-01,6946.0,7162.239541444369,6722.451425623683,7623.991290092654,True,901.5398644689712,901.5398644689712
prophet,35,3,2018-01-01,6886.0,7071.40306673128,6601.647704230548,7533.867028921779,True,932.2193246912311,932.2193246912311
prophet,35,4,2018-02-01,5960.0,6651.603809637276,6209.286633980134,7083.6966946813,False,874.410060701166,10845.875419906524
prophet,35,5,2018-03-01,6930.0,7045.097760984246,6564.6652379382085,7500.474762186647,True,935.8095242484387,935.8095242484387
prophet,35,6,2018-04-01,6769.0,7131.067183227879,6648.301612317285,7560.410390745055,True,912.1087784277706,912.1087784277706
sarima,36,1,2017-12-01,6946.0,7067.76113568916,6509.905759183768,7625.616512194552,True,1115.7107530107842,1115.7107530107842
sarima,36,2,2018-01-01,6886.0,7064.553550322802,6497.08978085892,7632.017319786684,True,1134.9275389277645,1134.9275389277645
sarima,36,3,2018-02-01,5960.0,6621.050408569341,6051.145807326973,7190.955009811709,False,1139.8092024847356,4785.641495563665
sarima,36,4,2018-03-01,6930.0,7036.986801769315,6465.392490696168,7608.581112842462,True,1143.1886221462937,1143.1886221462937
sarima,36,5,2018-04-01,6769.0,7105.38988790696,6532.20424949687,7678.57552631705,True,1146.3712768201804,1146.3712768201804
sarima,36,6,2018-05-01,7511.0,7954.109394140083,7379.349592942976,8528.869195337189,True,1149.5196023942126,1149.5196023942126
prophet,36,1,2017-12-01,6946.0,7159.63277812255,6688.081358633385,7638.724698435667,True,950.6433398022818,950.6433398022818
prophet,36,2,2018-01-01,6886.0,7068.196673676625,6607.647034207194,7545.520217088969,True,937.8731828817745,937.8731828817745
prophet,36,3,2018-02-01,5960.0,6647.390201972196,6209.981003058062,7143.200678878821,False,933.2196758207592,10932.45979814324
prophet,36,4,2018-03-01,6930.0,7040.572037257568,6554.095283848076,7503.7038885529355,True,949.6086047048593,949.6086047048593
prophet,36,5,2018-04-01,6769.0,7126.531572519209,6689.498749706447,7591.040187610544,True,901.5414379040976,901.5414379040976
prophet,36,6,2018-05-01,7511.0,8010.334059851347,7563.910532446589,8458.713081732483,False,894.8025492858942,3011.2238471494566
sarima,37,1,2018-01-01,6886.0,7022.0841522630735,6470.309354106095,7573.858950420052,True,1103.5495963139565,1103.5495963139565
sarima,37,2,2018-02-01,5960.0,6591.4705243949575,6028.700788733998,7154.240260055917,False,1125.5394713219193,3873.571020681831
sarima,37,3,2018-03-01,6930.0,7009.860081167426,6446.264891508595,7573.455270826257,True,1127.1903793176625,1127.1903793176625
sarima,37,4,2018-04-01,6769.0,7078.3813101317055,6514.674737230561,7642.08788303285,True,1127.4131458022894,1127.4131458022894
sarima,37,5,2018-05-01,7511.0,7927.139903841176,7363.414890231568,8490.864917450785,True,1127.4500272192163,1127.4500272192163
sarima,37,6,2018-06-01,8057.0,8242.686958913373,7678.958698324529,8806.415219502216,True,1127.4565211776871,1127.4565211776871
prophet,37,1,2018-01-01,6886.0,7049.913086537523,6597.769690439626,7535.233488702835,True,937.4637982632084,937.4637982632084
prophet,37,2,2018-02-01,5960.0,6628.377278397948,6184.53102635569,7086.104636542145,False,901.573610186455,9882.814664414067
prophet,37,3,2018-03-01,6930.0,7019.960917452462,6560.555680168155,7452.848208485769,True,892.2925283176137,892.2925283176137
prophet,37,4,2018-04-01,6769.0,7106.421148316425,6634.125364194312,7568.098380414313,True,933.9730162200012,933.9730162200012
prophet,37,5,2018-05-01,7511.0,7990.7109531919705,7518.091308691676,8470.581166470616,False,952.48985777894,1236.142205445988
prophet,37,6,2018-06-01,8057.0,8299.510013036428,7855.8550293659455,8753.112037917002,True,897.257008551057,897.257008551057
sarima,38,1,2018-02-01,5960.0,6562.879763305456,6014.68127748271,7111.0782491282025,False,1096.3969716454922,3283.6480709539064
sarima,38,2,2018-03-01,6930.0,7000.063293520705,6440.545098798933,7559.581488242477,True,1119.0363894435432,1119.0363894435432
sarima,38,3,2018-04-01,6769.0,7071.800277626921,6511.408299245621,7632.192256008222,True,1120.7839567626015,1120.7839567626015
sarima,38,4,2018-05-01,7511.0,7921.202803215371,7360.691194985256,8481.714411445488,True,1121.023216460232,1121.023216460232
sarima,38,5,2018-06-01,8057.0,8236.838674496135,7676.3070868714985,8797.370262120772,True,1121.0631752492736,1121.0631752492736
sarima,38,6,2018-07-01,8175.0,8468.607011627126,7908.071680284314,9029.142342969937,True,1121.0706626856227,1121.0706626856227
prophet,38,1,2018-02-01,5960.0,6625.020344852111,6161.079083333396,7086.349345980885,False,925.2702626474893,8968.433595983322
prophet,38,2,2018-03-01,6930.0,7015.164430486075,6561.713440581655,7469.020550773332,True,907.3071101916767,907.3071101916767
prophet,38,3,2018-04-01,6769.0,7101.434729836437,6641.635051672947,7565.187594575859,True,923.5525429029121,923.5525429029121
prophet,38,4,2018-05-01,7511.0,7985.424655287369,7516.097180052885,8413.749331630046,False,897.652151577161,1101.539353692563
prophet,38,5,2018-06-01,8057.0,8294.003095132233,7811.966300992365,8755.192987667551,True,943.2266866751861,943.2266866751861
prophet,38,6,2018-07-01,8175.0,8467.180572186424,8005.172131175963,8921.55137998267,True,916.3792488067065,916.3792488067065
sarima,39,1,2018-03-01,6930.0,6867.903278870705,6309.178884719203,7426.627673022208,True,1117.4487883030051,1117.4487883030051
sarima,39,2,2018-04-01,6769.0,7028.11491664109,6456.416813070198,7599.813020211981,True,1143.3962071417827,1143.3962071417827
sarima,39,3,2018-05-01,7511.0,7893.909812375081,7321.153527903573,8466.66609684659,True,1145.512568943016,1145.512568943016
sarima,39,4,2018-06-01,8057.0,8212.573630281933,7639.665989817404,8785.481270746463,True,1145.8152809290586,1145.8152809290586
sarima,39,5,2018-07-01,8175.0,8444.867939790973,7871.933024974596,9017.80285460735,True,1145.869829632753,1145.869829632753
sarima,39,6,2018-08-01,8328.0,8014.074347517519,7441.132674308218,8587.01602072682,True,1145.8833464186018,1145.8833464186018
prophet,39,1,2018-03-01,6930.0,6970.532046340782,6488.267698322522,7432.300948193572,True,944.0332498710504,944.0332498710504
prophet,39,2,2018-04-01,6769.0,7057.731138403659,6608.589757382939,7539.108104282389,True,930.5183468994501,930.5183468994501
prophet,39,3,2018-05-01,7511.0,7942.792776855346,7465.003699347027,8435.287626028667,True,970.28392668164,970.28392668164
prophet,39,4,2018-06-01,8057.0,8252.363857310702,7760.560879838209,8720.177390899305,True,959.6165110610964,959.6165110610964
prophet,39,5,2018-07-01,8175.0,8426.083940392384,7962.415709307755,8865.791922801813,True,903.376213494058,903.376213494058
prophet,39,6,2018-08-01,8328.0,8045.798691675085,7559.451438749801,8504.719800638897,True,945.268361889096,945.268361889096
sarima,40,1,2018-04-01,6769.0,7041.782914633216,6486.717527586016,7596.848301680416,True,1110.1307740943994,1110.1307740943994
sarima,40,2,2018-05-01,7511.0,7898.297935752206,7331.109269701332,8465.48660180308,True,1134.3773321017488,1134.3773321017488
sarima,40,3,2018-06-01,8057.0,8215.227303023048,7647.091532044655,8783.363074001441,True,1136.2715419567867,1136.2715419567867
sarima,40,4,2018-07-01,8175.0,8447.21446685682,7878.946726294161,9015.48220741948,True,1136.5354811253192,1136.5354811253192
sarima,40,5,2018-08-01,8328.0,8016.257025283932,7447.965099585719,8584.548950982145,True,1136.5838513964263,1136.5838513964263
sarima,40,6,2018-09-01,7325.0,7500.460509691907,6932.158340161635,8068.762679222178,True,1136.6043390605428,1136.6043390605428
prophet,40,1,2018-04-01,6769.0,7059.446109362861,6580.587418096704,7531.0640758765885,True,950.4766577798846,950.4766577798846
prophet,40,2,2018-05-01,7511.0,7944.438373427374,7476.403638806833,8415.673465197153,True,939.2698263903194,939.2698263903194
prophet,40,3,2018-06-01,8057.0,8253.838979119379,7774.894390808442,8731.05224384937,True,956.1578530409279,956.1578530409279
prophet,40,4,2018-07-01,8175.0,8427.246451542525,7948.476274089689,8910.667620764452,True,962.1913466747637,962.1913466747637
prophet,40,5,2018-08-01,8328.0,8047.113481518871,7613.984009589234,8497.64081607186,True,883.656806482626,883.656806482626
prophet,40,6,2018-09-01,7325.0,7542.5169806219355,7056.141704470557,8001.017762391194,True,944.8760579206373,944.8760579206373
sarima,41,1,2018-05-01,7511.0,7822.269117037323,7265.086113293615,8379.45212078103,True,1114.3660074874151,1114.3660074874151
sarima,41,2,2018-06-01,8057.0,8167.644190832107,7597.22929765594,8738.059084008273,True,1140.829786352333,1140.829786352333
sarima,41,3,2018-07-01,8175.0,8403.613886006526,7830.253793109198,8976.973978903854,True,1146.7201857946557,1146.7201857946557
sarima,41,4,2018-08-01,8328.0,7973.199069716886,7397.7929887226255,8548.605150711146,True,1150.8121619885205,1150.8121619885205
sarima,41,5,2018-09-01,7325.0,7457.540453929991,6880.2099919801585,8034.870915879823,True,1154.6609238996643,1154.6609238996643
sarima,41,6,2018-10-01,7202.0,7353.991712442923,6774.750796797095,7933.232628088751,True,1158.481831291656,1158.481831291656
prophet,41,1,2018-05-01,7511.0,7915.403595411631,7437.389662339741,8446.251963086168,True,1008.8623007464266,1008.8623007464266
prophet,41,2,2018-06-01,8057.0,8224.442352366828,7707.557536600535,8690.241371552866,True,982.6838349523305,982.6838349523305
prophet,41,3,2018-07-01,8175.0,8393.179543592405,7902.431755030577,8904.079494231113,True,1001.6477392005363,1001.6477392005363
prophet,41,4,2018-08-01,8328.0,8011.863567450118,7541.0517100167735,8489.535881204623,True,948.4841711878498,948.4841711878498
prophet,41,5,2018-09-01,7325.0,7507.180757285212,7035.0400351629505,8004.950422623664,True,969.9103874607135,969.9103874607135
prophet,41,6,2018-10-01,7202.0,7365.44071475704,6900.8903730304855,7859.187943017916,True,958.2975699874305,958.2975699874305
sarima,42,1,2018-06-01,8057.0,8051.861597514882,7491.88296110622,8611.840233923545,True,1119.9572728173252,1119.9572728173252
sarima,42,2,2018-07-01,8175.0,8306.055198086986,7730.706056052783,8881.404340121187,True,1150.698284068404,1150.698284068404
sarima,42,3,2018-08-01,8328.0,7877.1467020126265,7294.9696709316495,8459.323733093603,True,1164.3540621619532,1164.3540621619532
sarima,42,4,2018-09-01,7325.0,7361.6228553580095,6773.33950936987,7949.906201346149,True,1176.566691976279,1176.566691976279
sarima,42,5,2018-10-01,7202.0,7258.509641169657,6664.241969676486,7852.777312662827,True,1188.5353429863408,1188.5353429863408
sarima,42,6,2018-11-01,7161.0,6748.2827977641955,6148.077182676927,7348.488412851464,True,1200.4112301745372,1200.4112301745372
prophet,42,1,2018-06-01,8057.0,8172.740066113414,7728.444652366858,8712.413481932108,True,983.9688295652504,983.9688295652504
prophet,42,2,2018-07-01,8175.0,8369.33251331712,7880.442752850971,8867.722929910511,True,987.2801770595397,987.2801770595397
prophet,42,3,2018-08-01,8328.0,7960.381498268,7504.52615636917,8473.569439758583,True,969.0432833894129,969.0432833894129
prophet,42,4,2018-09-01,7325.0,7448.818211283389,6977.392756837581,7965.879068358184,True,988.4863115206026,988.4863115206026
prophet,42,5,2018-10-01,7202.0,7326.569621669194,6830.053622394669,7793.5560670847435,True,963.5024446900743,963.5024446900743
prophet,42,6,2018-11-01,7161.0,6837.125950385446,6368.700306910683,7306.558866949187,True,937.858560038504,937.858560038504
sarima,43,1,2018-07-01,8175.0,8309.974627262443,7753.352248511359,8866.597006013528,True,1113.2447575021688,1113.2447575021688
sarima,43,2,2018-08-01,8328.0,7880.9616103623575,7309.20563464175,8452.717586082965,True,1143.5119514412145,1143.5119514412145
sarima,43,3,2018-09-01,7325.0,7365.404475507894,6787.118630916835,7943.690320098953,True,1156.5716891821176,1156.5716891821176
sarima,43,4,2018-10-01,7202.0,7262.319482619258,6678.231184784305,7846.407780454212,True,1168.1765956699073,1168.1765956699073
sarima,43,5,2018-11-01,7161.0,6751.994092826532,6162.208588300556,7341.779597352509,True,1179.5710090519533,1179.5710090519533
sarima,43,6,2018-12-01,7409.0,6977.902173143992,6382.536420590261,7573.267925697723,True,1190.731505107462,1190.731505107462
prophet,43,1,2018-07-01,8175.0,8349.589565069224,7898.15440300372,8809.940775107916,True,911.7863721041958,911.7863721041958
prophet,43,2,2018-08-01,8328.0,7946.3115488413005,7496.527939313807,8388.970097555779,True,892.4421582419718,892.4421582419718
prophet,43,3,2018-09-01,7325.0,7435.054481527375,6959.9729873864,7914.0321550938115,True,954.0591677074117,954.0591677074117
prophet,43,4,2018-10-01,7202.0,7306.582853757365,6810.766883822141,7776.465212773004,True,965.6983289508635,965.6983289508635
prophet,43,5,2018-11-01,7161.0,6820.306400372961,6340.160010878937,7288.1521573048785,True,947.9921464259414,947.9921464259414
prophet,43,6,2018-12-01,7409.0,7067.269146827634,6627.963699012303,7564.515085399845,True,936.5513863875422,936.5513863875422
sarima,44,1,2018-08-01,8328.0,7825.446638784238,7270.2599781183235,8380.633299450152,True,1110.3733213318283,1110.3733213318283
sarima,44,2,2018-09-01,7325.0,7315.109097221747,6744.505036980983,7885.713157462511,True,1141.2081204815277,1141.2081204815277
sarima,44,3,2018-10-01,7202.0,7212.621731369192,6632.744433620181,7792.499029118204,True,1159.7545954980233,1159.7545954980233
sarima,44,4,2018-11-01,7161.0,6703.764175248152,6115.086045780802,7292.442304715502,True,1177.3562589347002,1177.3562589347002
sarima,44,5,2018-12-01,7409.0,6930.512243150964,6333.272115091674,7527.752371210255,True,1194.4802561185807,1194.4802561185807
sarima,44,6,2019-01-01,7117.0,6918.098516886737,6313.595000121033,7522.602033652442,True,1209.0070335314085,1209.0070335314085
prophet,44,1,2018-08-01,8328.0,7921.4104595244735,7437.697474915068,8373.078769363226,True,935.3812944481588,935.3812944481588
prophet,44,2,2018-09-01,7325.0,7411.731680008606,6984.214863203634,7859.252139357716,True,875.0372761540821,875.0372761540821
prophet,44,3,2018-10-01,7202.0,7268.99014001812,6825.658108704159,7746.317315841376,True,920.659207137217,920.659207137217
prophet,44,4,2018-11-01,7161.0,6793.231014155298,6348.5097446811,7256.854139753355,True,908.3443950722558,908.3443950722558
prophet,44,5,2018-12-01,7409.0,7030.956008018042,6538.248411223499,7474.352775637718,True,936.1043644142192,936.1043644142192
prophet,44,6,2019-01-01,7117.0,6987.7158918139885,6527.51989322206,7435.0761874139025,True,907.5562941918424,907.5562941918424
sarima,45,1,2018-09-01,7325.0,7543.910934669602,6990.523710620752,8097.298158718452,True,1106.7744480976999,1106.7744480976999
sarima,45,2,2018-10-01,7202.0,7389.122713436028,6823.132404172355,7955.113022699701,True,1131.9806185273465,1131.9806185273465
sarima,45,3,2018-11-01,7161.0,6865.764283286321,6298.719083054363,7432.809483518279,True,1134.090400463916,1134.090400463916
sarima,45,4,2018-12-01,7409.0,7089.226446821758,6521.91441261703,7656.538481026486,True,1134.6240684094555,1134.6240684094555
sarima,45,5,2019-01-01,7117.0,7080.412559364296,6514.073676061611,7646.75144266698,True,1132.6777666053695,1132.6777666053695
sarima,45,6,2019-02-01,6307.0,6584.059866238062,6017.714051200314,7150.405681275809,True,1132.6916300754947,1132.6916300754947
prophet,45,1,2018-09-01,7325.0,7452.854898507665,6943.673436700172,7911.333783290376,True,967.6603465902044,967.6603465902044
prophet,45,2,2018-10-01,7202.0,7323.176150469761,6892.310032054072,7808.891712939565,True,916.5816808854934,916.5816808854934
prophet,45,3,2018-11-01,7161.0,6839.798706105882,6369.756765794254,7315.319227556058,True,945.5624617618041,945.5624617618041
prophet,45,4,2018-12-01,7409.0,7086.931974757839,6618.3201200439435,7528.263206605738,True,909.9430865617942,909.9430865617942
prophet,45,5,2019-01-01,7117.0,7038.981840256897,6579.3548291159195,7499.7814082703135,True,920.426579154394,920.426579154394
prophet,45,6,2019-02-01,6307.0,6521.547297763416,6056.160204311764,7003.46465967315,True,947.3044553613863,947.3044553613863
sarima,46,1,2018-10-01,7202.0,7301.025842309049,6745.7139282366015,7856.337756381497,True,1110.623828144895,1110.623828144895
sarima,46,2,2018-11-01,7161.0,6799.367624654067,6231.440931288964,7367.2943180191705,True,1135.8533867302067,1135.8533867302067
sarima,46,3,2018-12-01,7409.0,7025.332557153702,6453.521536707091,7597.143577600312,True,1143.6220408932204,1143.6220408932204
sarima,46,4,2019-01-01,7117.0,7012.816302087727,6439.298220056439,7586.334384119015,True,1147.036164062576,1147.036164062576
sarima,46,5,2019-02-01,6307.0,6516.535946590055,5939.89877426201,7093.173118918099,True,1153.274344656089,1153.274344656089
sarima,46,6,2019-03-01,7067.0,6992.920167968334,6413.191683522054,7572.648652414614,True,1159.4569688925603,1159.4569688925603
prophet,46,1,2018-10-01,7202.0,7329.036326104995,6842.320520362782,7803.517813308677,True,961.1972929458952,961.1972929458952
prophet,46,2,2018-11-01,7161.0,6837.436831350038,6373.467890512872,7328.080575844544,True,954.6126853316719,954.6126853316719
prophet,46,3,2018-12-01,7409.0,7090.623913795762,6660.160426533362,7582.540843633541,True,922.3804171001793,922.3804171001793
prophet,46,4,2019-01-01,7117.0,7036.7742938482625,6567.614094470366,7494.457571049564,True,926.8434765791981,926.8434765791981
prophet,46,5,2019-02-01,6307.0,6523.287364963164,6067.723925563028,7014.467580675415,True,946.7436551123865,946.7436551123865
prophet,46,6,2019-03-01,7067.0,6970.889352537169,6464.808244068482,7432.956587458724,True,968.1483433902422,968.1483433902422
sarima,47,1,2018-11-01,7161.0,6822.2312957475115,6273.605713114982,7370.856878380041,True,1097.2511652650592,1097.2511652650592
sarima,47,2,2018-12-01,7409.0,7071.813020421609,6511.6474849194865,7631.978555923731,True,1120.3310710042442,1120.3310710042442
sarima,47,3,2019-01-01,7117.0,7065.953701850161,6506.072722718215,7625.834680982108,True,1119.7619582638927,1119.7619582638927
sarima,47,4,2019-02-01,6307.0,6570.299951603183,6010.298477448516,7130.301425757851,True,1120.002948309335,1120.002948309335
sarima,47,5,2019-03-01,7067.0,7047.292676822547,6487.268470394156,7607.316883250938,True,1120.0484128567823,1120.0484128567823
sarima,47,6,2019-04-01,7108.0,7090.362887120403,6530.333455533844,7650.392318706961,True,1120.058863173117,1120.058863173117
prophet,47,1,2018-11-01,7161.0,6824.402626767307,6345.879037725842,7297.584817966315,True,951.7057802404734,951.7057802404734
prophet,47,2,2018-12-01,7409.0,7067.334482875054,6626.365539069201,7530.517504635936,True,904.1519655667353,904.1519655667353
prophet,47,3,2019-01-01,7117.0,7023.563748201137,6590.260833034988,7499.951215290902,True,909.6903822559143,909.6903822559143
prophet,47,4,2019-02-01,6307.0,6503.6510551438905,6008.455145233843,6974.735787622696,True,966.2806423888533,966.2806423888533
prophet,47,5,2019-03-01,7067.0,6932.316724747732,6478.751239943989,7378.920961793726,True,900.1697218497366,900.1697218497366
prophet,47,6,2019-04-01,7108.0,7011.311072233381,6571.876743152321,7453.813258516796,True,881.9365153644749,881.9365153644749
sarima,48,1,2018-12-01,7409.0,7109.441995404321,6556.182018979956,7662.701971828685,True,1106.5199528487283,1106.5199528487283
sarima,48,2,2019-01-01,7117.0,7059.682935489198,6496.618064148607,7622.747806829789,True,1126.1297426811816,1126.1297426811816
sarima,48,3,2019-02-01,6307.0,6558.311523784673,5992.838411683293,7123.784635886053,True,1130.9462242027603,1130.9462242027603
sarima,48,4,2019-03-01,7067.0,7034.077071419441,6466.924963184491,7601.229179654391,True,1134.3042164699,1134.3042164699
sarima,48,5,2019-04-01,7108.0,7077.37354342025,6508.637297070521,7646.109789769979,True,1137.4724926994586,1137.4724926994586
sarima,48,6,2019-05-01,7776.0,7914.395633456292,7344.09183903263,8484.699427879954,True,1140.6075888473242,1140.6075888473242
prophet,48,1,2018-12-01,7409.0,7100.850782834216,6634.2642902285925,7573.545823053171,True,939.2815328245788,939.2815328245788
prophet,48,2,2019-01-01,7117.0,7057.220883579951,6574.4663852598,7555.120487276975,True,980.6541020171753,980.6541020171753
prophet,48,3,2019-02-01,6307.0,6539.743920650569,6077.809533158692,6992.44398292105,True,914.6344497623577,914.6344497623577
prophet,48,4,2019-03-01,7067.0,6971.595800996729,6478.40690048801,7407.524987721568,True,929.1180872335581,929.1180872335581
prophet,48,5,2019-04-01,7108.0,7051.02398967219,6610.166264663608,7534.2352083446995,True,924.0689436810917,924.0689436810917
prophet,48,6,2019-05-01,7776.0,7951.739218359421,7478.425788734949,8443.005278052424,True,964.5794893174752,964.5794893174752
sarima,49,1,2019-01-01,7117.0,7145.040593027168,6596.909690489144,7693.171495565192,True,1096.2618050760484,1096.2618050760484
sarima,49,2,2019-02-01,6307.0,6602.228534417343,6042.262477805804,7162.194591028882,True,1119.932113223078,1119.932113223078
sarima,49,3,2019-03-01,7067.0,7070.421508569302,6509.560436201611,7631.282580936993,True,1121.7221447353822,1121.7221447353822
sarima,49,4,2019-04-01,7108.0,7111.8785511833885,6550.8953045180315,7672.8617978487455,True,1121.966493330714,1121.966493330714
sarima,49,5,2019-05-01,7776.0,7948.612127518581,7387.607748929643,8509.616506107517,True,1122.008757177874,1122.008757177874
sarima,49,6,2019-06-01,8274.0,8289.27369221364,7728.265391307927,8850.281993119352,True,1122.016601811425,1122.016601811425
prophet,49,1,2019-01-01,7117.0,7086.416421288842,6603.104618310641,7564.603062775458,True,961.4984444648171,961.4984444648171
prophet,49,2,2019-02-01,6307.0,6568.325102955258,6092.3610304036665,7026.2250189895585,True,933.863988585892,933.863988585892
prophet,49,3,2019-03-01,7067.0,6988.939238078971,6530.81871890353,7460.4659224649195,True,929.6472035613897,929.6472035613897
prophet,49,4,2019-04-01,7108.0,7079.741794167888,6633.0421945356875,7597.80615716894,True,964.763962633253,964.763962633253
prophet,49,5,2019-05-01,7776.0,7993.070557878216,7520.53737704096,8458.793110623892,True,938.2557335829324,938.2557335829324
prophet,49,6,2019-06-01,8274.0,8327.732493470203,7820.42543474253,8787.711536078688,True,967.286101336158,967.286101336158
sarima,50,1,2019-02-01,6307.0,6595.8046101412365,6051.270332601528,7140.338887680945,True,1089.068555079417,1089.068555079417
sarima,50,2,2019-03-01,7067.0,7068.237982868816,6511.8828923344,7624.593073403233,True,1112.7101810688328,1112.7101810688328
sarima,50,3,2019-04-01,7108.0,7110.417975140986,6553.158991106174,7667.6769591757975,True,1114.5179680696237,1114.5179680696237
sarima,50,4,2019-05-01,7776.0,7947.32269795445,7389.939646170747,8504.705749738152,True,1114.7661035674046,1114.7661035674046
sarima,50,5,2019-06-01,8274.0,8288.069547913712,7730.6651010421065,8845.473994785318,True,1114.8088937432112,1114.8088937432112
sarima,50,6,2019-07-01,8919.0,8507.64211650247,7950.233537561601,9065.050695443339,True,1114.8171578817373,1114.8171578817373
prophet,50,1,2019-02-01,6307.0,6573.084555545357,6113.277206712453,7033.5814175093665,True,920.3042107969131,920.3042107969131
prophet,50,2,2019-03-01,7067.0,6989.978783474273,6509.989675991872,7432.069947011393,True,922.0802710195212,922.0802710195212
prophet,50,3,2019-04-01,7108.0,7085.032033059273,6642.945512378768,7534.779144449226,True,891.8336320704575,891.8336320704575
prophet,50,4,2019-05-01,7776.0,8004.975763644756,7533.34842691546,8489.224530162563,True,955.876103247103,955.876103247103
prophet,50,5,2019-06-01,8274.0,8339.556639123914,7808.792512610644,8800.896875196582,True,992.1043625859384,992.1043625859384
prophet,50,6,2019-07-01,8919.0,8359.975126091831,7907.1173670394155,8815.153922713345,False,908.0365556739298,5061.879647140117
sarima,51,1,2019-03-01,7067.0,7007.579301324514,6463.403131964184,7551.755470684844,True,1088.3523387206606,1088.3523387206606
sarima,51,2,2019-04-01,7108.0,7091.043367716838,6535.333382979825,7646.75335245385,True,1111.4199694740255,1111.4199694740255
sarima,51,3,2019-05-01,7776.0,7935.436648160663,7378.863736985237,8492.00955933609,True,1113.1458223508525,1113.1458223508525
sarima,51,4,2019-06-01,8274.0,8277.502234465348,7720.812448095837,8834.192020834858,True,1113.3795727390216,1113.3795727390216
sarima,51,5,2019-07-01,8919.0,8497.317781372372,7940.607874079224,9054.027688665521,True,1113.4198145862974,1113.4198145862974
sarima,51,6,2019-08-01,8180.0,8130.265335165933,7573.550805887064,8686.979864444802,True,1113.4290585577382,1113.4290585577382
prophet,51,1,2019-03-01,7067.0,6974.668985336986,6488.588505427433,7470.093567035486,True,981.5050616080525,981.5050616080525
prophet,51,2,2019-04-01,7108.0,7065.106833654714,6584.202947796791,7528.919829766123,True,944.7168819693325,944.7168819693325
prophet,51,3,2019-05-01,7776.0,7981.853043005042,7504.809362321371,8447.417162547215,True,942.6078002258446,942.6078002258446
prophet,51,4,2019-06-01,8274.0,8315.248389228927,7860.368847520079,8761.543434549589,True,901.1745870295099,901.1745870295099
prophet,51,5,2019-07-01,8919.0,8337.192051335089,7889.331504789971,8827.144932680862,False,937.8134278908901,4612.016120656429
prophet,51,6,2019-08-01,8180.0,8157.806031522869,7712.649255821944,8615.49520981893,True,902.8459539969854,902.8459539969854
sarima,52,1,2019-04-01,7108.0,7103.2494403718465,6561.950141010295,7644.548739733398,True,1082.5985987231034,1082.5985987231034
sarima,52,2,2019-05-01,7776.0,7939.186262423408,7386.750269907979,8491.622254938839,True,1104.8719850308598,1104.8719850308598
sarima,52,3,2019-06-01,8274.0,8279.727076428378,7726.478336869695,8832.975815987062,True,1106.4974791173663,1106.4974791173663
sarima,52,4,2019-07-01,8919.0,8499.280026003118,7945.922757943558,9052.637294062679,True,1106.7145361191206,1106.7145361191206
sarima,52,5,2019-08-01,8180.0,8132.148487042847,7578.772063680031,8685.524910405662,True,1106.7528467256307,1106.7528467256307
sarima,52,6,2019-09-01,7664.0,7563.041275360454,7009.65736452682,8116.425186194088,True,1106.7678216672684,1106.7678216672684
prophet,52,1,2019-04-01,7108.0,7060.666242309487,6573.11061525411,7525.4728962186,True,952.3622809644903,952.3622809644903
prophet,52,2,2019-05-01,7776.0,7976.5863207361,7512.498165974176,8472.91074925385,True,960.4125832796735,960.4125832796735
prophet,52,3,2019-06-01,8274.0,8309.740053702642,7868.7737185575525,8795.098261645542,True,926.3245430879897,926.3245430879897
prophet,52,4,2019-07-01,8919.0,8333.256672210086,7855.259962543598,8784.528252123897,False,929.2682895802991,6308.138204624423
prophet,52,5,2019-08-01,8180.0,8153.688141069739,7717.668151984886,8629.0717732131,True,911.4036212282135,911.4036212282135
prophet,52,6,2019-09-01,7664.0,7582.394938053046,7107.641478461125,8049.114586670039,True,941.4731082089138,941.4731082089138
sarima,53,1,2019-05-01,7776.0,7940.0728405710815,7401.6692081160145,8478.476473026149,True,1076.807264910134,1076.807264910134
sarima,53,2,2019-06-01,8274.0,8279.92721968533,7730.537263160468,8829.317176210194,True,1098.779913049726,1098.779913049726
sarima,53,3,2019-07-01,8919.0,8499.374743069404,7949.193063859775,9049.556422279033,True,1100.3633584192576,1100.3633584192576
sarima,53,4,2019-08-01,8180.0,8132.206821908108,7581.919533079635,8682.494110736583,True,1100.5745776569483,1100.5745776569483
sarima,53,5,2019-09-01,7664.0,7563.043319837378,7012.734407402004,8113.352232272751,True,1100.6178248707474,1100.6178248707474
sarima,53,6,2019-10-01,7254.0,7457.260037861037,6906.930080957077,8007.589994764997,True,1100.65991380792,1100.65991380792
prophet,53,1,2019-05-01,7776.0,7973.384710044087,7540.746594067595,8452.20134379122,True,911.4547497236244,911.4547497236244
prophet,53,2,2019-06-01,8274.0,8307.410753278178,7848.027422870102,8794.088727008251,True,946.0613041381494,946.0613041381494
prophet,53,3,2019-07-01,8919.0,8364.874248797949,7889.8085640599,8849.253244130941,False,959.4446800710411,3749.3149148333887
prophet,53,4,2019-08-01,8180.0,8154.18229948034,7718.186322185891,8625.099368326657,True,906.9130461407658,906.9130461407658
prophet,53,5,2019-09-01,7664.0,7583.362578821589,7124.104545545642,8061.021712310735,True,936.9171667650926,936.9171667650926
prophet,53,6,2019-10-01,7254.0,7374.192103798262,6927.000459906629,7860.670636098913,True,933.6701761922841,933.6701761922841
sarima,54,1,2019-06-01,8274.0,8246.39624924767,7710.095829619215,8782.696668876124,True,1072.6008392569092,1072.6008392569092
sarima,54,2,2019-07-01,8919.0,8488.998953541104,7941.904074873426,9036.093832208782,True,1094.1897573353563,1094.1897573353563
sarima,54,3,2019-08-01,8180.0,8125.940484547171,7578.079182290857,8673.801786803486,True,1095.722604512629,1095.722604512629
sarima,54,4,2019-09-01,7664.0,7557.441947340199,7009.476463825444,8105.407430854953,True,1095.9309670295097,1095.9309670295097
sarima,54,5,2019-10-01,7254.0,7451.8215188765635,6903.822168658145,7999.820869094982,True,1095.9987004368377,1095.9987004368377
sarima,54,6,2019-11-01,6785.0,6990.464021020702,6442.392151370545,7538.535890670858,True,1096.1437393003125,1096.1437393003125
prophet,54,1,2019-06-01,8274.0,8300.910173535536,7820.735307643944,8777.774315514991,True,957.039007871047,957.039007871047
prophet,54,2,2019-07-01,8919.0,8366.922179127281,7884.351917835758,8867.8739521211,False,983.5220342853409,3028.5639494413754
prophet,54,3,2019-08-01,8180.0,8144.069724768821,7672.494164967016,8600.901460828265,True,928.4072958612487,928.4072958612487
prophet,54,4,2019-09-01,7664.0,7572.317117518028,7080.615308114872,8066.770775838714,True,986.1554677238419,986.1554677238419
prophet,54,5,2019-10-01,7254.0,7368.872241455919,6918.86674257617,7848.680315345733,True,929.8135727695635,929.8135727695635
prophet,54,6,2019-11-01,6785.0,7026.210836430049,6540.351214290051,7469.041083066083,True,928.6898687760322,928.6898687760322
sarima,55,1,2019-07-01,8919.0,8488.567754723745,7953.751268255859,9023.38424119163,True,1069.6329729357712,1069.6329729357712
sarima,55,2,2019-08-01,8180.0,8120.526084108463,7574.682375024469,8666.369793192456,True,1091.6874181679868,1091.6874181679868
sarima,55,3,2019-09-01,7664.0,7551.187770416646,7004.1401505273425,8098.23539030595,True,1094.0952397786077,1094.0952397786077
sarima,55,4,2019-10-01,7254.0,7445.535856141993,6897.997670138745,7993.07404214524,True,1095.0763720064951,1095.0763720064951
sarima,55,5,2019-11-01,6785.0,6984.477178016397,6436.504075983535,7532.45028004926,True,1095.9462040657254,1095.9462040657254
sarima,55,6,2019-12-01,6987.0,7213.22467369439,6664.813978205873,7761.635369182906,True,1096.821390977033,1096.821390977033
prophet,55,1,2019-07-01,8919.0,8362.167273235285,7886.259785295645,8796.284014331917,False,910.0242290362721,5818.663655759584
prophet,55,2,2019-08-01,8180.0,8137.549577929649,7706.596814655669,8595.392598444821,True,888.7957837891527,888.7957837891527
prophet,55,3,2019-09-01,7664.0,7566.27980428065,7131.634284343176,8023.736227769375,True,892.1019434261989,892.1019434261989
prophet,55,4,2019-10-01,7254.0,7364.3263243402125,6887.256618451056,7841.801790812122,True,954.5451723610659,954.5451723610659
prophet,55,5,2019-11-01,6785.0,7020.260044131356,6548.100210449416,7480.948697519681,True,932.848487070265,932.848487070265
prophet,55,6,2019-12-01,6987.0,7217.771560798,6749.800362075427,7686.929960668003,True,937.1295985925763,937.1295985925763
sarima,56,1,2019-08-01,8180.0,8213.884739073595,7676.721319073979,8751.04815907321,True,1074.3268399992312,1074.3268399992312
sarima,56,2,2019-09-01,7664.0,7584.546402905491,7036.657447781998,8132.435358028984,True,1095.7779102469867,1095.7779102469867
sarima,56,3,2019-10-01,7254.0,7468.125100074552,6919.4746137003085,8016.775586448796,True,1097.3009727484878,1097.3009727484878
sarima,56,4,2019-11-01,6785.0,7004.931559207077,6456.118718412993,7553.744400001161,True,1097.625681588168,1097.625681588168
sarima,56,5,2019-12-01,6987.0,7233.362978851178,6684.42679741246,7782.2991602898965,True,1097.872362877437,1097.872362877437
sarima,56,6,2020-01-01,7194.0,7192.157728398315,6644.0011068618405,7740.31434993479,True,1096.3132430729493,1096.3132430729493
prophet,56,1,2019-08-01,8180.0,8173.307767993074,7688.766587072499,8626.251993806762,True,937.485406734263,937.485406734263
prophet,56,2,2019-09-01,7664.0,7603.265374971613,7135.496613150336,8038.162655716419,True,902.666042566083,902.666042566083
prophet,56,3,2019-10-01,7254.0,7391.753070527531,6929.52072106846,7886.585747462532,True,957.0650263940715,957.0650263940715
prophet,56,4,2019-11-01,6785.0,7069.764487536481,6613.209935451876,7514.849617214637,True,901.639681762761,901.639681762761
prophet,56,5,2019-12-01,6987.0,7264.786540426131,6817.474069519106,7726.2192473941495,True,908.7451778750437,908.7451778750437
prophet,56,6,2020-01-01,7194.0,7231.8598539479035,6778.422605750266,7731.5252734628975,True,953.102667712632,953.102667712632
sarima,57,1,2019-09-01,7664.0,7577.546237395381,7042.97715060177,8112.1153241889915,True,1069.138173587222,1069.138173587222
sarima,57,2,2019-10-01,7254.0,7465.988111815362,6921.011399936507,8010.964823694217,True,1089.95342375771,1089.95342375771
sarima,57,3,2019-11-01,6785.0,7003.670579639592,6457.924780611322,7549.416378667862,True,1091.4915980565402,1091.4915980565402
sarima,57,4,2019-12-01,6987.0,7232.399069071378,6686.46590975205,7778.332228390706,True,1091.8663186386566,1091.8663186386566
sarima,57,5,2020-01-01,7194.0,7190.888343549864,6645.766907671407,7736.00977942832,True,1090.2428717569128,1090.2428717569128
sarima,57,6,2020-02-01,6848.0,6663.233493200161,6118.107771893422,7208.359214506901,True,1090.2514426134785,1090.2514426134785
prophet,57,1,2019-09-01,7664.0,7597.557664008266,7119.706127534393,8069.985870581098,True,950.2797430467053,950.2797430467053
prophet,57,2,2019-10-01,7254.0,7419.110612165304,6949.572738152246,7878.595797521053,True,929.0230593688075,929.0230593688075
prophet,57,3,2019-11-01,6785.0,7060.2579539253375,6558.148130040157,7532.574281700483,True,974.4261516603256,974.4261516603256
prophet,57,4,2019-12-01,6987.0,7275.513618366496,6818.825749131826,7737.023394000212,True,918.1976448683854,918.1976448683854
prophet,57,5,2020-01-01,7194.0,7224.549634117397,6762.54059934429,7728.3919230420925,True,965.8513236978024,965.8513236978024
prophet,57,6,2020-02-01,6848.0,6650.6874847070685,6137.768008988475,7094.790773973058,True,957.0227649845829,957.0227649845829
sarima,58,1,2019-10-01,7254.0,7483.223217032656,6950.972092877859,8015.474341187453,True,1064.5022483095945,1064.5022483095945
sarima,58,2,2019-11-01,6785.0,7008.752929675129,6466.1173895143975,7551.388469835861,True,1085.2710803214632,1085.2710803214632
sarima,58,3,2019-12-01,6987.0,7235.640701307009,6692.219116328192,7779.062286285826,True,1086.843169957634,1086.843169957634
sarima,58,4,2020-01-01,7194.0,7193.6623227463815,6651.012532525703,7736.31211296706,True,1085.2995804413567,1085.2995804413567
sarima,58,5,2020-02-01,6848.0,6665.910397677446,6123.243627047943,7208.577168306949,True,1085.3335412590059,1085.3335412590059
sarima,58,6,2020-03-01,7324.0,7170.723484938501,6628.052951276743,7713.394018600259,True,1085.3410673235157,1085.3410673235157
prophet,58,1,2019-10-01,7254.0,7416.992567448859,6950.885734061289,7888.352287612734,True,937.4665535514441,937.4665535514441
prophet,58,2,2019-11-01,6785.0,7070.5167975789,6576.943013812882,7557.450128270711,True,980.5071144578287,980.5071144578287
prophet,58,3,2019-12-01,6987.0,7280.905861325479,6852.658582209254,7774.826622656628,True,922.1680404473746,922.1680404473746
prophet,58,4,2020-01-01,7194.0,7236.119793781706,6795.1835109900885,7678.514540498719,True,883.3310295086303,883.3310295086303
prophet,58,5,2020-02-01,6848.0,6658.6739749817225,6167.6707133915115,7085.334138241621,True,917.6634248501095,917.6634248501095
prophet,58,6,2020-03-01,7324.0,7223.0049891883045,6748.723325744407,7707.634913394339,True,958.9115876499318,958.9115876499318
sarima,59,1,2019-11-01,6785.0,6963.714099244572,6432.441473976096,7494.986724513048,True,1062.5452505369522,1062.5452505369522
sarima,59,2,2019-12-01,6987.0,7222.3491927182995,6681.040213170799,7763.6581722658,True,1082.6179590950014,1082.6179590950014
sarima,59,3,2020-01-01,7194.0,7185.235684912826,6644.170852074894,7726.300517750758,True,1082.129665675864,1082.129665675864
sarima,59,4,2020-02-01,6848.0,6658.41850996712,6117.264780980129,7199.5722389541115,True,1082.3074579739823,1082.3074579739823
sarima,59,5,2020-03-01,7324.0,7163.384377700414,6622.215414835805,7704.553340565023,True,1082.3379257292181,1082.3379257292181
sarima,59,6,2020-04-01,5978.0,7206.186503617849,6665.01485122746,7747.3581560082375,False,1082.3433047807775,28562.937353879177
prophet,59,1,2019-11-01,6785.0,7064.541933795256,6583.905370635645,7543.883981305181,True,959.9786106695356,959.9786106695356
prophet,59,2,2019-12-01,6987.0,7268.778065776972,6766.7931456383285,7727.775853299321,True,960.9827076609927,960.9827076609927
prophet,59,3,2020-01-01,7194.0,7228.865608616704,6744.779716500138,7680.62611902439,True,935.846402524252,935.846402524252
prophet,59,4,2020-02-01,6848.0,6645.184913618198,6186.915569258226,7126.411658344118,True,939.496089085892,939.496089085892
prophet,59,5,2020-03-01,7324.0,7213.836553200259,6788.627994677155,7678.755354969337,True,890.127360292182,890.127360292182
prophet,59,6,2020-04-01,5978.0,7211.267781533822,6754.82754299456,7699.91303455895,False,945.0854915643904,32018.18721134678
sarima,60,1,2019-12-01,6987.0,7186.3791599777815,6656.60953003776,7716.148789917803,True,1059.5392598800427,1059.5392598800427
sarima,60,2,2020-01-01,7194.0,7174.2806837930075,6635.022272882416,7713.539094703599,True,1078.5168218211838,1078.5168218211838
sarima,60,3,2020-02-01,6848.0,6651.910352281174,6111.919824937205,7191.900879625143,True,1079.981054687938,1079.981054687938
sarima,60,4,2020-03-01,7324.0,7157.750838521534,6617.664409856408,7697.83726718666,True,1080.1728573302516,1080.1728573302516
sarima,60,5,2020-04-01,5978.0,7200.632225460603,6660.529712142364,7740.734738778842,False,1080.2050266364786,28381.393512331026
sarima,60,6,2020-05-01,7062.0,8021.355792138614,7481.250383496433,8561.461200780794,False,1080.210817284361,17850.22615714167
prophet,60,1,2019-12-01,6987.0,7268.33732389066,6774.4564624669465,7768.016543191796,True,993.5600807248493,993.5600807248493
prophet,60,2,2020-01-01,7194.0,7222.779014415022,6744.157388658048,7720.213505896637,True,976.0561172385887,976.0561172385887
prophet,60,3,2020-02-01,6848.0,6638.4971589117085,6149.024876439257,7120.371240370808,True,971.3463639315505,971.3463639315505
prophet,60,4,2020-03-01,7324.0,7203.9315852554355,6742.341666984681,7672.673398317603,True,930.3317313329217,930.3317313329217
prophet,60,5,2020-04-01,5978.0,7203.334523307509,6737.581605769814,7652.776806603605,False,915.1952008337912,31298.459431626346
prophet,60,6,2020-05-01,7062.0,8002.389151146606,7556.745877657023,8469.261248862995,False,912.5153712059719,20702.35047748689
sarima,61,1,2020-01-01,7194.0,7132.894799660837,6605.04361410616,7660.745985215513,True,1055.7023711093534,1055.7023711093534
sarima,61,2,2020-02-01,6848.0,6639.279483036956,6100.436237596823,7178.1227284770885,True,1077.6864908802654,1077.6864908802654
sarima,61,3,2020-03-01,7324.0,7150.464408103846,6610.833120491312,7690.09569571638,True,1079.2625752250678,1079.2625752250678
sarima,61,4,2020-04-01,5978.0,7194.26446342919,6654.529098216668,7733.999828641712,False,1079.4707304250442,28140.634659091764
sarima,61,5,2020-05-01,7062.0,8015.191460797583,7475.438293095242,8554.944628499923,False,1079.5063354046806,17617.038059214377
sarima,61,6,2020-06-01,6948.0,8371.599109723877,7831.8426052954055,8911.355614152348,False,1079.5130088569422,36433.21722067316
prophet,61,1,2020-01-01,7194.0,7194.822739073666,6746.421972578594,7649.28309843998,True,902.8611258613855,902.8611258613855
prophet,61,2,2020-02-01,6848.0,6607.423590871081,6174.727533851677,7095.7207886882925,True,920.993254836615,920.993254836615
prophet,61,3,2020-03-01,7324.0,7161.88898622076,6695.242350954724,7634.815196803137,True,939.5728458484127,939.5728458484127
prophet,61,4,2020-04-01,5978.0,7165.318636475149,6725.497524788293,7618.6514111360375,False,893.1538863477444,30793.054877879465
prophet,61,5,2020-05-01,7062.0,7968.244576737024,7478.848750911098,8413.305056151163,False,934.4563052400645,17608.406341683993
prophet,61,6,2020-06-01,6948.0,8311.174906711301,7869.31565346084,8745.37467920626,False,876.0590257454196,37728.685164179005
sarima,62,1,2020-02-01,6848.0,6651.728562350126,6126.829119989742,7176.628004710509,True,1049.798884720767,1049.798884720767
sarima,62,2,2020-03-01,7324.0,7154.301166667683,6618.479771275924,7690.122562059442,True,1071.6427907835186,1071.6427907835186
sarima,62,3,2020-04-01,5978.0,7196.472686944956,6659.862230026601,7733.083143863311,False,1073.2209138367107,28347.710114900736
sarima,62,4,2020-05-01,7062.0,8017.090515811692,7480.375446704733,8553.805584918651,False,1073.4301382139183,17808.448006403232
sarima,62,5,2020-06-01,6948.0,8373.52770277932,7836.794893116633,8910.260512442008,False,1073.465619325375,36625.26134399069
sarima,62,6,2020-07-01,7392.0,8635.337168802836,8098.601004003316,9172.073333602357,False,1073.4723295990407,29337.512489731685
prophet,62,1,2020-02-01,6848.0,6618.072530141582,6193.468210746356,7086.796121133484,True,893.3279103871282,893.3279103871282
prophet,62,2,2020-03-01,7324.0,7171.855070667154,6661.606824581788,7618.670353583531,True,957.0635290017435,957.0635290017435
prophet,62,3,2020-04-01,5978.0,7177.525407945613,6746.228043478938,7631.617911199834,False,885.3898677208963,31614.511606878423
prophet,62,4,2020-05-01,7062.0,7981.9627740920605,7511.6537382069355,8430.263882328512,False,918.6101441215769,18904.759672398995
prophet,62,5,2020-06-01,6948.0,8326.459721526673,7847.058615131179,8795.927642811088,False,948.8690276799089,36911.21363292707
prophet,62,6,2020-07-01,7392.0,8676.770623573859,8231.83635348112,9162.633723124862,False,930.7973696437421,34524.25150888853
sarima,63,1,2020-03-01,7324.0,7194.949198898325,6671.048365682077,7718.850032114574,True,1047.8016664324969,1047.8016664324969
sarima,63,2,2020-04-01,5978.0,7208.900695772325,6674.083617193178,7743.717774351472,False,1069.6341571582943,28912.97884488541
sarima,63,3,2020-05-01,7062.0,8024.468674589124,7488.867802266029,8560.069546912218,False,1071.2017446461896,18145.91383528734
sarima,63,4,2020-06-01,6948.0,8379.909752222105,7844.204989642315,8915.614514801897,False,1071.4095251595818,36919.60911085218
sarima,63,5,2020-07-01,7392.0,8641.492444747977,8105.76954814809,9177.215341347865,False,1071.445793199775,29622.22771912336
sarima,63,6,2020-08-01,7678.0,8237.531658544312,7701.804385500054,8773.25893158857,False,1071.4545460885165,2023.6299660906843
prophet,63,1,2020-03-01,7324.0,7202.017789476554,6760.646980131775,7648.158158272555,True,887.5111781407795,887.5111781407795
prophet,63,2,2020-04-01,5978.0,7199.305729364467,6754.82983890247,7664.451463227664,False,909.6216243251938,31982.815180424008
prophet,63,3,2020-05-01,7062.0,7997.176172371788,7536.460370682984,8433.396376582308,False,896.9360058993243,19875.350833218683
prophet,63,4,2020-06-01,6948.0,8337.176951871288,7852.342767861735,8823.187851685507,False,970.8450838237713,37144.555798293186
prophet,63,5,2020-07-01,7392.0,8693.835000762852,8228.90835840715,9167.325944430242,False,938.4175860230916,34414.75192230911
prophet,63,6,2020-08-01,7678.0,8181.846042982203,7725.198145247978,8662.947784842518,False,937.74963959454,2825.6754495136465
sarima,64,1,2020-04-01,5978.0,7236.099551994022,6713.927386297027,7758.271717691016,False,1044.3443313939897,30481.43978327506
sarima,64,2,2020-05-01,7062.0,8032.809867895883,7499.462492348276,8566.157243443491,False,1066.694751095215,18565.19444502626
sarima,64,3,2020-06-01,6948.0,8384.709302795065,7850.553764565112,8918.864841025019,False,1068.3110764599069,37170.461659064385
sarima,64,4,2020-07-01,7392.0,8645.648326034183,8111.385424023569,9179.911228044797,False,1068.5258040212284,29843.942764963977
sarima,64,5,2020-08-01,7678.0,8241.552442214526,7707.270323228331,8775.834561200722,False,1068.5642379723904,2239.3771671056347
sarima,64,6,2020-09-01,7005.0,7677.287492723714,7142.998417288852,8211.576568158578,False,1068.5781508697264,6588.514842423793
prophet,64,1,2020-04-01,5978.0,7202.148441392727,6744.060951410579,7658.678226269052,False,914.6172748584731,31557.055331281634
prophet,64,2,2020-05-01,7062.0,8005.276691537185,7566.4210998611625,8468.638522817668,False,902.2174229565053,21079.061417403005
prophet,64,3,2020-06-01,6948.0,8351.763264930289,7905.791695121394,8822.295737576174,False,916.5040424547806,39228.17184731053
prophet,64,4,2020-07-01,7392.0,8692.220684534412,8265.825999066705,9146.055575751288,False,880.2295766845837,35833.269539352776
prophet,64,5,2020-08-01,7678.0,8204.313194701304,7757.0727324047675,8672.854809970322,False,915.7820775655546,4078.6913737562554
prophet,64,6,2020-09-01,7005.0,7620.086950304308,7190.071040157069,8108.6405650665565,False,918.5695249094879,8321.411131192233
sarima,65,1,2020-05-01,7062.0,7796.7547767546475,7228.815687274619,8364.693866234677,False,1135.878178960057,7808.505669944835
sarima,65,2,2020-06-01,6948.0,8316.18807934564,7738.5412235642925,8893.834935126988,False,1155.2937115626955,32776.9426541344
sarima,65,3,2020-07-01,7392.0,8604.132700265249,8025.870942900841,9182.394457629656,False,1156.523514728815,26511.361230762468
sarima,65,4,2020-08-01,7678.0,8204.997577762928,7626.660248747834,8783.334906778022,True,1156.6746580301879,1156.6746580301879
sarima,65,5,2020-09-01,7005.0,7641.974456636147,7063.62258002969,8220.326333242603,False,1156.7037532129134,3501.606954400503
sarima,65,6,2020-10-01,7385.0,7505.740003328506,6927.37269674591,8084.107309911102,True,1156.734613165192,1156.734613165192
prophet,65,1,2020-05-01,7062.0,7988.005143842018,7480.167321379489,8440.90304005138,False,960.7357186718909,17687.428573851463
prophet,65,2,2020-06-01,6948.0,8312.288443506484,7852.894949768741,8800.530085577611,False,947.6351358088705,37143.433126558506
prophet,65,3,2020-07-01,7392.0,8654.92492083957,8156.172204068433,9137.712850875714,False,981.5406468072815,31548.428809544588
prophet,65,4,2020-08-01,7678.0,8123.634034506802,7615.406607106019,8619.313021600245,True,1003.9064144942258,1003.9064144942258
prophet,65,5,2020-09-01,7005.0,7524.278606533145,7037.969540903927,7982.869983039802,False,944.900442135875,2263.682078292948
prophet,65,6,2020-10-01,7385.0,7541.6098197774245,7069.705416683928,8044.560895469388,True,974.85547878546,974.85547878546
sarima,66,1,2020-06-01,6948.0,8092.35070232467,7512.107847516909,8672.593557132432,False,1160.4857096155229,23724.799610291877
sarima,66,2,2020-07-01,7392.0,8527.120295123408,7924.6536958544075,9129.586894392409,False,1204.9331985380013,22511.0810327143
sarima,66,3,2020-08-01,7678.0,8168.192720868401,7563.422376489877,8772.963065246924,True,1209.540688757047,1209.540688757047
sarima,66,4,2020-09-01,7005.0,7615.610572742389,7010.455122837634,8220.766022647143,False,1210.3108998095095,1428.5158133148698
sarima,66,5,2020-10-01,7385.0,7481.3839238150185,6876.10736076593,8086.660486864107,True,1210.553126098177,1210.553126098177
sarima,66,6,2020-11-01,6872.0,7016.969619003305,6411.558415911282,7622.380822095327,True,1210.8224061840447,1210.8224061840447
prophet,66,1,2020-06-01,6948.0,8278.045780852888,7777.775648918867,8785.593648313308,False,1007.8179993944414,34198.84395614912
prophet,66,2,2020-07-01,7392.0,8621.18041161045,8124.446407334391,9116.806812763416,False,992.3604054290254,30290.216698804652
prophet,66,3,2020-08-01,7678.0,8066.616081257624,7583.003624201377,8560.39938454498,True,977.3957603436038,977.3957603436038
prophet,66,4,2020-09-01,7005.0,7452.752309255063,6946.29438232112,7999.552416992227,True,1053.2580346711075,1053.2580346711075
prophet,66,5,2020-10-01,7385.0,7471.07636183596,6980.732123787196,8011.547657849904,True,1030.8155340627081,1030.8155340627081
prophet,66,6,2020-11-01,6872.0,6860.777682877356,6359.581615254542,7363.179737950811,True,1003.5981226962685,1003.5981226962685
sarima,67,1,2020-07-01,7392.0,7764.516186087389,7147.5157118950765,8381.5166602797,True,1234.0009483846234,1234.0009483846234
sarima,67,2,2020-08-01,7678.0,7415.621930930422,6752.154190780867,8079.089671079978,True,1326.935480299111,1326.935480299111
sarima,67,3,2020-09-01,7005.0,6857.430617684096,6162.375938924011,7552.485296444182,True,1390.1093575201703,1390.1093575201703
sarima,67,4,2020-10-01,7385.0,6722.695882504267,5998.456536962948,7446.935228045585,True,1448.478691082637,1448.478691082637
sarima,67,5,2020-11-01,6872.0,6263.444818782382,5511.245269406325,7015.644368158439,True,1504.3990987521138,1504.3990987521138
sarima,67,6,2020-12-01,6781.0,6490.227841071411,5711.131536428584,7269.324145714238,True,1558.1926092856538,1558.1926092856538
prophet,67,1,2020-07-01,7392.0,8556.278695920704,8035.635483241124,9087.17644412662,False,1051.5409608854961,26796.96029053047
prophet,67,2,2020-08-01,7678.0,8009.533470195267,7472.66549949576,8523.893166586551,True,1051.2276670907913,1051.2276670907913
prophet,67,3,2020-09-01,7005.0,7388.401210730423,6841.189873055356,7927.2880459373155,True,1086.0981728819597,1086.0981728819597
prophet,67,4,2020-10-01,7385.0,7362.386942777127,6830.374532318148,7904.224912148279,True,1073.8503798301308,1073.8503798301308
prophet,67,5,2020-11-01,6872.0,6759.682732376835,6234.205798778352,7347.0731910195955,True,1112.8673922412436,1112.8673922412436
prophet,67,6,2020-12-01,6781.0,7089.71065329489,6534.391790849672,7665.684013834769,True,1131.2922229850965,1131.2922229850965
sarima,68,1,2020-08-01,7678.0,7149.588288107081,6531.592600710072,7767.583975504091,True,1235.991374794019,1235.991374794019
sarima,68,2,2020-09-01,7005.0,6588.978674879656,5917.804791533401,7260.152558225911,True,1342.34776669251,1342.34776669251
sarima,68,3,2020-10-01,7385.0,6454.252870614471,5736.208584901017,7172.297156327925,False,1436.088571426908,9944.202318309899
sarima,68,4,2020-11-01,6872.0,5997.494193964179,5235.500327411504,6759.488060516855,False,1523.9877331053503,6024.465312431166
sarima,68,5,2020-12-01,6781.0,6226.581923802431,5423.094745424914,7030.0691021799485,True,1606.974356755034,1606.974356755034
sarima,68,6,2021-01-01,6917.0,6218.879255654819,5376.4236879171685,7061.334823392469,True,1684.9111354753004,1684.9111354753004
prophet,68,1,2020-08-01,7678.0,7927.477926789931,7356.123108124864,8453.43481606366,True,1097.3117079387957,1097.3117079387957
prophet,68,2,2020-09-01,7005.0,7301.664882004559,6721.39043516446,7890.497057018783,True,1169.1066218543237,1169.1066218543237
prophet,68,3,2020-10-01,7385.0,7252.442314951942,6709.892567850614,7807.2460435654075,True,1097.3534757147936,1097.3534757147936
prophet,68,4,2020-11-01,6872.0,6646.613760259396,6039.161049190028,7217.074487481702,True,1177.9134382916736,1177.9134382916736
prophet,68,5,2020-12-01,6781.0,6952.937309402721,6378.304005520014,7526.575886504664,True,1148.2718809846501,1148.2718809846501
prophet,68,6,2021-01-01,6917.0,6812.746455049925,6230.178035000966,7336.526802627076,True,1106.3487676261102,1106.3487676261102
sarima,69,1,2020-09-01,7005.0,6962.6297507580475,6343.161329191932,7582.098172324163,True,1238.936843132231,1238.936843132231
sarima,69,2,2020-10-01,7385.0,6801.3616515613185,6131.385927032373,7471.337376090264,True,1339.9514490578913,1339.9514490578913
sarima,69,3,2020-11-01,6872.0,6335.595836450875,5638.128019856859,7033.063653044891,True,1394.9356331880317,1394.9356331880317
sarima,69,4,2020-12-01,6781.0,6561.378664667158,5840.237128648737,7282.520200685579,True,1442.283072036842,1442.283072036842
sarima,69,5,2021-01-01,6917.0,6552.992190636794,5810.03336310043,7295.9510181731575,True,1485.917655072728,1485.917655072728
sarima,69,6,2021-02-01,6217.0,6042.191101303889,5277.56222819633,6806.819974411448,True,1529.2577462151185,1529.2577462151185
prophet,69,1,2020-09-01,7005.0,7266.586535301105,6713.417714988268,7826.838708013013,True,1113.4209930247453,1113.4209930247453
prophet,69,2,2020-10-01,7385.0,7234.010450859745,6707.09936374582,7801.153104257471,True,1094.053740511651,1094.053740511651
prophet,69,3,2020-11-01,6872.0,6599.103572973273,6051.23329606708,7147.973417187285,True,1096.740121120205,1096.740121120205
prophet,69,4,2020-12-01,6781.0,6909.518818136468,6366.630728675947,7482.669539357776,True,1116.038810681829,1116.038810681829
prophet,69,5,2021-01-01,6917.0,6748.635694576715,6201.455767818382,7307.969230996106,True,1106.5134631777237,1106.5134631777237
prophet,69,6,2021-02-01,6217.0,6268.567751069003,5716.666335661448,6820.700747793902,True,1104.0344121324542,1104.0344121324542
sarima,70,1,2020-10-01,7385.0,6828.961723824241,6212.228046154833,7445.695401493649,True,1233.4673553388166,1233.4673553388166
sarima,70,2,2020-11-01,6872.0,6359.882760216565,5692.544826841368,7027.220693591761,True,1334.6758667503927,1334.6758667503927
sarima,70,3,2020-12-01,6781.0,6585.226312009469,5891.686900050349,7278.76572396859,True,1387.0788239182402,1387.0788239182402
sarima,70,4,2021-01-01,6917.0,6576.200929837515,5861.20890729095,7291.19295238408,True,1429.9840450931297,1429.9840450931297
sarima,70,5,2021-02-01,6217.0,6065.114779304038,5329.188751150357,6801.040807457719,True,1471.8520563073616,1471.8520563073616
sarima,70,6,2021-03-01,7569.0,6566.886515545374,5810.693859684253,7323.079171406495,False,1512.3853117222425,11349.21845546243
prophet,70,1,2020-10-01,7385.0,7222.015242814779,6672.232529486135,7762.085273365588,True,1089.8527438794536,1089.8527438794536
prophet,70,2,2020-11-01,6872.0,6574.709859551172,6037.673986370488,7122.490516724409,True,1084.8165303539208,1084.8165303539208
prophet,70,3,2020-12-01,6781.0,6883.357185971662,6340.127587644829,7445.569164596447,True,1105.4415769516181,1105.4415769516181
prophet,70,4,2021-01-01,6917.0,6710.828350076286,6148.234517283366,7261.763891432773,True,1113.529374149407,1113.529374149407
prophet,70,5,2021-02-01,6217.0,6229.501595545961,5661.633363881305,6818.380131538133,True,1156.7467676568285,1156.7467676568285
prophet,70,6,2021-03-01,7569.0,6836.848787928176,6269.4353856858015,7413.776525842033,False,1144.3411401562316,7353.280106474906
sarima,71,1,2020-11-01,6872.0,6697.670155983677,6079.267783053161,7316.072528914194,True,1236.8047458610326,1236.8047458610326
sarima,71,2,2020-12-01,6781.0,6857.5634045355155,6186.241419467356,7528.885389603675,True,1342.6439701363197,1342.6439701363197
sarima,71,3,2021-01-01,6917.0,6828.787449034929,6140.473210520087,7517.10168754977,True,1376.6284770296825,1376.6284770296825
sarima,71,4,2021-02-01,6217.0,6312.37467193207,5612.8990396554345,7011.850304208705,True,1398.9512645532704,1398.9512645532704
sarima,71,5,2021-03-01,7569.0,6812.59759780752,6103.679957851966,7521.515237763075,False,1417.835279911109,3317.2257693881184
sarima,71,6,2021-04-01,6917.0,6729.404930493607,6011.598889193683,7447.210971793531,True,1435.6120825998478,1435.6120825998478
prophet,71,1,2020-11-01,6872.0,6566.952054203588,6030.2721143616345,7116.419120962497,True,1086.1470066008624,1086.1470066008624
prophet,71,2,2020-12-01,6781.0,6875.699839561809,6356.947752445599,7417.045360086539,True,1060.0976076409406,1060.0976076409406
prophet,71,3,2021-01-01,6917.0,6701.614099147398,6183.523988742842,7235.55242730346,True,1052.0284385606174,1052.0284385606174
prophet,71,4,2021-02-01,6217.0,6220.339806538508,5690.099907152396,6768.180660948834,True,1078.0807537964383,1078.0807537964383
prophet,71,5,2021-03-01,7569.0,6838.599135128312,6296.306922090474,7399.198300634199,False,1102.8913785437253,7894.959353175771
prophet,71,6,2021-04-01,6917.0,6653.668904129603,6112.978913620271,7227.79187542237,True,1114.8129618020994,1114.8129618020994
sarima,72,1,2020-12-01,6781.0,7134.192080648596,6518.65005978275,7749.734101514442,True,1231.0840417316922,1231.0840417316922
sarima,72,2,2021-01-01,6917.0,7140.3394135317885,6464.125757321521,7816.553069742056,True,1352.4273124205356,1352.4273124205356
sarima,72,3,2021-02-01,6217.0,6636.326305259701,5946.851392488361,7325.801218031042,True,1378.9498255426806,1378.9498255426806
sarima,72,4,2021-03-01,7569.0,7141.717822917463,6448.741277296365,7834.694368538561,True,1385.953091242196,1385.953091242196
sarima,72,5,2021-04-01,6917.0,7059.390651408517,6365.308043664259,7753.473259152776,True,1388.1652154885178,1388.1652154885178
sarima,72,6,2021-05-01,8253.0,7902.509643893949,7208.019761827301,8596.999525960597,True,1388.9797641332952,1388.9797641332952
prophet,72,1,2020-12-01,6781.0,6907.253664048055,6368.089708678211,7462.079326237212,True,1093.989617559001,1093.989617559001
prophet,72,2,2021-01-01,6917.0,6753.790775864504,6193.96783732646,7297.251522203005,True,1103.2836848765455,1103.2836848765455
prophet,72,3,2021-02-01,6217.0,6268.662522463991,5722.225985363367,6854.1001076035145,True,1131.8741222401477,1131.8741222401477
prophet,72,4,2021-03-01,7569.0,6881.378270594323,6286.979242750932,7491.309925674246,False,1204.3306829233143,4311.933655953467
prophet,72,5,2021-04-01,6917.0,6706.221059573342,6170.008256421109,7315.119154705884,True,1145.1108982847754,1145.1108982847754
prophet,72,6,2021-05-01,8253.0,7561.731777023492,6995.510157003075,8156.0726568635155,False,1160.5624998604408,5037.656225319822
sarima,73,1,2021-01-01,6917.0,6815.001497274751,6201.561047988656,7428.441946560846,True,1226.8808985721898,1226.8808985721898
sarima,73,2,2021-02-01,6217.0,6317.458058253196,5651.283733835858,6983.632382670535,True,1332.348648834677,1332.348648834677
sarima,73,3,2021-03-01,7569.0,6823.463134138627,6140.040077953845,7506.886190323408,False,1366.8461123695633,3851.3984994332313
sarima,73,4,2021-04-01,6917.0,6741.920382094001,6048.072266632999,7435.768497555003,True,1387.6962309220035,1387.6962309220035
sarima,73,5,2021-05-01,8253.0,7585.300541299828,6882.813060855855,8287.788021743801,True,1404.9749608879465,1404.9749608879465
sarima,73,6,2021-06-01,8153.0,7898.619132365265,7188.060581414882,8609.177683315647,True,1421.1171019007652,1421.1171019007652
prophet,73,1,2021-01-01,6917.0,6733.404320204954,6189.388237452379,7305.849919533257,True,1116.4616820808778,1116.4616820808778
prophet,73,2,2021-02-01,6217.0,6255.732549486266,5716.614531528359,6806.9803481261815,True,1090.3658165978222,1090.3658165978222
prophet,73,3,2021-03-01,7569.0,6881.18077785745,6319.535368866104,7473.383108377105,False,1153.8477395110003,4978.523404426813
prophet,73,4,2021-04-01,6917.0,6693.505379452494,6126.724712702433,7286.08977272268,True,1159.3650600202473,1159.3650600202473
prophet,73,5,2021-05-01,8253.0,7550.58409786694,6997.2254197817065,8093.903419955809,False,1096.6780001741026,7460.541201941738
prophet,73,6,2021-06-01,8153.0,7822.1985295999975,7257.273322618907,8368.493568477397,True,1111.2202458584907,1111.2202458584907
sarima,74,1,2021-02-01,6217.0,6365.697832950859,5755.479887270846,6975.915778630872,True,1220.4358913600263,1220.4358913600263
sarima,74,2,2021-03-01,7569.0,6855.213874964488,6192.159480855308,7518.268269073668,False,1326.1087882183601,3355.378025271628
sarima,74,3,2021-04-01,6917.0,6768.473065173212,6088.626030571384,7448.320099775039,True,1359.694069203655,1359.694069203655
sarima,74,4,2021-05-01,8253.0,7610.306067981464,6920.620771276314,8299.991364686615,True,1379.370593410301,1379.370593410301
sarima,74,5,2021-06-01,8153.0,7923.101881104013,7225.401026653584,8620.802735554442,True,1395.4017089008576,1395.4017089008576
sarima,74,6,2021-07-01,9251.0,8200.869674966165,7495.728664013475,8906.010685918855,False,1410.2820219053792,15209.854585151199
prophet,74,1,2021-02-01,6217.0,6273.289920496463,5759.19767106038,6848.774744741751,True,1089.577073681371,1089.577073681371
prophet,74,2,2021-03-01,7569.0,6872.2684912136765,6338.178926913583,7414.432219148287,False,1076.2532922347036,7258.9645263032235
prophet,74,3,2021-04-01,6917.0,6701.875605766179,6152.636542213651,7229.079746396726,True,1076.4432041830742,1076.4432041830742
prophet,74,4,2021-05-01,8253.0,7556.002912848122,6991.4803365346625,8084.974842063352,False,1093.4945055286898,7814.500822994598
prophet,74,5,2021-06-01,8153.0,7834.176290056165,7338.09154229714,8374.981526011405,True,1036.8899837142644,1036.8899837142644
prophet,74,6,2021-07-01,9251.0,8137.080422867035,7629.662268761518,8713.508147424804,False,1083.8458786632855,22583.51998167114
sarima,75,1,2021-03-01,7569.0,6787.245644637996,6179.032621998198,7395.458667277793,False,1216.4260452795952,8158.079354167867
sarima,75,2,2021-04-01,6917.0,6724.891618843671,6064.531294976979,7385.2519427103625,True,1320.7206477333839,1320.7206477333839
sarima,75,3,2021-05-01,8253.0,7574.152619964056,6896.695110441206,8251.610129486904,False,1354.9150190456976,1410.5098395695359
sarima,75,4,2021-06-01,8153.0,7889.233818673984,7201.371827613419,8577.09580973455,True,1375.7239821211315,1375.7239821211315
sarima,75,5,2021-07-01,9251.0,8167.716290095535,7471.1912203468955,8864.241359844174,False,1393.050139497279,16863.3957457303
sarima,75,6,2021-08-01,8830.0,7826.471215749271,7121.833450311119,8531.108981187424,False,1409.2755308763053,13364.916283379327
prophet,75,1,2021-03-01,7569.0,6860.649902714934,6313.7084775949825,7371.65396553031,False,1057.945487935328,8951.786866722912
prophet,75,2,2021-04-01,6917.0,6693.227075012199,6155.776440811628,7230.402595362009,True,1074.6261545503812,1074.6261545503812
prophet,75,3,2021-05-01,8253.0,7544.023562864295,6993.930403802944,8094.333955878226,False,1100.4035520752823,7447.045316946229
prophet,75,4,2021-06-01,8153.0,7822.750018623129,7278.965805652516,8380.303881098927,True,1101.3380754464115,1101.3380754464115
prophet,75,5,2021-07-01,9251.0,8122.677874096664,7562.2058598768945,8665.238277795997,False,1103.032417919103,24533.501306079204
prophet,75,6,2021-08-01,8830.0,7763.679456281218,7229.801340489589,8271.64076631118,False,1041.8394258215912,23376.208773374376
sarima,76,1,2021-04-01,6917.0,7072.933499731292,6451.553574808215,7694.313424654369,True,1242.7598498461539,1242.7598498461539
sarima,76,2,2021-05-01,8253.0,7782.68366807777,7108.596892637157,8456.770443518382,True,1348.1735508812253,1348.1735508812253
sarima,76,3,2021-06-01,8153.0,8050.047284046422,7361.3497533358495,8738.744814756994,True,1377.3950614211444,1377.3950614211444
sarima,76,4,2021-07-01,9251.0,8318.050614257982,7622.005563210367,9014.095665305596,False,1392.0901020952297,10868.263489871373
sarima,76,5,2021-08-01,8830.0,7977.266511532909,7275.7524754385495,8678.78054762727,False,1403.0280721887202,7451.806167097932
sarima,76,6,2021-09-01,7512.0,7397.387460081147,6690.97803883075,8103.796881331544,True,1412.8188425007938,1412.8188425007938
prophet,76,1,2021-04-01,6917.0,6754.797097797687,6237.960955097902,7319.733778637548,True,1081.7728235396462,1081.7728235396462
prophet,76,2,2021-05-01,8253.0,7610.515713480722,7028.503733984582,8163.90045143134,False,1135.396717446758,4699.378660193153
prophet,76,3,2021-06-01,8153.0,7889.740102582923,7364.857438231335,8432.251865817203,True,1067.3944275858676,1067.3944275858676
prophet,76,4,2021-07-01,9251.0,8196.445055427423,7602.278140987547,8719.043233057155,False,1116.7650920696078,22395.035769783415
prophet,76,5,2021-08-01,8830.0,7839.442768479097,7273.719543370555,8417.367750788862,False,1143.6482074183077,17648.938175863812
prophet,76,6,2021-09-01,7512.0,7233.068690049233,6692.133208217655,7829.779845462523,True,1137.6466372448676,1137.6466372448676
sarima,77,1,2021-05-01,8253.0,7702.017087689129,7079.919394882165,8324.114780496093,True,1244.195385613928,1244.195385613928
sarima,77,2,2021-06-01,8153.0,7992.892324874695,7319.9401766494,8665.844473099989,True,1345.9042964505888,1345.9042964505888
sarima,77,3,2021-07-01,9251.0,8278.022372801566,7590.722304566131,8965.322441037002,False,1374.600136470871,12801.702494990786
sarima,77,4,2021-08-01,8830.0,7949.571621640269,7254.709271483025,8644.433971797513,False,1389.7247003144876,8812.365828413982
sarima,77,5,2021-09-01,7512.0,7363.54170579884,6662.838899819808,8064.244511777872,True,1401.4056119580637,1401.4056119580637
sarima,77,6,2021-10-01,7656.0,7279.886931215278,6573.854221905318,7985.919640525239,True,1412.0654186199208,1412.0654186199208
prophet,77,1,2021-05-01,8253.0,7630.7928822045815,7071.072894334665,8198.374233695482,False,1127.301339360817,3312.3319915415386
prophet,77,2,2021-06-01,8153.0,7911.390258706685,7364.496145334182,8466.447715990233,True,1101.9515706560505,1101.9515706560505
prophet,77,3,2021-07-01,9251.0,8217.488298313318,7672.522310811226,8795.216798749583,False,1122.6944879383573,19354.022537955032
prophet,77,4,2021-08-01,8830.0,7861.122355961101,7347.013201020016,8397.128531251874,False,1050.115330231858,18364.9740801569
prophet,77,5,2021-09-01,7512.0,7255.859460224704,6705.7685604426315,7829.252835764928,True,1123.4842753222965,1123.4842753222965
prophet,77,6,2021-10-01,7656.0,7220.717902045416,6677.889007540217,7762.821414537982,True,1084.9324069977647,1084.9324069977647
sarima,78,1,2021-06-01,8153.0,8248.08115673853,7626.146898596114,8870.015414880945,True,1243.8685162848315,1243.8685162848315
sarima,78,2,2021-07-01,9251.0,8419.98185119015,7746.512737550305,9093.450964829995,False,1346.9382272796902,7648.899634079873
sarima,78,3,2021-08-01,8830.0,8043.626533100122,7356.498022228123,8730.755043972122,False,1374.2570217439988,5344.05526285913
sarima,78,4,2021-09-01,7512.0,7457.358954511778,6763.652269346008,8151.0656396775485,True,1387.4133703315401,1387.4133703315401
sarima,78,5,2021-10-01,7656.0,7362.216701010702,6663.715428559071,8060.717973462333,True,1397.0025449032619,1397.0025449032619
sarima,78,6,2021-11-01,7603.0,6889.980425014424,6187.190029814375,7592.770820214474,False,1405.5807904000994,1814.7479818211377
prophet,78,1,2021-06-01,8153.0,7992.312146495588,7432.671276747483,8549.36860350897,True,1116.6973267614876,1116.6973267614876
prophet,78,2,2021-07-01,9251.0,8300.757043912328,7718.26654516059,8836.957664570198,False,1118.6911194096083,17680.384536601683
prophet,78,3,2021-08-01,8830.0,7948.337043466586,7376.359372403568,8506.04029380808,False,1129.6809214045124,14088.06916908129
prophet,78,4,2021-09-01,7512.0,7347.135522578716,6808.422023729892,7926.009299872139,True,1117.587276142247,1117.587276142247
prophet,78,5,2021-10-01,7656.0,7313.488907917803,6769.380377386491,7854.1300165364555,True,1084.7496391499644,1084.7496391499644
prophet,78,6,2021-11-01,7603.0,6794.840074556562,6229.544131365704,7364.664474761017,False,1135.1203433953133,10668.541352954628
sarima,79,1,2021-07-01,9251.0,8379.05507235601,7759.070212063567,8999.039932648453,False,1239.969720584886,11318.372414646765
sarima,79,2,2021-08-01,8830.0,8022.011668739285,7351.60057074611,8692.42276673246,False,1340.8221959863495,6843.911526687973
sarima,79,3,2021-09-01,7512.0,7440.94165317986,6757.09145177404,8124.791854585679,True,1367.700402811639,1367.700402811639
sarima,79,4,2021-10-01,7656.0,7348.642953002965,6658.17247166025,8039.113434345681,True,1380.9409626854303,1380.9409626854303
sarima,79,5,2021-11-01,7603.0,6877.686527576976,6182.285558776291,7573.087496377661,False,1390.8019376013708,2587.3020824949144
sarima,79,6,2021-12-01,8237.0,7072.86393707557,6373.085658677646,7772.642215473494,False,1399.5565567958474,19973.8679378561
prophet,79,1,2021-07-01,9251.0,8298.061342328334,7789.447877860232,8814.833790356233,False,1025.3859124960009,18472.03429824667
prophet,79,2,2021-08-01,8830.0,7945.757839649032,7392.62134441724,8501.087978644415,False,1108.4666342271748,14264.947488450583
prophet,79,3,2021-09-01,7512.0,7344.926137560191,6798.460554615594,7874.739652046289,True,1076.2790974306945,1076.2790974306945
prophet,79,4,2021-10-01,7656.0,7309.761714478162,6762.022706372573,7883.981461626693,True,1121.9587552541198,1121.9587552541198
prophet,79,5,2021-11-01,7603.0,6793.043972684327,6219.345630105624,7361.637287478249,False,1142.2916573726252,10796.800158242659
prophet,79,6,2021-12-01,8237.0,7014.275573305681,6458.042397832993,7561.186833383251,False,1103.144435550258,28135.671100220225
sarima,80,1,2021-08-01,8830.0,8404.37143210773,7766.967905882575,9041.774958332884,True,1274.8070524503091,1274.8070524503091
sarima,80,2,2021-09-01,7512.0,7637.008499884164,6945.15634964129,8328.860650127037,True,1383.704300485747,1383.704300485747
sarima,80,3,2021-10-01,7656.0,7483.515972590596,6778.363586207636,8188.668358973556,True,1410.3047727659196,1410.3047727659196
sarima,80,4,2021-11-01,7603.0,6991.020405953881,6280.314268319644,7701.726543588118,True,1421.4122752684743,1421.4122752684743
sarima,80,5,2021-12-01,8237.0,7174.351471471188,6460.091242601713,7888.611700340663,False,1428.5204577389504,15364.052444112413
sarima,80,6,2022-01-01,9582.0,7179.0617474000355,6462.290976120256,7895.832518679815,False,1433.5415425595584,68880.24079536698
prophet,80,1,2021-08-01,8830.0,8015.223499924674,7422.591468649123,8634.466224447022,False,1211.8747557978986,9033.225777917023
prophet,80,2,2021-09-01,7512.0,7417.978205908181,6860.832789402875,7985.941058714189,True,1125.108269311314,1125.108269311314
prophet,80,3,2021-10-01,7656.0,7379.761433925812,6747.777258492189,7997.7942288639715,True,1250.016970371783,1250.016970371783
prophet,80,4,2021-11-01,7603.0,6869.162556841934,6312.207220191486,7451.304965643377,False,1139.0977454518907,7206.899119716818
prophet,80,5,2021-12-01,8237.0,7093.07601375157,6494.574409275309,7670.824324448166,False,1176.249915172857,23823.2769372462
prophet,80,6,2022-01-01,9582.0,7039.369784232398,6424.49065508407,7634.805405806155,False,1210.3147507220856,79098.09851847588
sarima,81,1,2021-09-01,7512.0,7837.340396691384,7195.922081254824,8478.758712127943,True,1282.8366308731192,1282.8366308731192
sarima,81,2,2021-10-01,7656.0,7593.917742359856,6890.671291659154,8297.164193060558,True,1406.4929014014042,1406.4929014014042
sarima,81,3,2021-11-01,7603.0,7062.616355424596,6344.655859246127,7780.576851603065,True,1435.9209923569379,1435.9209923569379
sarima,81,4,2021-12-01,8237.0,7223.525639150254,6500.438136538642,7946.613141761867,False,1446.1750052232255,13061.64933474854
sarima,81,5,2022-01-01,9582.0,7221.903816671217,6496.415008327078,7947.392625015356,False,1450.9776166882784,66835.27261607403
sarima,81,6,2022-02-01,7227.0,6665.510209624718,5938.247630761412,7392.772788488024,True,1454.5251577266117,1454.5251577266117
prophet,81,1,2021-09-01,7512.0,7467.137203763861,6877.4841518340445,8050.643274797541,True,1173.1591229634969,1173.1591229634969
prophet,81,2,2021-10-01,7656.0,7432.336188364856,6839.020984547823,8034.102167950402,True,1195.081183402579,1195.081183402579
prophet,81,3,2021-11-01,7603.0,6922.267181648674,6328.744220682517,7551.73338762493,False,1222.9891669424132,3273.653661945197
prophet,81,4,2021-12-01,8237.0,7148.455611605397,6518.278316387102,7707.6848691958785,False,1189.4065528087767,22362.011784973638
prophet,81,5,2022-01-01,9582.0,7095.584353535143,6531.394105517564,7695.259903327533,False,1163.865797809969,76633.46966470865
prophet,81,6,2022-02-01,7227.0,6566.241782131669,5919.796801917519,7136.447043212147,False,1216.6502412946284,4838.768512808747
sarima,82,1,2021-10-01,7656.0,7446.842098596736,6804.4451818868165,8089.239015306655,True,1284.7938334198388,1284.7938334198388
sarima,82,2,2021-11-01,7603.0,6988.363967107039,6287.593095899265,7689.134838314812,True,1401.5417424155476,1401.5417424155476
sarima,82,3,2021-12-01,8237.0,7176.362522779994,6461.878972211495,7890.846073348493,False,1428.9671011369974,15275.124167197293
sarima,82,4,2022-01-01,9582.0,7186.430985145352,6467.211348277676,7905.650622013028,False,1438.439273735352,68492.41439321423
sarima,82,5,2022-02-01,7227.0,6631.3269003378855,5909.384242011617,7353.269558664154,True,1443.8853166525369,1443.8853166525369
sarima,82,6,2022-03-01,7504.0,7274.548218057068,6550.570963890031,7998.525472224105,True,1447.9545083340745,1447.9545083340745
prophet,82,1,2021-10-01,7656.0,7437.080820909421,6820.498901196695,8028.246414093053,True,1207.7475128963579,1207.7475128963579
prophet,82,2,2021-11-01,7603.0,6916.583392529186,6357.411520186381,7508.526040659795,False,1151.1145204734148,4930.072894081599
prophet,82,3,2021-12-01,8237.0,7142.249128397803,6530.972076883434,7730.474129488823,False,1199.5020526053886,21460.536873052482
prophet,82,4,2022-01-01,9582.0,7085.362236396773,6502.626036778907,7657.45767911704,False,1154.831642338133,78136.52447765652
prophet,82,5,2022-02-01,7227.0,6556.591212202338,5953.436034183793,7159.4146392466655,False,1205.9786050628727,3909.3930351962526
prophet,82,6,2022-03-01,7504.0,7082.879950386165,6486.070662961809,7621.420163276361,True,1135.3495003145517,1135.3495003145517
sarima,83,1,2021-11-01,7603.0,7079.859135370493,6439.014803380011,7720.703467360976,True,1281.6886639809654,1281.6886639809654
sarima,83,2,2021-12-01,8237.0,7221.99380738093,6523.074211148445,7920.913403613415,False,1397.8391924649695,14041.303047928384
sarima,83,3,2022-01-01,9582.0,7214.210667359329,6502.061924665303,7926.359410053355,False,1424.2974853880514,67649.92108325387
sarima,83,4,2022-02-01,7227.0,6651.846233566894,5934.917946201284,7368.774520932503,True,1433.8565747312186,1433.8565747312186
sarima,83,5,2022-03-01,7504.0,7293.225766645119,6573.708848477266,8012.742684812972,True,1439.033836335706,1439.033836335706
sarima,83,6,2022-04-01,7589.0,7077.927890125071,6356.502300945036,7799.353479305106,True,1442.8511783600698,1442.8511783600698
prophet,83,1,2021-11-01,7603.0,6932.520641264878,6400.281528229722,7548.2274713201095,False,1147.9459430903871,3338.8470902860054
prophet,83,2,2021-12-01,8237.0,7158.419446340575,6564.742892187007,7749.4884586357275,False,1184.7455664487206,20685.20722101962
prophet,83,3,2022-01-01,9582.0,7103.090585832571,6515.634226408651,7726.979889876875,False,1211.3456634682243,75412.15006839322
prophet,83,4,2022-02-01,7227.0,6573.234487075982,5994.1476647420905,7156.469842000468,False,1162.3221772583775,3983.528497239661
prophet,83,5,2022-03-01,7504.0,7103.681922145293,6526.7734326815535,7706.466474336642,True,1179.6930416550886,1179.6930416550886
prophet,83,6,2022-04-01,7589.0,7045.345564229526,6470.640882543161,7645.551489014479,True,1174.9106064713178,1174.9106064713178
sarima,84,1,2021-12-01,8237.0,7454.44417695084,6808.687399721623,8100.200954180058,False,1291.5135544584355,6763.475387256114
sarima,84,2,2022-01-01,9582.0,7330.299630365593,6624.239720326625,8036.359540404561,False,1412.1198200779363,63237.7382038955
sarima,84,3,2022-02-01,7227.0,6712.467134469358,5992.778582462131,7432.155686476584,True,1439.377104014453,1439.377104014453
sarima,84,4,2022-03-01,7504.0,7353.450970861807,6629.380453056543,8077.521488667071,True,1448.141035610528,1448.141035610528
sarima,84,5,2022-04-01,7589.0,7106.765015123447,6380.62034909127,7832.909681155623,True,1452.2893320643525,1452.2893320643525
sarima,84,6,2022-05-01,8846.0,8018.354805605726,7290.840294227326,8745.869316984126,False,1455.0290227568003,5460.256343391749
prophet,84,1,2021-12-01,8237.0,7190.2147007032,6620.908998437726,7826.461564176792,False,1205.5525657390663,17627.089998667376
prophet,84,2,2022-01-01,9582.0,7136.262159125225,6556.410902033485,7722.736142483673,False,1166.3252404501873,75536.87954110328
prophet,84,3,2022-02-01,7227.0,6608.110566144377,6031.148844399966,7240.42342951625,True,1209.2745851162836,1209.2745851162836
prophet,84,4,2022-03-01,7504.0,7140.532859614609,6567.984578904761,7771.205198402395,True,1203.2206194976334,1203.2206194976334
prophet,84,5,2022-04-01,7589.0,7081.14948010544,6482.066537211147,7677.77826193467,True,1195.7117247235228,1195.7117247235228
prophet,84,6,2022-05-01,8846.0,7951.917883001087,7348.1760204671655,8555.170785629842,False,1206.9947651626762,12840.163339969007
sarima,85,1,2022-01-01,9582.0,7716.289826619717,7061.310513190345,8371.26914004909,False,1309.9586268587445,49739.19302489517
sarima,85,2,2022-02-01,7227.0,6908.253212627147,6184.8795015513115,7631.626923702983,True,1446.7474221516713,1446.7474221516713
sarima,85,3,2022-03-01,7504.0,7473.486621778026,6734.878579774004,8212.094663782049,True,1477.216084008045,1477.216084008045
sarima,85,4,2022-04-01,7589.0,7172.865633761422,6430.272805366536,7915.458462156308,True,1485.185656789772,1485.185656789772
sarima,85,5,2022-05-01,8846.0,8069.9077735579685,7326.091924347778,8813.723622768159,False,1487.6316984203804,2778.6867876940305
sarima,85,6,2022-06-01,9057.0,8299.902820550436,7555.648091294048,9044.157549806825,False,1488.5094585127772,2002.2074662397754
prophet,85,1,2022-01-01,9582.0,7182.601418099,6550.523011783473,7844.18139240578,False,1293.658380622307,70806.40268439113
prophet,85,2,2022-02-01,7227.0,6654.290562726414,6013.8770166005825,7277.787707909899,True,1263.9106913093165,1263.9106913093165
prophet,85,3,2022-03-01,7504.0,7198.005223120773,6593.449705452844,7785.431025542904,True,1191.9813200900599,1191.9813200900599
prophet,85,4,2022-04-01,7589.0,7122.151464096056,6512.089689816584,7743.524360397317,True,1231.434670580733,1231.434670580733
prophet,85,5,2022-05-01,8846.0,7996.973134985377,7340.99407750954,8622.206893107536,False,1281.2128155979954,10232.937091296575
prophet,85,6,2022-06-01,9057.0,8299.724544109908,7666.228250534409,8919.911382625209,False,1253.6831320907995,6737.227827082451
sarima,86,1,2022-02-01,7227.0,8166.440756352972,7442.918706334058,8889.962806371886,False,1447.0441000378287,10083.79235340014
sarima,86,2,2022-03-01,7504.0,8755.635601172486,7939.9036675831885,9571.367534761783,False,1631.4638671785942,19067.610570506135
sarima,86,3,2022-04-01,7589.0,8439.510084879963,7561.095239750284,9317.924930009642,True,1756.8296902593574,1756.8296902593574
sarima,86,4,2022-05-01,8846.0,9371.916177141682,8437.57095340877,10306.261400874595,True,1868.6904474658259,1868.6904474658259
sarima,86,5,2022-06-01,9057.0,9596.261288996675,8609.501907989476,10583.020670003874,True,1973.5187620143988,1973.5187620143988
sarima,86,6,2022-07-01,8699.0,10063.872959076625,9027.395551422025,11100.350366731225,False,2072.9548153092,15208.776872190207
prophet,86,1,2022-02-01,7227.0,6769.606087350266,6111.31780646634,7441.15409030251,True,1329.83628383617,1329.83628383617
prophet,86,2,2022-03-01,7504.0,7326.817409519034,6552.307178858695,8061.197074191483,True,1508.889895332788,1508.889895332788
prophet,86,3,2022-04-01,7589.0,7244.3565983232,6518.100795191406,7990.767648378585,True,1472.6668531871792,1472.6668531871792
prophet,86,4,2022-05-01,8846.0,8120.791082568016,7393.05964894772,8899.313524883737,True,1506.2538759360168,1506.2538759360168
prophet,86,5,2022-06-01,9057.0,8421.531156547457,7747.258680873001,9118.797366404677,True,1371.5386855316756,1371.5386855316756
prophet,86,6,2022-07-01,8699.0,8740.817777212334,8022.676202179477,9426.278793473572,True,1403.602591294095,1403.602591294095
sarima,87,1,2022-03-01,7504.0,8273.40977909033,7537.424389853241,9009.39516832742,False,1471.9707784741795,2808.946372603833
sarima,87,2,2022-04-01,7589.0,7975.528429065634,7172.014402250238,8779.04245588103,True,1607.0280536307919,1607.0280536307919
sarima,87,3,2022-05-01,8846.0,8927.277878694542,8078.465753391516,9776.090003997568,True,1697.6242506060516,1697.6242506060516
sarima,87,4,2022-06-01,9057.0,9139.723020732465,8249.663540237669,10029.78250122726,True,1780.1189609895919,1780.1189609895919
sarima,87,5,2022-07-01,8699.0,9633.888847545826,8704.606759371878,10563.170935719774,False,1858.5641763478961,2082.834551223019
sarima,87,6,2022-08-01,8834.0,9331.777901022597,8364.885177884631,10298.670624160563,True,1933.7854462759315,1933.7854462759315
prophet,87,1,2022-03-01,7504.0,7357.917231951965,6572.988889647492,8154.202225994664,True,1581.2133363471721,1581.2133363471721
prophet,87,2,2022-04-01,7589.0,7281.909511740838,6607.477476782187,8013.306039200245,True,1405.828562418058,1405.828562418058
prophet,87,3,2022-05-01,8846.0,8157.870545794794,7439.058939194516,8880.542507631311,True,1441.4835684367954,1441.4835684367954
prophet,87,4,2022-06-01,9057.0,8462.058658200755,7764.471202268191,9165.370199296802,True,1400.8989970286111,1400.8989970286111
prophet,87,5,2022-07-01,8699.0,8779.14544338743,8036.30915599369,9516.978719791476,True,1480.6695637977855,1480.6695637977855
prophet,87,6,2022-08-01,8834.0,8435.419183210191,7644.036588166956,9123.599434755235,True,1479.5628465882792,1479.5628465882792
sarima,88,1,2022-04-01,7589.0,7142.600772727816,6407.618123488859,7877.583421966772,True,1469.9652984779132,1469.9652984779132
sarima,88,2,2022-05-01,8846.0,8078.155638177212,7255.834680478906,8900.476595875518,True,1644.6419153966117,1644.6419153966117
sarima,88,3,2022-06-01,9057.0,8282.716342565107,7438.708345373352,9126.724339756862,True,1688.0159943835097,1688.0159943835097
sarima,88,4,2022-07-01,8699.0,8774.833768196531,7924.629089143,9625.038447250063,True,1700.4093581070629,1700.4093581070629
sarima,88,5,2022-08-01,8834.0,8471.322382342532,7619.076952398608,9323.567812286457,True,1704.4908598878492,1704.4908598878492
sarima,88,6,2022-09-01,8228.0,7703.434723514256,6850.390143274596,8556.479303753915,True,1706.0891604793187,1706.0891604793187
prophet,88,1,2022-04-01,7589.0,7320.924044437641,6649.716595811031,8024.562599918131,True,1374.8460041071003,1374.8460041071003
prophet,88,2,2022-05-01,8846.0,8193.854960650351,7522.762406528933,8818.205742223674,False,1295.443335694741,2407.213646747783
prophet,88,3,2022-06-01,9057.0,8504.15837002192,7862.788823615645,9150.641955073354,True,1287.8531314577085,1287.8531314577085
prophet,88,4,2022-07-01,8699.0,8815.87573734786,8093.8992176174725,9491.221771485032,True,1397.3225538675597,1397.3225538675597
prophet,88,5,2022-08-01,8834.0,8474.954959162525,7766.862043690231,9202.709774877168,True,1435.8477311869374,1435.8477311869374
prophet,88,6,2022-09-01,8228.0,7871.876320161338,7203.304122505467,8618.655214652863,True,1415.3510921473962,1415.3510921473962
sarima,89,1,2022-05-01,8846.0,8302.937542008183,7571.2248306322235,9034.650253384143,True,1463.4254227519195,1463.4254227519195
sarima,89,2,2022-06-01,9057.0,8425.597755216728,7607.121899749549,9244.073610683907,True,1636.9517109343578,1636.9517109343578
sarima,89,3,2022-07-01,8699.0,8833.826760394659,7993.6670409554235,9673.986479833893,True,1680.3194388784696,1680.3194388784696
sarima,89,4,2022-08-01,8834.0,8496.583866028506,7650.0952829178195,9343.072449139194,True,1692.9771662213743,1692.9771662213743
sarima,89,5,2022-09-01,8228.0,7747.972390118457,6899.298778283667,8596.646001953246,True,1697.3472236695789,1697.3472236695789
sarima,89,6,2022-10-01,8388.0,7713.478655521402,6863.8631863200835,8563.09412472272,True,1699.2309384026366,1699.2309384026366
prophet,89,1,2022-05-01,8846.0,8222.43940530842,7530.894603891493,8936.906747671732,True,1406.012143780239,1406.012143780239
prophet,89,2,2022-06-01,9057.0,8531.368994933744,7878.308543833467,9249.572595872294,True,1371.2640520388268,1371.2640520388268
prophet,89,3,2022-07-01,8699.0,8848.052756753044,8135.079142468034,9616.90365499837,True,1481.8245125303365,1481.8245125303365
prophet,89,4,2022-08-01,8834.0,8507.376503687741,7737.720244770981,9250.420357135827,True,1512.700112364846,1512.700112364846
prophet,89,5,2022-09-01,8228.0,7902.750754269857,7142.82571298856,8640.944581464608,True,1498.1188684760482,1498.1188684760482
prophet,89,6,2022-10-01,8388.0,7795.857235556052,7095.2951807811805,8464.897466489265,True,1369.6022857080843,1369.6022857080843
sarima,90,1,2022-06-01,9057.0,8959.688611341055,8227.270785567505,9692.106437114604,True,1464.8356515470987,1464.8356515470987
sarima,90,2,2022-07-01,8699.0,9389.856211635073,8584.792391097562,10194.920032172584,True,1610.1276410750215,1610.1276410750215
sarima,90,3,2022-08-01,8834.0,9070.939877297884,8229.322970406,9912.556784189768,True,1683.2338137837687,1683.2338137837687
sarima,90,4,2022-09-01,8228.0,8336.895699389039,7465.5900737490565,9208.20132502902,True,1742.6112512799637,1742.6112512799637
sarima,90,5,2022-10-01,8388.0,8308.352508827498,7409.434270929631,9207.270746725366,True,1797.8364757957352,1797.8364757957352
sarima,90,6,2022-11-01,7588.0,7923.926618865582,6998.450678049165,8849.402559682,True,1850.9518816328346,1850.9518816328346
prophet,90,1,2022-06-01,9057.0,8577.506908654701,7834.703457552885,9287.905186834994,True,1453.2017292821092,1453.2017292821092
prophet,90,2,2022-07-01,8699.0,8901.988195323025,8224.360402353268,9656.024090798091,True,1431.6636884448235,1431.6636884448235
prophet,90,3,2022-08-01,8834.0,8561.865509848436,7835.397959635411,9303.49320349154,True,1468.095243856129,1468.095243856129
prophet,90,4,2022-09-01,8228.0,7954.199947432932,7246.5978313846035,8663.111772314307,True,1416.5139409297035,1416.5139409297035
prophet,90,5,2022-10-01,8388.0,7857.669282063384,7201.004128810926,8524.33092396638,True,1323.3267951554535,1323.3267951554535
prophet,90,6,2022-11-01,7588.0,7462.662167395931,6701.811880005916,8221.421595288917,True,1519.6097152830016,1519.6097152830016
sarima,91,1,2022-07-01,8699.0,9430.822870494789,8701.662049506063,10159.983691483514,False,1458.3216419774508,1564.8036222199844
sarima,91,2,2022-08-01,8834.0,9098.99653758851,8297.45264655985,9900.540428617169,True,1603.0877820573187,1603.0877820573187
sarima,91,3,2022-09-01,8228.0,8367.405571099234,7529.2795540169045,9205.531588181564,True,1676.2520341646596,1676.2520341646596
sarima,91,4,2022-10-01,8388.0,8336.10187473689,7468.1964691359535,9204.007280337828,True,1735.8108112018745,1735.8108112018745
sarima,91,5,2022-11-01,7588.0,7949.064464821073,7053.444419350797,8844.684510291348,True,1791.2400909405515,1791.2400909405515
sarima,91,6,2022-12-01,7850.0,8201.58824890798,7279.324811672793,9123.851686143167,True,1844.5268744703744,1844.5268744703744
prophet,91,1,2022-07-01,8699.0,8981.587393391641,8250.532351115973,9701.445145336227,True,1450.912794220254,1450.912794220254
prophet,91,2,2022-08-01,8834.0,8646.163463281251,7932.139268945275,9357.60140873691,True,1425.4621397916344,1425.4621397916344
prophet,91,3,2022-09-01,8228.0,8046.270346566657,7402.496132323293,8806.029674298705,True,1403.533541975412,1403.533541975412
prophet,91,4,2022-10-01,8388.0,7945.376382053637,7205.3119890184225,8594.48891793737,True,1389.176928918947,1389.176928918947
prophet,91,5,2022-11-01,7588.0,7559.570173622191,6827.841534768733,8266.38851157123,True,1438.546976802496,1438.546976802496
prophet,91,6,2022-12-01,7850.0,7829.358086965489,7118.201700828508,8521.95556666005,True,1403.7538658315416,1403.7538658315416
sarima,92,1,2022-08-01,8834.0,8432.532496709535,7700.731382788649,9164.33361063042,True,1463.6022278417704,1463.6022278417704
sarima,92,2,2022-09-01,8228.0,7752.370084805297,6932.047510845099,8572.692658765494,True,1640.6451479203952,1640.6451479203952
sarima,92,3,2022-10-01,8388.0,7723.198971093742,6880.035797528166,8566.362144659319,True,1686.326347131153,1686.326347131153
sarima,92,4,2022-11-01,7588.0,7327.891061339625,6477.647706008517,8178.134416670732,True,1700.486710662215,1700.486710662215
sarima,92,5,2022-12-01,7850.0,7578.601234055542,6725.625004167472,8431.577463943611,True,1705.9524597761392,1705.9524597761392
sarima,92,6,2023-01-01,7563.0,7794.112941675714,6939.804025300507,8648.42185805092,True,1708.617832750413,1708.617832750413
prophet,92,1,2022-08-01,8834.0,8605.746199326131,7872.665683450199,9314.933865254052,True,1442.2681818038527,1442.2681818038527
prophet,92,2,2022-09-01,8228.0,7996.837301798129,7252.923650611184,8683.597129453427,True,1430.6734788422427,1430.6734788422427
prophet,92,3,2022-10-01,8388.0,7906.992050299866,7117.865360531311,8621.492300959588,True,1503.6269404282766,1503.6269404282766
prophet,92,4,2022-11-01,7588.0,7509.767049096864,6820.103729983323,8224.376330912668,True,1404.2726009293447,1404.2726009293447
prophet,92,5,2022-12-01,7850.0,7778.464439776344,7067.472687463845,8480.88970294843,True,1413.4170154845851,1413.4170154845851
prophet,92,6,2023-01-01,7563.0,7841.096377489071,7112.216847647268,8502.938779038992,True,1390.721931391724,1390.721931391724
sarima,93,1,2022-09-01,8228.0,8170.023384819966,7440.724342189803,8899.322427450128,True,1458.5980852603252,1458.5980852603252
sarima,93,2,2022-10-01,8388.0,8135.617422319312,7336.561970378401,8934.672874260223,True,1598.1109038818213,1598.1109038818213
sarima,93,3,2022-11-01,7588.0,7736.696491742989,6903.743467628881,8569.649515857096,True,1665.9060482282148,1665.9060482282148
sarima,93,4,2022-12-01,7850.0,7982.3982656259805,7122.298617000825,8842.497914251137,True,1720.1992972503112,1720.1992972503112
sarima,93,5,2023-01-01,7563.0,8187.540863309264,7302.418636718928,9072.663089899599,True,1770.2444531806714,1770.2444531806714
sarima,93,6,2023-02-01,6551.0,7374.492623507642,6465.143792566309,8283.841454448975,True,1818.6976618826666,1818.6976618826666
prophet,93,1,2022-09-01,8228.0,8043.480838934458,7317.476528964553,8795.191166927916,True,1477.7146379633632,1477.7146379633632
prophet,93,2,2022-10-01,8388.0,7940.457876106007,7208.36848071564,8663.47248238124,True,1455.1040016655998,1455.1040016655998
prophet,93,3,2022-11-01,7588.0,7556.343592615434,6812.042493433315,8249.343742369583,True,1437.3012489362682,1437.3012489362682
prophet,93,4,2022-12-01,7850.0,7826.096945863474,7111.319161431956,8567.046209604277,True,1455.7270481723217,1455.7270481723217
prophet,93,5,2023-01-01,7563.0,7891.617252283536,7176.015377161512,8594.679648367639,True,1418.6642712061266,1418.6642712061266
prophet,93,6,2023-02-01,6551.0,7244.450287262555,6570.675910524151,7994.493999853099,False,1423.8180893289482,2210.854510294981
sarima,94,1,2022-10-01,8388.0,8160.682507497341,7434.523403712727,8886.841611281956,True,1452.3182075692293,1452.3182075692293
sarima,94,2,2022-11-01,7588.0,7752.850812197379,6957.453994103559,8548.247630291198,True,1590.793636187639,1590.793636187639
sarima,94,3,2022-12-01,7850.0,7996.100976555194,7167.1174422668355,8825.084510843553,True,1657.9670685767178,1657.9670685767178
sarima,94,4,2023-01-01,7563.0,8195.996861679901,7340.286380642487,9051.707342717316,True,1711.4209620748297,1711.4209620748297
sarima,94,5,2023-02-01,6551.0,7390.856177402703,6510.17356988619,8271.538784919216,True,1761.3652150330254,1761.3652150330254
sarima,94,6,2023-03-01,7507.0,7992.570633744247,7087.845140566045,8897.296126922449,True,1809.4509863564035,1809.4509863564035
prophet,94,1,2022-10-01,8388.0,7943.7030215975265,7178.145080283335,8633.714478863747,True,1455.5693985804119,1455.5693985804119
prophet,94,2,2022-11-01,7588.0,7547.014878315602,6850.333340681711,8214.45855144175,True,1364.1252107600394,1364.1252107600394
prophet,94,3,2022-12-01,7850.0,7816.9930324196675,7088.27790476951,8487.114565985728,True,1398.836661216218,1398.836661216218
prophet,94,4,2023-01-01,7563.0,7882.761946460521,7205.439388762561,8608.533640570275,True,1403.0942518077136,1403.0942518077136
prophet,94,5,2023-02-01,6551.0,7231.5805830150675,6561.226399290314,7961.009277774724,False,1399.7828784844105,1808.8388500969531
prophet,94,6,2023-03-01,7507.0,7677.3962809365685,7012.03775532336,8399.048837218163,True,1387.0110818948024,1387.0110818948024
sarima,95,1,2022-11-01,7588.0,7856.012654189785,7131.126384983136,8580.898923396435,True,1449.7725384132991,1449.7725384132991
sarima,95,2,2022-12-01,7850.0,8071.291034380435,7277.118134585911,8865.463934174959,True,1588.3457995890476,1588.3457995890476
sarima,95,3,2023-01-01,7563.0,8267.493512269824,7440.075994196879,9094.91103034277,True,1654.8350361458906,1654.8350361458906
sarima,95,4,2023-02-01,6551.0,7455.800231524856,6601.675757706373,8309.92470534334,False,1708.2489476369665,3735.2792558918736
sarima,95,5,2023-03-01,7507.0,8058.897826942757,7180.011341040325,8937.78431284519,True,1757.772971804865,1757.772971804865
sarima,95,6,2023-04-01,7745.0,7873.062061268677,6970.341569433373,8775.782553103982,True,1805.440983670609,1805.440983670609
prophet,95,1,2022-11-01,7588.0,7636.408963827973,6930.293495914741,8378.580743357787,True,1448.287247443046,1448.287247443046
prophet,95,2,2022-12-01,7850.0,7909.7158021991545,7221.654037516485,8586.616217585992,True,1364.9621800695068,1364.9621800695068
prophet,95,3,2023-01-01,7563.0,7978.23750737416,7287.4730888000995,8694.645669428674,True,1407.172580628574,1407.172580628574
prophet,95,4,2023-02-01,6551.0,7333.928973516126,6649.903115552479,8051.359830097963,False,1401.456714545484,5357.581336644644
prophet,95,5,2023-03-01,7507.0,7755.234743977435,7038.0745437393925,8473.447015707425,True,1435.3724719680322,1435.3724719680322
prophet,95,6,2023-04-01,7745.0,7815.710017488295,7113.2858814977735,8500.845757774727,True,1387.5598762769532,1387.5598762769532
sarima,96,1,2022-12-01,7850.0,7945.895636425703,7224.016938403469,8667.774334447937,True,1443.757396044468,1443.757396044468
sarima,96,2,2023-01-01,7563.0,8160.938213991683,7371.576739811897,8950.29968817147,True,1578.722948359573,1578.722948359573
sarima,96,3,2023-02-01,6551.0,7379.9344771213855,6557.699202021759,8202.16975222101,False,1644.4705501992512,1912.438631069629
sarima,96,4,2023-03-01,7507.0,7976.596408404195,7127.919790245221,8825.273026563169,True,1697.3532363179484,1697.3532363179484
sarima,96,5,2023-04-01,7745.0,7802.350958360217,6929.093877376609,8675.608039343824,True,1746.514161967215,1746.514161967215
sarima,96,6,2023-05-01,8600.0,8754.778885627045,7857.842335822985,9651.715435431106,True,1793.8730996081213,1793.8730996081213
prophet,96,1,2022-12-01,7850.0,7915.14201779715,7212.658158151428,8613.029622120708,True,1400.3714639692798,1400.3714639692798
prophet,96,2,2023-01-01,7563.0,7985.4401497621575,7289.298862170088,8684.764982480943,True,1395.4661203108553,1395.4661203108553
prophet,96,3,2023-02-01,6551.0,7341.93880361489,6606.508587372128,8053.25292502916,False,1446.7443376570318,3667.08783254216
prophet,96,4,2023-03-01,7507.0,7760.176142135429,7106.343890273227,8504.222065335467,True,1397.8781750622402,1397.8781750622402
prophet,96,5,2023-04-01,7745.0,7824.429402246245,7091.5748214625655,8508.948394272624,True,1417.3735728100582,1417.3735728100582
prophet,96,6,2023-05-01,8600.0,8717.813113751114,8040.104815182736,9384.419655003583,True,1344.3148398208468,1344.3148398208468
sarima,97,1,2023-01-01,7563.0,8109.956226218383,7391.543778341258,8828.368674095507,True,1436.8248957542492,1436.8248957542492
sarima,97,2,2023-02-01,6551.0,7351.39457282372,6565.526605033067,8137.262540614373,False,1571.735935581306,2152.800136904003
sarima,97,3,2023-03-01,7507.0,7946.776737053252,7128.23330928739,8765.320164819113,True,1637.0868555317238,1637.0868555317238
sarima,97,4,2023-04-01,7745.0,7778.427626428,6933.658453407697,8623.196799448302,True,1689.5383460406047,1689.5383460406047
sarima,97,5,2023-05-01,8600.0,8727.235556513671,7858.1024252577845,9596.368687769558,True,1738.2662625117737,1738.2662625117737
sarima,97,6,2023-06-01,9151.0,8977.357246703128,8084.755857755352,9869.958635650904,True,1785.2027778955526,1785.2027778955526
prophet,97,1,2023-01-01,7563.0,7972.051763964577,7279.55131580857,8623.249920522121,True,1343.6986047135515,1343.6986047135515
prophet,97,2,2023-02-01,6551.0,7328.1959248110325,6703.895848293748,7982.750473664362,False,1278.8546253706145,7394.688557120527
prophet,97,3,2023-03-01,7507.0,7747.152263860002,7055.965243016262,8485.208825908827,True,1429.2435828925645,1429.2435828925645
prophet,97,4,2023-04-01,7745.0,7809.689380349708,7114.50617562677,8489.470942265978,True,1374.9647666392084,1374.9647666392084
prophet,97,5,2023-05-01,8600.0,8703.125176338446,7995.871564255222,9405.193118401974,True,1409.3215541467516,1409.3215541467516
prophet,97,6,2023-06-01,9151.0,9047.508309466624,8343.621424041265,9744.723031034022,True,1401.1016069927573,1401.1016069927573
sarima,98,1,2023-02-01,6551.0,7169.744226365709,6458.675204027402,7880.813248704017,True,1422.1380446766143,1422.1380446766143
sarima,98,2,2023-03-01,7507.0,7778.883475858054,7002.036969696271,8555.729982019837,True,1553.693012323566,1553.693012323566
sarima,98,3,2023-04-01,7745.0,7678.189572062903,6869.28483188282,8487.094312242985,True,1617.8094803601653,1617.8094803601653
sarima,98,4,2023-05-01,8600.0,8592.72620665813,7757.926536108335,9427.525877207923,True,1669.599341099588,1669.599341099588
sarima,98,5,2023-06-01,9151.0,8867.06732164902,8008.149035156786,9725.985608141253,True,1717.8365729844663,1717.8365729844663
sarima,98,6,2023-07-01,9183.0,9159.144505221055,8276.97624336813,10041.31276707398,True,1764.3365237058497,1764.3365237058497
prophet,98,1,2023-02-01,6551.0,7324.303166428758,6660.499208141785,8039.128130678319,False,1378.6289225365344,5758.597248207932
prophet,98,2,2023-03-01,7507.0,7736.195260803056,7079.23526352218,8465.545400031202,True,1386.3101365090224,1386.3101365090224
prophet,98,3,2023-04-01,7745.0,7807.464440365749,7089.912897284492,8445.366101302316,True,1355.4532040178237,1355.4532040178237
prophet,98,4,2023-05-01,8600.0,8697.334927542257,7990.315191722074,9432.206743004364,True,1441.8915512822905,1441.8915512822905
prophet,98,5,2023-06-01,9151.0,9045.3463285568,8354.803064878131,9729.367378107687,True,1374.5643132295554,1374.5643132295554
prophet,98,6,2023-07-01,9183.0,9225.51860629679,8563.493219755683,9923.892207741752,True,1360.3989879860692,1360.3989879860692
sarima,99,1,2023-03-01,7507.0,7369.96626577591,6646.164495467031,8093.768036084789,True,1447.603540617758,1447.603540617758
sarima,99,2,2023-04-01,7745.0,7292.579565681989,6479.230699767577,8105.928431596401,True,1626.6977318288245,1626.6977318288245
sarima,99,3,2023-05-01,8600.0,8304.073926661084,7467.485208097308,9140.66264522486,True,1673.1774371275524,1673.1774371275524
sarima,99,4,2023-06-01,9151.0,8572.721958829048,7729.14484698102,9416.299070677076,True,1687.1542236960559,1687.1542236960559
sarima,99,5,2023-07-01,9183.0,8894.59067987254,8048.578036948418,9740.60332279666,True,1692.0252858482418,1692.0252858482418
sarima,99,6,2023-08-01,8297.0,8638.204728276036,7791.179757623194,9485.229698928877,True,1694.0499413056832,1694.0499413056832
prophet,99,1,2023-03-01,7507.0,7684.79434546872,7006.578016807622,8381.431950306747,True,1374.8539334991256,1374.8539334991256
prophet,99,2,2023-04-01,7745.0,7725.337966951622,7062.694634652738,8443.804016964526,True,1381.109382311788,1381.109382311788
prophet,99,3,2023-05-01,8600.0,8617.522687852306,7875.787241479895,9313.251851035378,True,1437.4646095554835,1437.4646095554835
prophet,99,4,2023-06-01,9151.0,8952.653520908269,8250.440579500346,9578.741575623972,True,1328.3009961236257,1328.3009961236257
prophet,99,5,2023-07-01,9183.0,9148.211874218054,8428.623876059835,9855.990928776728,True,1427.3670527168924,1427.3670527168924
prophet,99,6,2023-08-01,8297.0,8871.430685604051,8179.889338270019,9574.729170577724,True,1394.8398323077054,1394.8398323077054
sarima,100,1,2023-04-01,7745.0,7359.425877557059,6637.644092493704,8081.207662620413,True,1443.5635701267092,1443.5635701267092
sarima,100,2,2023-05-01,8600.0,8338.772591690613,7528.496116043024,9149.049067338203,True,1620.552951295179,1620.552951295179
sarima,100,3,2023-06-01,9151.0,8589.72717497747,7756.7658541262845,9422.688495828656,True,1665.922641702371,1665.922641702371
sarima,100,4,2023-07-01,9183.0,8903.758571208964,8064.095841735598,9743.42130068233,True,1679.3254589467324,1679.3254589467324
sarima,100,5,2023-08-01,8297.0,8644.821858037407,7802.87660188312,9486.767114191694,True,1683.8905123085742,1683.8905123085742
sarima,100,6,2023-09-01,7823.0,7958.3838900728615,7115.508785306164,8801.25899483956,True,1685.7502095333957,1685.7502095333957
prophet,100,1,2023-04-01,7745.0,7759.433420671558,7134.942851227133,8468.024783492128,True,1333.081932264995,1333.081932264995
prophet,100,2,2023-05-01,8600.0,8641.699228663912,7973.702088753285,9383.652405751238,True,1409.9503169979525,1409.9503169979525
prophet,100,3,2023-06-01,9151.0,8988.488862049342,8300.786565725593,9671.18620100887,True,1370.3996352832764,1370.3996352832764
prophet,100,4,2023-07-01,9183.0,9160.290933193428,8465.048745533233,9829.525499994801,True,1364.476754461568,1364.476754461568
prophet,100,5,2023-08-01,8297.0,8890.96265479118,8216.896318365883,9535.76660451465,True,1318.8702861487673,1318.8702861487673
prophet,100,6,2023-09-01,7823.0,8348.060811026384,7658.537395289198,9090.317428575841,True,1431.7800332866436,1431.7800332866436
sarima,101,1,2023-05-01,8600.0,8548.646124852026,7832.135090361831,9265.157159342221,True,1433.02206898039,1433.02206898039
sarima,101,2,2023-06-01,9151.0,8775.987444406519,7987.835222639688,9564.139666173349,True,1576.3044435336606,1576.3044435336606
sarima,101,3,2023-07-01,9183.0,9068.454532629203,8247.359141056359,9889.549924202047,True,1642.1907831456883,1642.1907831456883
sarima,101,4,2023-08-01,8297.0,8778.263038167366,7931.849817245356,9624.676259089378,True,1692.8264418440222,1692.8264418440222
sarima,101,5,2023-09-01,7823.0,8120.704125547226,7251.1621704143945,8990.246080680057,True,1739.0839102656628,1739.0839102656628
sarima,101,6,2023-10-01,7507.0,8084.05556264998,7192.330038228003,8975.781087071957,True,1783.4510488439537,1783.4510488439537
prophet,101,1,2023-05-01,8600.0,8651.725259834704,7981.991911197387,9328.408392214787,True,1346.4164810174007,1346.4164810174007
prophet,101,2,2023-06-01,9151.0,9009.529384232752,8328.911812878048,9729.03226826529,True,1400.1204553872412,1400.1204553872412
prophet,101,3,2023-07-01,9183.0,9162.508758145785,8472.92755689872,9874.499594573736,True,1401.572037675016,1401.572037675016
prophet,101,4,2023-08-01,8297.0,8900.799291570791,8216.302472112608,9579.594512749083,True,1363.2920406364756,1363.2920406364756
prophet,101,5,2023-09-01,7823.0,8370.690333376215,7697.99625959981,9049.539615036658,True,1351.5433554368474,1351.5433554368474
prophet,101,6,2023-10-01,7507.0,8199.55266045577,7556.81918437936,8949.271096744713,False,1392.4519123653527,3385.2192875397604
sarima,102,1,2023-06-01,9151.0,8813.51020404933,8104.561528816318,9522.458879282342,True,1417.8973504660235,1417.8973504660235
sarima,102,2,2023-07-01,9183.0,9089.987232422942,8311.377550438718,9868.596914407166,True,1557.2193639684483,1557.2193639684483
sarima,102,3,2023-08-01,8297.0,8776.025630520018,7965.505142753676,9586.54611828636,True,1621.0409755326837,1621.0409755326837
sarima,102,4,2023-09-01,7823.0,8142.973707249761,7307.895700344346,8978.051714155175,True,1670.1560138108298,1670.1560138108298
sarima,102,5,2023-10-01,7507.0,8088.875284868549,7231.327920955941,8946.422648781157,True,1715.094727825216,1715.094727825216
sarima,102,6,2023-11-01,8107.0,7626.4029822062785,6747.276110028444,8505.529854384113,True,1758.2537443556685,1758.2537443556685
prophet,102,1,2023-06-01,9151.0,8954.11906299114,8274.06091729016,9609.656000392917,True,1335.5950831027567,1335.5950831027567
prophet,102,2,2023-07-01,9183.0,9144.35906550367,8399.980598662754,9803.77925127617,True,1403.7986526134155,1403.7986526134155
prophet,102,3,2023-08-01,8297.0,8869.341182192806,8228.178624459968,9584.13334947673,True,1355.9547250167616,1355.9547250167616
prophet,102,4,2023-09-01,7823.0,8315.376027347966,7631.717960241549,8947.00924919711,True,1315.291288955561,1315.291288955561
prophet,102,5,2023-10-01,7507.0,8179.550830739053,7550.604927454322,8815.015132560236,False,1264.4102051059144,3008.6073032787954
prophet,102,6,2023-11-01,8107.0,7811.433982378901,7142.950171392675,8490.339902743466,True,1347.3897313507914,1347.3897313507914
sarima,103,1,2023-07-01,9183.0,9249.573046047937,8537.271637069787,9961.874455026087,True,1424.6028179563,1424.6028179563
sarima,103,2,2023-08-01,8297.0,8901.759216681858,8117.505842407345,9686.01259095637,True,1568.5067485490254,1568.5067485490254
sarima,103,3,2023-09-01,7823.0,8237.182336240248,7421.229298041297,9053.1353744392,True,1631.9060763979032,1631.9060763979032
sarima,103,4,2023-10-01,7507.0,8191.848134825021,7352.29379150653,9031.402478143511,True,1679.1086866369806,1679.1086866369806
sarima,103,5,2023-11-01,8107.0,7730.081902274354,6869.2245470116195,8590.93925753709,True,1721.7147105254699,1721.7147105254699
sarima,103,6,2023-12-01,7504.0,7966.406176472951,7085.213754456443,8847.59859848946,True,1762.3848440330166,1762.3848440330166
prophet,103,1,2023-07-01,9183.0,9151.184517315498,8444.688273709431,9853.384881255468,True,1408.6966075460368,1408.6966075460368
prophet,103,2,2023-08-01,8297.0,8884.773280884418,8213.524675935689,9584.941841642707,True,1371.4171657070183,1371.4171657070183
prophet,103,3,2023-09-01,7823.0,8347.116366410575,7642.9208753453695,9057.71747619949,True,1414.7966008541207,1414.7966008541207
prophet,103,4,2023-10-01,7507.0,8189.947457757598,7489.876811070412,8896.383040308376,True,1406.5062292379635,1406.5062292379635
prophet,103,5,2023-11-01,8107.0,7841.777262491002,7110.555120909109,8532.260682289743,True,1421.7055613806342,1421.7055613806342
prophet,103,6,2023-12-01,7504.0,8113.297068492611,7412.925776593343,8782.510996843344,True,1369.5852202500018,1369.5852202500018
